id,product_id,sku,color,url,gallery_photos,technical_photos,source
372,87,OM-1150 EXL - 02,Standard,https://www.omniafloor.it/en/collections/ecco/,"[""https://www.omniafloor.it/catalog/ecco/colors/natural_light_oak/upside.webp"", ""https://www.omniafloor.it/catalog/ecco/colors/natural_light_oak/room.webp""]",[],omnia
373,88,OM-986-6,Standard,https://www.omniafloor.it/en/collections/ecco/,"[""https://www.omniafloor.it/catalog/ecco/colors/natural_bleached_oak/upside.webp"", ""https://www.omniafloor.it/catalog/ecco/colors/natural_bleached_oak/room.webp""]",[],omnia
374,89,OM-1150 EXL - 01,Standard,https://www.omniafloor.it/en/collections/ecco/,"[""https://www.omniafloor.it/catalog/ecco/colors/natural_oak/upside.webp"", ""https://www.omniafloor.it/catalog/ecco/colors/natural_oak/room.webp""]",[],omnia
375,90,OM-3651- 43A,Standard,https://www.omniafloor.it/en/collections/ecco/,"[""https://www.omniafloor.it/catalog/ecco/colors/natural_grey_oak/upside.webp"", ""https://www.omniafloor.it/catalog/ecco/colors/natural_grey_oak/room.webp""]",[],omnia
376,91,OM-2072,Plank,https://www.omniafloor.it/en/collections/omnia-premium/,"[""https://www.omniafloor.it/catalog/omnia_premium/colors/rovere_mielato/upside.webp"", ""https://www.omniafloor.it/catalog/omnia_premium/colors/rovere_mielato/room.webp""]",[],omnia
377,91,OM-2072H,Herringbone 90°,https://www.omniafloor.it/en/collections/omnia-premium/,"[""https://www.omniafloor.it/catalog/omnia_premium/colors/rovere_mielato/upsideH.webp"", ""https://www.omniafloor.it/catalog/omnia_premium/colors/rovere_mielato/room.webp""]",[],omnia
378,92,OM-2077,Plank,https://www.omniafloor.it/en/collections/omnia-premium/,"[""https://www.omniafloor.it/catalog/omnia_premium/colors/rovere_heritage/upside.webp"", ""https://www.omniafloor.it/catalog/omnia_premium/colors/rovere_heritage/room.webp""]",[],omnia
379,92,OM-2077H,Herringbone 90°,https://www.omniafloor.it/en/collections/omnia-premium/,"[""https://www.omniafloor.it/catalog/omnia_premium/colors/rovere_heritage/upsideH.webp"", ""https://www.omniafloor.it/catalog/omnia_premium/colors/rovere_heritage/room.webp""]",[],omnia
380,93,OM-2078,Plank,https://www.omniafloor.it/en/collections/omnia-premium/,"[""https://www.omniafloor.it/catalog/omnia_premium/colors/rovere_ambrato/upside.webp"", ""https://www.omniafloor.it/catalog/omnia_premium/colors/rovere_ambrato/room.webp""]",[],omnia
381,93,OM-2078H,Herringbone 90°,https://www.omniafloor.it/en/collections/omnia-premium/,"[""https://www.omniafloor.it/catalog/omnia_premium/colors/rovere_ambrato/upsideH.webp"", ""https://www.omniafloor.it/catalog/omnia_premium/colors/rovere_ambrato/room.webp""]",[],omnia
382,94,OM-2075,Plank,https://www.omniafloor.it/en/collections/omnia-premium/,"[""https://www.omniafloor.it/catalog/omnia_premium/colors/rovere_nuvola/upside.webp"", ""https://www.omniafloor.it/catalog/omnia_premium/colors/rovere_nuvola/room.webp""]",[],omnia
383,94,OM-2075H,Herringbone 90°,https://www.omniafloor.it/en/collections/omnia-premium/,"[""https://www.omniafloor.it/catalog/omnia_premium/colors/rovere_nuvola/upsideH.webp"", ""https://www.omniafloor.it/catalog/omnia_premium/colors/rovere_nuvola/room.webp""]",[],omnia
384,95,OM-2074,Plank,https://www.omniafloor.it/en/collections/omnia-premium/,"[""https://www.omniafloor.it/catalog/omnia_premium/colors/rovere_seta/upside.webp"", ""https://www.omniafloor.it/catalog/omnia_premium/colors/rovere_seta/room.webp""]",[],omnia
385,95,OM-2074H,Herringbone 90°,https://www.omniafloor.it/en/collections/omnia-premium/,"[""https://www.omniafloor.it/catalog/omnia_premium/colors/rovere_seta/upsideH.webp"", ""https://www.omniafloor.it/catalog/omnia_premium/colors/rovere_seta/room.webp""]",[],omnia
386,96,OM-2470,Standard,https://www.omniafloor.it/en/collections/omnia-standard/,"[""https://www.omniafloor.it/catalog/omnia_standard/colors/rovere_perla/upside.webp"", ""https://www.omniafloor.it/catalog/omnia_standard/colors/rovere_perla/room.webp""]",[],omnia
387,97,OM-2480,Standard,https://www.omniafloor.it/en/collections/omnia-standard/,"[""https://www.omniafloor.it/catalog/omnia_standard/colors/rovere_sabbia/upside.webp"", ""https://www.omniafloor.it/catalog/omnia_standard/colors/rovere_sabbia/room.webp""]",[],omnia
388,98,OM-2472,Standard,https://www.omniafloor.it/en/collections/omnia-standard/,"[""https://www.omniafloor.it/catalog/omnia_standard/colors/rovere_miele/upside.webp"", ""https://www.omniafloor.it/catalog/omnia_standard/colors/rovere_miele/room.webp""]",[],omnia
389,99,OM-2481,Standard,https://www.omniafloor.it/en/collections/omnia-standard/,"[""https://www.omniafloor.it/catalog/omnia_standard/colors/rovere_white/upside.webp"", ""https://www.omniafloor.it/catalog/omnia_standard/colors/rovere_white/room.webp""]",[],omnia
390,100,OM-2479,Standard,https://www.omniafloor.it/en/collections/omnia-standard/,"[""https://www.omniafloor.it/catalog/omnia_standard/colors/rovere_duna/upside.webp"", ""https://www.omniafloor.it/catalog/omnia_standard/colors/rovere_duna/room.webp""]",[],omnia
391,101,OM-9000,Standard,https://www.omniafloor.it/en/collections/jangal/,"[""https://www.omniafloor.it/catalog/jangal/colors/naturale/upside.webp"", ""https://www.omniafloor.it/catalog/jangal/colors/naturale/room.webp""]",[],omnia
392,102,OM-9001,Standard,https://www.omniafloor.it/en/collections/jangal/,"[""https://www.omniafloor.it/catalog/jangal/colors/miele/upside.webp"", ""https://www.omniafloor.it/catalog/jangal/colors/miele/room.webp""]",[],omnia
393,103,OM-9002,Standard,https://www.omniafloor.it/en/collections/jangal/,"[""https://www.omniafloor.it/catalog/jangal/colors/dorato/upside.webp"", ""https://www.omniafloor.it/catalog/jangal/colors/dorato/room.webp""]",[],omnia
394,104,OM-9003,Standard,https://www.omniafloor.it/en/collections/jangal/,"[""https://www.omniafloor.it/catalog/jangal/colors/spiga/upside.webp"", ""https://www.omniafloor.it/catalog/jangal/colors/spiga/room.webp""]",[],omnia
395,105,OM-9004,Standard,https://www.omniafloor.it/en/collections/jangal/,"[""https://www.omniafloor.it/catalog/jangal/colors/terra/upside.webp"", ""https://www.omniafloor.it/catalog/jangal/colors/terra/room.webp""]",[],omnia
396,106,OM-2150,Standard,https://www.omniafloor.it/en/collections/omnia-standard-tiles/,"[""https://www.omniafloor.it/catalog/omnia_standard_tiles/colors/concrete_stone/upside.webp"", ""https://www.omniafloor.it/catalog/omnia_standard_tiles/colors/concrete_stone/room.webp""]",[],omnia
397,107,OM-2151,Standard,https://www.omniafloor.it/en/collections/omnia-standard-tiles/,"[""https://www.omniafloor.it/catalog/omnia_standard_tiles/colors/black_onyx/upside.webp"", ""https://www.omniafloor.it/catalog/omnia_standard_tiles/colors/black_onyx/room.webp""]",[],omnia
398,108,OM-2152,Standard,https://www.omniafloor.it/en/collections/omnia-standard-tiles/,"[""https://www.omniafloor.it/catalog/omnia_standard_tiles/colors/glacier_grey/upside.webp"", ""https://www.omniafloor.it/catalog/omnia_standard_tiles/colors/glacier_grey/room.webp""]",[],omnia
399,109,OM-2153,Standard,https://www.omniafloor.it/en/collections/omnia-standard-tiles/,"[""https://www.omniafloor.it/catalog/omnia_standard_tiles/colors/artic_stone/upside.webp"", ""https://www.omniafloor.it/catalog/omnia_standard_tiles/colors/artic_stone/room.webp""]",[],omnia
400,110,OM-2154,Standard,https://www.omniafloor.it/en/collections/omnia-standard-tiles/,"[""https://www.omniafloor.it/catalog/omnia_standard_tiles/colors/urban_grey/upside.webp"", ""https://www.omniafloor.it/catalog/omnia_standard_tiles/colors/urban_grey/room.webp""]",[],omnia
401,111,OM-M30003,MAT,https://www.omniafloor.it/en/collections/revesta/,"[""https://www.omniafloor.it/catalog/revesta/colors/urban_stone_grey/upside.webp"", ""https://www.omniafloor.it/catalog/revesta/colors/urban_stone_grey/room.webp""]",[],omnia
402,111,OM-MG30003,LUCIOS,https://www.omniafloor.it/en/collections/revesta/,"[""https://www.omniafloor.it/catalog/revesta/colors/urban_stone_grey/upside.webp"", ""https://www.omniafloor.it/catalog/revesta/colors/urban_stone_grey/room.webp""]",[],omnia
403,112,OM-M30005,MAT,https://www.omniafloor.it/en/collections/revesta/,"[""https://www.omniafloor.it/catalog/revesta/colors/black_aurum/upside.webp"", ""https://www.omniafloor.it/catalog/revesta/colors/black_aurum/room.webp""]",[],omnia
404,112,OM-MG30005,LUCIOS,https://www.omniafloor.it/en/collections/revesta/,"[""https://www.omniafloor.it/catalog/revesta/colors/black_aurum/upside.webp"", ""https://www.omniafloor.it/catalog/revesta/colors/black_aurum/room.webp""]",[],omnia
405,113,OM-M30001,MAT,https://www.omniafloor.it/en/collections/revesta/,"[""https://www.omniafloor.it/catalog/revesta/colors/white_marble/upside.webp"", ""https://www.omniafloor.it/catalog/revesta/colors/white_marble/room.webp""]",[],omnia
406,113,OM-MG30001,LUCIOS,https://www.omniafloor.it/en/collections/revesta/,"[""https://www.omniafloor.it/catalog/revesta/colors/white_marble/upside.webp"", ""https://www.omniafloor.it/catalog/revesta/colors/white_marble/room.webp""]",[],omnia
407,114,OM-MG30000,MAT,https://www.omniafloor.it/en/collections/revesta/,"[""https://www.omniafloor.it/catalog/revesta/colors/bronze_metal/upside.webp"", ""https://www.omniafloor.it/catalog/revesta/colors/bronze_metal/room.webp""]",[],omnia
408,115,OM-M30006,MAT,https://www.omniafloor.it/en/collections/revesta/,"[""https://www.omniafloor.it/catalog/revesta/colors/sand_stone_terra_beige/upside.webp"", ""https://www.omniafloor.it/catalog/revesta/colors/sand_stone_terra_beige/room.webp""]",[],omnia
409,115,OM-HG30006,LUCIOS,https://www.omniafloor.it/en/collections/revesta/,"[""https://www.omniafloor.it/catalog/revesta/colors/sand_stone_terra_beige/upside.webp"", ""https://www.omniafloor.it/catalog/revesta/colors/sand_stone_terra_beige/room.webp""]",[],omnia
410,116,OM-M30004,MAT,https://www.omniafloor.it/en/collections/revesta/,"[""https://www.omniafloor.it/catalog/revesta/colors/absolute_black/upside.webp"", ""https://www.omniafloor.it/catalog/revesta/colors/absolute_black/room.webp""]",[],omnia
411,116,OM-HG30004,LUCIOS,https://www.omniafloor.it/en/collections/revesta/,"[""https://www.omniafloor.it/catalog/revesta/colors/absolute_black/upside.webp"", ""https://www.omniafloor.it/catalog/revesta/colors/absolute_black/room.webp""]",[],omnia
412,117,OM-M30002,MAT,https://www.omniafloor.it/en/collections/revesta/,"[""https://www.omniafloor.it/catalog/revesta/colors/concrete_grey/upside.webp"", ""https://www.omniafloor.it/catalog/revesta/colors/concrete_grey/room.webp""]",[],omnia
413,117,OM-HG30002,LUCIOS,https://www.omniafloor.it/en/collections/revesta/,"[""https://www.omniafloor.it/catalog/revesta/colors/concrete_grey/upside.webp"", ""https://www.omniafloor.it/catalog/revesta/colors/concrete_grey/room.webp""]",[],omnia
1200,400,BAT_18096,Chrome,https://www.thebathcollection.com/en/products/tasos-high-basin-faucet/,"[""https://www.thebathcollection.com/wp-content/uploads/2025/09/32234_es-18096-grifo-para-lavabo-tasos-bathco-Real.jpg""]","[""https://www.thebathcollection.com/wp-content/uploads/2025/09/32174_es-18096-grifo-tasos-para-lavabo-alto-bathco-Real.jpg""]",bathco
1201,401,BAT_18095,Chrome,https://www.thebathcollection.com/en/products/faucet-faucet-washbasin/,"[""https://www.thebathcollection.com/wp-content/uploads/2025/09/32242_es-18095-grifo-tasos-bathco-Real.jpg"", ""https://www.thebathcollection.com/wp-content/uploads/2025/10/34081_es-4160-circus-60-02-Real.jpg""]","[""https://www.thebathcollection.com/wp-content/uploads/2025/09/32168_es-18095-griferia-tasos-para-lavabo-de-bathco-Real.jpg""]",bathco
1202,402,BAT_18080,Chrome,https://www.thebathcollection.com/en/products/milos-chrome-high-basin-faucet/,"[""https://www.thebathcollection.com/wp-content/uploads/2025/09/32190_es-18080-milos-grifo-para-lavabo-alto-bathco-Real.jpg""]","[""https://www.thebathcollection.com/wp-content/uploads/2025/09/32144_es-18080-grifo-milos-para-lavabo-alto-de-bathco-Real.jpg""]",bathco
1203,402,BAT_18092,Bronze,https://www.thebathcollection.com/en/products/milos-high-basin-faucet-bronze/,"[""https://www.thebathcollection.com/wp-content/uploads/2025/09/32196_es-18092-milos-grifo-para-lavabo-alto-bathco-Real.jpg"", ""https://www.thebathcollection.com/wp-content/uploads/2025/10/32092_es-18092-milos-grifo-alto-para-lavabo-bathco-Real-scaled.jpg""]","[""https://www.thebathcollection.com/wp-content/uploads/2025/09/32150_es-18092-grifo-milos-para-lavabo-alto-de-bathco-Real.jpg""]",bathco
1204,402,BAT_18084,Black,https://www.thebathcollection.com/en/products/milos-black-high-basin-faucet/,"[""https://www.thebathcollection.com/wp-content/uploads/2025/09/32192_es-18084-milos-grifo-para-lavabo-alto-bathco-Real.jpg"", ""https://www.thebathcollection.com/wp-content/uploads/2025/10/32090_es-18084-milos-grifo-alto-para-lavabo-bathco-Real.jpg""]","[""https://www.thebathcollection.com/wp-content/uploads/2025/09/32148_es-18084-grifo-milos-para-lavabo-alto-de-bathco-Real.jpg""]",bathco
1205,402,BAT_18088,Gun Metal,https://www.thebathcollection.com/en/products/milos-gunmetal-high-basin-faucet/,"[""https://www.thebathcollection.com/wp-content/uploads/2025/09/32194_es-18088-milos-grifo-para-lavabo-alto-bathco-Real.jpg""]","[""https://www.thebathcollection.com/wp-content/uploads/2025/09/32146_es-18088-grifo-milos-para-lavabo-alto-de-bathco-Real.jpg""]",bathco
1206,403,BAT_18079,Chrome,https://www.thebathcollection.com/en/products/milos-chrome-basin-faucet/,"[""https://www.thebathcollection.com/wp-content/uploads/2025/09/32178_es-18079-milos-grifo-lavabo-bathco-Real.jpg"", ""https://www.thebathcollection.com/wp-content/uploads/2025/10/32088_es-18079-milos-grifo-bajo-para-lavabo-bathco-Real.jpg""]","[""https://www.thebathcollection.com/wp-content/uploads/2025/09/32138_es-18079-lavabo-milos-para-lavabo-de-bathco-Real.jpg""]",bathco
1207,403,BAT_18091,Bronze,https://www.thebathcollection.com/en/products/milos-basin-faucet-bronze/,"[""https://www.thebathcollection.com/wp-content/uploads/2025/09/32182_es-18091-milos-grifo-lavabo-bathco-Real.jpg""]","[""https://www.thebathcollection.com/wp-content/uploads/2025/09/32142_es-18091-lavabo-milos-para-lavabo-de-bathco-Real.jpg""]",bathco
1208,403,BAT_18083,Black,https://www.thebathcollection.com/en/products/milos-grifo-lavabo-negro/,"[""https://www.thebathcollection.com/wp-content/uploads/2025/09/32180_es-18083-milos-grifo-lavabo-bathco-Real.jpg""]","[""https://www.thebathcollection.com/wp-content/uploads/2025/09/32136_es-18083-lavabo-milos-para-lavabo-de-bathco-Real.jpg""]",bathco
1209,403,BAT_18087,Gun Metal,https://www.thebathcollection.com/en/products/milos-grifo-lavabo-gunmetal/,"[""https://www.thebathcollection.com/wp-content/uploads/2025/09/32176_es-18087-milos-grifo-lavabo-bathco-Real.jpg""]","[""https://www.thebathcollection.com/wp-content/uploads/2025/09/32140_es-18087-lavabo-milos-para-lavabo-de-bathco-Real.jpg""]",bathco
1210,404,BAT_18069,Black,https://www.thebathcollection.com/en/products/grifo-medio-de-lavabo-athenas-negro/,"[""https://www.thebathcollection.com/wp-content/uploads/2025/09/22621_es-ref-18069-grifo-medio-de-lavabo-de-bathco-Real.jpg""]","[""https://www.thebathcollection.com/wp-content/uploads/2025/09/22631_es-ref-18069-grifo-medio-de-lavabo-de-bathco-Real-1.jpg""]",bathco
1211,404,BAT_18058,Gray,https://www.thebathcollection.com/en/products/grifo-medio-de-lavabo-athenas-gris/,"[""https://www.thebathcollection.com/wp-content/uploads/2025/09/22619_es-ref-18058-grifo-medio-de-lavabo-de-bathco-Real.jpg""]","[""https://www.thebathcollection.com/wp-content/uploads/2025/09/22631_es-ref-18069-grifo-medio-de-lavabo-de-bathco-Real.jpg""]",bathco
1212,405,BAT_18068,Black,https://www.thebathcollection.com/en/products/athenas-low-basin-faucet-black/,"[""https://www.thebathcollection.com/wp-content/uploads/2025/09/22607_es-ref-18068-grifo-para-lavabo-de-bathco-Real.jpg"", ""https://www.thebathcollection.com/wp-content/uploads/2025/10/22617_es-ref-18068-grifo-para-lavabo-de-bathco-Real.jpg""]","[""https://www.thebathcollection.com/wp-content/uploads/2025/09/22611_es-ref-18068-grifo-para-lavabo-de-bathco-Real.jpg""]",bathco
1213,405,BAT_18057,Gray,https://www.thebathcollection.com/en/products/athenas-grey-low-basin-faucet/,"[""https://www.thebathcollection.com/wp-content/uploads/2025/09/22609_es-ref-18057-grifo-para-lavabo-de-bathco-Real.jpg"", ""https://www.thebathcollection.com/wp-content/uploads/2025/10/32082_es-18057-grifo-tasos-para-lavabo-bathco-Real.jpg""]","[""https://www.thebathcollection.com/wp-content/uploads/2025/09/22613_es-ref-18057-grifo-para-lavabo-de-bathco-Real.jpg""]",bathco
1214,406,BAT_18097,Chrome,https://www.thebathcollection.com/en/products/tasos-grifo-lavabo-empotrado/,"[""https://www.thebathcollection.com/wp-content/uploads/2025/09/32238_es-18097-grifo-empotrado-para-lavabo-tasos-bathco-Real.jpg""]","[""https://www.thebathcollection.com/wp-content/uploads/2025/09/32172_es-18097-grifo-tasos-empotrado-bathco-Real.jpg""]",bathco
1215,407,BAT_18081,Chrome,https://www.thebathcollection.com/en/products/milos-chrome-built-in-faucet/,"[""https://www.thebathcollection.com/wp-content/uploads/2025/09/32202_es-18081-milos-grifo-lavabo-empotrado-con-embellecedor-Real.jpg""]","[""https://www.thebathcollection.com/wp-content/uploads/2025/09/32152_es-18081-milos-griferia-empotrada-bathco-Real.jpg""]",bathco
1216,407,BAT_18085,Black,https://www.thebathcollection.com/en/products/milos-grifo-empotrado-negro/,"[""https://www.thebathcollection.com/wp-content/uploads/2025/09/32204_es-18085-milos-grifo-lavabo-empotrado-con-embellecedor-Real.jpg""]","[""https://www.thebathcollection.com/wp-content/uploads/2025/09/32154_es-18085-milos-griferia-empotrada-bathco-Real.jpg""]",bathco
1217,407,BAT_18089,Gun Metal,https://www.thebathcollection.com/en/products/milos-grifo-empotrado-gunmetal/,"[""https://www.thebathcollection.com/wp-content/uploads/2025/09/32206_es-18089-milos-grifo-lavabo-empotrado-con-embellecedor-Real.jpg""]","[""https://www.thebathcollection.com/wp-content/uploads/2025/09/32156_es-18089-milos-griferia-empotrada-bathco-Real.jpg""]",bathco
1218,408,BAT_18060,Gray,https://www.thebathcollection.com/en/products/athenas-built-in-faucet/,"[""https://www.thebathcollection.com/wp-content/uploads/2025/09/22645_es-ref-18060-grifo-empotrado-de-bathco-Real.jpg"", ""https://www.thebathcollection.com/wp-content/uploads/2025/10/22655_es-ref-18060-grifo-empotrado-de-bathco-Real.jpg""]","[""https://www.thebathcollection.com/wp-content/uploads/2025/09/22649_es-ref-18060-grifo-empotrado-de-bathco-Real.jpg""]",bathco
1219,409,BAT_18074,Black,https://www.thebathcollection.com/en/products/grifo-alto-athenas-negro/,"[""https://www.thebathcollection.com/wp-content/uploads/2025/09/22659_es-ref-18074-grifo-de-banera-athenas-Real.jpg"", ""https://www.thebathcollection.com/wp-content/uploads/2025/10/24420_es-ref-18074-grifo-de-lavabo-athenas-Real.jpg""]",[],bathco
1220,409,BAT_18064,Gray,https://www.thebathcollection.com/en/products/grifo-alto-athenas-gris/,"[""https://www.thebathcollection.com/wp-content/uploads/2025/09/22659_es-ref-18064-grifo-de-banera-athenas-Real.jpg""]",[],bathco
1221,410,BAT_18098,Chrome,https://www.thebathcollection.com/en/products/tasos-bide-faucet/,"[""https://www.thebathcollection.com/wp-content/uploads/2025/09/32246_es-18098-grifo-lavabo-bathco-Real.jpg""]","[""https://www.thebathcollection.com/wp-content/uploads/2025/09/32437_es-18098-01-Real.jpg""]",bathco
1222,411,BAT_18100,Chrome,https://www.thebathcollection.com/en/products/tasos-columna-ducha/,"[""https://www.thebathcollection.com/wp-content/uploads/2025/09/32244_es-18100-columna-tasos-ducha-bathco-Real.jpg""]","[""https://www.thebathcollection.com/wp-content/uploads/2025/09/32416_es-18100-01-Real.jpg""]",bathco
1223,412,BAT_18099,Chrome,https://www.thebathcollection.com/en/products/tasos-recessed-shower-faucet/,"[""https://www.thebathcollection.com/wp-content/uploads/2025/09/32240_es-18099-tasos-grifo-ducha-empotrado-Real.jpg""]","[""https://www.thebathcollection.com/wp-content/uploads/2025/09/32170_es-18099-griferia-tasos-de-ducha-de-bathco-Real.jpg""]",bathco
1224,413,BAT_18082,Chrome,https://www.thebathcollection.com/en/products/milos-shower-faucet-chrome/,"[""https://www.thebathcollection.com/wp-content/uploads/2025/09/32220_es-18082-milos-griferia-ducha-bathco-Real.jpg""]","[""https://www.thebathcollection.com/wp-content/uploads/2025/09/32164_es-18082-griferia-de-ducha-milos-bathco-Real.jpg""]",bathco
1225,413,BAT_18094,Bronze,https://www.thebathcollection.com/en/products/milos-shower-faucet-bronze/,"[""https://www.thebathcollection.com/wp-content/uploads/2025/09/32224_es-18094-milos-griferia-ducha-bathco-Real.jpg""]","[""https://www.thebathcollection.com/wp-content/uploads/2025/09/32166_es-18094-griferia-de-ducha-milos-bathco-Real.jpg""]",bathco
1226,413,BAT_18086,Black,https://www.thebathcollection.com/en/products/milos-shower-faucet-black/,"[""https://www.thebathcollection.com/wp-content/uploads/2025/09/32218_es-18086-milos-griferia-ducha-bathco-Real.jpg""]","[""https://www.thebathcollection.com/wp-content/uploads/2025/09/32162_es-18086-griferia-de-ducha-milos-bathco-Real.jpg""]",bathco
1227,413,BAT_18090,Gun Metal,https://www.thebathcollection.com/en/products/milos-gunmetal-shower-faucets/,"[""https://www.thebathcollection.com/wp-content/uploads/2025/09/32222_es-18090-milos-griferia-ducha-bathco-Real.jpg""]","[""https://www.thebathcollection.com/wp-content/uploads/2025/09/32160_es-18090-griferia-de-ducha-milos-bathco-Real.jpg""]",bathco
1228,414,BAT_18076,Black,https://www.thebathcollection.com/en/products/athenas-shower-faucet-black/,"[""https://www.thebathcollection.com/wp-content/uploads/2025/09/22707_es-ref-18076-griferia-empotrada-de-ducha-de-bathco-Real.jpg"", ""https://www.thebathcollection.com/wp-content/uploads/2025/10/24404_es-ref-18076-griferia-empotrada-de-ducha-de-bathco-Real.jpg""]","[""https://www.thebathcollection.com/wp-content/uploads/2025/09/22711_es-ref-18076-griferia-empotrada-de-ducha-de-bathco-Real.jpg""]",bathco
1229,414,BAT_18067,Gray,https://www.thebathcollection.com/en/products/athenas-gray-shower-faucet/,"[""https://www.thebathcollection.com/wp-content/uploads/2025/09/22705_es-ref-18067-griferia-empotrada-de-ducha-de-bathco-Real.jpg"", ""https://www.thebathcollection.com/wp-content/uploads/2025/10/22716_es-ref-18067-griferia-empotrada-de-ducha-de-bathco-Real.jpg""]","[""https://www.thebathcollection.com/wp-content/uploads/2025/09/22709_es-ref-18067-griferia-empotrada-de-ducha-de-bathco-Real.jpg""]",bathco
1230,415,BAT_18078,Gray,https://www.thebathcollection.com/en/products/grifo-de-banera-athenas/,"[""https://www.thebathcollection.com/wp-content/uploads/2025/09/23872_es-ref-18078-grifo-athenas-para-banera-de-bathco-Real.jpg""]","[""https://www.thebathcollection.com/wp-content/uploads/2025/09/23874_es-ref-18078-grifo-athenas-para-banera-de-bathco-Real.jpg""]",bathco
1231,416,BAT_18065,Gray,https://www.thebathcollection.com/en/products/iconos-gray-bath-faucet/,"[""https://www.thebathcollection.com/wp-content/uploads/2025/09/24408_es-ref-18065-grifo-de-banera-iconos-de-bathco-Real-scaled.jpg"", ""https://www.thebathcollection.com/wp-content/uploads/2025/10/24414_es-ref-18065-grifo-de-banera-iconos-de-bathco-Real.jpg""]","[""https://www.thebathcollection.com/wp-content/uploads/2025/09/24412_es-ref-18065-grifo-de-banera-iconos-de-bathco-Real-scaled.jpg""]",bathco
1232,416,BAT_18075,Black,https://www.thebathcollection.com/en/products/griferia-de-banera-iconos-negro/,"[""https://www.thebathcollection.com/wp-content/uploads/2025/09/24406_es-ref-18075-grifo-de-banera-iconos-de-bathco-Real-scaled.jpg""]","[""https://www.thebathcollection.com/wp-content/uploads/2025/09/24410_es-ref-18075-grifo-de-banera-iconos-de-bathco-Real-scaled.jpg""]",bathco
1233,416,BAT_18077,Gray,https://www.thebathcollection.com/en/products/grifo-de-banera-iconos/,"[""https://www.thebathcollection.com/wp-content/uploads/2025/09/23866_es-ref-18077-grifo-iconos-para-banera-de-bathco-Real.jpg""]","[""https://www.thebathcollection.com/wp-content/uploads/2025/09/23868_es-ref-18077-grifo-iconos-para-banera-de-bathco-Real.jpg""]",bathco
1234,417,BAT_4563,White,https://www.thebathcollection.com/en/products/oropesa-wall-hung-toilet/,"[""https://www.thebathcollection.com/wp-content/uploads/2025/09/31764_es-4563-inodoro-oropesa-de-bathco-Real.jpg"", ""https://www.thebathcollection.com/wp-content/uploads/2025/10/32078_es-4563-oropesa-inododoro-suspendido-bathco-Real.jpg""]","[""https://www.thebathcollection.com/wp-content/uploads/2025/09/35046_es-4563-oropesa-inodoro-suspendido-dibujo-tecnico-web-1934x1200-Real.jpg""]",bathco
1235,418,BAT_4549,White,https://www.thebathcollection.com/en/products/evora-wall-hung-toilet/,"[""https://www.thebathcollection.com/wp-content/uploads/2025/09/19748_es-ref-4549-inodoro-suspendido-evora-de-bathco-Real.jpg""]","[""https://www.thebathcollection.com/wp-content/uploads/2025/09/35527_es-4549-evora-inodoro-dibujo-tecnico-web-Real.jpg""]",bathco
1236,419,BAT_4560,Matte White,https://www.thebathcollection.com/en/products/antequera-suspended-matte-toilet/,"[""https://www.thebathcollection.com/wp-content/uploads/2025/09/31768_es-4560-inodoro-suspendido-antequera-blanco-de-bathco-Real.jpg"", ""https://www.thebathcollection.com/wp-content/uploads/2025/10/31188_es-4560-antequera-blanco-mate-inodoro-suspendido-bathco-Real.jpg""]","[""https://www.thebathcollection.com/wp-content/uploads/2025/10/34420_es-4567-antequera-suspendido-Real.jpg""]",bathco
1237,419,BAT_4561,Matte Black,https://www.thebathcollection.com/en/products/antequera-black-wall-hung-toilet/,"[""https://www.thebathcollection.com/wp-content/uploads/2025/09/31772_es-4561-inodoro-suspendido-antequera-blanco-mate-de-bathco-Real.jpg"", ""https://www.thebathcollection.com/wp-content/uploads/2025/10/31190_es-4561-antequera-inodoro-suspendido-negro-Real.jpg""]","[""https://www.thebathcollection.com/wp-content/uploads/2025/10/34420_es-4567-antequera-suspendido-Real-1.jpg""]",bathco
1238,419,BAT_4567,Bright White,https://www.thebathcollection.com/en/products/antequera-wall-hung-toilet-gloss/,"[""https://www.thebathcollection.com/wp-content/uploads/2025/09/31770_es-4567-inodoro-suspendido-antequera-negro-mate-de-bathco-Real.jpg"", ""https://www.thebathcollection.com/wp-content/uploads/2025/10/32661_es-4567-inodoro-suspendido-antequera-de-bathco-Real.jpg""]","[""https://www.thebathcollection.com/wp-content/uploads/2025/10/34420_es-4567-antequera-suspendido-Real-2.jpg""]",bathco
1239,420,BAT_4566,White,https://www.thebathcollection.com/en/products/oropesa-floor-toilet/,"[""https://www.thebathcollection.com/wp-content/uploads/2025/09/31766_es-4566-inodoro-oropesa-de-bathco-Real.jpg"", ""https://www.thebathcollection.com/wp-content/uploads/2025/10/31146_es-4566-inodoro-a-suelo-oropesa-de-bathco-Real.jpg""]","[""https://www.thebathcollection.com/wp-content/uploads/2025/09/31846_es-4566-oropesa-inodoro-suelo-dibujo-tecnico-Real.jpg""]",bathco
1240,421,BAT_4570,White,https://www.thebathcollection.com/en/products/antequera-inodoro-a-suelo/,"[""https://www.thebathcollection.com/wp-content/uploads/2025/09/31778_es-4570-inodoro-suelo-antequera-de-bathco-Real.jpg"", ""https://www.thebathcollection.com/wp-content/uploads/2025/10/31176_es-4570-antequera-inodoro-suelo-bathco-Real.jpg""]","[""https://www.thebathcollection.com/wp-content/uploads/2025/09/4570_ANTEQUERA_inodoro-suelo.png""]",bathco
1241,422,BAT_4569,White,https://www.thebathcollection.com/en/products/antequera-bide-suspended/,"[""https://www.thebathcollection.com/wp-content/uploads/2025/09/31776_es-4569-bide-suspendido-antequera-de-bathco-Real.jpg"", ""https://www.thebathcollection.com/wp-content/uploads/2025/10/32709_es-new-ronda-suspen-01-2-Real.jpg""]","[""https://www.thebathcollection.com/wp-content/uploads/2025/10/31788_es-4569-antequera-bide-suspendido-Real.jpg""]",bathco
1242,423,BAT_4550,White,https://www.thebathcollection.com/en/products/bide-suspendido-evora/,"[""https://www.thebathcollection.com/wp-content/uploads/2025/09/32829_es-ref-4550-bidet-evora-de-bathco-Real.jpg""]","[""https://www.thebathcollection.com/wp-content/uploads/2025/10/35529_es-4550-evora-bide-dibujo-tecnico-web-Real.jpg""]",bathco
1243,424,BAT_4565,White,https://www.thebathcollection.com/en/products/oropesa-suspended-bidet/,"[""https://www.thebathcollection.com/wp-content/uploads/2025/09/31762_es-4565-bide-oropesa-de-bathco-Real.jpg"", ""https://www.thebathcollection.com/wp-content/uploads/2025/10/32493_es-4565-oropesa-bide-suspendido-bathco-Real.jpg""]","[""https://www.thebathcollection.com/wp-content/uploads/2025/09/31810_es-4565-oropesa-bide-suspendido-bathco-Real.jpg""]",bathco
1244,425,BAT_4564,White,https://www.thebathcollection.com/en/products/oropesa-bide-a-suelo/,"[""https://www.thebathcollection.com/wp-content/uploads/2025/09/31760_es-4564-inodoro-oropesa-de-bathco-Real.jpg"", ""https://www.thebathcollection.com/wp-content/uploads/2025/10/31750_es-4564-oropesa-bide-suelo-bathco-Real.jpg""]","[""https://www.thebathcollection.com/wp-content/uploads/2025/09/31848_es-4564-oropesa-bide-a-suelo-bathco-Real.jpg""]",bathco
1245,426,BAT_4568,White,https://www.thebathcollection.com/en/products/antequera-bide-suelo/,"[""https://www.thebathcollection.com/wp-content/uploads/2025/09/31774_es-4568-bide-antequera-de-bathco-Real.jpg"", ""https://www.thebathcollection.com/wp-content/uploads/2025/10/31792_es-4568-antequera-bide-suelo-bathco-Real.jpg""]","[""https://www.thebathcollection.com/wp-content/uploads/2025/10/35477_es-4568-antequera-bide-suelo-dibujo-tecnico-web-Real.jpg""]",bathco
1246,427,BAT_00604,Beige,https://www.thebathcollection.com/en/products/striae-oval-beige/,"[""https://www.thebathcollection.com/wp-content/uploads/2025/09/34165_es-00604-Real.jpg""]","[""https://www.thebathcollection.com/wp-content/uploads/2025/09/34169_es-00604-00605-striae-oval-Real.jpg""]",bathco
1247,427,BAT_00605,Black,https://www.thebathcollection.com/en/products/striae-oval-black/,"[""https://www.thebathcollection.com/wp-content/uploads/2025/09/34167_es-00605-Real.jpg"", ""https://www.thebathcollection.com/wp-content/uploads/2025/12/BATHCO-STONE-STRIAE-00605-AMBI2.jpg"", ""https://www.thebathcollection.com/wp-content/uploads/2025/12/BATHCO-STONE-STRIAE-00605-AMBI1.jpg""]","[""https://www.thebathcollection.com/wp-content/uploads/2025/09/34169_es-00604-00605-striae-oval-Real-1.jpg""]",bathco
1248,428,BAT_00602,Beige,https://www.thebathcollection.com/en/products/striae-square-beige/,"[""https://www.thebathcollection.com/wp-content/uploads/2025/09/34159_es-00602-Real.jpg"", ""https://www.thebathcollection.com/wp-content/uploads/2025/10/34308_es-00602-ambi-Real.jpg""]","[""https://www.thebathcollection.com/wp-content/uploads/2025/09/34163_es-00602-00603-striae-39-Real.jpg""]",bathco
1249,428,BAT_00603,Black,https://www.thebathcollection.com/en/products/striae-39-square-black/,"[""https://www.thebathcollection.com/wp-content/uploads/2025/09/34161_es-00603-Real.jpg""]","[""https://www.thebathcollection.com/wp-content/uploads/2025/09/34163_es-00602-00603-striae-39-Real-1.jpg""]",bathco
1250,429,BAT_00600,Beige,https://www.thebathcollection.com/en/products/striae-circular-beige/,"[""https://www.thebathcollection.com/wp-content/uploads/2025/09/34153_es-00600-striae-Real.jpg"", ""https://www.thebathcollection.com/wp-content/uploads/2025/10/34304_es-00600-ambi-Real.jpg""]","[""https://www.thebathcollection.com/wp-content/uploads/2025/09/34157_es-00600-00601-striae-Real.jpg""]",bathco
1251,429,BAT_00601,Black,https://www.thebathcollection.com/en/products/striae-circular-black/,"[""https://www.thebathcollection.com/wp-content/uploads/2025/09/34155_es-00601-striae-Real.jpg""]","[""https://www.thebathcollection.com/wp-content/uploads/2025/09/34157_es-00600-00601-striae-Real-1.jpg""]",bathco
1252,430,BAT_00643,Doreng,https://www.thebathcollection.com/en/products/pemba-doreng/,"[""https://www.thebathcollection.com/wp-content/uploads/2025/09/36028_es-00643-pemba-doreng-tecnica-baja-Real.jpg""]","[""https://www.thebathcollection.com/wp-content/uploads/2025/09/36761_es-00641-00642-pemba-dibujo-Real-2.jpg""]",bathco
1253,430,BAT_00641,Beige,https://www.thebathcollection.com/en/products/pemba-beige/,"[""https://www.thebathcollection.com/wp-content/uploads/2025/09/36030_es-00641-pemba-beige-tecnica-baja-Real.jpg""]","[""https://www.thebathcollection.com/wp-content/uploads/2025/09/36761_es-00641-00642-pemba-dibujo-Real.jpg""]",bathco
1254,430,BAT_00642,Black,https://www.thebathcollection.com/en/products/black-pemba/,"[""https://www.thebathcollection.com/wp-content/uploads/2025/09/36026_es-00642-pemba-gris-oscuro-tecnica-baja-Real.jpg"", ""https://www.thebathcollection.com/wp-content/uploads/2025/12/00642-PEMBA-GRIS-OSCURO-DET.jpg"", ""https://www.thebathcollection.com/wp-content/uploads/2025/12/00642-PEMBA-GRIS-OSCURO-AMBI.jpg""]","[""https://www.thebathcollection.com/wp-content/uploads/2025/09/36761_es-00641-00642-pemba-dibujo-Real-1.jpg""]",bathco
1255,431,BAT_00620,Doreng,https://www.thebathcollection.com/en/products/papua-a-doreng/,"[""https://www.thebathcollection.com/wp-content/uploads/2025/09/35759_es-00620-papua-a-doreng-Real.jpg""]","[""https://www.thebathcollection.com/wp-content/uploads/2025/09/35761_es-00619-00620-papua-a-web-Real-1.jpg""]",bathco
1256,431,BAT_00619,Beige,https://www.thebathcollection.com/en/products/papua-beige-2/,"[""https://www.thebathcollection.com/wp-content/uploads/2025/09/35757_es-00619-papua-a-beige-Real.jpg""]","[""https://www.thebathcollection.com/wp-content/uploads/2025/09/35761_es-00619-00620-papua-a-web-Real.jpg""]",bathco
1257,432,BAT_00339,Black,https://www.thebathcollection.com/en/products/icono-gris/,"[""https://www.thebathcollection.com/wp-content/uploads/2025/09/4957_es-lavabo-sobre-encimera-icono-the-bath-collection-ref-00337-negro-Real.jpg""]","[""https://www.thebathcollection.com/wp-content/uploads/2025/09/4961_es-lavabo-sobre-encimera-icono-the-bath-collection-ref-00338-beige-Real-1.jpg""]",bathco
1258,432,BAT_00338,Beige,https://www.thebathcollection.com/en/products/beige-icon/,"[""https://www.thebathcollection.com/wp-content/uploads/2025/09/4959_es-lavabo-sobre-encimera-icono-the-bath-collection-ref-00338-beige-Real.jpg"", ""https://www.thebathcollection.com/wp-content/uploads/2025/10/6914_es-lavabo-sobre-encimera-icono-the-bath-collection-ref-00338-beige-Real-scaled.jpg""]","[""https://www.thebathcollection.com/wp-content/uploads/2025/09/4961_es-lavabo-sobre-encimera-icono-the-bath-collection-ref-00338-beige-Real.jpg""]",bathco
1259,433,BAT_00666,Grey,https://www.thebathcollection.com/en/products/classic-cuadrado-grey/,"[""https://www.thebathcollection.com/wp-content/uploads/2026/04/00666_CLASSIC_CUADRADO_GREY.jpg""]",[],bathco
1260,433,BAT_00667,Brown Trotol,https://www.thebathcollection.com/en/products/classic-cuadrado-brown-trotol/,"[""https://www.thebathcollection.com/wp-content/uploads/2026/04/00667_CLASSIC_CUADRADO_BROWN_TROTOL.jpg"", ""https://www.thebathcollection.com/wp-content/uploads/2026/04/00667_CLASSIC_CUADRADO_BROWN_TROTOL_02.jpg""]",[],bathco
1261,433,BAT_00668,Pink,https://www.thebathcollection.com/en/products/classic-cuadrado-pink/,"[""https://www.thebathcollection.com/wp-content/uploads/2026/04/00668_CLASSIC_CUADRADO_PINK.jpg""]",[],bathco
1262,434,BAT_00669,Grey,https://www.thebathcollection.com/en/products/classic-rectangular-grey/,"[""https://www.thebathcollection.com/wp-content/uploads/2026/04/00669_CLASSIC_RECTANGULAR_GREY.jpg"", ""https://www.thebathcollection.com/wp-content/uploads/2026/04/00669_CLASSIC_RECTANGULAR_GREY_02.jpg""]",[],bathco
1263,434,BAT_00670,Brown Trotol,https://www.thebathcollection.com/en/products/classic-rectangular-brown-trotol/,"[""https://www.thebathcollection.com/wp-content/uploads/2026/04/00670_CLASSIC_RECTANGULAR_BROWN_TROTOL.jpg""]",[],bathco
1264,434,BAT_00671,Pink,https://www.thebathcollection.com/en/products/classic-rectangular-pink/,"[""https://www.thebathcollection.com/wp-content/uploads/2026/04/00671_CLASSIC_RECTANGULAR_PINK.jpg""]",[],bathco
1265,435,BAT_00663,Grey,https://www.thebathcollection.com/en/products/classic-circular-grey/,"[""https://www.thebathcollection.com/wp-content/uploads/2026/04/00663_CLASSIC_CIRCULAR_GREY.jpg""]",[],bathco
1266,435,BAT_00664,Brown Trotol,https://www.thebathcollection.com/en/products/classic-circular-brown-trotol/,"[""https://www.thebathcollection.com/wp-content/uploads/2026/04/00664_CLASSIC_CIRCULAR_BROWN_TROTOL.jpg""]",[],bathco
1267,435,BAT_00665,Pink,https://www.thebathcollection.com/en/products/classic-circular-pink/,"[""https://www.thebathcollection.com/wp-content/uploads/2026/04/00665_CLASSIC_CIRCULAR_PINK.jpg"", ""https://www.thebathcollection.com/wp-content/uploads/2026/04/00665_CLASSIC_CIRCULAR_PINK_2.jpg""]",[],bathco
1268,436,BAT_00675,Beige,https://www.thebathcollection.com/en/products/boracay-beige/,"[""https://www.thebathcollection.com/wp-content/uploads/2026/04/00675_BORACAY_BEIGE.jpg"", ""https://www.thebathcollection.com/wp-content/uploads/2026/04/00675_BORACAY_02.jpg""]",[],bathco
1269,436,BAT_00676,Grey,https://www.thebathcollection.com/en/products/boracay-gris/,"[""https://www.thebathcollection.com/wp-content/uploads/2026/04/00676_BORACAY_GRIS.jpg""]",[],bathco
1270,437,BAT_00655,Beige,https://www.thebathcollection.com/en/products/ticao-circular/,"[""https://www.thebathcollection.com/wp-content/uploads/2026/04/00655_TICAO_CIRCULAR_BROWN_TROTOL.jpg"", ""https://www.thebathcollection.com/wp-content/uploads/2026/04/5053_SET-CIRCULAR-TICAO-AMBI-01.jpg""]",[],bathco
1271,438,BAT_00656,Beige,https://www.thebathcollection.com/en/products/ticao-cuadrado/,"[""https://www.thebathcollection.com/wp-content/uploads/2026/04/00656_TICAO_CUADRADO_BROWN_TROTOL.jpg"", ""https://www.thebathcollection.com/wp-content/uploads/2026/04/00656_TICAO_CUADRADO.jpg""]",[],bathco
1272,439,BAT_00629,Beige,https://www.thebathcollection.com/en/products/circular-morella/,"[""https://www.thebathcollection.com/wp-content/uploads/2025/09/35503_es-00629-morella-circular-web-navision-1200x900-Real.jpg"", ""https://www.thebathcollection.com/wp-content/uploads/2025/10/36356_es-00629-morella-circular-ambiente-Real.jpg""]","[""https://www.thebathcollection.com/wp-content/uploads/2025/09/35296_es-00629-morella-circular-beige-dibujo-tecnico-web-Real.jpg""]",bathco
1273,440,BAT_00630,Beige,https://www.thebathcollection.com/en/products/morella-square/,"[""https://www.thebathcollection.com/wp-content/uploads/2025/09/35375_es-00630-morella-cuadrado-web-navision-1200x900-Real.jpg"", ""https://www.thebathcollection.com/wp-content/uploads/2025/10/36358_es-00630-morella-cuadrado-ambiente-Real.jpg""]","[""https://www.thebathcollection.com/wp-content/uploads/2025/09/35377_es-00630-morella-cuadrado-dibujo-tecnicoweb-Real.jpg""]",bathco
1274,441,BAT_00631,Beige,https://www.thebathcollection.com/en/products/morella-oval/,"[""https://www.thebathcollection.com/wp-content/uploads/2025/09/35513_es-00631-morella-oval-web-navision-1200x900-Real.jpg"", ""https://www.thebathcollection.com/wp-content/uploads/2025/10/36354_es-00631-morella-oval-ambiente-Real.jpg""]","[""https://www.thebathcollection.com/wp-content/uploads/2025/09/35371_es-00631-morella-oval-dibujo-tecnico-web-Real.jpg""]",bathco
1275,442,BAT_00632,Beige,https://www.thebathcollection.com/en/products/papua-c-beige/,"[""https://www.thebathcollection.com/wp-content/uploads/2025/09/37181_es-00632-papua-c-beige-Real.jpg""]","[""https://www.thebathcollection.com/wp-content/uploads/2025/09/36583_es-00632-01-Real.jpg""]",bathco
1276,442,BAT_00633,Doreng,https://www.thebathcollection.com/en/products/papua-c-doreng/,"[""https://www.thebathcollection.com/wp-content/uploads/2025/09/37191_es-00633-papua-c-doreng-Real.jpg""]","[""https://www.thebathcollection.com/wp-content/uploads/2025/09/36583_es-00632-01-Real-1.jpg""]",bathco
1277,443,BAT_00621,Beige,https://www.thebathcollection.com/en/products/beige-papua/,"[""https://www.thebathcollection.com/wp-content/uploads/2025/09/34762_es-00621-papua-b-beige-sin-madera-Real.jpg"", ""https://www.thebathcollection.com/wp-content/uploads/2025/12/00621-PAPU¦uA-B-BEIGE-SIN-MADERAMBI01.jpg"", ""https://www.thebathcollection.com/wp-content/uploads/2025/12/00621-PAPU¦uA-B-BEIGE-SIN-MADERA_DET1.jpg""]","[""https://www.thebathcollection.com/wp-content/uploads/2025/09/34959_es-00621-00622-papua-b-web-Real.jpg""]",bathco
1278,443,BAT_00622,Doreng,https://www.thebathcollection.com/en/products/papua-doreng/,"[""https://www.thebathcollection.com/wp-content/uploads/2025/09/34768_es-00622-papua-b-doreng-sin-madera-Real.jpg""]","[""https://www.thebathcollection.com/wp-content/uploads/2025/09/34959_es-00621-00622-papua-b-web-Real-1.jpg""]",bathco
1279,444,BAT_00636,Beige,https://www.thebathcollection.com/en/products/mimika-c-beige/,"[""https://www.thebathcollection.com/wp-content/uploads/2025/09/00636_MIMIKA-C-BEIGE_tecnica_alta.jpg""]","[""https://www.thebathcollection.com/wp-content/uploads/2025/09/36591_es-00636-01-Real.jpg""]",bathco
1280,444,BAT_00637,Doreng,https://www.thebathcollection.com/en/products/mimika-c-doreng/,"[""https://www.thebathcollection.com/wp-content/uploads/2025/09/00637_MIMIKA-C_DORENG_tecnica_alta.jpg""]","[""https://www.thebathcollection.com/wp-content/uploads/2025/09/36591_es-00636-01-Real-1.jpg""]",bathco
1281,445,BAT_00627,Beige,https://www.thebathcollection.com/en/products/mimika-beige/,"[""https://www.thebathcollection.com/wp-content/uploads/2025/09/00627_MIMIKA_BEIGE_tecnica_alta.jpg""]","[""https://www.thebathcollection.com/wp-content/uploads/2025/09/34965_es-00627-00628-mimika-web-Real.jpg""]",bathco
1282,445,BAT_00628,Doreng,https://www.thebathcollection.com/en/products/mimika-doreng/,"[""https://www.thebathcollection.com/wp-content/uploads/2025/09/00628_MIMIKA_DORENG_tecnica_alta.jpg"", ""https://www.thebathcollection.com/wp-content/uploads/2025/09/00628_MIMIKA_DORENG_02.jpg""]","[""https://www.thebathcollection.com/wp-content/uploads/2025/09/34965_es-00627-00628-mimika-web-Real-1.jpg""]",bathco
1283,446,BAT_00634,Beige,https://www.thebathcollection.com/en/products/mappi-c-beige/,"[""https://www.thebathcollection.com/wp-content/uploads/2025/09/37195_es-00634-mappi-c-beige-Real.jpg""]","[""https://www.thebathcollection.com/wp-content/uploads/2025/09/36585_es-00634-01-Real.jpg""]",bathco
1284,446,BAT_00635,Doreng,https://www.thebathcollection.com/en/products/mappi-c-doreng/,"[""https://www.thebathcollection.com/wp-content/uploads/2025/09/37197_es-00635-mappi-c-doreng-Real.jpg""]","[""https://www.thebathcollection.com/wp-content/uploads/2025/09/36587_es-00635-01-Real.jpg""]",bathco
1285,447,BAT_00623,Beige,https://www.thebathcollection.com/en/products/beige-mappi/,"[""https://www.thebathcollection.com/wp-content/uploads/2025/09/34774_es-00623-mappi-beige-Real.jpg"", ""https://www.thebathcollection.com/wp-content/uploads/2025/10/35262_es-00623-mappi-beige-ambiente-alta-Real.jpg""]","[""https://www.thebathcollection.com/wp-content/uploads/2025/09/34963_es-00623-00624-mappi-web-Real.jpg""]",bathco
1286,447,BAT_00624,Doreng,https://www.thebathcollection.com/en/products/mappi-doreng/,"[""https://www.thebathcollection.com/wp-content/uploads/2025/09/34776_es-00624-mappi-doreng-Real.jpg"", ""https://www.thebathcollection.com/wp-content/uploads/2025/10/35262_es-00623-mappi-beige-ambiente-alta-Real-1.jpg""]","[""https://www.thebathcollection.com/wp-content/uploads/2025/09/34963_es-00623-00624-mappi-web-Real-1.jpg""]",bathco
1287,448,BAT_00386,Bicolor,https://www.thebathcollection.com/en/products/mauritius/,"[""https://www.thebathcollection.com/wp-content/uploads/2025/09/21547_es-lavabo-de-piedra-mauritius-rectangular-sobre-encimera-ref-00386-Real.jpg"", ""https://www.thebathcollection.com/wp-content/uploads/2025/10/21603_es-lavabo-de-piedra-mauritius-rectangular-sobre-encimera-ref-00386-Real.jpg""]","[""https://www.thebathcollection.com/wp-content/uploads/2025/09/22106_es-lavabo-de-piedra-mauritius-rectangular-sobre-encimera-ref-00385-00386-Real.jpg""]",bathco
1288,449,BAT_00640,Doreng,https://www.thebathcollection.com/en/products/gorea-doreng/,"[""https://www.thebathcollection.com/wp-content/uploads/2025/09/35808_es-00640-gorea-doreng-tecnica-baja-Real.jpg"", ""https://www.thebathcollection.com/wp-content/uploads/2025/10/36306_es-00640-gorea-8272-pleiku-pedestal-tecnica-baja-Real.jpg""]","[""https://www.thebathcollection.com/wp-content/uploads/2025/09/36751_es-00638-00639-gorea-dibujo-Real-2.jpg""]",bathco
1289,449,BAT_00638,Beige,https://www.thebathcollection.com/en/products/gorea-beige/,"[""https://www.thebathcollection.com/wp-content/uploads/2025/09/35814_es-00638-gorea-beige-tecnica-baja-Real.jpg"", ""https://www.thebathcollection.com/wp-content/uploads/2025/09/00638_GOREA_BEIGE.jpg"", ""https://www.thebathcollection.com/wp-content/uploads/2025/10/36304_es-00638-gorea-8272-pleiku-pedestal-tecnica-baja-Real.jpg""]","[""https://www.thebathcollection.com/wp-content/uploads/2025/09/36751_es-00638-00639-gorea-dibujo-Real.jpg""]",bathco
1290,449,BAT_00639,Dark Gray,https://www.thebathcollection.com/en/products/gray-gore/,"[""https://www.thebathcollection.com/wp-content/uploads/2025/09/35816_es-00639-gorea-gris-Real.jpg"", ""https://www.thebathcollection.com/wp-content/uploads/2025/09/8272_PLEIKU-00639_GOREA_GRIS_OSCURO_01.jpg""]","[""https://www.thebathcollection.com/wp-content/uploads/2025/09/36751_es-00638-00639-gorea-dibujo-Real-1.jpg""]",bathco
1291,450,BAT_00365,Beige,https://www.thebathcollection.com/en/products/duotone-b/,"[""https://www.thebathcollection.com/wp-content/uploads/2025/09/4975_es-lavabo-sobre-encimera-duotono-b-the-bath-collection-ref-00365-beige-Real.jpg"", ""https://www.thebathcollection.com/wp-content/uploads/2025/12/BATHNS_DUOTONO_ESFERICO_02.jpg"", ""https://www.thebathcollection.com/wp-content/uploads/2025/09/00365_DUOTONO_B_02.jpg""]","[""https://www.thebathcollection.com/wp-content/uploads/2025/09/5862_es-medidas-lavabo-sobre-encimera-duotono-b-the-bath-collection-ref-00365-beige-Real.jpg""]",bathco
1292,451,BAT_08034,Gray,https://www.thebathcollection.com/en/products/suances/,"[""https://www.thebathcollection.com/wp-content/uploads/2025/09/4911_es-lavabo-sobre-encimera-suances-the-bath-collection-ref-08034-Real.jpg"", ""https://www.thebathcollection.com/wp-content/uploads/2025/12/BATH_SUANCES_08033_01.jpg""]","[""https://www.thebathcollection.com/wp-content/uploads/2025/09/5415_es-medidas-lavabo-sobre-encimera-suances-the-bath-collection-ref-08034-Real.jpg""]",bathco
1293,452,BAT_08016,Gray,https://www.thebathcollection.com/en/products/parbayon/,"[""https://www.thebathcollection.com/wp-content/uploads/2025/09/4915_es-parbayon-the-bath-collection-ref-08016-Real.jpg"", ""https://www.thebathcollection.com/wp-content/uploads/2025/10/6885_es-medidas-lavabo-sobre-encimera-parbayon-the-bath-collection-ref-08015-Real-scaled.jpg""]","[""https://www.thebathcollection.com/wp-content/uploads/2025/09/6887_es-medidas-lavabo-sobre-encimera-parbayon-the-bath-collection-ref-08015-Real.jpg""]",bathco
1294,453,BAT_08015,Light Terrazzo,https://www.thebathcollection.com/en/products/parbayon-terrazzo/,"[""https://www.thebathcollection.com/wp-content/uploads/2025/09/08015_PARBAYON_Tecnica_alta.jpg"", ""https://www.thebathcollection.com/wp-content/uploads/2025/10/28050_es-lavabo-parbayon-de-terrazo-de-bathco-ref-08015-Real.jpg""]","[""https://www.thebathcollection.com/wp-content/uploads/2025/09/28048_es-lavabo-parbayon-de-terrazo-de-bathco-ref-08015-Real.jpg""]",bathco
1295,454,BAT_08051TJ,Tile,https://www.thebathcollection.com/en/products/nestares-teja/,"[""https://www.thebathcollection.com/wp-content/uploads/2025/09/08051_TJ_NESTARES_TEJA_tecnica_alta.jpg""]","[""https://www.thebathcollection.com/wp-content/uploads/2025/09/27610_es-08051-tj-01-Real-2.jpg""]",bathco
1296,454,BAT_08051GC,Light Gray,https://www.thebathcollection.com/en/products/nestares-grisclaro/,"[""https://www.thebathcollection.com/wp-content/uploads/2025/09/33687_es-08051gc-nestares-gris-claro-Real.jpg"", ""https://www.thebathcollection.com/wp-content/uploads/2025/12/08051_GO_CEMENT_GOSCURO_01.jpg""]","[""https://www.thebathcollection.com/wp-content/uploads/2025/09/27610_es-08051-tj-01-Real.jpg""]",bathco
1297,454,BAT_08051GO,Dark Gray,https://www.thebathcollection.com/en/products/nestares-grisoscuro/,"[""https://www.thebathcollection.com/wp-content/uploads/2025/09/33685_es-08051go-nestares-gris-oscuro-Real.jpg""]","[""https://www.thebathcollection.com/wp-content/uploads/2025/09/27610_es-08051-tj-01-Real-1.jpg""]",bathco
1298,455,BAT_8351,Brushed Steel,https://www.thebathcollection.com/en/products/detroit-alto-cepillado/,"[""https://www.thebathcollection.com/wp-content/uploads/2025/09/34231_es-8351-detroit-alto-Real.jpg"", ""https://www.thebathcollection.com/wp-content/uploads/2025/10/34336_es-8353-detroit-alto-Real.jpg""]","[""https://www.thebathcollection.com/wp-content/uploads/2025/09/34229_es-8351-8352-8353-detroit-alto-Real.jpg""]",bathco
1299,455,BAT_8353,Bronze,https://www.thebathcollection.com/en/products/detroit-high-bronze/,"[""https://www.thebathcollection.com/wp-content/uploads/2025/09/34233_es-8353-detroit-alto-Real.jpg"", ""https://www.thebathcollection.com/wp-content/uploads/2025/10/34336_es-8353-detroit-alto-Real-1.jpg""]","[""https://www.thebathcollection.com/wp-content/uploads/2025/09/34229_es-8351-8352-8353-detroit-alto-Real-2.jpg""]",bathco
1300,455,BAT_8352,Gun Metal,https://www.thebathcollection.com/en/products/detroit-alto-gunmetal/,"[""https://www.thebathcollection.com/wp-content/uploads/2025/09/34235_es-8352-detroit-alto-Real.jpg"", ""https://www.thebathcollection.com/wp-content/uploads/2025/10/34336_es-8353-detroit-alto-Real-2.jpg""]","[""https://www.thebathcollection.com/wp-content/uploads/2025/09/34229_es-8351-8352-8353-detroit-alto-Real-1.jpg""]",bathco
1301,456,BAT_8345,Brushed Steel,https://www.thebathcollection.com/en/products/detroit-rectangular-cepillado/,"[""https://www.thebathcollection.com/wp-content/uploads/2025/09/33583_es-8345-lavabo-sobre-encimera-de-acero-cepillado-detroit-de-bathco-Real.jpg""]","[""https://www.thebathcollection.com/wp-content/uploads/2025/09/34003_es-8345-8346-8347-detroit-55-Real.jpg""]",bathco
1302,456,BAT_8347,Bronze,https://www.thebathcollection.com/en/products/detroit-rectangular-bronce/,"[""https://www.thebathcollection.com/wp-content/uploads/2025/09/33579_es-8347-lavabo-sobre-encimera-de-acero-cepillado-detroit-de-bathco-Real.jpg"", ""https://www.thebathcollection.com/wp-content/uploads/2025/12/BATHCO_DETROIT-8347-AMBI-02.jpg"", ""https://www.thebathcollection.com/wp-content/uploads/2025/12/BATHCO_DETROIT-8347-AMBI-01_01.jpg""]","[""https://www.thebathcollection.com/wp-content/uploads/2025/09/34003_es-8345-8346-8347-detroit-55-Real-2.jpg""]",bathco
1303,456,BAT_8346,Gun Metal,https://www.thebathcollection.com/en/products/detroit-rectangular-gunmetal/,"[""https://www.thebathcollection.com/wp-content/uploads/2025/09/33581_es-8346-lavabo-sobre-encimera-de-acero-cepillado-detroit-de-bathco-Real.jpg""]","[""https://www.thebathcollection.com/wp-content/uploads/2025/09/34003_es-8345-8346-8347-detroit-55-Real-1.jpg""]",bathco
1304,457,BAT_8357,Brushed Steel,https://www.thebathcollection.com/en/products/detroit-oval-cepillado/,"[""https://www.thebathcollection.com/wp-content/uploads/2025/09/34247_es-8357-detroit-oval-Real.jpg"", ""https://www.thebathcollection.com/wp-content/uploads/2025/10/34338_es-8358-detroit-oval-Real.jpg""]","[""https://www.thebathcollection.com/wp-content/uploads/2025/09/34245_es-8357-8358-8359-detroit-oval-Real.jpg""]",bathco
1305,457,BAT_8359,Bronze,https://www.thebathcollection.com/en/products/detroit-oval-bronze/,"[""https://www.thebathcollection.com/wp-content/uploads/2025/09/34249_es-8359-detroit-oval-Real.jpg"", ""https://www.thebathcollection.com/wp-content/uploads/2025/10/34338_es-8358-detroit-oval-Real-1.jpg""]","[""https://www.thebathcollection.com/wp-content/uploads/2025/09/34245_es-8357-8358-8359-detroit-oval-Real-2.jpg""]",bathco
1306,457,BAT_8358,Gun Metal,https://www.thebathcollection.com/en/products/detroit-oval-gunmetal/,"[""https://www.thebathcollection.com/wp-content/uploads/2025/09/34251_es-8358-detroit-oval-Real.jpg"", ""https://www.thebathcollection.com/wp-content/uploads/2025/10/34338_es-8358-detroit-oval-Real-2.jpg""]","[""https://www.thebathcollection.com/wp-content/uploads/2025/09/34245_es-8357-8358-8359-detroit-oval-Real-1.jpg""]",bathco
1307,458,BAT_8342,Brushed Steel,https://www.thebathcollection.com/en/products/detroit-square-brushed/,"[""https://www.thebathcollection.com/wp-content/uploads/2025/09/33577_es-8342-lavabo-sobre-encimera-de-acero-cepillado-de-bathco-Real.jpg"", ""https://www.thebathcollection.com/wp-content/uploads/2025/10/34328_es-8342-detroit40-Real.jpg""]","[""https://www.thebathcollection.com/wp-content/uploads/2025/09/33777_es-8342-8343-8344-detroit-cuadrado-dibujo-tecnico-Real.png""]",bathco
1308,458,BAT_8344,Bronze,https://www.thebathcollection.com/en/products/detroit-square-bronze/,"[""https://www.thebathcollection.com/wp-content/uploads/2025/09/33573_es-8344-lavabo-sobre-encimera-de-acero-cepillado-de-bathco-Real.jpg""]","[""https://www.thebathcollection.com/wp-content/uploads/2025/09/33777_es-8342-8343-8344-detroit-cuadrado-dibujo-tecnico-Real-2.png""]",bathco
1309,458,BAT_8343,Gun Metal,https://www.thebathcollection.com/en/products/detroit-cuadrado-gunmetal/,"[""https://www.thebathcollection.com/wp-content/uploads/2025/09/33575_es-8343-lavabo-sobre-encimera-de-acero-cepillado-de-bathco-Real.jpg""]","[""https://www.thebathcollection.com/wp-content/uploads/2025/09/33777_es-8342-8343-8344-detroit-cuadrado-dibujo-tecnico-Real-1.png""]",bathco
1310,459,BAT_8339,Brushed Steel,https://www.thebathcollection.com/en/products/circular-brushed-detroit/,"[""https://www.thebathcollection.com/wp-content/uploads/2025/09/33585_es-8339-lavabo-detroit-de-acero-cepillado-de-bathco-Real.jpg""]","[""https://www.thebathcollection.com/wp-content/uploads/2025/09/33999_es-8339-8340-8341-detroit-Real.jpg""]",bathco
1311,459,BAT_8341,Bronze,https://www.thebathcollection.com/en/products/detroit-circular-bronze/,"[""https://www.thebathcollection.com/wp-content/uploads/2025/09/33589_es-8341-lavabo-detroit-de-acero-cepillado-de-bathco-Real.jpg""]","[""https://www.thebathcollection.com/wp-content/uploads/2025/09/33999_es-8339-8340-8341-detroit-Real-2.jpg""]",bathco
1312,459,BAT_8340,Gun Metal,https://www.thebathcollection.com/en/products/detroit-circular-gunmetal/,"[""https://www.thebathcollection.com/wp-content/uploads/2025/09/33587_es-8340-lavabo-detroit-de-acero-cepillado-de-bathco-Real.jpg"", ""https://www.thebathcollection.com/wp-content/uploads/2025/10/34326_es-8340-02-Real.jpg""]","[""https://www.thebathcollection.com/wp-content/uploads/2025/09/33999_es-8339-8340-8341-detroit-Real-1.jpg""]",bathco
1313,460,BAT_8376,Brushed Steel,https://www.thebathcollection.com/en/products/detroit-circular-b-cepillado/,"[""https://www.thebathcollection.com/wp-content/uploads/2026/04/8376_DETROIT-B_CEPILLADO.jpg"", ""https://www.thebathcollection.com/wp-content/uploads/2026/04/8376_DETROIT-B_CEPILLADO-8272_PLEIKU.jpg""]",[],bathco
1314,460,BAT_8377,Gun Metal,https://www.thebathcollection.com/en/products/detroit-circular-b-gun-metal/,"[""https://www.thebathcollection.com/wp-content/uploads/2026/04/8377_DETROIT-B_GUN-METAL.jpg"", ""https://www.thebathcollection.com/wp-content/uploads/2026/04/8377_DETROIT-B_GUN_METAL.jpg""]",[],bathco
1315,461,BAT_4255,White,https://www.thebathcollection.com/en/products/hekla/,"[""https://www.thebathcollection.com/wp-content/uploads/2026/04/4255_HEKLA.jpg"", ""https://www.thebathcollection.com/wp-content/uploads/2026/04/4255_HEKLA_02.jpg"", ""https://www.thebathcollection.com/wp-content/uploads/2026/04/4255_HEKLA_03.jpg""]",[],bathco
1316,461,BAT_4256,Matte White,https://www.thebathcollection.com/en/products/hekla-mate/,"[""https://www.thebathcollection.com/wp-content/uploads/2026/04/4256_HEKLA_BLANCO_MATE.jpg""]",[],bathco
1317,462,BAT_01004,Grey Blue,https://www.thebathcollection.com/en/products/dinan-38-trachyte-greyblue/,"[""https://www.thebathcollection.com/wp-content/uploads/2025/09/36060_es-01004-dinan-38-andesita-blue-tecnica-baja-Real.jpg""]","[""https://www.thebathcollection.com/wp-content/uploads/2025/09/32789_es-4151-4174-dinan38-circular-dibujo-tecnico-Real-8.jpg""]",bathco
1318,462,BAT_01005,Aquamarina,https://www.thebathcollection.com/en/products/dinan-38-traquita-aguamarina/,"[""https://www.thebathcollection.com/wp-content/uploads/2025/09/36062_es-01005-dinan-38-andesita-aquamarina-tecnica-baja-Real.jpg""]","[""https://www.thebathcollection.com/wp-content/uploads/2025/09/32789_es-4151-4174-dinan38-circular-dibujo-tecnico-Real-9.jpg""]",bathco
1319,462,BAT_01006,Rose Brown,https://www.thebathcollection.com/en/products/dinan-38-trachyte-rosebrown/,"[""https://www.thebathcollection.com/wp-content/uploads/2025/09/35972_es-01006-dinan-38-andesita-rose-brown-tecnica-baja-Real.jpg""]","[""https://www.thebathcollection.com/wp-content/uploads/2025/09/36431_es-01006-01-Real.jpg""]",bathco
1320,462,BAT_01002,Cream,https://www.thebathcollection.com/en/products/dinan-38-trachyte-cream/,"[""https://www.thebathcollection.com/wp-content/uploads/2025/09/36066_es-01002-dinan-38-andesita-cream-tecnica-baja-Real.jpg""]","[""https://www.thebathcollection.com/wp-content/uploads/2025/09/32789_es-4151-4174-dinan38-circular-dibujo-tecnico-Real-6.jpg""]",bathco
1321,463,BAT_6068,White,https://www.thebathcollection.com/en/products/seceda-oval/,"[""https://www.thebathcollection.com/wp-content/uploads/2026/04/6068_SECEDA_OVAL_WEB.jpg"", ""https://www.thebathcollection.com/wp-content/uploads/2026/04/6068_SECEDA_OVAL_01.jpg"", ""https://www.thebathcollection.com/wp-content/uploads/2026/04/6068_SECEDA_OVAL_02.jpg"", ""https://www.thebathcollection.com/wp-content/uploads/2026/04/5049_BANDEJA-BAMBU_CIRCULAR_6068_SECEDA_OVAL.jpg""]",[],bathco
1322,464,BAT_6067,White,https://www.thebathcollection.com/en/products/seceda-cuadrado/,"[""https://www.thebathcollection.com/wp-content/uploads/2026/04/6067_SECEDA_CUADRADO_WEB.jpg"", ""https://www.thebathcollection.com/wp-content/uploads/2026/04/6067_SECEDA_CUADRADO_01.jpg""]",[],bathco
1323,465,BAT_6066,White,https://www.thebathcollection.com/en/products/seceda-circular/,"[""https://www.thebathcollection.com/wp-content/uploads/2026/04/6066_SECEDA_CIRCULAR_WEB.jpg""]",[],bathco
1324,466,BAT_4313,Tan,https://www.thebathcollection.com/en/products/dinan-circular-tan/,"[""https://www.thebathcollection.com/wp-content/uploads/2026/04/4313_DINAN_CIRCULAR_TAN.jpg""]",[],bathco
1325,466,BAT_4314,Pearl,https://www.thebathcollection.com/en/products/dinan-circular-pearl/,"[""https://www.thebathcollection.com/wp-content/uploads/2026/04/4314_DINAN_CIRCULAR_PEARL.jpg""]",[],bathco
1326,466,BAT_4316,Plumb,https://www.thebathcollection.com/en/products/dinan-circular-plumb/,"[""https://www.thebathcollection.com/wp-content/uploads/2026/04/4316_DINAN_CIRCULAR_PLUMB.jpg""]",[],bathco
1327,466,BAT_4151,Matte White,https://www.thebathcollection.com/en/products/dinan-circular-38-blancomate/,"[""https://www.thebathcollection.com/wp-content/uploads/2025/09/32729_es-lavabo-circular-de-porcelana-bathco-4151-Real.jpg"", ""https://www.thebathcollection.com/wp-content/uploads/2025/10/31718_es-lavabo-circular-de-porcelana-bathco-4151-Real.jpg""]","[""https://www.thebathcollection.com/wp-content/uploads/2025/09/32040_es-lavabo-circular-de-porcelana-bathco-4151-Real.jpg""]",bathco
1328,466,BAT_4174,White,https://www.thebathcollection.com/en/products/dinan-circular-38-white/,"[""https://www.thebathcollection.com/wp-content/uploads/2025/09/32727_es-lavabo-circular-de-porcelana-bathco-4174-Real.jpg"", ""https://www.thebathcollection.com/wp-content/uploads/2025/12/4174-DINAN38-00108-PEDESTAL-01.jpg""]","[""https://www.thebathcollection.com/wp-content/uploads/2025/09/32040_es-lavabo-circular-de-porcelana-bathco-4151-Real-1.jpg""]",bathco
1329,466,BAT_4174CRU,Natural Porcelain,https://www.thebathcollection.com/en/products/dinan-circular-cru/,"[""https://www.thebathcollection.com/wp-content/uploads/2025/09/35767_es-4174-cru-dinan-38-web-navision-1200x900-Real.jpg""]","[""https://www.thebathcollection.com/wp-content/uploads/2025/09/32040_es-lavabo-circular-de-porcelana-bathco-4151-Real-2.jpg""]",bathco
1330,467,BAT_00446,Rustic,https://www.thebathcollection.com/en/products/wadi-rustico/,"[""https://www.thebathcollection.com/wp-content/uploads/2025/09/34826_es-00446-wadi-rustico-Real.jpg""]","[""https://www.thebathcollection.com/wp-content/uploads/2025/09/35072_es-wadi-web-circular-Real.jpg""]",bathco
1331,468,BAT_00454,Gray,https://www.thebathcollection.com/en/products/wadi-gris/,"[""https://www.thebathcollection.com/wp-content/uploads/2025/09/34986_es-00454-wadi-gris-Real.jpg""]","[""https://www.thebathcollection.com/wp-content/uploads/2025/09/36503_es-wadi-Real-5.jpg""]",bathco
1332,469,BAT_4033BCRU,Natural Porcelain,https://www.thebathcollection.com/en/products/new-cuenca/,"[""https://www.thebathcollection.com/wp-content/uploads/2025/09/4033BCRU_New-Cuenca-crudo_web.jpg"", ""https://www.thebathcollection.com/wp-content/uploads/2025/10/21838_es-lavabo-sobre-encimera-new-cuenca-the-bath-collection-ref-4033bcru-Real.jpg""]","[""https://www.thebathcollection.com/wp-content/uploads/2025/09/8850_es-lavabo-sobre-encimera-new-cuenca-the-bath-collection-ref-4033bcru-Real.jpg""]",bathco
1333,470,BAT_6007,White,https://www.thebathcollection.com/en/products/luena-1000/,"[""https://www.thebathcollection.com/wp-content/uploads/2025/09/4781_es-lavabo-sobre-encimera-luena-the-bath-collection-ref-6007-Real.jpg"", ""https://www.thebathcollection.com/wp-content/uploads/2025/12/BATHSS_LUENA_01_01.jpg""]","[""https://www.thebathcollection.com/wp-content/uploads/2025/09/4783_es-lavabo-sobre-encimera-luena-the-bath-collection-ref-6007-Real.jpg""]",bathco
1334,471,BAT_6006,White,https://www.thebathcollection.com/en/products/luena-600/,"[""https://www.thebathcollection.com/wp-content/uploads/2025/09/4775_es-lavabo-sobre-encimera-luena-the-bath-collection-ref-6006-Real.jpg""]","[""https://www.thebathcollection.com/wp-content/uploads/2025/09/4779_es-lavabo-sobre-encimera-luena-the-bath-collection-ref-6006-Real.jpg""]",bathco
1335,472,BAT_6005,White,https://www.thebathcollection.com/en/products/luena-450/,"[""https://www.thebathcollection.com/wp-content/uploads/2025/09/4773_es-lavabo-sobre-encimera-luena-the-bath-collection-ref-6005-Real.jpg""]","[""https://www.thebathcollection.com/wp-content/uploads/2025/09/4777_es-lavabo-sobre-encimera-luena-the-bath-collection-ref-6005-Real.jpg""]",bathco
1336,473,BAT_4057,White,https://www.thebathcollection.com/en/products/florence/,"[""https://www.thebathcollection.com/wp-content/uploads/2025/09/1357_es-lavabo-sobre-encimera-florencia-b-the-bath-collection-ref-4057-Real.jpg"", ""https://www.thebathcollection.com/wp-content/uploads/2025/10/16353_es-lavabo-sobre-encimera-florencia-b-the-bath-collection-ref-4057-Real.jpg""]","[""https://www.thebathcollection.com/wp-content/uploads/2025/09/1359_es-lavabo-sobre-encimera-florencia-b-the-bath-collection-ref-4057-Real.jpg""]",bathco
1337,474,BAT_6015,White,https://www.thebathcollection.com/en/products/belted/,"[""https://www.thebathcollection.com/wp-content/uploads/2025/09/21788_es-ref-6015-lavabo-belted-de-solid-surface-de-bathco-Real.jpg"", ""https://www.thebathcollection.com/wp-content/uploads/2025/10/21794_es-ref-6015-lavabo-belted-de-solid-surface-de-bathco-Real-1.jpg""]","[""https://www.thebathcollection.com/wp-content/uploads/2025/10/24078_es-ref-6015-lavabo-belted-de-solid-surface-de-bathco-Real.jpg""]",bathco
1338,475,BAT_4118,Gray,https://www.thebathcollection.com/en/products/rennes/,"[""https://www.thebathcollection.com/wp-content/uploads/2025/09/24004_es-lavabo-rennes-de-porcelana-de-bathco-ref-4118-Real.jpg"", ""https://www.thebathcollection.com/wp-content/uploads/2025/10/24006_es-lavabo-rennes-de-porcelana-de-bathco-ref-4118-Real.jpg""]","[""https://www.thebathcollection.com/wp-content/uploads/2025/09/24008_es-lavabo-rennes-de-porcelana-de-bathco-ref-4118-Real.jpg""]",bathco
1339,476,BAT_5052,Bamboo,https://www.thebathcollection.com/en/products/damasco/,"[""https://www.thebathcollection.com/wp-content/uploads/2026/04/5052_DAMASCO.jpg"", ""https://www.thebathcollection.com/wp-content/uploads/2026/04/5052_DAMASCO_01.jpg""]",[],bathco
1340,477,BAT_5044,Wood,https://www.thebathcollection.com/en/products/agra-oval/,"[""https://www.thebathcollection.com/wp-content/uploads/2026/04/5044_AGRA_OVAL.jpg""]",[],bathco
1341,478,BAT_5042,Wood,https://www.thebathcollection.com/en/products/agra-cuadrado/,"[""https://www.thebathcollection.com/wp-content/uploads/2026/04/5042_AGRA_CUADRADO.jpg""]",[],bathco
1342,479,BAT_6045,White,https://www.thebathcollection.com/en/products/rosario-blanco/,"[""https://www.thebathcollection.com/wp-content/uploads/2025/09/27858_es-6045-rosario-Real.jpg""]","[""https://www.thebathcollection.com/wp-content/uploads/2025/09/33435_es-lavabo-rosario-de-composite-de-bathco-ref-6046-Real.jpg""]",bathco
1343,479,BAT_6046,Light Gray,https://www.thebathcollection.com/en/products/rosario-grisclaro/,"[""https://www.thebathcollection.com/wp-content/uploads/2025/09/27862_es-6046-Real.jpg""]","[""https://www.thebathcollection.com/wp-content/uploads/2025/09/33435_es-lavabo-rosario-de-composite-de-bathco-ref-6046-Real-1.jpg""]",bathco
1344,479,BAT_6047,Dark Gray,https://www.thebathcollection.com/en/products/rosario-grisoscuro/,"[""https://www.thebathcollection.com/wp-content/uploads/2025/09/27860_es-6047-Real.jpg"", ""https://www.thebathcollection.com/wp-content/uploads/2025/10/27874_es-lavabo-rosario-de-composite-de-bathco-ref-6047-Real.jpg""]","[""https://www.thebathcollection.com/wp-content/uploads/2025/09/33435_es-lavabo-rosario-de-composite-de-bathco-ref-6046-Real-2.jpg""]",bathco
1345,480,BAT_6075,Taupe,https://www.thebathcollection.com/en/products/set-belted-taupe/,"[""https://www.thebathcollection.com/wp-content/uploads/2026/04/6075_SET_BELTED_BEIGE.jpg""]",[],bathco
1346,480,BAT_6076,Paprika,https://www.thebathcollection.com/en/products/set-belted-paprika/,"[""https://www.thebathcollection.com/wp-content/uploads/2026/04/6076_SET_BELTED_ROJO.jpg"", ""https://www.thebathcollection.com/wp-content/uploads/2026/04/6076_SET_BELTED_PAPRIKA_01.jpg""]",[],bathco
1347,480,BAT_6077,Ocean,https://www.thebathcollection.com/en/products/set-belted-ocean/,"[""https://www.thebathcollection.com/wp-content/uploads/2026/04/6077_SET_BELTED_VERDE.jpg""]",[],bathco
1348,480,BAT_6078,Azure,https://www.thebathcollection.com/en/products/set-belted-azure/,"[""https://www.thebathcollection.com/wp-content/uploads/2026/04/6078_SET_BELTED_AZUL_OSCURO.jpg""]",[],bathco
1349,480,BAT_6079,Pale,https://www.thebathcollection.com/en/products/set-belted-pale/,"[""https://www.thebathcollection.com/wp-content/uploads/2026/04/6079_SET_BELTED_GRIS.jpg""]",[],bathco
1350,480,BAT_6080,Nero,https://www.thebathcollection.com/en/products/set-belted-nero/,"[""https://www.thebathcollection.com/wp-content/uploads/2026/04/6080_SET_BELTED_NEGRO.jpg""]",[],bathco
1351,481,BAT_4036,White,https://www.thebathcollection.com/en/products/marsella/,"[""https://www.thebathcollection.com/wp-content/uploads/2025/09/32855_es-4036-lavabo-marsella-de-bathco-Real.jpg"", ""https://www.thebathcollection.com/wp-content/uploads/2025/10/32859_es-4036-lavabo-marsella-de-bathco-Real.jpg""]","[""https://www.thebathcollection.com/wp-content/uploads/2025/09/32857_es-4036-lavabo-marsella-de-bathco-Real.jpg""]",bathco
1352,482,BAT_H1012,White,https://www.thebathcollection.com/en/products/hamburg/,"[""https://www.thebathcollection.com/wp-content/uploads/2025/09/16333_es-h1012-hamburg-tecnica-Real.jpg"", ""https://www.thebathcollection.com/wp-content/uploads/2025/09/H1012_HAMBURG_01.jpg"", ""https://www.thebathcollection.com/wp-content/uploads/2025/09/H1012_HAMBURG_02.jpg"", ""https://www.thebathcollection.com/wp-content/uploads/2025/09/H1012_HAMBURG_03.jpg"", ""https://www.thebathcollection.com/wp-content/uploads/2025/10/16335_es-medidas-lavabo-circular-hamburg-the-bath-collection-ref-h1012-Real.jpg""]","[""https://www.thebathcollection.com/wp-content/uploads/2025/09/33747_es-h1012-hamburg-Real.jpg""]",bathco
1353,483,BAT_0065B,White,https://www.thebathcollection.com/en/products/fuengirola/,"[""https://www.thebathcollection.com/wp-content/uploads/2025/09/1110_es-lavabo-sobre-encimera-fuengirola-the-bath-collection-ref-0065b-Real.jpg"", ""https://www.thebathcollection.com/wp-content/uploads/2025/10/6604_es-lavabo-sobre-encimera-fuengirola-the-bath-collection-ref-0065b-Real-scaled.jpg""]","[""https://www.thebathcollection.com/wp-content/uploads/2025/09/1116_es-lavabo-sobre-encimera-fuengirola-the-bath-collection-ref-0065b-Real.jpg""]",bathco
1354,484,BAT_4108,White,https://www.thebathcollection.com/en/products/brussels-900/,"[""https://www.thebathcollection.com/wp-content/uploads/2025/09/21157_es-lavabo-de-porcelana-bruselas-ref-4108-Real.jpg"", ""https://www.thebathcollection.com/wp-content/uploads/2025/12/4108_BRUSELAS_03.jpg""]","[""https://www.thebathcollection.com/wp-content/uploads/2025/10/32114_es-4108-bruselas90-Real.jpg""]",bathco
1355,485,BAT_4106,White,https://www.thebathcollection.com/en/products/brussels-600/,"[""https://www.thebathcollection.com/wp-content/uploads/2025/09/21159_es-lavabo-de-porcelana-bruselas-ref-4106-Real.jpg"", ""https://www.thebathcollection.com/wp-content/uploads/2025/09/4106_BRUSELAS_03_VZAI.jpg"", ""https://www.thebathcollection.com/wp-content/uploads/2025/09/4106_BRUSELAS_01_VZAI.jpg"", ""https://www.thebathcollection.com/wp-content/uploads/2025/09/4106_BRUSELAS_06_VZAI.jpg"", ""https://www.thebathcollection.com/wp-content/uploads/2025/09/4106_BRUSELAS_02_VZAI-2.jpg"", ""https://www.thebathcollection.com/wp-content/uploads/2025/09/4106_BRUSELAS_04_VZAI.jpg"", ""https://www.thebathcollection.com/wp-content/uploads/2025/10/21173_es-lavabo-de-porcelana-bruselas-ref-4106-Real.jpg""]","[""https://www.thebathcollection.com/wp-content/uploads/2025/10/32108_es-4106-bruselas60-Real.jpg""]",bathco
1356,486,BAT_4105,White,https://www.thebathcollection.com/en/products/brussels-500/,"[""https://www.thebathcollection.com/wp-content/uploads/2025/09/21155_es-lavabo-de-porcelana-bruselas-ref-4105-Real.jpg"", ""https://www.thebathcollection.com/wp-content/uploads/2025/10/21175_es-lavabo-de-porcelana-bruselas-ref-4105-Real.jpg""]","[""https://www.thebathcollection.com/wp-content/uploads/2025/10/34703_es-4105-bruselas50-web-Real.jpg""]",bathco
1357,487,BAT_0078,White,https://www.thebathcollection.com/en/products/ice-cream/,"[""https://www.thebathcollection.com/wp-content/uploads/2025/09/3426_es-lavabo-sobre-encimera-ice-cream-the-bath-collection-ref-0078-Real.jpg"", ""https://www.thebathcollection.com/wp-content/uploads/2025/09/0078_ICECREAM_01.jpg"", ""https://www.thebathcollection.com/wp-content/uploads/2025/09/0078_ICECREAM_02.jpg"", ""https://www.thebathcollection.com/wp-content/uploads/2025/09/0078_ICECREAM_03.jpg"", ""https://www.thebathcollection.com/wp-content/uploads/2025/10/120_es-lavabo-sobre-encimera-ice-cream-the-bath-collection-ref-0078-Real-scaled.jpg""]","[""https://www.thebathcollection.com/wp-content/uploads/2025/09/3424_es-lavabo-sobre-encimera-ice-cream-the-bath-collection-ref-0078-Real.jpg""]",bathco
1358,488,BAT_0010,White,https://www.thebathcollection.com/en/products/bolonia/,"[""https://www.thebathcollection.com/wp-content/uploads/2025/09/742_es-lavabo-sobre-encimera-bolonia-the-bath-collection-ref-0010-Real.jpg""]","[""https://www.thebathcollection.com/wp-content/uploads/2025/10/6334_es-lavabo-sobre-encimera-bolonia-the-bath-collection-ref-0010-Real.jpg""]",bathco
1359,489,BAT_8361,Gun Metal,https://www.thebathcollection.com/en/products/detroit-pared-gunmetal/,"[""https://www.thebathcollection.com/wp-content/uploads/2025/09/34223_es-8361-detroit-pared-Real.jpg"", ""https://www.thebathcollection.com/wp-content/uploads/2025/10/34340_es-8360-detroit-pared-ambiente-Real-2.jpg""]","[""https://www.thebathcollection.com/wp-content/uploads/2025/09/34227_es-8360-8361-8362-detroit-pared-Real-1.jpg""]",bathco
1360,489,BAT_8362,Bronze,https://www.thebathcollection.com/en/products/detroit-pared-bronce/,"[""https://www.thebathcollection.com/wp-content/uploads/2025/09/34225_es-8362-detroit-pared-Real.jpg"", ""https://www.thebathcollection.com/wp-content/uploads/2025/10/34340_es-8360-detroit-pared-ambiente-Real-1.jpg""]","[""https://www.thebathcollection.com/wp-content/uploads/2025/09/34227_es-8360-8361-8362-detroit-pared-Real-2.jpg""]",bathco
1361,489,BAT_8360,Brushed Steel,https://www.thebathcollection.com/en/products/detroit-brushed-wall/,"[""https://www.thebathcollection.com/wp-content/uploads/2025/09/34221_es-8360-detroit-pared-Real.jpg"", ""https://www.thebathcollection.com/wp-content/uploads/2025/10/34340_es-8360-detroit-pared-ambiente-Real.jpg""]","[""https://www.thebathcollection.com/wp-content/uploads/2025/09/34227_es-8360-8361-8362-detroit-pared-Real.jpg""]",bathco
1362,490,BAT_0051N,White,https://www.thebathcollection.com/en/products/torino-380/,"[""https://www.thebathcollection.com/wp-content/uploads/2025/09/32743_es-0051-Real.jpg"", ""https://www.thebathcollection.com/wp-content/uploads/2025/10/32735_es-0051n-torino-lavabo-encastrado-de-bathco-Real.jpg""]","[""https://www.thebathcollection.com/wp-content/uploads/2025/09/34677_es-0051n-torino-dibujo-tecnico-Real.jpg""]",bathco
1363,491,BAT_0054,White,https://www.thebathcollection.com/en/products/modena/,"[""https://www.thebathcollection.com/wp-content/uploads/2025/09/6602_es-lavabo-sobre-encimera-modena-the-bath-collection-ref-0054-Real.jpg"", ""https://www.thebathcollection.com/wp-content/uploads/2025/10/6598_es-lavabo-sobre-encimera-modena-the-bath-collection-ref-0054-Real-scaled.jpg""]","[""https://www.thebathcollection.com/wp-content/uploads/2025/09/6434_es-lavabo-sobre-encimera-modena-the-bath-collection-ref-0054-Real.jpg""]",bathco
1364,492,BAT_0052,White,https://www.thebathcollection.com/en/products/cerdena-435/,"[""https://www.thebathcollection.com/wp-content/uploads/2025/09/32851_es-0052b-lavabo-cerdena-b-de-bathco-Real.jpg"", ""https://www.thebathcollection.com/wp-content/uploads/2025/10/6498_es-lavabo-sobre-encimera-cerdena-the-bath-collection-ref-0052-Real-1-scaled.jpg""]","[""https://www.thebathcollection.com/wp-content/uploads/2025/09/35180_es-0052b-cerdena-Real.jpg""]",bathco
1365,493,BAT_0053,White,https://www.thebathcollection.com/en/products/ancona/,"[""https://www.thebathcollection.com/wp-content/uploads/2025/09/1098_es-lavabo-de-bajo-encastre-ancona-the-bath-collection-ref-0053-Real.jpg"", ""https://www.thebathcollection.com/wp-content/uploads/2025/10/6594_es-lavabo-de-bajo-encastre-ancona-the-bath-collection-ref-0053-Real-1-scaled.jpg""]","[""https://www.thebathcollection.com/wp-content/uploads/2025/10/1100_es-lavabo-de-bajo-encastre-ancona-the-bath-collection-ref-0053-Real.jpg""]",bathco
1366,494,BAT_4124,White,https://www.thebathcollection.com/en/products/buelna/,"[""https://www.thebathcollection.com/wp-content/uploads/2025/09/29267_es-4124-lavabo-buelna-de-porcelana-de-bathco-Real.jpg"", ""https://www.thebathcollection.com/wp-content/uploads/2025/10/24744_es-4124-lavabo-buelna-de-porcelana-de-bathco-Real.jpg""]","[""https://www.thebathcollection.com/wp-content/uploads/2025/10/24742_es-4124-lavabo-buelna-de-porcelana-de-bathco-Real.jpg""]",bathco
1367,495,BAT_0515,White,https://www.thebathcollection.com/en/products/colloto/,"[""https://www.thebathcollection.com/wp-content/uploads/2025/09/7756_es-medidas-lavabo-encimera-colloto-the-bath-collection-ref-0515-Real.jpg"", ""https://www.thebathcollection.com/wp-content/uploads/2025/10/6761_es-medidas-lavabo-encimera-colloto-the-bath-collection-ref-0513-Real.jpg""]","[""https://www.thebathcollection.com/wp-content/uploads/2025/09/2111_es-medidas-lavabo-encimera-colloto-the-bath-collection-ref-0515-Real.jpg""]",bathco
1368,496,BAT_0538,White,https://www.thebathcollection.com/en/products/verona/,"[""https://www.thebathcollection.com/wp-content/uploads/2025/09/2141_es-medidas-lavabo-encimera-verona-the-bath-collection-ref-0538-Real.jpg"", ""https://www.thebathcollection.com/wp-content/uploads/2025/10/6785_es-medidas-lavabo-encimera-verona-the-bath-collection-ref-0538-Real-scaled.jpg""]","[""https://www.thebathcollection.com/wp-content/uploads/2025/09/2143_es-medidas-lavabo-encimera-verona-the-bath-collection-ref-0538-Real.jpg""]",bathco
1369,497,BAT_0578,White,https://www.thebathcollection.com/en/products/satellite/,"[""https://www.thebathcollection.com/wp-content/uploads/2025/09/2247_es-lavabo-sobre-encimera-satelite-the-bath-collection-ref-0578-Real.jpg"", ""https://www.thebathcollection.com/wp-content/uploads/2025/10/3308_es-lavabo-sobre-encimera-satelite-the-bath-collection-ref-0578-Real.jpg""]","[""https://www.thebathcollection.com/wp-content/uploads/2025/09/2249_es-lavabo-sobre-encimera-satelite-the-bath-collection-ref-0578-Real.jpg""]",bathco
1370,498,BAT_0506,White,https://www.thebathcollection.com/en/products/manhattan-1000/,"[""https://www.thebathcollection.com/wp-content/uploads/2025/09/2069_es-lavabo-encimera-manhattan-the-bath-collection-ref-0506-Real.jpg""]","[""https://www.thebathcollection.com/wp-content/uploads/2025/09/2075_es-lavabo-encimera-manhattan-the-bath-collection-ref-0506-Real.jpg""]",bathco
1371,498,BAT_0505,White,https://www.thebathcollection.com/en/products/manhattan-800/,"[""https://www.thebathcollection.com/wp-content/uploads/2025/09/2067_es-lavabo-encimera-manhattan-the-bath-collection-ref-0505-Real.jpg""]","[""https://www.thebathcollection.com/wp-content/uploads/2025/09/2073_es-lavabo-encimera-manhattan-the-bath-collection-ref-0505-Real.jpg""]",bathco
1372,499,BAT_00369D,Beige,https://www.thebathcollection.com/en/products/vulka-beige/,"[""https://www.thebathcollection.com/wp-content/uploads/2025/09/33025_es-00369d-Real.jpg""]","[""https://www.thebathcollection.com/wp-content/uploads/2025/09/33033_es-00369d-01-Real.jpg""]",bathco
1373,499,BAT_00370D,Black,https://www.thebathcollection.com/en/products/black-vulka/,"[""https://www.thebathcollection.com/wp-content/uploads/2025/09/34456_es-00370d-vulka-Real.jpg""]","[""https://www.thebathcollection.com/wp-content/uploads/2025/09/33035_es-00370d-01-Real.jpg""]",bathco
1374,500,BAT_6069,Taupe,https://www.thebathcollection.com/en/products/belted-columna-taupe/,"[""https://www.thebathcollection.com/wp-content/uploads/2026/04/6069_PEDESTAL_BELTED_BEIGE_WEB.jpg""]",[],bathco
1375,500,BAT_6070,Paprika,https://www.thebathcollection.com/en/products/belted-columna-paprika/,"[""https://www.thebathcollection.com/wp-content/uploads/2026/04/6070_PEDESTAL_BELTED_ROJO_WEB.jpg""]",[],bathco
1376,500,BAT_6071,Ocean,https://www.thebathcollection.com/en/products/belted-columna-ocean/,"[""https://www.thebathcollection.com/wp-content/uploads/2026/04/6071_PEDESTAL_BELTED_VERDE_WEB.jpg"", ""https://www.thebathcollection.com/wp-content/uploads/2026/04/6071_BELTED_VERDE_01.jpg""]",[],bathco
1377,500,BAT_6072,Azure,https://www.thebathcollection.com/en/products/belted-columna-azure/,"[""https://www.thebathcollection.com/wp-content/uploads/2026/04/6072_PEDESTAL_BELTED_AZUL_OSCURO_WEB.jpg""]",[],bathco
1378,500,BAT_6073,Pale,https://www.thebathcollection.com/en/products/belted-columna-pale/,"[""https://www.thebathcollection.com/wp-content/uploads/2026/04/6073_PEDESTAL_BELTED_GRIS_WEB.jpg""]",[],bathco
1379,500,BAT_6074,Nero,https://www.thebathcollection.com/en/products/belted-columna-nero/,"[""https://www.thebathcollection.com/wp-content/uploads/2026/04/6074_PEDESTAL_BELTED_NEGRO_WEB.jpg""]",[],bathco
1380,501,BAT_4164,White,https://www.thebathcollection.com/en/products/sands/,"[""https://www.thebathcollection.com/wp-content/uploads/2025/09/31694_es-lavabo-pedestal-arenas-de-bathco-Real.jpg"", ""https://www.thebathcollection.com/wp-content/uploads/2025/12/4164RENAS_02.jpg"", ""https://www.thebathcollection.com/wp-content/uploads/2025/12/4164RENAS_01.jpg""]","[""https://www.thebathcollection.com/wp-content/uploads/2025/10/34671_es-4164-arenas-Real.jpg""]",bathco
1381,502,BAT_6013,White,https://www.thebathcollection.com/en/products/barros/,"[""https://www.thebathcollection.com/wp-content/uploads/2025/09/4757_es-lavabo-pedestal-barros-the-bath-collection-ref-6013-Real.jpg"", ""https://www.thebathcollection.com/wp-content/uploads/2025/10/6835_es-lavabo-pedestal-barros-the-bath-collection-ref-6013-Real-1-scaled.jpg""]","[""https://www.thebathcollection.com/wp-content/uploads/2025/10/34550_es-6013-barros-Real.jpg""]",bathco
1382,503,BAT_00649,Gray,https://www.thebathcollection.com/en/products/gray-bohol/,"[""https://www.thebathcollection.com/wp-content/uploads/2025/09/37015_es-00649-bohol-lavabo-pedestal-gris-tecnica-baja-Real.jpg""]","[""https://www.thebathcollection.com/wp-content/uploads/2025/10/37227_es-00648-00649-00650-bohol-dibujo-tecnico-web-2-Real-1.jpg""]",bathco
1383,503,BAT_00650,Doreng,https://www.thebathcollection.com/en/products/bohol-doreng/,"[""https://www.thebathcollection.com/wp-content/uploads/2025/09/37023_es-00650-bohol-lavabo-pedestal-doreng-tecnica-baja-Real.jpg"", ""https://www.thebathcollection.com/wp-content/uploads/2025/09/00650_BOHOL_DORENG_02.jpg""]","[""https://www.thebathcollection.com/wp-content/uploads/2025/10/37227_es-00648-00649-00650-bohol-dibujo-tecnico-web-2-Real-2.jpg""]",bathco
1384,503,BAT_00648,Beige,https://www.thebathcollection.com/en/products/bohol-beige/,"[""https://www.thebathcollection.com/wp-content/uploads/2025/09/37027_es-00648-bohol-lavabo-pedestal-gris-tecnica-baja-copia-Real.jpg""]","[""https://www.thebathcollection.com/wp-content/uploads/2025/10/37227_es-00648-00649-00650-bohol-dibujo-tecnico-web-2-Real.jpg""]",bathco
1385,504,BAT_00606,Beige,https://www.thebathcollection.com/en/products/striae-pedestal-beige/,"[""https://www.thebathcollection.com/wp-content/uploads/2025/09/34211_es-00606-Real.jpg"", ""https://www.thebathcollection.com/wp-content/uploads/2025/10/34300_es-00607-Real.jpg""]","[""https://www.thebathcollection.com/wp-content/uploads/2025/09/34416_es-00606-00607-striae-pedestal-Real.jpg""]",bathco
1386,504,BAT_00607,Black,https://www.thebathcollection.com/en/products/striae-black-pedestal/,"[""https://www.thebathcollection.com/wp-content/uploads/2025/09/34213_es-00607-Real.jpg"", ""https://www.thebathcollection.com/wp-content/uploads/2025/10/34300_es-00607-Real-1.jpg""]","[""https://www.thebathcollection.com/wp-content/uploads/2025/09/34416_es-00606-00607-striae-pedestal-Real-1.jpg""]",bathco
1387,505,BAT_00672,Grey,https://www.thebathcollection.com/en/products/fuji-grey/,"[""https://www.thebathcollection.com/wp-content/uploads/2026/04/00672_FUJI_PEDESTAL_GREY.jpg""]",[],bathco
1388,505,BAT_00673,Brown Trotol,https://www.thebathcollection.com/en/products/fuji-brown-trotol/,"[""https://www.thebathcollection.com/wp-content/uploads/2026/04/00673_FUJI_PEDESTAL_BEIGE.jpg"", ""https://www.thebathcollection.com/wp-content/uploads/2026/04/00673_FUJI_PEDESTAL_BROWN_TROTOL_02.jpg"", ""https://www.thebathcollection.com/wp-content/uploads/2026/04/00673_FUJI_PEDESTAL_BROWN_TROTOL_022.jpg""]",[],bathco
1389,505,BAT_00674,Pink,https://www.thebathcollection.com/en/products/fuji-pink/,"[""https://www.thebathcollection.com/wp-content/uploads/2026/04/00674_FUJI_PEDESTAL_PINK.jpg""]",[],bathco
1390,506,BAT_5055,Bamboo,https://www.thebathcollection.com/en/products/damasco-pedestal/,"[""https://www.thebathcollection.com/wp-content/uploads/2026/04/5055_DAMASCO_2.jpg"", ""https://www.thebathcollection.com/wp-content/uploads/2026/04/5055_DAMASCO.jpg""]",[],bathco
1391,506,BAT_5056,Brushed Steel,https://www.thebathcollection.com/en/products/damasco-pedestal-brushed/,"[""https://www.thebathcollection.com/wp-content/uploads/2026/04/5056_DAMASCO_BRUSHED.jpg""]",[],bathco
1392,506,BAT_5057,Gun Metal,https://www.thebathcollection.com/en/products/damasco-pedestal-gun-metal/,"[""https://www.thebathcollection.com/wp-content/uploads/2026/04/5057_DAMASCO_GUN-METAL.jpg""]",[],bathco
1393,507,BAT_5025,Brushed Steel,https://www.thebathcollection.com/en/products/treviso-brushed-pedestal/,"[""https://www.thebathcollection.com/wp-content/uploads/2025/09/35842_es-5025-treviso-pedestal-cepillado-Real.jpg"", ""https://www.thebathcollection.com/wp-content/uploads/2025/12/5025-TREVISO-PEDESTAL-CEPILLADO-AMBI-01_01.jpg""]",[],bathco
1394,507,BAT_5026,Gun Metal,https://www.thebathcollection.com/en/products/treviso-pedestal-gunmetal/,"[""https://www.thebathcollection.com/wp-content/uploads/2025/09/35844_es-5026-treviso-pedestal-gun-metal-Real.jpg""]",[],bathco
1395,508,BAT_8274,Bamboo,https://www.thebathcollection.com/en/products/kalasin/,"[""https://www.thebathcollection.com/wp-content/uploads/2025/09/36719_es-8274-kalasin-Real.jpg"", ""https://www.thebathcollection.com/wp-content/uploads/2025/09/kalasin-gif.gif""]","[""https://www.thebathcollection.com/wp-content/uploads/2025/09/37239_es-8274-kalasin-web-voy-a-usar-solo-este-para-los-dos-Real.jpg""]",bathco
1396,509,BAT_8349,Gun Metal,https://www.thebathcollection.com/en/products/detroit-pedestal-gunmetal/,"[""https://www.thebathcollection.com/wp-content/uploads/2025/09/34253_es-8349-detroit-pedestal-Real.jpg"", ""https://www.thebathcollection.com/wp-content/uploads/2025/10/34334_es-8349-01-bathco-detroit-pedestal-Real-2.jpg""]","[""https://www.thebathcollection.com/wp-content/uploads/2025/09/34486_es-8348-8349-8350-detroit-pedestal-dibujo-tecnico-Real-1.jpg""]",bathco
1397,509,BAT_8350,Bronze,https://www.thebathcollection.com/en/products/detroit-pedestal-bronce/,"[""https://www.thebathcollection.com/wp-content/uploads/2025/09/34257_es-8350-detroit-pedestal-Real.jpg"", ""https://www.thebathcollection.com/wp-content/uploads/2025/10/34334_es-8349-01-bathco-detroit-pedestal-Real-1.jpg""]","[""https://www.thebathcollection.com/wp-content/uploads/2025/09/34486_es-8348-8349-8350-detroit-pedestal-dibujo-tecnico-Real-2.jpg""]",bathco
1398,509,BAT_8348,Brushed Steel,https://www.thebathcollection.com/en/products/detroit-pedestal-cepillado/,"[""https://www.thebathcollection.com/wp-content/uploads/2025/09/34255_es-8348-detroit-pedestal-Real.jpg"", ""https://www.thebathcollection.com/wp-content/uploads/2025/10/34334_es-8349-01-bathco-detroit-pedestal-Real.jpg""]","[""https://www.thebathcollection.com/wp-content/uploads/2025/09/34486_es-8348-8349-8350-detroit-pedestal-dibujo-tecnico-Real.jpg""]",bathco
1399,510,BAT_8369,Gray,https://www.thebathcollection.com/en/products/gray-malay/,"[""https://www.thebathcollection.com/wp-content/uploads/2025/11/36346_es-8370-malay-a-pedestal-blancotecnica-alta-Real.jpg"", ""https://www.thebathcollection.com/wp-content/uploads/2025/10/36392_es-8371-malay-a-pedestal-rose-gold-ambiente-Real-1.jpg""]",[],bathco
1400,510,BAT_8370,White,https://www.thebathcollection.com/en/products/malay-blanco/,"[""https://www.thebathcollection.com/wp-content/uploads/2025/09/36346_es-8370-malay-a-pedestal-blancotecnica-alta-Real.jpg"", ""https://www.thebathcollection.com/wp-content/uploads/2025/10/36392_es-8371-malay-a-pedestal-rose-gold-ambiente-Real.jpg""]",[],bathco
1401,510,BAT_8371,Rose Gold,https://www.thebathcollection.com/en/products/malay-rosegold/,"[""https://www.thebathcollection.com/wp-content/uploads/2025/09/36342_es-8371-malay-a-pedestal-rose-goldtecnica-alta-Real.jpg"", ""https://www.thebathcollection.com/wp-content/uploads/2025/10/36392_es-8371-malay-a-pedestal-rose-gold-ambiente-Real-2.jpg""]",[],bathco
1402,511,BAT_8374,Rose Gold,https://www.thebathcollection.com/en/products/malay-b-rosegold/,"[""https://www.thebathcollection.com/wp-content/uploads/2025/09/36326_es-8374-malay-b-pedestal-rose-goldtecnica-alta-Real.jpg"", ""https://www.thebathcollection.com/wp-content/uploads/2025/10/36394_es-8372-malay-b-pedestal-ambiente-01-Real-2.jpg""]",[],bathco
1403,511,BAT_8372,Gray,https://www.thebathcollection.com/en/products/malay-b-gris/,"[""https://www.thebathcollection.com/wp-content/uploads/2025/09/36330_es-8372-malay-b-pedestaltecnica-alta-Real.jpg"", ""https://www.thebathcollection.com/wp-content/uploads/2025/10/36394_es-8372-malay-b-pedestal-ambiente-01-Real-1.jpg""]",[],bathco
1404,511,BAT_8373,White,https://www.thebathcollection.com/en/products/malay-b-blanco/,"[""https://www.thebathcollection.com/wp-content/uploads/2025/09/36328_es-8373-malay-b-pedestal-blancotecnica-alta-Real.jpg"", ""https://www.thebathcollection.com/wp-content/uploads/2025/10/36394_es-8372-malay-b-pedestal-ambiente-01-Real.jpg""]",[],bathco
1405,512,BAT_00352,Beige,https://www.thebathcollection.com/en/products/versalles-beige-shower-tray/,"[""https://www.thebathcollection.com/wp-content/uploads/2025/09/4718_es-plato-de-ducha-plato-de-ducha-versalles-the-bath-collection-ref-00352-beige-Real.jpg""]","[""https://www.thebathcollection.com/wp-content/uploads/2025/09/5637_es-medidas-plato-de-ducha-plato-de-ducha-versalles-the-bath-collection-ref-00352-beige-Real.jpg""]",bathco
1406,512,BAT_00353,Black,https://www.thebathcollection.com/en/products/black-versalles-shower-tray/,"[""https://www.thebathcollection.com/wp-content/uploads/2025/09/4720_es-plato-de-ducha-plato-de-ducha-versalles-the-bath-collection-ref-00353-negro-Real.jpg"", ""https://www.thebathcollection.com/wp-content/uploads/2025/10/7058_es-plato-de-ducha-plato-de-ducha-versalles-the-bath-collection-ref-00353-negro-Real.jpg""]","[""https://www.thebathcollection.com/wp-content/uploads/2025/09/5639_es-medidas-plato-de-ducha-plato-de-ducha-versalles-the-bath-collection-ref-00353-negro-Real.jpg""]",bathco
1407,513,BAT_00344,Beige,https://www.thebathcollection.com/en/products/plato-de-ducha-oco-beige/,"[""https://www.thebathcollection.com/wp-content/uploads/2025/09/4712_es-plato-de-ducha-plato-de-ducha-oco-the-bath-collection-ref-00344-beige-Real.jpg"", ""https://www.thebathcollection.com/wp-content/uploads/2025/10/7350_es-plato-de-ducha-plato-de-ducha-oco-the-bath-collection-ref-00344-beige-Real-scaled.jpg""]","[""https://www.thebathcollection.com/wp-content/uploads/2025/09/5625_es-medidas-plato-de-ducha-plato-de-ducha-oco-the-bath-collection-ref-00344-beige-Real.jpg""]",bathco
1408,513,BAT_00345,Black,https://www.thebathcollection.com/en/products/plato-de-ducha-oco-negro/,"[""https://www.thebathcollection.com/wp-content/uploads/2025/09/4710_es-plato-de-ducha-plato-de-ducha-oco-the-bath-collection-ref-00345-negro-Real.jpg""]","[""https://www.thebathcollection.com/wp-content/uploads/2025/09/5627_es-medidas-plato-de-ducha-plato-de-ducha-oco-the-bath-collection-ref-00345-negro-Real.jpg""]",bathco
1409,514,BAT_00334,Beige,https://www.thebathcollection.com/en/products/simi-shower-tray/,"[""https://www.thebathcollection.com/wp-content/uploads/2025/09/4688_es-plato-de-ducha-plato-de-ducha-simi-the-bath-collection-ref-00334-beige-Real.jpg"", ""https://www.thebathcollection.com/wp-content/uploads/2025/10/2904_es-plato-de-ducha-plato-de-ducha-simi-the-bath-collection-ref-00334-beige-Real.jpg""]","[""https://www.thebathcollection.com/wp-content/uploads/2025/09/5617_es-medidas-plato-de-ducha-plato-de-ducha-simi-the-bath-collection-ref-00334-beige-Real.jpg""]",bathco
1410,515,BAT_00340,Beige,https://www.thebathcollection.com/en/products/icon-shower-tray/,"[""https://www.thebathcollection.com/wp-content/uploads/2025/09/4706_es-plato-de-ducha-plato-de-ducha-icono-the-bath-collection-ref-00340-beige-Real.jpg"", ""https://www.thebathcollection.com/wp-content/uploads/2025/10/7346_es-plato-de-ducha-plato-de-ducha-icono-the-bath-collection-ref-00340-beige-Real-scaled.jpg""]","[""https://www.thebathcollection.com/wp-content/uploads/2025/09/5623_es-medidas-plato-de-ducha-plato-de-ducha-icono-the-bath-collection-ref-00340-beige-Real.jpg""]",bathco
1411,516,BAT_00336,Beige,https://www.thebathcollection.com/en/products/simi-beige-bathtub/,"[""https://www.thebathcollection.com/wp-content/uploads/2025/09/5179_es-banera-simi-the-bath-collection-ref-00336-Real.jpg"", ""https://www.thebathcollection.com/wp-content/uploads/2025/10/9000_es-banera-simi-the-bath-collection-ref-00336-Real-1.jpg""]","[""https://www.thebathcollection.com/wp-content/uploads/2025/10/23209_es-banera-simi-the-bath-collection-ref-00337-negro-Real.jpg""]",bathco
1412,516,BAT_00337,Black,https://www.thebathcollection.com/en/products/simi-bench-black/,"[""https://www.thebathcollection.com/wp-content/uploads/2025/09/6412_es-banera-simi-the-bath-collection-ref-00336-Real.jpg"", ""https://www.thebathcollection.com/wp-content/uploads/2025/10/5169_es-banera-simi-the-bath-collection-ref-00337-negro-Real-1.jpg""]","[""https://www.thebathcollection.com/wp-content/uploads/2025/10/23209_es-banera-simi-the-bath-collection-ref-00337-negro-Real-1.jpg""]",bathco
1413,517,BAT_8229,Black,https://www.thebathcollection.com/en/products/black-chester/,"[""https://www.thebathcollection.com/wp-content/uploads/2025/09/34786_es-8229-pedestal-cilindrico-negro-Real.jpg"", ""https://www.thebathcollection.com/wp-content/uploads/2025/12/00621-PAPU¦uA-B-BEIGE-SIN-MADERAMBI01.jpg"", ""https://www.thebathcollection.com/wp-content/uploads/2025/12/00646-MAHE¦u-DORENG-8229-PEDESTAL-CHSTER-NEGRO-AMBI-01.jpg""]","[""https://www.thebathcollection.com/wp-content/uploads/2025/09/37235_es-8228-8229-chester-web-voy-a-usar-solo-este-para-los-dos-Real-1.jpg""]",bathco
1414,517,BAT_8228,White,https://www.thebathcollection.com/en/products/white-chester/,"[""https://www.thebathcollection.com/wp-content/uploads/2025/09/34788_es-8228-pedestal-cilindrico-blanco-Real.jpg"", ""https://www.thebathcollection.com/wp-content/uploads/2025/10/35280_es-8229-pedestal-cilindrico-Real.jpg""]","[""https://www.thebathcollection.com/wp-content/uploads/2025/09/37235_es-8228-8229-chester-web-voy-a-usar-solo-este-para-los-dos-Real.jpg""]",bathco
1415,518,BAT_8216,Gray,https://www.thebathcollection.com/en/products/pedestal-steel-bars/,"[""https://www.thebathcollection.com/wp-content/uploads/2025/09/20781_es-8216-pedestal-barras-de-acero-Real.jpg"", ""https://www.thebathcollection.com/wp-content/uploads/2025/12/8216-PEDESTAL-4086-VOLTA-AMBI-01.jpg"", ""https://www.thebathcollection.com/wp-content/uploads/2025/12/8216-PEDESTAL-4086-VOLTA-AMBI-03.jpg"", ""https://www.thebathcollection.com/wp-content/uploads/2025/12/8216-PEDESTAL-4086-VOLTA-AMBI-02.jpg""]","[""https://www.thebathcollection.com/wp-content/uploads/2025/09/20783_es-8216-pedestal-barras-de-acero-Real.jpg""]",bathco
1416,519,BAT_8226,Wood,https://www.thebathcollection.com/en/products/pedestal-wooden-bars/,"[""https://www.thebathcollection.com/wp-content/uploads/2025/09/28134_es-ref-8226-pedestal-de-barras-de-madera-de-bathco-Real.jpg"", ""https://www.thebathcollection.com/wp-content/uploads/2025/10/20827_es-ref-8226-pedestal-de-barras-de-madera-de-bathco-Real.jpg""]","[""https://www.thebathcollection.com/wp-content/uploads/2025/09/20825_es-ref-8226-pedestal-de-barras-de-madera-de-bathco-Real.jpg""]",bathco
1417,520,BAT_8224,Wood,https://www.thebathcollection.com/en/products/circular-wooden-pedestal/,"[""https://www.thebathcollection.com/wp-content/uploads/2025/09/32999_es-ref-8224-pedestal-de-barras-de-madera-de-bathco-Real-scaled.jpg"", ""https://www.thebathcollection.com/wp-content/uploads/2025/10/32266_es-8224-Real.jpg""]","[""https://www.thebathcollection.com/wp-content/uploads/2025/09/21796_es-ref-8224-pedestal-de-madera-de-bathco-Real.jpg""]",bathco
1418,521,BAT_8225,Wood,https://www.thebathcollection.com/en/products/pedestal-de-madera-cuadrado/,"[""https://www.thebathcollection.com/wp-content/uploads/2025/11/33001_es-ref-8225-pedestal-de-madera-de-bathco-Real-scaled-1.jpg""]","[""https://www.thebathcollection.com/wp-content/uploads/2025/09/21798_es-ref-8225-pedestal-de-madera-de-bathco-Real.jpg""]",bathco
1419,522,BAT_8268,Wood,https://www.thebathcollection.com/en/products/halong-bamboo/,"[""https://www.thebathcollection.com/wp-content/uploads/2025/09/35788_es-8268-halong-blanco-Real.jpg""]","[""https://www.thebathcollection.com/wp-content/uploads/2025/09/36415_es-halong-Real.jpg""]",bathco
1420,523,BAT_8273,Wood,https://www.thebathcollection.com/en/products/sisaket/,"[""https://www.thebathcollection.com/wp-content/uploads/2025/09/35996_es-8273-sisaket-Real.jpg"", ""https://www.thebathcollection.com/wp-content/uploads/2025/11/4219_TROYES.jpg""]","[""https://www.thebathcollection.com/wp-content/uploads/2025/09/36691_es-8273-sisaket-dibujo-tecnico-Real.jpg""]",bathco
1421,524,BAT_8272,Wood,https://www.thebathcollection.com/en/products/pleiku/,"[""https://www.thebathcollection.com/wp-content/uploads/2025/09/35806_es-8272-pleiku-Real.jpg"", ""https://www.thebathcollection.com/wp-content/uploads/2025/09/00638_GOREA_BEIGE.jpg"", ""https://www.thebathcollection.com/wp-content/uploads/2025/09/0040N_VIENA_01.jpg"", ""https://www.thebathcollection.com/wp-content/uploads/2025/11/8272_PLEIKU-8377_DETROIT-B_GUN_METAL.jpg""]","[""https://www.thebathcollection.com/wp-content/uploads/2025/09/36617_es-8272-pleiku-dibujo-tecnico-Real.jpg""]",bathco
1422,525,BAT_0209RG,Rose Gold,https://www.thebathcollection.com/en/products/bronze-round-siphon/,"[""https://www.thebathcollection.com/wp-content/uploads/2025/09/31202_es-sifon-redondo-rose-gold-the-bath-collection-ref-0209rg-Real.jpg""]","[""https://www.thebathcollection.com/wp-content/uploads/2025/09/28284_es-0209-sifon-redondo-Real-3.jpg""]",bathco
1423,525,BAT_0209,Metal,https://www.thebathcollection.com/en/products/round-siphon/,"[""https://www.thebathcollection.com/wp-content/uploads/2025/09/31198_es-sifon-redondo-the-bath-collection-ref-0209-Real.jpg""]","[""https://www.thebathcollection.com/wp-content/uploads/2025/09/28284_es-0209-sifon-redondo-Real.jpg""]",bathco
1424,525,BAT_0209BL,White,https://www.thebathcollection.com/en/products/white-round-siphon/,"[""https://www.thebathcollection.com/wp-content/uploads/2025/09/31200_es-sifon-redondo-blanco-the-bath-collection-ref-0209bl-Real.jpg""]","[""https://www.thebathcollection.com/wp-content/uploads/2025/09/28284_es-0209-sifon-redondo-Real-1.jpg""]",bathco
1425,525,BAT_0209NE,Black,https://www.thebathcollection.com/en/products/black-round-siphon/,"[""https://www.thebathcollection.com/wp-content/uploads/2025/09/31204_es-sifon-redondo-negro-the-bath-collection-ref-0209ne-Real.jpg""]","[""https://www.thebathcollection.com/wp-content/uploads/2025/09/28284_es-0209-sifon-redondo-Real-2.jpg""]",bathco
1426,526,BAT_0219,Gray,https://www.thebathcollection.com/en/products/valve-and-siphon-set/,"[""https://www.thebathcollection.com/wp-content/uploads/2025/09/37405_es-0219-valvula-y-sifon-Real.jpg""]",[],bathco
2000,1806,GN_2000,Standard,https://www.grandinetti.it/en/prodotto/76-rosso-diavolo/,"[""https://www.grandinetti.it/wp-content/uploads/2025/07/76_rosso_diavolo_NUOVA.jpg""]",[],grandinetti
2001,1807,GN_2001,Standard,https://www.grandinetti.it/en/prodotto/78-bianco/,"[""https://www.grandinetti.it/wp-content/uploads/2018/12/78_bianco-1.jpg""]",[],grandinetti
2002,1808,GN_2002,Standard,https://www.grandinetti.it/en/prodotto/80-salmone/,"[""https://www.grandinetti.it/wp-content/uploads/2018/12/80_salmone.jpg""]",[],grandinetti
2003,1809,GN_2003,Standard,https://www.grandinetti.it/en/prodotto/86-nero-grigio/,"[""https://www.grandinetti.it/wp-content/uploads/2018/12/86_nero_grigio.jpg""]",[],grandinetti
2004,1810,GN_2004,Standard,https://www.grandinetti.it/en/prodotto/89-rosa-antico/,"[""https://www.grandinetti.it/wp-content/uploads/2018/12/89_rosa_antico.jpg""]",[],grandinetti
2005,1811,GN_2005,Standard,https://www.grandinetti.it/en/prodotto/96-vecchia-graniglia/,"[""https://www.grandinetti.it/wp-content/uploads/2018/12/96_vecchia_graniglia.jpg""]",[],grandinetti
2006,1812,GN_2006,Standard,https://www.grandinetti.it/en/prodotto/97-laguna/,"[""https://www.grandinetti.it/wp-content/uploads/2018/12/97_laguna.jpg""]",[],grandinetti
2007,1813,GN_2007,Standard,https://www.grandinetti.it/en/prodotto/108-minestrone/,"[""https://www.grandinetti.it/wp-content/uploads/2018/12/108_minestrone.jpg""]",[],grandinetti
2008,1814,GN_2008,Standard,https://www.grandinetti.it/en/prodotto/111-botticino/,"[""https://www.grandinetti.it/wp-content/uploads/2018/12/111_botticino.jpg""]",[],grandinetti
2009,1815,GN_2009,Standard,https://www.grandinetti.it/en/prodotto/118-bianconera/,"[""https://www.grandinetti.it/wp-content/uploads/2018/12/118_bianconera.jpg""]",[],grandinetti
2010,1816,GN_2010,Standard,https://www.grandinetti.it/en/prodotto/117-minestrone-primavera/,"[""https://www.grandinetti.it/wp-content/uploads/2018/12/117_minestrone_primavera.jpg""]",[],grandinetti
2011,1817,GN_2011,Standard,https://www.grandinetti.it/en/prodotto/120-geretto/,"[""https://www.grandinetti.it/wp-content/uploads/2018/12/120_geretto.jpg""]",[],grandinetti
2012,1818,GN_2012,Standard,https://www.grandinetti.it/en/prodotto/1c3/,"[""https://www.grandinetti.it/wp-content/uploads/2018/12/1C3.jpg""]",[],grandinetti
2013,1819,GN_2013,Standard,https://www.grandinetti.it/en/prodotto/4b6/,"[""https://www.grandinetti.it/wp-content/uploads/2018/12/4B6.jpg""]",[],grandinetti
2014,1820,GN_2014,Standard,https://www.grandinetti.it/en/prodotto/4c2/,"[""https://www.grandinetti.it/wp-content/uploads/2018/12/4C2.jpg""]",[],grandinetti
2015,1821,GN_2015,Standard,https://www.grandinetti.it/en/prodotto/5b1/,"[""https://www.grandinetti.it/wp-content/uploads/2018/12/5B1.jpg""]",[],grandinetti
2016,1822,GN_2016,Standard,https://www.grandinetti.it/en/prodotto/5c6/,"[""https://www.grandinetti.it/wp-content/uploads/2018/12/5C6.jpg""]",[],grandinetti
2017,1823,GN_2017,Standard,https://www.grandinetti.it/en/prodotto/5d3/,"[""https://www.grandinetti.it/wp-content/uploads/2018/12/5D3.jpg""]",[],grandinetti
2018,1824,GN_2018,Standard,https://www.grandinetti.it/en/prodotto/7i6/,"[""https://www.grandinetti.it/wp-content/uploads/2018/12/7I6.jpg""]",[],grandinetti
2019,1825,GN_2019,Standard,https://www.grandinetti.it/en/prodotto/om2/,"[""https://www.grandinetti.it/wp-content/uploads/2018/12/om2.jpg""]",[],grandinetti
2020,1826,GN_2020,Standard,https://www.grandinetti.it/en/prodotto/om4/,"[""https://www.grandinetti.it/wp-content/uploads/2018/12/om4.jpg""]",[],grandinetti
2021,1827,GN_2021,Standard,https://www.grandinetti.it/en/prodotto/om5/,"[""https://www.grandinetti.it/wp-content/uploads/2018/12/om5.jpg""]",[],grandinetti
2022,1828,GN_2022,Standard,https://www.grandinetti.it/en/prodotto/om6/,"[""https://www.grandinetti.it/wp-content/uploads/2018/12/om6.jpg""]",[],grandinetti
2023,1829,GN_2023,Standard,https://www.grandinetti.it/en/prodotto/om7/,"[""https://www.grandinetti.it/wp-content/uploads/2018/12/om7.jpg""]",[],grandinetti
2024,1830,GN_2024,Standard,https://www.grandinetti.it/en/prodotto/201-arlecchino-donna/,"[""https://www.grandinetti.it/wp-content/uploads/2018/12/201-arlecchino-donna.jpg""]",[],grandinetti
2025,1831,GN_2025,Standard,https://www.grandinetti.it/en/prodotto/210-terzetto/,"[""https://www.grandinetti.it/wp-content/uploads/2018/12/210-terzetto.jpg""]",[],grandinetti
2026,1832,GN_2026,Standard,https://www.grandinetti.it/en/prodotto/205-corallo/,"[""https://www.grandinetti.it/wp-content/uploads/2025/09/205-corallo.jpg""]",[],grandinetti
2027,527,GN_2027,Standard,https://www.grandinetti.it/en/prodotto/1c6/,"[""https://www.grandinetti.it/wp-content/uploads/2018/12/1C6.jpg""]",[],grandinetti
2028,528,GN_2028,Standard,https://www.grandinetti.it/en/prodotto/1b2/,"[""https://www.grandinetti.it/wp-content/uploads/2018/12/1B2.jpg""]",[],grandinetti
2029,529,GN_2029,Standard,https://www.grandinetti.it/en/prodotto/4b4/,"[""https://www.grandinetti.it/wp-content/uploads/2018/12/4B4.jpg""]",[],grandinetti
2030,530,GN_2030,Standard,https://www.grandinetti.it/en/prodotto/4f4/,"[""https://www.grandinetti.it/wp-content/uploads/2018/12/4F4.jpg""]",[],grandinetti
2031,531,GN_2031,Standard,https://www.grandinetti.it/en/prodotto/4i6/,"[""https://www.grandinetti.it/wp-content/uploads/2018/12/4I6.jpg""]",[],grandinetti
2032,532,GN_2032,Standard,https://www.grandinetti.it/en/prodotto/7c4/,"[""https://www.grandinetti.it/wp-content/uploads/2018/12/7C4.jpg""]",[],grandinetti
2033,533,GN_2033,Standard,https://www.grandinetti.it/en/prodotto/7h1/,"[""https://www.grandinetti.it/wp-content/uploads/2018/12/7H1.jpg""]",[],grandinetti
2034,534,GN_2034,Standard,https://www.grandinetti.it/en/prodotto/8i1/,"[""https://www.grandinetti.it/wp-content/uploads/2018/12/8I1.jpg""]",[],grandinetti
2035,535,GN_2035,Standard,https://www.grandinetti.it/en/prodotto/8i2/,"[""https://www.grandinetti.it/wp-content/uploads/2018/12/8I2.jpg""]",[],grandinetti
2036,536,GN_2036,Standard,https://www.grandinetti.it/en/prodotto/14b6/,"[""https://www.grandinetti.it/wp-content/uploads/2018/12/14B6.jpg""]",[],grandinetti
2037,537,GN_2037,Standard,https://www.grandinetti.it/en/prodotto/201-arlecchino-donna/,"[""https://www.grandinetti.it/wp-content/uploads/2018/12/201-arlecchino-donna.jpg""]",[],grandinetti
2038,538,GN_2038,Standard,https://www.grandinetti.it/en/prodotto/203-giallo-siena/,"[""https://www.grandinetti.it/wp-content/uploads/2018/12/203-giallo-siena.jpg""]",[],grandinetti
2039,539,GN_2039,Standard,https://www.grandinetti.it/en/prodotto/205-corallo/,"[""https://www.grandinetti.it/wp-content/uploads/2025/09/205-corallo.jpg""]",[],grandinetti
2040,540,GN_2040,Standard,https://www.grandinetti.it/en/prodotto/208-san-giuliano/,"[""https://www.grandinetti.it/wp-content/uploads/2025/09/208-san-giuliano.jpg""]",[],grandinetti
2041,541,GN_2041,Standard,https://www.grandinetti.it/en/prodotto/212-arcobaleno/,"[""https://www.grandinetti.it/wp-content/uploads/2018/12/212-arcobaleno.jpg""]",[],grandinetti
2042,542,GN_2042,Standard,https://www.grandinetti.it/en/prodotto/214-grigio-venato/,"[""https://www.grandinetti.it/wp-content/uploads/2025/09/214-grigio-venato.jpg""]",[],grandinetti
2043,543,GN_2043,Standard,https://www.grandinetti.it/en/prodotto/304-carrara-dorato/,"[""https://www.grandinetti.it/wp-content/uploads/2018/12/304_carrara_dorato_60.jpg""]",[],grandinetti
2044,544,GN_2044,Standard,https://www.grandinetti.it/en/prodotto/310-nero-ombrato/,"[""https://www.grandinetti.it/wp-content/uploads/2018/12/310_nero_ombrato_60.jpg""]",[],grandinetti
2045,545,GN_2045,Standard,https://www.grandinetti.it/en/prodotto/nv1-cipolla/,"[""https://www.grandinetti.it/wp-content/uploads/2018/12/nv1-cipolla.jpg""]",[],grandinetti
2046,546,GN_2046,Standard,https://www.grandinetti.it/en/prodotto/nv2-agave/,"[""https://www.grandinetti.it/wp-content/uploads/2018/12/nv2-agave.jpg""]",[],grandinetti
2047,547,GN_2047,Standard,https://www.grandinetti.it/en/prodotto/nv4-pera/,"[""https://www.grandinetti.it/wp-content/uploads/2018/12/nv4-pera.jpg""]",[],grandinetti
2048,548,GN_2048,Standard,https://www.grandinetti.it/en/prodotto/1a4/,"[""https://www.grandinetti.it/wp-content/uploads/2018/12/1A4.jpg""]",[],grandinetti
2049,549,GN_2049,Standard,https://www.grandinetti.it/en/prodotto/1d2/,"[""https://www.grandinetti.it/wp-content/uploads/2018/12/1D2.jpg""]",[],grandinetti
2050,550,GN_2050,Standard,https://www.grandinetti.it/en/prodotto/1d6/,"[""https://www.grandinetti.it/wp-content/uploads/2018/12/1D6.jpg""]",[],grandinetti
2051,551,GN_2051,Standard,https://www.grandinetti.it/en/prodotto/1f2/,"[""https://www.grandinetti.it/wp-content/uploads/2018/12/1F2.jpg""]",[],grandinetti
2052,552,GN_2052,Standard,https://www.grandinetti.it/en/prodotto/1f3/,"[""https://www.grandinetti.it/wp-content/uploads/2018/12/1F3.jpg""]",[],grandinetti
2053,553,GN_2053,Standard,https://www.grandinetti.it/en/prodotto/1g1/,"[""https://www.grandinetti.it/wp-content/uploads/2018/12/1G1.jpg""]",[],grandinetti
2054,554,GN_2054,Standard,https://www.grandinetti.it/en/prodotto/1g2/,"[""https://www.grandinetti.it/wp-content/uploads/2018/12/1G2.jpg""]",[],grandinetti
2055,555,GN_2055,Standard,https://www.grandinetti.it/en/prodotto/1i5/,"[""https://www.grandinetti.it/wp-content/uploads/2018/12/1I5.jpg""]",[],grandinetti
2056,556,GN_2056,Standard,https://www.grandinetti.it/en/prodotto/2b5/,"[""https://www.grandinetti.it/wp-content/uploads/2018/12/2B5.jpg""]",[],grandinetti
2057,557,GN_2057,Standard,https://www.grandinetti.it/en/prodotto/2b3/,"[""https://www.grandinetti.it/wp-content/uploads/2018/12/2B3.jpg""]",[],grandinetti
2058,558,GN_2058,Standard,https://www.grandinetti.it/en/prodotto/2c6/,"[""https://www.grandinetti.it/wp-content/uploads/2018/12/2C6.jpg""]",[],grandinetti
2059,559,GN_2059,Standard,https://www.grandinetti.it/en/prodotto/4h3/,"[""https://www.grandinetti.it/wp-content/uploads/2018/12/4H3.jpg""]",[],grandinetti
2060,560,GN_2060,Standard,https://www.grandinetti.it/en/prodotto/8d4/,"[""https://www.grandinetti.it/wp-content/uploads/2018/12/8D4.jpg""]",[],grandinetti
2061,561,GN_2061,Standard,https://www.grandinetti.it/en/prodotto/8e6/,"[""https://www.grandinetti.it/wp-content/uploads/2018/12/8E6.jpg""]",[],grandinetti
2062,562,GN_2062,Standard,https://www.grandinetti.it/en/prodotto/8g1/,"[""https://www.grandinetti.it/wp-content/uploads/2018/12/8G1.jpg""]",[],grandinetti
2063,563,GN_2063,Standard,https://www.grandinetti.it/en/prodotto/8g3/,"[""https://www.grandinetti.it/wp-content/uploads/2018/12/8G3.jpg""]",[],grandinetti
2064,564,GN_2064,Standard,https://www.grandinetti.it/en/prodotto/8h2/,"[""https://www.grandinetti.it/wp-content/uploads/2018/12/8H2.jpg""]",[],grandinetti
2065,565,GN_2065,Standard,https://www.grandinetti.it/en/prodotto/8i6/,"[""https://www.grandinetti.it/wp-content/uploads/2018/12/8I6.jpg""]",[],grandinetti
2066,566,GN_2066,Standard,https://www.grandinetti.it/en/prodotto/8h5/,"[""https://www.grandinetti.it/wp-content/uploads/2018/12/8H5.jpg""]",[],grandinetti
2067,567,GN_2067,Standard,https://www.grandinetti.it/en/prodotto/9f4/,"[""https://www.grandinetti.it/wp-content/uploads/2018/12/9F4.jpg""]",[],grandinetti
2068,568,GN_2068,Standard,https://www.grandinetti.it/en/prodotto/9f3/,"[""https://www.grandinetti.it/wp-content/uploads/2018/12/9F3.jpg""]",[],grandinetti
2069,569,GN_2069,Standard,https://www.grandinetti.it/en/prodotto/2d6/,"[""https://www.grandinetti.it/wp-content/uploads/2018/12/2D6.jpg""]",[],grandinetti
2070,570,GN_2070,Standard,https://www.grandinetti.it/en/prodotto/2f3/,"[""https://www.grandinetti.it/wp-content/uploads/2018/12/2F3.jpg""]",[],grandinetti
2071,571,GN_2071,Standard,https://www.grandinetti.it/en/prodotto/2f6/,"[""https://www.grandinetti.it/wp-content/uploads/2018/12/2F6.jpg""]",[],grandinetti
2072,572,GN_2072,Standard,https://www.grandinetti.it/en/prodotto/2f5/,"[""https://www.grandinetti.it/wp-content/uploads/2018/12/2F5.jpg""]",[],grandinetti
2073,573,GN_2073,Standard,https://www.grandinetti.it/en/prodotto/2f4/,"[""https://www.grandinetti.it/wp-content/uploads/2018/12/2F4.jpg""]",[],grandinetti
2074,574,GN_2074,Standard,https://www.grandinetti.it/en/prodotto/8a3/,"[""https://www.grandinetti.it/wp-content/uploads/2018/12/8A3.jpg""]",[],grandinetti
2075,575,GN_2075,Standard,https://www.grandinetti.it/en/prodotto/13h3/,"[""https://www.grandinetti.it/wp-content/uploads/2018/12/13H3.jpg""]",[],grandinetti
2076,576,GN_2076,Standard,https://www.grandinetti.it/en/prodotto/14d6/,"[""https://www.grandinetti.it/wp-content/uploads/2018/12/14D6.jpg""]",[],grandinetti
2077,577,GN_2077,Standard,https://www.grandinetti.it/en/prodotto/15c5/,"[""https://www.grandinetti.it/wp-content/uploads/2018/12/15C5.jpg""]",[],grandinetti
2078,578,GN_2078,Standard,https://www.grandinetti.it/en/prodotto/15c6/,"[""https://www.grandinetti.it/wp-content/uploads/2018/12/15C6.jpg""]",[],grandinetti
2079,579,GN_2079,Standard,https://www.grandinetti.it/en/prodotto/15b6/,"[""https://www.grandinetti.it/wp-content/uploads/2018/12/15B6.jpg""]",[],grandinetti
2080,580,GN_2080,Standard,https://www.grandinetti.it/en/prodotto/1c4/,"[""https://www.grandinetti.it/wp-content/uploads/2018/12/1C4.jpg""]",[],grandinetti
2081,581,GN_2081,Standard,https://www.grandinetti.it/en/prodotto/2h5/,"[""https://www.grandinetti.it/wp-content/uploads/2018/12/2H5.jpg""]",[],grandinetti
2082,582,GN_2082,Standard,https://www.grandinetti.it/en/prodotto/2i6/,"[""https://www.grandinetti.it/wp-content/uploads/2018/12/2I6.jpg""]",[],grandinetti
2083,583,GN_2083,Standard,https://www.grandinetti.it/en/prodotto/3d5/,"[""https://www.grandinetti.it/wp-content/uploads/2018/12/3D5.jpg""]",[],grandinetti
2084,584,GN_2084,Standard,https://www.grandinetti.it/en/prodotto/12b2/,"[""https://www.grandinetti.it/wp-content/uploads/2018/12/12B2.jpg""]",[],grandinetti
2085,585,GN_2085,Standard,https://www.grandinetti.it/en/prodotto/12c6/,"[""https://www.grandinetti.it/wp-content/uploads/2018/12/12C6.jpg""]",[],grandinetti
2086,586,GN_2086,Standard,https://www.grandinetti.it/en/prodotto/48-grigio/,"[""https://www.grandinetti.it/wp-content/uploads/2018/12/48_grigio.jpg""]",[],grandinetti
2087,587,GN_2087,Standard,https://www.grandinetti.it/en/prodotto/54-nero/,"[""https://www.grandinetti.it/wp-content/uploads/2018/12/54_nero.jpg""]",[],grandinetti
2088,588,GN_2088,Standard,https://www.grandinetti.it/en/prodotto/56-ocra/,"[""https://www.grandinetti.it/wp-content/uploads/2018/12/56_ocra.jpg""]",[],grandinetti
2089,589,GN_2089,Standard,https://www.grandinetti.it/en/prodotto/65-marron/,"[""https://www.grandinetti.it/wp-content/uploads/2018/12/65_marron.jpg""]",[],grandinetti
2090,590,GN_2090,Standard,https://www.grandinetti.it/en/prodotto/a1-cold-gray-2/,"[""https://www.grandinetti.it/wp-content/uploads/2018/12/A1-cold-gray-2016.jpg""]",[],grandinetti
2091,591,GN_2091,Standard,https://www.grandinetti.it/en/prodotto/66-verde-acido/,"[""https://www.grandinetti.it/wp-content/uploads/2018/12/66_verde_acido.jpg""]",[],grandinetti
2092,592,GN_2092,Standard,https://www.grandinetti.it/en/prodotto/a2-cloudy-blue/,"[""https://www.grandinetti.it/wp-content/uploads/2018/12/A2-cloudy-blue-2016.jpg""]",[],grandinetti
2093,593,GN_2093,Standard,https://www.grandinetti.it/en/prodotto/a5-aubergine/,"[""https://www.grandinetti.it/wp-content/uploads/2018/12/A5-aubergine-2016.jpg""]",[],grandinetti
2094,594,GN_2094,Standard,https://www.grandinetti.it/en/prodotto/a3-india-yellow/,"[""https://www.grandinetti.it/wp-content/uploads/2018/12/A3-india-yellow-2016.jpg""]",[],grandinetti
2095,595,GN_2095,Standard,https://www.grandinetti.it/en/prodotto/a6-gray-smoke/,"[""https://www.grandinetti.it/wp-content/uploads/2018/12/A6-gray-smoke-2016.jpg""]",[],grandinetti
2096,596,GN_2096,Standard,https://www.grandinetti.it/en/prodotto/a9-sugar-paper/,"[""https://www.grandinetti.it/wp-content/uploads/2018/12/A9-sugar-paper-2016.jpg""]",[],grandinetti
2097,597,GN_2097,Standard,https://www.grandinetti.it/en/prodotto/a10-white-rope/,"[""https://www.grandinetti.it/wp-content/uploads/2018/12/A10-white-rope-2016.jpg""]",[],grandinetti
2098,598,GN_2098,Standard,https://www.grandinetti.it/en/prodotto/a12-green-wood/,"[""https://www.grandinetti.it/wp-content/uploads/2018/12/A12-green-wood-2016.jpg""]",[],grandinetti
2099,599,GN_2099,Standard,https://www.grandinetti.it/en/prodotto/a11-olive-green/,"[""https://www.grandinetti.it/wp-content/uploads/2018/12/A11-olive-green-2016.jpg""]",[],grandinetti
2100,600,GN_2100,Standard,https://www.grandinetti.it/en/prodotto/a16-white-milk/,"[""https://www.grandinetti.it/wp-content/uploads/2018/12/A16-white-milk-2016.jpg""]",[],grandinetti
2101,601,GN_2101,Standard,https://www.grandinetti.it/en/prodotto/a17-pitch-black/,"[""https://www.grandinetti.it/wp-content/uploads/2018/12/A17-pitch-black-2016.jpg""]",[],grandinetti
2102,602,GN_2102,Standard,https://www.grandinetti.it/en/prodotto/a20-green-hill/,"[""https://www.grandinetti.it/wp-content/uploads/2018/12/A20-green-hill-2016.jpg""]",[],grandinetti
2103,603,GN_2103,Standard,https://www.grandinetti.it/en/prodotto/a18-emerald-green/,"[""https://www.grandinetti.it/wp-content/uploads/2018/12/A18-emerald-green-2016.jpg""]",[],grandinetti
2104,604,GN_2104,Standard,https://www.grandinetti.it/en/prodotto/a21-red-clay/,"[""https://www.grandinetti.it/wp-content/uploads/2018/12/A21-red-clay-2016.jpg""]",[],grandinetti
3000,1833,MI_3000,Neted,https://www.milano-parquet.com/prodotti/listone-maestro-rovere-naturale/,"[""https://milano-parquet.com/wp-content/uploads/2024/11/Listone-maestro-Rovere-Naturale-levigato-free-class.jpg"", ""https://milano-parquet.com/wp-content/uploads/2024/11/PMG3146.jpg""]","[""https://milano-parquet.com/wp-content/uploads/2024/09/Superficie-Spazzolato-Copia-1.png"", ""https://milano-parquet.com/wp-content/uploads/2024/11/Formato-listone-maestro.png""]",milano
3001,1833,MI_3001,Periat,https://www.milano-parquet.com/prodotti/listone-maestro-rovere-naturale-spazzolata/,"[""https://milano-parquet.com/wp-content/uploads/2024/11/Listone-maestro-naturale-spazzolato-free-class.jpg"", ""https://milano-parquet.com/wp-content/uploads/2024/11/PMG3146.jpg""]","[""https://milano-parquet.com/wp-content/uploads/2024/09/Superficie-Spazzolato-Copia-1-1.png"", ""https://milano-parquet.com/wp-content/uploads/2024/11/Formato-listone-maestro.png""]",milano
3002,1834,MI_3002,Neted,https://www.milano-parquet.com/prodotti/listone-maestro-teak/,"[""https://milano-parquet.com/wp-content/uploads/2024/11/Listone-maestro-Doussie-Prima.jpg"", ""https://milano-parquet.com/wp-content/uploads/2024/11/PMG3146.jpg""]","[""https://milano-parquet.com/wp-content/uploads/2024/09/Superficie-Spazzolato-Copia-1.png"", ""https://milano-parquet.com/wp-content/uploads/2024/11/Formato-listone-maestro.png""]",milano
3003,1835,MI_3003,Periat,https://www.milano-parquet.com/prodotti/naturale-eco-ligth/,"[""https://milano-parquet.com/wp-content/uploads/2024/11/Eco-Light.jpg"", ""https://milano-parquet.com/wp-content/uploads/2024/11/PMG3146.jpg""]","[""https://milano-parquet.com/wp-content/uploads/2024/09/Superficie-Spazzolato-Copia-1-1.png"", ""https://milano-parquet.com/wp-content/uploads/2025/04/Formato-listone-eco-ligth.jpg""]",milano
3004,1836,MI_3004,Periat,https://www.milano-parquet.com/prodotti/naturale-new/,"[""https://milano-parquet.com/wp-content/uploads/2025/04/ECO-LIGHT-NATURALE-1.jpg"", ""https://milano-parquet.com/wp-content/uploads/2024/11/PMG3146.jpg""]","[""https://milano-parquet.com/wp-content/uploads/2024/09/Superficie-Spazzolato-Copia-1-1.png"", ""https://milano-parquet.com/wp-content/uploads/2025/04/Formato-listone-eco-ligth.jpg""]",milano
3005,1837,MI_3005,Periat,https://www.milano-parquet.com/prodotti/smoked-new/,"[""https://milano-parquet.com/wp-content/uploads/2025/04/ECO-LIGHT-SMOKED-1.jpg"", ""https://milano-parquet.com/wp-content/uploads/2024/11/PMG3146.jpg""]","[""https://milano-parquet.com/wp-content/uploads/2024/09/Superficie-Spazzolato-Copia-1-1.png"", ""https://milano-parquet.com/wp-content/uploads/2025/04/Formato-listone-eco-ligth.jpg""]",milano
3006,605,MI_3006,Periat,https://www.milano-parquet.com/prodotti/naturalizzato-new/,"[""https://milano-parquet.com/wp-content/uploads/2025/04/ECO-LIGHT-NATURALIZZATO-1.jpg"", ""https://milano-parquet.com/wp-content/uploads/2024/11/PMG3146.jpg""]","[""https://milano-parquet.com/wp-content/uploads/2024/09/Superficie-Spazzolato-Copia-1-1.png"", ""https://milano-parquet.com/wp-content/uploads/2025/04/Formato-listone-eco-ligth.jpg""]",milano
3007,606,MI_3007,Periat,https://www.milano-parquet.com/prodotti/naturale-centocinquanta/,"[""https://milano-parquet.com/wp-content/uploads/2024/10/Centocinquanta-Naturale.jpg"", ""https://milano-parquet.com/wp-content/uploads/2024/10/Centocinquanta-misura-plancia.png"", ""https://milano-parquet.com/wp-content/uploads/2024/11/PMG3146.jpg""]","[""https://milano-parquet.com/wp-content/uploads/2024/09/Superficie-Spazzolato-Copia-1-1.png""]",milano
3008,607,MI_3008,Periat,https://www.milano-parquet.com/prodotti/naturalizzato-centocinquanta/,"[""https://milano-parquet.com/wp-content/uploads/2024/10/Centocinquanta-Naturalizzato.jpg"", ""https://milano-parquet.com/wp-content/uploads/2024/10/Centocinquanta-misura-plancia.png"", ""https://milano-parquet.com/wp-content/uploads/2024/11/PMG3146.jpg""]","[""https://milano-parquet.com/wp-content/uploads/2024/09/Superficie-Spazzolato-Copia-1-1.png""]",milano
3009,608,MI_3009,Periat,https://www.milano-parquet.com/prodotti/smoked-centocinquanta/,"[""https://milano-parquet.com/wp-content/uploads/2024/10/Centocinquanta-Smoked.jpg"", ""https://milano-parquet.com/wp-content/uploads/2024/10/Centocinquanta-misura-plancia.png"", ""https://milano-parquet.com/wp-content/uploads/2024/11/PMG3146.jpg""]","[""https://milano-parquet.com/wp-content/uploads/2024/09/Superficie-Spazzolato-Copia-1-1.png""]",milano
3010,609,MI_3010,Periat,https://www.milano-parquet.com/prodotti/grey-centocinquanta/,"[""https://milano-parquet.com/wp-content/uploads/2024/10/Centocinquanta-Grey.jpg"", ""https://milano-parquet.com/wp-content/uploads/2024/10/Centocinquanta-misura-plancia.png"", ""https://milano-parquet.com/wp-content/uploads/2024/11/PMG3146.jpg""]","[""https://milano-parquet.com/wp-content/uploads/2024/09/Superficie-Spazzolato-Copia-1-1.png""]",milano
3011,610,MI_3011,Free Class,https://www.milano-parquet.com/prodotti/naturale-sc-free-class/,"[""https://milano-parquet.com/wp-content/uploads/2024/10/Ecowood-Plancia-Naturale-free-class.jpg"", ""https://milano-parquet.com/wp-content/uploads/2024/10/Plancia-ecowood.png"", ""https://milano-parquet.com/wp-content/uploads/2024/11/PMG3146.jpg""]","[""https://milano-parquet.com/wp-content/uploads/2024/09/Superficie-Spazzolato-Copia-1-1.png""]",milano
3012,610,MI_3012,Natur,https://www.milano-parquet.com/prodotti/naturale-sc-natur/,"[""https://milano-parquet.com/wp-content/uploads/2024/10/Ecowood-Plancia-Naturale-natur.jpg"", ""https://milano-parquet.com/wp-content/uploads/2024/10/Plancia-ecowood.png"", ""https://milano-parquet.com/wp-content/uploads/2024/11/PMG3146.jpg""]","[""https://milano-parquet.com/wp-content/uploads/2024/09/Superficie-Spazzolato-Copia-1-1.png""]",milano
3013,611,MI_3013,Free Class,https://www.milano-parquet.com/prodotti/naturalizzato-sc-free-class/,"[""https://milano-parquet.com/wp-content/uploads/2024/10/Ecowood-Plancia-Naturalizzato-free-class.jpg"", ""https://milano-parquet.com/wp-content/uploads/2024/10/Plancia-ecowood.png"", ""https://milano-parquet.com/wp-content/uploads/2024/11/PMG3146.jpg""]","[""https://milano-parquet.com/wp-content/uploads/2024/09/Superficie-Spazzolato-Copia-1-1.png""]",milano
3014,611,MI_3014,Natur,https://www.milano-parquet.com/prodotti/naturalizzato-sc-natur/,"[""https://milano-parquet.com/wp-content/uploads/2024/10/Ecowood-Plancia-Naturalizzato-natur.jpg"", ""https://milano-parquet.com/wp-content/uploads/2024/10/Plancia-ecowood.png"", ""https://milano-parquet.com/wp-content/uploads/2024/11/PMG3146.jpg""]","[""https://milano-parquet.com/wp-content/uploads/2024/09/Superficie-Spazzolato-Copia-1-1.png""]",milano
3015,612,MI_3015,Free Class,https://www.milano-parquet.com/prodotti/smoked-sc-free-class/,"[""https://milano-parquet.com/wp-content/uploads/2024/10/Ecowood-Plancia-Smoked-free-class.jpg"", ""https://milano-parquet.com/wp-content/uploads/2024/10/Plancia-ecowood.png"", ""https://milano-parquet.com/wp-content/uploads/2024/11/PMG3146.jpg""]","[""https://milano-parquet.com/wp-content/uploads/2024/09/Superficie-Spazzolato-Copia-1-1.png""]",milano
3016,612,MI_3016,Natur,https://www.milano-parquet.com/prodotti/smoked-sc-natur/,"[""https://milano-parquet.com/wp-content/uploads/2024/10/Ecowood-Plancia-smoked-natur.jpg"", ""https://milano-parquet.com/wp-content/uploads/2024/10/Plancia-ecowood.png"", ""https://milano-parquet.com/wp-content/uploads/2024/11/PMG3146.jpg""]","[""https://milano-parquet.com/wp-content/uploads/2024/09/Superficie-Spazzolato-Copia-1-1.png""]",milano
3017,613,MI_3017,Periat,https://www.milano-parquet.com/prodotti/noce-americano-free-class/,"[""https://milano-parquet.com/wp-content/uploads/2024/10/Tavole-del-Nord-Noce-americano.jpg"", ""https://milano-parquet.com/wp-content/uploads/2024/11/PMG3146.jpg""]","[""https://milano-parquet.com/wp-content/uploads/2024/09/Superficie-Spazzolato-Copia-1-1.png"", ""https://milano-parquet.com/wp-content/uploads/2024/10/Formato-listone-tdn-noce.png""]",milano
3018,614,MI_3018,Periat,https://www.milano-parquet.com/prodotti/noce-europeo-free-class/,"[""https://milano-parquet.com/wp-content/uploads/2024/10/Tavole-del-Nord-Noce-europeo-plancia-H2o.jpg"", ""https://milano-parquet.com/wp-content/uploads/2024/11/PMG3146.jpg""]","[""https://milano-parquet.com/wp-content/uploads/2024/09/Superficie-Spazzolato-Copia-1-1.png"", ""https://milano-parquet.com/wp-content/uploads/2024/10/Formato-listone-tdn-noce.png""]",milano
3019,615,MI_3019,Periat,https://www.milano-parquet.com/prodotti/frassino-free-class/,"[""https://milano-parquet.com/wp-content/uploads/2024/10/Tavole-del-Nord-Frassino-sbiancato.jpg"", ""https://milano-parquet.com/wp-content/uploads/2024/11/misure-tdn-spine90.png"", ""https://milano-parquet.com/wp-content/uploads/2024/11/misure-ilwduomo-spina90.png"", ""https://milano-parquet.com/wp-content/uploads/2024/11/misure-tdn-chevron45.png.png"", ""https://milano-parquet.com/wp-content/uploads/2024/11/misure-tdn-chevron45-maxi.png"", ""https://milano-parquet.com/wp-content/uploads/2024/11/misure-tdn-chevron60.png"", ""https://milano-parquet.com/wp-content/uploads/2024/11/misure-tdn-chevron60-maxi.png"", ""https://milano-parquet.com/wp-content/uploads/2024/11/PMG3146.jpg""]","[""https://milano-parquet.com/wp-content/uploads/2024/09/Superficie-Spazzolato-Copia-1-1.png"", ""https://milano-parquet.com/wp-content/uploads/2024/10/Formato-listone-tdn-larice.png""]",milano
3020,616,MI_3020,Periat,https://www.milano-parquet.com/prodotti/praga-natur/,"[""https://milano-parquet.com/wp-content/uploads/2024/10/Tavole-del-Nord-Praga.jpg"", ""https://milano-parquet.com/wp-content/uploads/2024/11/misure-tdn-spine90.png"", ""https://milano-parquet.com/wp-content/uploads/2024/11/misure-tdn-spine90-maxi.png"", ""https://milano-parquet.com/wp-content/uploads/2024/11/misure-tdn-chevron45.png.png"", ""https://milano-parquet.com/wp-content/uploads/2024/11/misure-tdn-chevron45-maxi.png"", ""https://milano-parquet.com/wp-content/uploads/2024/11/misure-tdn-chevron60.png"", ""https://milano-parquet.com/wp-content/uploads/2024/11/misure-tdn-chevron60-maxi.png"", ""https://milano-parquet.com/wp-content/uploads/2024/11/PMG3146.jpg""]","[""https://milano-parquet.com/wp-content/uploads/2024/09/Superficie-Spazzolato-Copia-1-1.png"", ""https://milano-parquet.com/wp-content/uploads/2024/10/Formato-listone-tdn-Rovere.png""]",milano
3021,617,MI_3021,Patinat,https://www.milano-parquet.com/prodotti/kiev-naturale-natur/,"[""https://milano-parquet.com/wp-content/uploads/2024/10/Tavole-del-Nord-Kiev-naturale.jpg"", ""https://milano-parquet.com/wp-content/uploads/2024/11/misure-tdn-spine90.png"", ""https://milano-parquet.com/wp-content/uploads/2024/11/misure-tdn-spine90-maxi.png"", ""https://milano-parquet.com/wp-content/uploads/2024/11/misure-tdn-chevron45.png.png"", ""https://milano-parquet.com/wp-content/uploads/2024/11/misure-tdn-chevron45-maxi.png"", ""https://milano-parquet.com/wp-content/uploads/2024/11/misure-tdn-chevron60.png"", ""https://milano-parquet.com/wp-content/uploads/2024/11/misure-tdn-chevron60-maxi.png"", ""https://milano-parquet.com/wp-content/uploads/2024/11/PMG3146.jpg""]","[""https://milano-parquet.com/wp-content/uploads/2024/09/Superficie-Spazzolato-Copia-1-5.png"", ""https://milano-parquet.com/wp-content/uploads/2024/10/Formato-listone-tdn-larice.png""]",milano
3022,618,MI_3022,Free Class,https://www.milano-parquet.com/prodotti/naturale-free-class/,"[""https://milano-parquet.com/wp-content/uploads/2024/10/ILW-Free-Class-naturale.jpg"", ""https://milano-parquet.com/wp-content/uploads/2024/11/misure-ilwduomo-spina90.png"", ""https://milano-parquet.com/wp-content/uploads/2024/11/PMG3146.jpg""]","[""https://milano-parquet.com/wp-content/uploads/2024/09/Superficie-Spazzolato-Copia-1-1.png"", ""https://milano-parquet.com/wp-content/uploads/2024/10/Formato-1-listone-ilw-duomo.png""]",milano
3023,619,MI_3023,Free Class,https://www.milano-parquet.com/prodotti/naturalizzato-free-class/,"[""https://milano-parquet.com/wp-content/uploads/2024/10/ILW-Duomo-Free-Class-naturalizzato.jpg"", ""https://milano-parquet.com/wp-content/uploads/2024/11/misure-ilwduomo-spina90.png"", ""https://milano-parquet.com/wp-content/uploads/2024/11/PMG3146.jpg""]","[""https://milano-parquet.com/wp-content/uploads/2024/09/Superficie-Spazzolato-Copia-1-1.png"", ""https://milano-parquet.com/wp-content/uploads/2024/10/Formato-1-listone-ilw-duomo.png""]",milano
3024,620,MI_3024,Free Class,https://www.milano-parquet.com/prodotti/light-smoked-free-class/,"[""https://milano-parquet.com/wp-content/uploads/2024/11/ILW-plancia-light-smoked-free-class.jpg"", ""https://milano-parquet.com/wp-content/uploads/2024/11/misure-ilwduomo-spina90.png"", ""https://milano-parquet.com/wp-content/uploads/2024/11/PMG3146.jpg""]","[""https://milano-parquet.com/wp-content/uploads/2024/09/Superficie-Spazzolato-Copia-1-1.png"", ""https://milano-parquet.com/wp-content/uploads/2024/10/Formato-1-listone-ilw-duomo.png""]",milano
3025,618,MI_3025,Natur,https://www.milano-parquet.com/prodotti/naturale-natur-2/,"[""https://milano-parquet.com/wp-content/uploads/2024/10/ILW-Duomo-naturale-natur-Largo-200.jpg"", ""https://milano-parquet.com/wp-content/uploads/2024/11/misure-ilwduomo-spina90.png"", ""https://milano-parquet.com/wp-content/uploads/2024/11/PMG3146.jpg""]","[""https://milano-parquet.com/wp-content/uploads/2024/09/Superficie-Spazzolato-Copia-1-1.png"", ""https://milano-parquet.com/wp-content/uploads/2024/10/Formato-1-listone-ilw-duomo.png""]",milano
3026,620,MI_3026,Natur,https://www.milano-parquet.com/prodotti/light-smoked-natur/,"[""https://milano-parquet.com/wp-content/uploads/2024/10/ILW-plancia-light-smoked-Natur.jpg"", ""https://milano-parquet.com/wp-content/uploads/2024/10/spina-ilw.png"", ""https://milano-parquet.com/wp-content/uploads/2024/11/PMG3146.jpg""]","[""https://milano-parquet.com/wp-content/uploads/2024/09/Superficie-Spazzolato-Copia-1-1.png"", ""https://milano-parquet.com/wp-content/uploads/2024/10/Formato-1-listone-ilw-duomo.png""]",milano
3027,621,MI_3027,Prelucrat Manual,https://www.milano-parquet.com/prodotti/naturale/,"[""https://milano-parquet.com/wp-content/uploads/2024/10/Casale-220-Naturale.jpg"", ""https://milano-parquet.com/wp-content/uploads/2024/11/misure-spine-90-casale-220.png"", ""https://milano-parquet.com/wp-content/uploads/2024/11/misure-spine-90-maxi-casale-220.png"", ""https://milano-parquet.com/wp-content/uploads/2024/11/misure-chevron-45-casale-220.png"", ""https://milano-parquet.com/wp-content/uploads/2024/11/misure-chevron-maxi-45-casale-220.png"", ""https://milano-parquet.com/wp-content/uploads/2024/11/misure-chevron-60-casale-220.png"", ""https://milano-parquet.com/wp-content/uploads/2024/11/misure-chevron-maxi-60-casale-220.png"", ""https://milano-parquet.com/wp-content/uploads/2024/11/PMG3146.jpg""]","[""https://milano-parquet.com/wp-content/uploads/2024/09/Superficie-Spazzolato-Copia-1-4.png"", ""https://milano-parquet.com/wp-content/uploads/2024/10/Formato-listone-casale.png""]",milano
3028,622,MI_3028,Prelucrat Manual,https://www.milano-parquet.com/prodotti/brenta-natur/,"[""https://milano-parquet.com/wp-content/uploads/2024/10/Casale-220-Zara.jpg"", ""https://milano-parquet.com/wp-content/uploads/2024/11/misure-spine-90-casale-220.png"", ""https://milano-parquet.com/wp-content/uploads/2024/11/misure-spine-90-maxi-casale-220.png"", ""https://milano-parquet.com/wp-content/uploads/2024/11/misure-chevron-45-casale-220.png"", ""https://milano-parquet.com/wp-content/uploads/2024/11/misure-chevron-maxi-45-casale-220.png"", ""https://milano-parquet.com/wp-content/uploads/2024/11/misure-chevron-60-casale-220.png"", ""https://milano-parquet.com/wp-content/uploads/2024/11/misure-chevron-maxi-60-casale-220.png"", ""https://milano-parquet.com/wp-content/uploads/2024/11/PMG3146.jpg""]","[""https://milano-parquet.com/wp-content/uploads/2024/09/Superficie-Spazzolato-Copia-1-4.png"", ""https://milano-parquet.com/wp-content/uploads/2024/10/Formato-listone-casale.png""]",milano
3029,623,MI_3029,Sablat,https://www.milano-parquet.com/prodotti/frattini-natur/,"[""https://milano-parquet.com/wp-content/uploads/2024/10/Casale-220-Frattini.jpg"", ""https://milano-parquet.com/wp-content/uploads/2024/11/misure-spine-90-casale-220.png"", ""https://milano-parquet.com/wp-content/uploads/2024/11/misure-spine-90-maxi-casale-220.png"", ""https://milano-parquet.com/wp-content/uploads/2024/11/misure-chevron-45-casale-220.png"", ""https://milano-parquet.com/wp-content/uploads/2024/11/misure-chevron-maxi-45-casale-220.png"", ""https://milano-parquet.com/wp-content/uploads/2024/11/misure-chevron-60-casale-220.png"", ""https://milano-parquet.com/wp-content/uploads/2024/11/misure-chevron-maxi-60-casale-220.png"", ""https://milano-parquet.com/wp-content/uploads/2024/11/PMG3146.jpg""]","[""https://milano-parquet.com/wp-content/uploads/2024/09/Superficie-Spazzolato-Copia-1-2.png"", ""https://milano-parquet.com/wp-content/uploads/2024/10/Formato-listone-casale.png""]",milano
3030,624,MI_3030,Sablat,https://www.milano-parquet.com/prodotti/bolivar-natur/,"[""https://milano-parquet.com/wp-content/uploads/2024/10/Casale-220-Bolivar.jpg"", ""https://milano-parquet.com/wp-content/uploads/2024/11/misure-spine-90-casale-220.png"", ""https://milano-parquet.com/wp-content/uploads/2024/11/misure-spine-90-maxi-casale-220.png"", ""https://milano-parquet.com/wp-content/uploads/2024/11/misure-chevron-45-casale-220.png"", ""https://milano-parquet.com/wp-content/uploads/2024/11/misure-chevron-maxi-45-casale-220.png"", ""https://milano-parquet.com/wp-content/uploads/2024/11/misure-chevron-60-casale-220.png"", ""https://milano-parquet.com/wp-content/uploads/2024/11/misure-chevron-maxi-60-casale-220.png"", ""https://milano-parquet.com/wp-content/uploads/2024/11/PMG3146.jpg""]","[""https://milano-parquet.com/wp-content/uploads/2024/09/Superficie-Spazzolato-Copia-1-2.png"", ""https://milano-parquet.com/wp-content/uploads/2024/10/Formato-listone-casale.png""]",milano
3031,625,MI_3031,Prelucrat Manual,https://www.milano-parquet.com/prodotti/missori-natur/,"[""https://milano-parquet.com/wp-content/uploads/2024/10/Casale-220-Missori.jpg"", ""https://milano-parquet.com/wp-content/uploads/2024/11/misure-spine-90-casale-220.png"", ""https://milano-parquet.com/wp-content/uploads/2024/11/misure-spine-90-maxi-casale-220.png"", ""https://milano-parquet.com/wp-content/uploads/2024/11/misure-chevron-45-casale-220.png"", ""https://milano-parquet.com/wp-content/uploads/2024/11/misure-chevron-maxi-45-casale-220.png"", ""https://milano-parquet.com/wp-content/uploads/2024/11/misure-chevron-60-casale-220.png"", ""https://milano-parquet.com/wp-content/uploads/2024/11/misure-chevron-maxi-60-casale-220.png"", ""https://milano-parquet.com/wp-content/uploads/2024/11/PMG3146.jpg""]","[""https://milano-parquet.com/wp-content/uploads/2024/09/Superficie-Spazzolato-Copia-1-4.png"", ""https://milano-parquet.com/wp-content/uploads/2024/10/Formato-listone-casale.png""]",milano
3032,626,MI_3032,Free Class,https://www.milano-parquet.com/prodotti/wagner-free-class/,"[""https://milano-parquet.com/wp-content/uploads/2024/08/Wagner-Free-Class.png"", ""https://milano-parquet.com/wp-content/uploads/2024/08/Group-30-1.png"", ""https://milano-parquet.com/wp-content/uploads/2024/10/spine-90-casaline.png"", ""https://milano-parquet.com/wp-content/uploads/2024/10/spine-90-maxi-casaline190.png"", ""https://milano-parquet.com/wp-content/uploads/2024/10/misure-chevron45-casale190.png"", ""https://milano-parquet.com/wp-content/uploads/2024/10/misure-chevron45-maxi-casale190.png"", ""https://milano-parquet.com/wp-content/uploads/2024/10/misure-chevron60-casale190.png"", ""https://milano-parquet.com/wp-content/uploads/2024/10/misure-chevron60maxi-casaline190.png"", ""https://milano-parquet.com/wp-content/uploads/2024/11/PMG3146.jpg""]",[],milano
3033,626,MI_3033,Rustic,https://www.milano-parquet.com/prodotti/wagner-rustic/,"[""https://milano-parquet.com/wp-content/uploads/2024/08/Casaline-Wagner-rustic.jpg"", ""https://milano-parquet.com/wp-content/uploads/2024/08/Group-30-1.png"", ""https://milano-parquet.com/wp-content/uploads/2024/10/spine-90-casaline.png"", ""https://milano-parquet.com/wp-content/uploads/2024/10/spine-90-maxi-casaline190.png"", ""https://milano-parquet.com/wp-content/uploads/2024/10/misure-chevron45-casale190.png"", ""https://milano-parquet.com/wp-content/uploads/2024/10/misure-chevron45-maxi-casale190.png"", ""https://milano-parquet.com/wp-content/uploads/2024/10/misure-chevron60-casale190.png"", ""https://milano-parquet.com/wp-content/uploads/2024/10/misure-chevron60maxi-casaline190.png"", ""https://milano-parquet.com/wp-content/uploads/2024/11/PMG3146.jpg""]",[],milano
3034,627,MI_3034,Natur,https://www.milano-parquet.com/prodotti/bisceglie-natur/,"[""https://milano-parquet.com/wp-content/uploads/2024/08/Casaline-Bisceglie-natur.jpg"", ""https://milano-parquet.com/wp-content/uploads/2024/08/Group-30-1.png"", ""https://milano-parquet.com/wp-content/uploads/2024/10/spine-90-casaline.png"", ""https://milano-parquet.com/wp-content/uploads/2024/10/spine-90-maxi-casaline190.png"", ""https://milano-parquet.com/wp-content/uploads/2024/10/misure-chevron45-casale190.png"", ""https://milano-parquet.com/wp-content/uploads/2024/10/misure-chevron45-maxi-casale190.png"", ""https://milano-parquet.com/wp-content/uploads/2024/10/misure-chevron60-casale190.png"", ""https://milano-parquet.com/wp-content/uploads/2024/10/misure-chevron60maxi-casaline190.png"", ""https://milano-parquet.com/wp-content/uploads/2024/11/PMG3146.jpg""]",[],milano
3035,628,MI_3035,Natur,https://www.milano-parquet.com/prodotti/smoked-natur/,"[""https://milano-parquet.com/wp-content/uploads/2024/08/Casaline-Smoked-natur.jpg"", ""https://milano-parquet.com/wp-content/uploads/2024/08/Group-30-1.png"", ""https://milano-parquet.com/wp-content/uploads/2024/10/spine-90-casaline.png"", ""https://milano-parquet.com/wp-content/uploads/2024/10/spine-90-maxi-casaline190.png"", ""https://milano-parquet.com/wp-content/uploads/2024/10/misure-chevron45-casale190.png"", ""https://milano-parquet.com/wp-content/uploads/2024/10/misure-chevron45-maxi-casale190.png"", ""https://milano-parquet.com/wp-content/uploads/2024/10/misure-chevron60-casale190.png"", ""https://milano-parquet.com/wp-content/uploads/2024/10/misure-chevron60maxi-casaline190.png"", ""https://milano-parquet.com/wp-content/uploads/2024/11/PMG3146.jpg""]",[],milano
3036,628,MI_3036,Free Class,https://www.milano-parquet.com/prodotti/smoked-free-class/,"[""https://milano-parquet.com/wp-content/uploads/2024/08/Casaline-Smoked-free-class.jpg"", ""https://milano-parquet.com/wp-content/uploads/2024/08/Group-30-1.png"", ""https://milano-parquet.com/wp-content/uploads/2024/10/spine-90-casaline.png"", ""https://milano-parquet.com/wp-content/uploads/2024/10/spine-90-maxi-casaline190.png"", ""https://milano-parquet.com/wp-content/uploads/2024/10/misure-chevron45-casale190.png"", ""https://milano-parquet.com/wp-content/uploads/2024/10/misure-chevron45-maxi-casale190.png"", ""https://milano-parquet.com/wp-content/uploads/2024/10/misure-chevron60-casale190.png"", ""https://milano-parquet.com/wp-content/uploads/2024/10/misure-chevron60maxi-casaline190.png"", ""https://milano-parquet.com/wp-content/uploads/2024/11/PMG3146.jpg""]",[],milano
3037,629,MI_3037,Natur,https://www.milano-parquet.com/prodotti/buonarroti-natur/,"[""https://milano-parquet.com/wp-content/uploads/2024/08/Casaline-Buonarroti-natur.jpg"", ""https://milano-parquet.com/wp-content/uploads/2024/08/Group-30-1.png"", ""https://milano-parquet.com/wp-content/uploads/2024/10/spine-90-casaline.png"", ""https://milano-parquet.com/wp-content/uploads/2024/10/spine-90-maxi-casaline190.png"", ""https://milano-parquet.com/wp-content/uploads/2024/10/misure-chevron45-casale190.png"", ""https://milano-parquet.com/wp-content/uploads/2024/10/misure-chevron45-maxi-casale190.png"", ""https://milano-parquet.com/wp-content/uploads/2024/10/misure-chevron60-casale190.png"", ""https://milano-parquet.com/wp-content/uploads/2024/10/misure-chevron60maxi-casaline190.png"", ""https://milano-parquet.com/wp-content/uploads/2024/11/PMG3146.jpg""]",[],milano
3038,629,MI_3038,Free Class,https://www.milano-parquet.com/prodotti/buonarroti-free-class/,"[""https://milano-parquet.com/wp-content/uploads/2024/08/Casaline-Buonarroti-free-class.jpg"", ""https://milano-parquet.com/wp-content/uploads/2024/08/Group-30-1.png"", ""https://milano-parquet.com/wp-content/uploads/2024/10/spine-90-casaline.png"", ""https://milano-parquet.com/wp-content/uploads/2024/10/spine-90-maxi-casaline190.png"", ""https://milano-parquet.com/wp-content/uploads/2024/10/misure-chevron45-casale190.png"", ""https://milano-parquet.com/wp-content/uploads/2024/10/misure-chevron45-maxi-casale190.png"", ""https://milano-parquet.com/wp-content/uploads/2024/10/misure-chevron60-casale190.png"", ""https://milano-parquet.com/wp-content/uploads/2024/10/misure-chevron60maxi-casaline190.png"", ""https://milano-parquet.com/wp-content/uploads/2024/11/PMG3146.jpg""]",[],milano
3039,629,MI_3039,Rustic,https://www.milano-parquet.com/prodotti/buonarroti-rustic/,"[""https://milano-parquet.com/wp-content/uploads/2024/08/Casaline-Buonarroti-rustic.jpg"", ""https://milano-parquet.com/wp-content/uploads/2024/08/Group-30-1.png"", ""https://milano-parquet.com/wp-content/uploads/2024/10/spine-90-casaline.png"", ""https://milano-parquet.com/wp-content/uploads/2024/10/spine-90-maxi-casaline190.png"", ""https://milano-parquet.com/wp-content/uploads/2024/10/misure-chevron45-casale190.png"", ""https://milano-parquet.com/wp-content/uploads/2024/10/misure-chevron45-maxi-casale190.png"", ""https://milano-parquet.com/wp-content/uploads/2024/10/misure-chevron60-casale190.png"", ""https://milano-parquet.com/wp-content/uploads/2024/10/misure-chevron60maxi-casaline190.png"", ""https://milano-parquet.com/wp-content/uploads/2024/11/PMG3146.jpg""]",[],milano
3040,630,MI_3040,Free Class,https://www.milano-parquet.com/prodotti/wagner-n-free-class/,"[""https://milano-parquet.com/wp-content/uploads/2024/08/Casaline-Wagner-N-free-class.jpg"", ""https://milano-parquet.com/wp-content/uploads/2024/08/Group-30-1.png"", ""https://milano-parquet.com/wp-content/uploads/2024/10/spine-90-casaline.png"", ""https://milano-parquet.com/wp-content/uploads/2024/10/spine-90-maxi-casaline190.png"", ""https://milano-parquet.com/wp-content/uploads/2024/10/misure-chevron45-casale190.png"", ""https://milano-parquet.com/wp-content/uploads/2024/10/misure-chevron45-maxi-casale190.png"", ""https://milano-parquet.com/wp-content/uploads/2024/10/misure-chevron60-casale190.png"", ""https://milano-parquet.com/wp-content/uploads/2024/10/misure-chevron60maxi-casaline190.png"", ""https://milano-parquet.com/wp-content/uploads/2024/11/PMG3146.jpg""]",[],milano
3041,630,MI_3041,Rustic,https://www.milano-parquet.com/prodotti/wagner-n-rustic/,"[""https://milano-parquet.com/wp-content/uploads/2024/08/Casaline-Wagner-N-rustic.jpg"", ""https://milano-parquet.com/wp-content/uploads/2024/08/Group-30-1.png"", ""https://milano-parquet.com/wp-content/uploads/2024/10/spine-90-casaline.png"", ""https://milano-parquet.com/wp-content/uploads/2024/10/spine-90-maxi-casaline190.png"", ""https://milano-parquet.com/wp-content/uploads/2024/10/misure-chevron45-casale190.png"", ""https://milano-parquet.com/wp-content/uploads/2024/10/misure-chevron45-maxi-casale190.png"", ""https://milano-parquet.com/wp-content/uploads/2024/10/misure-chevron60-casale190.png"", ""https://milano-parquet.com/wp-content/uploads/2024/10/misure-chevron60maxi-casaline190.png"", ""https://milano-parquet.com/wp-content/uploads/2024/11/PMG3146.jpg""]",[],milano
3042,631,MI_3042,Natur,https://www.milano-parquet.com/prodotti/spina-90-rovere-naturale-natur/,"[""https://milano-parquet.com/wp-content/uploads/2024/12/1-Spina-90°-Rovere-Naturale-levigata-spigolo-vivo-mm-10x70x490-sc.-Natur.jpg"", ""https://milano-parquet.com/wp-content/uploads/2024/11/PMG3146.jpg""]","[""https://milano-parquet.com/wp-content/uploads/2024/09/Superficie-Spazzolato-Copia-1.png"", ""https://milano-parquet.com/wp-content/uploads/2024/12/formato-spine-90.png""]",milano
3043,631,MI_3043,Prima,https://www.milano-parquet.com/prodotti/spina-90-rovere-naturale-prima/,"[""https://milano-parquet.com/wp-content/uploads/2024/12/2-Spina-90°-Rovere-Naturale-levigata-spigolo-vivo-mm-10x70x490-sc.-Prima.jpg"", ""https://milano-parquet.com/wp-content/uploads/2024/11/PMG3146.jpg""]","[""https://milano-parquet.com/wp-content/uploads/2024/09/Superficie-Spazzolato-Copia-1.png"", ""https://milano-parquet.com/wp-content/uploads/2024/12/formato-spine-90.png""]",milano
3044,632,MI_3044,Prima,https://www.milano-parquet.com/prodotti/spina-90-rovere-naturale-prima-55x500/,"[""https://milano-parquet.com/wp-content/uploads/2024/12/9-Spina-90°-Rovere-Naturale-mm-10x55x500-sc.-Prima.jpg"", ""https://milano-parquet.com/wp-content/uploads/2024/11/PMG3146.jpg""]","[""https://milano-parquet.com/wp-content/uploads/2024/09/Superficie-Spazzolato-Copia-1-1.png"", ""https://milano-parquet.com/wp-content/uploads/2024/12/formato-spine-90-55X500.png""]",milano
3045,633,MI_3045,Natur,https://www.milano-parquet.com/prodotti/spina-90-rovere-naturale-natur-90x600/,"[""https://milano-parquet.com/wp-content/uploads/2024/12/12-Spina-90°-Rovere-Naturale-14x90x600-ca.-sc.Natur_.jpg"", ""https://milano-parquet.com/wp-content/uploads/2024/11/PMG3146.jpg""]","[""https://milano-parquet.com/wp-content/uploads/2024/09/Superficie-Spazzolato-Copia-1-1.png"", ""https://milano-parquet.com/wp-content/uploads/2024/12/formato-spine-90-90X600.png""]",milano
3046,633,MI_3046,Prima,https://www.milano-parquet.com/prodotti/spina-90-rovere-naturale-prima-90x600/,"[""https://milano-parquet.com/wp-content/uploads/2024/12/14-Spina-90°-Rovere-Naturale-mm-11x90x600-sc.-Prima.jpg"", ""https://milano-parquet.com/wp-content/uploads/2024/11/PMG3146.jpg""]","[""https://milano-parquet.com/wp-content/uploads/2024/09/Superficie-Spazzolato-Copia-1-1.png"", ""https://milano-parquet.com/wp-content/uploads/2024/12/formato-spine-90-90X600.png""]",milano
3047,634,MI_3047,Natur,https://www.milano-parquet.com/prodotti/spina-90-rovere-naturale-natur-2/,"[""https://milano-parquet.com/wp-content/uploads/2024/12/3-Spina-90°-Rovere-Naturale-mm-10x70x490-sc.-Natur.jpg"", ""https://milano-parquet.com/wp-content/uploads/2024/11/PMG3146.jpg""]","[""https://milano-parquet.com/wp-content/uploads/2024/09/Superficie-Spazzolato-Copia-1-1.png"", ""https://milano-parquet.com/wp-content/uploads/2024/12/formato-spine-90.png""]",milano
3048,634,MI_3048,Prima,https://www.milano-parquet.com/prodotti/spina-90-rovere-naturale-prima-2/,"[""https://milano-parquet.com/wp-content/uploads/2024/12/4-Spina-90°-Rovere-Naturale-mm-10x70x490-sc.-Prima.jpg"", ""https://milano-parquet.com/wp-content/uploads/2024/11/PMG3146.jpg""]","[""https://milano-parquet.com/wp-content/uploads/2024/09/Superficie-Spazzolato-Copia-1-1.png"", ""https://milano-parquet.com/wp-content/uploads/2024/12/formato-spine-90.png""]",milano
3049,635,MI_3049,Natur,https://www.milano-parquet.com/prodotti/spina-90-rovere-naturalizzato-natur/,"[""https://milano-parquet.com/wp-content/uploads/2024/12/5-Spina90°-Rovere-Naturalizzato-mm-10x70x490-sc.-Natur.jpg"", ""https://milano-parquet.com/wp-content/uploads/2024/11/PMG3146.jpg""]","[""https://milano-parquet.com/wp-content/uploads/2024/09/Superficie-Spazzolato-Copia-1-1.png"", ""https://milano-parquet.com/wp-content/uploads/2024/12/formato-spine-90.png""]",milano
3050,635,MI_3050,Prima,https://www.milano-parquet.com/prodotti/spina-90-rovere-naturalizzato-prima/,"[""https://milano-parquet.com/wp-content/uploads/2024/12/6-Spina-90°-Rovere-Naturalizzato-mm-10x70x490-sc.-Prima.jpg"", ""https://milano-parquet.com/wp-content/uploads/2024/11/PMG3146.jpg""]","[""https://milano-parquet.com/wp-content/uploads/2024/09/Superficie-Spazzolato-Copia-1-1.png"", ""https://milano-parquet.com/wp-content/uploads/2024/12/formato-spine-90.png""]",milano
3051,636,MI_3051,Prima,https://www.milano-parquet.com/prodotti/spina-90-rovere-naturalizzato-prima-55x500/,"[""https://milano-parquet.com/wp-content/uploads/2024/12/10-Spina-90°-Rovere-Naturalizzato-mm-10x55x500-sc.-Prima.jpg"", ""https://milano-parquet.com/wp-content/uploads/2024/11/PMG3146.jpg""]","[""https://milano-parquet.com/wp-content/uploads/2024/09/Superficie-Spazzolato-Copia-1-1.png"", ""https://milano-parquet.com/wp-content/uploads/2024/12/formato-spine-90-55X500.png""]",milano
3052,637,MI_3052,Natur,https://www.milano-parquet.com/prodotti/spina-90-rovere-naturalizzato-natur-90x600/,"[""https://milano-parquet.com/wp-content/uploads/2024/12/13-Spina-90°-Rovere-Naturalizzato-mm-14x90x600-ca.-Naturjpg.jpg"", ""https://milano-parquet.com/wp-content/uploads/2024/11/PMG3146.jpg""]","[""https://milano-parquet.com/wp-content/uploads/2024/09/Superficie-Spazzolato-Copia-1-1.png"", ""https://milano-parquet.com/wp-content/uploads/2024/12/formato-spine-90-90X600.png""]",milano
3053,638,MI_3053,Prima,https://www.milano-parquet.com/prodotti/spina-90-rovere-light-smoked-prima/,"[""https://milano-parquet.com/wp-content/uploads/2024/12/7-Spina-90°-Rovere-Light-Smoked-mm-10x70x490-sc.-Prima.jpg"", ""https://milano-parquet.com/wp-content/uploads/2024/11/PMG3146.jpg""]","[""https://milano-parquet.com/wp-content/uploads/2024/09/Superficie-Spazzolato-Copia-1-1.png"", ""https://milano-parquet.com/wp-content/uploads/2024/12/formato-spine-90.png""]",milano
3054,639,MI_3054,Periat • Muchie Teșită,https://www.milano-parquet.com/prodotti/spina-90-rovere-light-smoked-prima-90x600/,"[""https://milano-parquet.com/wp-content/uploads/2024/12/15-Spina-90°-Rovere-Light-Smoked-mm-11x90x600-sc.-Prima.jpg"", ""https://milano-parquet.com/wp-content/uploads/2024/11/PMG3146.jpg""]","[""https://milano-parquet.com/wp-content/uploads/2024/09/Superficie-Spazzolato-Copia-1-1.png"", ""https://milano-parquet.com/wp-content/uploads/2024/12/formato-spine-90-90X600.png""]",milano
3055,640,MI_3055,Periat • Muchie Teșită,https://www.milano-parquet.com/prodotti/spina-90-rovere-light-smoked-prima-copy/,"[""https://milano-parquet.com/wp-content/uploads/2024/12/8-Spina-90°-Rovere-Dark-Smoked-mm-10x70x490-sc.-Prima.jpg"", ""https://milano-parquet.com/wp-content/uploads/2024/11/PMG3146.jpg""]","[""https://milano-parquet.com/wp-content/uploads/2024/09/Superficie-Spazzolato-Copia-1-1.png"", ""https://milano-parquet.com/wp-content/uploads/2024/12/formato-spine-90.png""]",milano
3056,641,MI_3056,Periat • Muchie Teșită,https://www.milano-parquet.com/prodotti/spina-90-rovere-dark-smoked-prima-55x500/,"[""https://milano-parquet.com/wp-content/uploads/2024/12/11-Spina-90°-Rovere-Dark-Smoked-mm-10x55x500-sc.-Prima.jpg"", ""https://milano-parquet.com/wp-content/uploads/2024/11/PMG3146.jpg""]","[""https://milano-parquet.com/wp-content/uploads/2024/09/Superficie-Spazzolato-Copia-1-1.png"", ""https://milano-parquet.com/wp-content/uploads/2024/12/formato-spine-90-55X500.png""]",milano
3057,642,MI_3057,Șlefuit Fin • Muchie Teșită,https://www.milano-parquet.com/prodotti/spina-90-faggio/,"[""https://milano-parquet.com/wp-content/uploads/2024/12/22-Spina-90°-Faggio-mm-12x70x500-sc.-Prima.jpg"", ""https://milano-parquet.com/wp-content/uploads/2024/11/PMG3146.jpg""]","[""https://milano-parquet.com/wp-content/uploads/2024/09/Superficie-Spazzolato-Copia-1.png"", ""https://milano-parquet.com/wp-content/uploads/2024/12/formato-spine-90-70x500-1.png""]",milano
3058,643,MI_3058,Periat • Muchie Teșită,https://www.milano-parquet.com/prodotti/spina-90-noce-europeo-prima-90x600/,"[""https://milano-parquet.com/wp-content/uploads/2024/12/17-Spina-90°-Noce-Europeo-mm-14x90x600-ca.-sc.-Prima.jpg"", ""https://milano-parquet.com/wp-content/uploads/2024/11/PMG3146.jpg""]","[""https://milano-parquet.com/wp-content/uploads/2024/09/Superficie-Spazzolato-Copia-1-1.png"", ""https://milano-parquet.com/wp-content/uploads/2024/12/formato-spine-90-90X600.png""]",milano
3059,644,MI_3059,Periat • Muchie Teșită,https://www.milano-parquet.com/prodotti/spina-90-noce-europeo-prima-53x500/,"[""https://milano-parquet.com/wp-content/uploads/2024/12/16-Spina-90°-Noce-Europeo-mm-14x53x500-ca.-sc.-Prima.jpg"", ""https://milano-parquet.com/wp-content/uploads/2024/11/PMG3146.jpg""]","[""https://milano-parquet.com/wp-content/uploads/2024/09/Superficie-Spazzolato-Copia-1-1.png"", ""https://milano-parquet.com/wp-content/uploads/2024/12/formato-spine-90-53X500.png""]",milano
3060,645,MI_3060,Prima,https://www.milano-parquet.com/prodotti/chevron-45-rovere-naturale/,"[""https://milano-parquet.com/wp-content/uploads/2024/12/1-Chevron-45°-Rovere-Naturale-mm-11x90x620-s.-Primajpg.jpg"", ""https://milano-parquet.com/wp-content/uploads/2024/11/PMG3146.jpg""]","[""https://milano-parquet.com/wp-content/uploads/2024/09/Superficie-Spazzolato-Copia-1-1.png"", ""https://milano-parquet.com/wp-content/uploads/2024/12/formato-chevron-45-90x620-1.png""]",milano
3061,646,MI_3061,Periat • Muchie Teșită,https://www.milano-parquet.com/prodotti/chevron-45-rovere-light-smoked/,"[""https://milano-parquet.com/wp-content/uploads/2024/12/2-Chevron-45°-Rovere-Light-Smoked-mm-11x90x620-sc.-Prima.jpg"", ""https://milano-parquet.com/wp-content/uploads/2024/11/PMG3146.jpg""]","[""https://milano-parquet.com/wp-content/uploads/2024/09/Superficie-Spazzolato-Copia-1-1.png"", ""https://milano-parquet.com/wp-content/uploads/2024/12/formato-chevron-45-90x620-1.png""]",milano
3062,647,MI_3062,Periat • Muchie Teșită,https://www.milano-parquet.com/prodotti/chevron-45-rovere-naturale-125x680/,"[""https://milano-parquet.com/wp-content/uploads/2024/12/3-Chevron-45°-Rovere-Naturale-mm-14x125x680-sc.-Prima.jpg"", ""https://milano-parquet.com/wp-content/uploads/2024/11/PMG3146.jpg""]","[""https://milano-parquet.com/wp-content/uploads/2024/09/Superficie-Spazzolato-Copia-1-1.png"", ""https://milano-parquet.com/wp-content/uploads/2024/12/formato-chevron-45-125x680-1.png""]",milano
3063,648,MI_3063,Periat • Muchie Teșită,https://www.milano-parquet.com/prodotti/chevron-45-rovere-naturalizzato-125x680/,"[""https://milano-parquet.com/wp-content/uploads/2024/12/4-Chevron-45°-Rovere-Naturalizzato-mm-14x125x680-sc.-Prima.jpg"", ""https://milano-parquet.com/wp-content/uploads/2024/11/PMG3146.jpg""]","[""https://milano-parquet.com/wp-content/uploads/2024/09/Superficie-Spazzolato-Copia-1-1.png"", ""https://milano-parquet.com/wp-content/uploads/2024/12/formato-chevron-45-125x680-1.png""]",milano
3064,649,MI_3064,Periat • Muchie Teșită,https://www.milano-parquet.com/prodotti/chevron-45-rovere-dark-smoked-125x680/,"[""https://milano-parquet.com/wp-content/uploads/2024/12/5-Chevron-45°-Rovere-Dark-Smoked-mm-14x125x680-sc.-prima.jpg"", ""https://milano-parquet.com/wp-content/uploads/2024/11/PMG3146.jpg""]","[""https://milano-parquet.com/wp-content/uploads/2024/09/Superficie-Spazzolato-Copia-1-1.png"", ""https://milano-parquet.com/wp-content/uploads/2024/12/formato-chevron-45-125x680-1.png""]",milano
3065,1838,MI_3065,Periat • Muchie Teșită,https://www.milano-parquet.com/prodotti/chevron-45-rovere-naturalizzato-70x530/,"[""https://milano-parquet.com/wp-content/uploads/2024/12/7-Chevron-45°-Rovere-Naturalizzato-mm-10x70x530-sc.-Prima.jpg"", ""https://milano-parquet.com/wp-content/uploads/2024/11/PMG3146.jpg""]","[""https://milano-parquet.com/wp-content/uploads/2024/09/Superficie-Spazzolato-Copia-1-1.png"", ""https://milano-parquet.com/wp-content/uploads/2024/12/formato-chevron-45-70x530-1.png""]",milano
3066,1839,MI_3066,Natur,https://www.milano-parquet.com/prodotti/ilw-duomo-spina-90-rovere-naturale-natur/,"[""https://milano-parquet.com/wp-content/uploads/2024/12/1-ILW-Duomo-Spina-90°-Rovere-Naturale-mm-14x90x600-sc.-Natur.jpg"", ""https://milano-parquet.com/wp-content/uploads/2024/11/PMG3146.jpg""]","[""https://milano-parquet.com/wp-content/uploads/2024/09/Superficie-Spazzolato-Copia-1-1.png"", ""https://milano-parquet.com/wp-content/uploads/2024/12/formato-spine-90-90X600.png""]",milano
3067,1839,MI_3067,Select,https://www.milano-parquet.com/prodotti/ilw-duomo-spina-90-rovere-naturale-select/,"[""https://milano-parquet.com/wp-content/uploads/2024/12/2-ILW-Duomo-Spina-90°-Rovere-Naturale-mm-14x90x600-sc.-Select.jpg"", ""https://milano-parquet.com/wp-content/uploads/2024/11/PMG3146.jpg""]","[""https://milano-parquet.com/wp-content/uploads/2024/09/Superficie-Spazzolato-Copia-1-1.png"", ""https://milano-parquet.com/wp-content/uploads/2024/12/formato-spine-90-90X600.png""]",milano
3068,1840,MI_3068,Select,https://www.milano-parquet.com/prodotti/ilw-duomo-spina-90-rovere-naturalizzato-select/,"[""https://milano-parquet.com/wp-content/uploads/2024/12/3-ILW-Duomo-Spina-90°-Rovere-Naturalizzato-mm-14x90x600-sc.-Select.jpg"", ""https://milano-parquet.com/wp-content/uploads/2024/11/PMG3146.jpg""]","[""https://milano-parquet.com/wp-content/uploads/2024/09/Superficie-Spazzolato-Copia-1-1.png"", ""https://milano-parquet.com/wp-content/uploads/2024/12/formato-spine-90-90X600.png""]",milano
3069,1841,MI_3069,Natur,https://www.milano-parquet.com/prodotti/ilw-duomo-spina-90-rovere-light-smoked-natur/,"[""https://milano-parquet.com/wp-content/uploads/2024/12/4-ILW-Duomo-Spina-90°-Rovere-Light-Smoked-mm-14x90x600-sc.-Natur.jpg"", ""https://milano-parquet.com/wp-content/uploads/2024/11/PMG3146.jpg""]","[""https://milano-parquet.com/wp-content/uploads/2024/09/Superficie-Spazzolato-Copia-1-1.png"", ""https://milano-parquet.com/wp-content/uploads/2024/12/formato-spine-90-90X600.png""]",milano
3070,1841,MI_3070,Select,https://www.milano-parquet.com/prodotti/ilw-duomo-spina-90-rovere-light-smoked-select/,"[""https://milano-parquet.com/wp-content/uploads/2024/12/5-ILW-Duomo-Spina-90°-Rovere-Light-Smoked-mm-14x90x600-sc.-Select-.jpg"", ""https://milano-parquet.com/wp-content/uploads/2024/11/PMG3146.jpg""]","[""https://milano-parquet.com/wp-content/uploads/2024/09/Superficie-Spazzolato-Copia-1-1.png"", ""https://milano-parquet.com/wp-content/uploads/2024/12/formato-spine-90-90X600.png""]",milano
3071,1842,MI_3071,Șlefuit Sau Cu Canelate,https://www.milano-parquet.com/prodotti/bamboo-dark-brown/,"[""https://milano-parquet.com/wp-content/uploads/2024/11/Decking-Bamboo-Brown-Thermo.jpg"", ""https://milano-parquet.com/wp-content/uploads/2024/11/PMG3146.jpg""]","[""https://milano-parquet.com/wp-content/uploads/2024/09/Superficie-Spazzolato-Copia-1.png"", ""https://milano-parquet.com/wp-content/uploads/2024/11/Formato-baboo-deking.png""]",milano
3072,1843,MI_3072,Șlefuit,https://www.milano-parquet.com/prodotti/teak-asia/,"[""https://milano-parquet.com/wp-content/uploads/2024/11/Decking-Teak.jpg"", ""https://milano-parquet.com/wp-content/uploads/2024/11/PMG3146.jpg""]","[""https://milano-parquet.com/wp-content/uploads/2024/09/Superficie-Spazzolato-Copia-1.png"", ""https://milano-parquet.com/wp-content/uploads/2024/11/Formato-ipe-o-Teak-asia-deking.png""]",milano
3073,1844,MI_3073,Șlefuit Sau Cu Canelate,https://www.milano-parquet.com/prodotti/bamboo-light-brown/,"[""https://milano-parquet.com/wp-content/uploads/2025/04/BAMBOO-LIGHT-BROWN-2.jpg"", ""https://milano-parquet.com/wp-content/uploads/2024/11/PMG3146.jpg""]","[""https://milano-parquet.com/wp-content/uploads/2024/09/Superficie-Spazzolato-Copia-1.png"", ""https://milano-parquet.com/wp-content/uploads/2024/11/Formato-baboo-deking.png""]",milano
4000,1845,FV_4000,Standard,https://fondovalle.it/en/products/shape/blunt-medium-small/,"[""https://storage.googleapis.com/fondovalle-media/__sized__/products/shape_article/main_image/blunt-banner-crop-c0-5__0-5-1680x700-70.jpg"", ""https://storage.googleapis.com/fondovalle-media/__sized__/products/shape_edge/image/dritto-All-over-relative_resize-0x50-70.jpg"", ""https://storage.googleapis.com/fondovalle-media/__sized__/products/shape_edge/image/Aile-davion-relative_resize-0x50-70.jpg"", ""https://storage.googleapis.com/fondovalle-media/__sized__/products/shape_structure/image/Struttura-nero-crop-c0-5__0-5-100x50-70.jpeg"", ""https://storage.googleapis.com/fondovalle-media/__sized__/products/shape_structure/image/Struttura-pachuca-crop-c0-5__0-5-100x50-70.jpeg"", ""https://storage.googleapis.com/fondovalle-media/__sized__/products/shape_structure/image/Struttura-oro-crop-c0-5__0-5-100x50-70.jpeg"", ""https://storage.googleapis.com/fondovalle-media/__sized__/products/shape_structure/image/Struttura-antracite_goffrato-crop-c0-5__0-5-100x50-70.jpeg"", ""https://storage.googleapis.com/fondovalle-media/__sized__/products/shape_structure/image/Struttura-corten_goffrato-crop-c0-5__0-5-100x50-70.jpeg"", ""https://storage.googleapis.com/fondovalle-media/__sized__/products/shape_article/drawing_image/blunt-thumbnail-900x1200-70.jpg"", ""https://storage.googleapis.com/fondovalle-media/__sized__/colors/calacatta-gold-infinito-20-my-top/featured-crop-c0-5__0-5-530x575-70.jpg"", ""https://storage.googleapis.com/fondovalle-media/__sized__/colors/calacatta-light-infinito-20-my-top/featured-crop-c0-5__0-5-530x575-70.jpg"", ""https://storage.googleapis.com/fondovalle-media/__sized__/colors/statuario-extra-infinito-20-my-top/featured-crop-c0-5__0-5-530x575-70.jpg"", ""https://storage.googleapis.com/fondovalle-media/__sized__/colors/capraia-infinito-20-my-top/featured-crop-c0-5__0-5-530x575-70.jpg"", ""https://storage.googleapis.com/fondovalle-media/__sized__/colors/calacatta-viola-infinito-20-my-top/featured-crop-c0-5__0-5-530x575-70.jpg"", ""https://storage.googleapis.com/fondovalle-media/__sized__/colors/patagonia-infinito-20-my-top/featured-crop-c0-5__0-5-530x575-70.jpg"", ""https://storage.googleapis.com/fondovalle-media/__sized__/colors/fior-di-bosco-infinito-20-my-top/featured-crop-c0-5__0-5-530x575-70.jpg"", ""https://storage.googleapis.com/fondovalle-media/__sized__/colors/cream-diamonds-infinito-20-my-top/featured-crop-c0-5__0-5-530x575-70.jpg"", ""https://storage.googleapis.com/fondovalle-media/__sized__/colors/gold-river-infinito-20-my-top/featured-crop-c0-5__0-5-530x575-70.jpg"", ""https://storage.googleapis.com/fondovalle-media/__sized__/colors/amazzonite-infinito-20-my-top/featured-crop-c0-5__0-5-530x575-70.jpg"", ""https://storage.googleapis.com/fondovalle-media/__sized__/colors/green-denis-infinito-20-my-top/featured-crop-c0-5__0-5-530x575-70.jpg"", ""https://storage.googleapis.com/fondovalle-media/__sized__/colors/port-laurent-infinito-20-my-top/featured-crop-c0-5__0-5-530x575-70.jpg"", ""https://storage.googleapis.com/fondovalle-media/__sized__/colors/tmp/featured_63f4c0f58764458cac38469761b93c5c-crop-c0-5__0-5-530x575-70.jpg"", ""https://storage.googleapis.com/fondovalle-media/__sized__/colors/travertino-ebur-stone-lab-my-top/featured-crop-c0-5__0-5-530x575-70.jpg"", ""https://storage.googleapis.com/fondovalle-media/__sized__/colors/sikelia-stone-lab-my-top/featured-crop-c0-5__0-5-530x575-70.jpg"", ""https://storage.googleapis.com/fondovalle-media/__sized__/colors/venus-planeto-my-top/featured-crop-c0-5__0-5-530x575-70.jpg"", ""https://storage.googleapis.com/fondovalle-media/__sized__/colors/chianca-stone-lab-my-top/featured-crop-c0-5__0-5-530x575-70.jpg"", ""https://storage.googleapis.com/fondovalle-media/__sized__/colors/jura-white-stone-lab-my-top/featured-crop-c0-5__0-5-530x575-70.jpg""]",[],fondovalle mobilier
4001,1846,FV_4001,Standard,https://fondovalle.it/en/products/shape/blunt-ext/,"[""https://storage.googleapis.com/fondovalle-media/__sized__/products/shape_article/main_image/blunt-ext-banner-crop-c0-5__0-5-1680x700-70.jpg"", ""https://storage.googleapis.com/fondovalle-media/__sized__/products/shape_edge/image/dritto-All-over-relative_resize-0x50-70.jpg"", ""https://storage.googleapis.com/fondovalle-media/__sized__/products/shape_structure/image/Struttura-nero-crop-c0-5__0-5-100x50-70.jpeg"", ""https://storage.googleapis.com/fondovalle-media/__sized__/products/shape_structure/image/Struttura-pachuca-crop-c0-5__0-5-100x50-70.jpeg"", ""https://storage.googleapis.com/fondovalle-media/__sized__/products/shape_structure/image/Struttura-oro-crop-c0-5__0-5-100x50-70.jpeg"", ""https://storage.googleapis.com/fondovalle-media/__sized__/products/shape_structure/image/Struttura-antracite_goffrato-crop-c0-5__0-5-100x50-70.jpeg"", ""https://storage.googleapis.com/fondovalle-media/__sized__/products/shape_structure/image/Struttura-corten_goffrato-crop-c0-5__0-5-100x50-70.jpeg"", ""https://storage.googleapis.com/fondovalle-media/__sized__/products/shape_article/drawing_image/blunt-ext-disegno-thumbnail-900x1200-70.jpg"", ""https://storage.googleapis.com/fondovalle-media/__sized__/colors/calacatta-gold-infinito-20-my-top/featured-crop-c0-5__0-5-530x575-70.jpg"", ""https://storage.googleapis.com/fondovalle-media/__sized__/colors/calacatta-light-infinito-20-my-top/featured-crop-c0-5__0-5-530x575-70.jpg"", ""https://storage.googleapis.com/fondovalle-media/__sized__/colors/statuario-extra-infinito-20-my-top/featured-crop-c0-5__0-5-530x575-70.jpg"", ""https://storage.googleapis.com/fondovalle-media/__sized__/colors/capraia-infinito-20-my-top/featured-crop-c0-5__0-5-530x575-70.jpg"", ""https://storage.googleapis.com/fondovalle-media/__sized__/colors/calacatta-viola-infinito-20-my-top/featured-crop-c0-5__0-5-530x575-70.jpg"", ""https://storage.googleapis.com/fondovalle-media/__sized__/colors/patagonia-infinito-20-my-top/featured-crop-c0-5__0-5-530x575-70.jpg"", ""https://storage.googleapis.com/fondovalle-media/__sized__/colors/fior-di-bosco-infinito-20-my-top/featured-crop-c0-5__0-5-530x575-70.jpg"", ""https://storage.googleapis.com/fondovalle-media/__sized__/colors/cream-diamonds-infinito-20-my-top/featured-crop-c0-5__0-5-530x575-70.jpg"", ""https://storage.googleapis.com/fondovalle-media/__sized__/colors/gold-river-infinito-20-my-top/featured-crop-c0-5__0-5-530x575-70.jpg"", ""https://storage.googleapis.com/fondovalle-media/__sized__/colors/amazzonite-infinito-20-my-top/featured-crop-c0-5__0-5-530x575-70.jpg"", ""https://storage.googleapis.com/fondovalle-media/__sized__/colors/green-denis-infinito-20-my-top/featured-crop-c0-5__0-5-530x575-70.jpg"", ""https://storage.googleapis.com/fondovalle-media/__sized__/colors/port-laurent-infinito-20-my-top/featured-crop-c0-5__0-5-530x575-70.jpg"", ""https://storage.googleapis.com/fondovalle-media/__sized__/colors/tmp/featured_63f4c0f58764458cac38469761b93c5c-crop-c0-5__0-5-530x575-70.jpg"", ""https://storage.googleapis.com/fondovalle-media/__sized__/colors/travertino-ebur-stone-lab-my-top/featured-crop-c0-5__0-5-530x575-70.jpg"", ""https://storage.googleapis.com/fondovalle-media/__sized__/colors/sikelia-stone-lab-my-top/featured-crop-c0-5__0-5-530x575-70.jpg"", ""https://storage.googleapis.com/fondovalle-media/__sized__/colors/venus-planeto-my-top/featured-crop-c0-5__0-5-530x575-70.jpg"", ""https://storage.googleapis.com/fondovalle-media/__sized__/colors/chianca-stone-lab-my-top/featured-crop-c0-5__0-5-530x575-70.jpg"", ""https://storage.googleapis.com/fondovalle-media/__sized__/colors/jura-white-stone-lab-my-top/featured-crop-c0-5__0-5-530x575-70.jpg""]",[],fondovalle mobilier
4002,1847,FV_4002,Standard,https://fondovalle.it/en/products/shape/plana/,"[""https://storage.googleapis.com/fondovalle-media/__sized__/products/shape_article/main_image/plana-banner-crop-c0-5__0-5-1680x700-70.jpg"", ""https://storage.googleapis.com/fondovalle-media/__sized__/products/shape_edge/image/dritto-All-over-relative_resize-0x50-70.jpg"", ""https://storage.googleapis.com/fondovalle-media/__sized__/products/shape_edge/image/Aile-davion-relative_resize-0x50-70.jpg"", ""https://storage.googleapis.com/fondovalle-media/__sized__/products/shape_structure/image/Struttura-nero-crop-c0-5__0-5-100x50-70.jpeg"", ""https://storage.googleapis.com/fondovalle-media/__sized__/products/shape_structure/image/grau-brown-crop-c0-5__0-5-100x50-70.jpg"", ""https://storage.googleapis.com/fondovalle-media/__sized__/products/shape_article/drawing_image/plana-disegno-thumbnail-900x1200-70.jpg"", ""https://storage.googleapis.com/fondovalle-media/__sized__/colors/calacatta-gold-infinito-20-my-top/featured-crop-c0-5__0-5-530x575-70.jpg"", ""https://storage.googleapis.com/fondovalle-media/__sized__/colors/calacatta-light-infinito-20-my-top/featured-crop-c0-5__0-5-530x575-70.jpg"", ""https://storage.googleapis.com/fondovalle-media/__sized__/colors/statuario-extra-infinito-20-my-top/featured-crop-c0-5__0-5-530x575-70.jpg"", ""https://storage.googleapis.com/fondovalle-media/__sized__/colors/capraia-infinito-20-my-top/featured-crop-c0-5__0-5-530x575-70.jpg"", ""https://storage.googleapis.com/fondovalle-media/__sized__/colors/calacatta-viola-infinito-20-my-top/featured-crop-c0-5__0-5-530x575-70.jpg"", ""https://storage.googleapis.com/fondovalle-media/__sized__/colors/patagonia-infinito-20-my-top/featured-crop-c0-5__0-5-530x575-70.jpg"", ""https://storage.googleapis.com/fondovalle-media/__sized__/colors/fior-di-bosco-infinito-20-my-top/featured-crop-c0-5__0-5-530x575-70.jpg"", ""https://storage.googleapis.com/fondovalle-media/__sized__/colors/cream-diamonds-infinito-20-my-top/featured-crop-c0-5__0-5-530x575-70.jpg"", ""https://storage.googleapis.com/fondovalle-media/__sized__/colors/gold-river-infinito-20-my-top/featured-crop-c0-5__0-5-530x575-70.jpg"", ""https://storage.googleapis.com/fondovalle-media/__sized__/colors/amazzonite-infinito-20-my-top/featured-crop-c0-5__0-5-530x575-70.jpg"", ""https://storage.googleapis.com/fondovalle-media/__sized__/colors/green-denis-infinito-20-my-top/featured-crop-c0-5__0-5-530x575-70.jpg"", ""https://storage.googleapis.com/fondovalle-media/__sized__/colors/port-laurent-infinito-20-my-top/featured-crop-c0-5__0-5-530x575-70.jpg"", ""https://storage.googleapis.com/fondovalle-media/__sized__/colors/tmp/featured_63f4c0f58764458cac38469761b93c5c-crop-c0-5__0-5-530x575-70.jpg"", ""https://storage.googleapis.com/fondovalle-media/__sized__/colors/travertino-ebur-stone-lab-my-top/featured-crop-c0-5__0-5-530x575-70.jpg"", ""https://storage.googleapis.com/fondovalle-media/__sized__/colors/sikelia-stone-lab-my-top/featured-crop-c0-5__0-5-530x575-70.jpg"", ""https://storage.googleapis.com/fondovalle-media/__sized__/colors/venus-planeto-my-top/featured-crop-c0-5__0-5-530x575-70.jpg"", ""https://storage.googleapis.com/fondovalle-media/__sized__/colors/chianca-stone-lab-my-top/featured-crop-c0-5__0-5-530x575-70.jpg"", ""https://storage.googleapis.com/fondovalle-media/__sized__/colors/jura-white-stone-lab-my-top/featured-crop-c0-5__0-5-530x575-70.jpg""]",[],fondovalle mobilier
4003,1848,FV_4003,Standard,https://fondovalle.it/en/products/shape/plana-ext/,"[""https://storage.googleapis.com/fondovalle-media/__sized__/products/shape_article/main_image/plana-ext-banner-crop-c0-5__0-5-1680x700-70.jpg"", ""https://storage.googleapis.com/fondovalle-media/__sized__/products/shape_edge/image/dritto-All-over-relative_resize-0x50-70.jpg"", ""https://storage.googleapis.com/fondovalle-media/__sized__/products/shape_structure/image/Struttura-nero-crop-c0-5__0-5-100x50-70.jpeg"", ""https://storage.googleapis.com/fondovalle-media/__sized__/products/shape_structure/image/grau-brown-crop-c0-5__0-5-100x50-70.jpg"", ""https://storage.googleapis.com/fondovalle-media/__sized__/products/shape_article/drawing_image/plana-ext-disegno-thumbnail-900x1200-70.jpg"", ""https://storage.googleapis.com/fondovalle-media/__sized__/colors/calacatta-gold-infinito-20-my-top/featured-crop-c0-5__0-5-530x575-70.jpg"", ""https://storage.googleapis.com/fondovalle-media/__sized__/colors/calacatta-light-infinito-20-my-top/featured-crop-c0-5__0-5-530x575-70.jpg"", ""https://storage.googleapis.com/fondovalle-media/__sized__/colors/statuario-extra-infinito-20-my-top/featured-crop-c0-5__0-5-530x575-70.jpg"", ""https://storage.googleapis.com/fondovalle-media/__sized__/colors/capraia-infinito-20-my-top/featured-crop-c0-5__0-5-530x575-70.jpg"", ""https://storage.googleapis.com/fondovalle-media/__sized__/colors/calacatta-viola-infinito-20-my-top/featured-crop-c0-5__0-5-530x575-70.jpg"", ""https://storage.googleapis.com/fondovalle-media/__sized__/colors/patagonia-infinito-20-my-top/featured-crop-c0-5__0-5-530x575-70.jpg"", ""https://storage.googleapis.com/fondovalle-media/__sized__/colors/fior-di-bosco-infinito-20-my-top/featured-crop-c0-5__0-5-530x575-70.jpg"", ""https://storage.googleapis.com/fondovalle-media/__sized__/colors/cream-diamonds-infinito-20-my-top/featured-crop-c0-5__0-5-530x575-70.jpg"", ""https://storage.googleapis.com/fondovalle-media/__sized__/colors/gold-river-infinito-20-my-top/featured-crop-c0-5__0-5-530x575-70.jpg"", ""https://storage.googleapis.com/fondovalle-media/__sized__/colors/amazzonite-infinito-20-my-top/featured-crop-c0-5__0-5-530x575-70.jpg"", ""https://storage.googleapis.com/fondovalle-media/__sized__/colors/green-denis-infinito-20-my-top/featured-crop-c0-5__0-5-530x575-70.jpg"", ""https://storage.googleapis.com/fondovalle-media/__sized__/colors/port-laurent-infinito-20-my-top/featured-crop-c0-5__0-5-530x575-70.jpg"", ""https://storage.googleapis.com/fondovalle-media/__sized__/colors/tmp/featured_63f4c0f58764458cac38469761b93c5c-crop-c0-5__0-5-530x575-70.jpg"", ""https://storage.googleapis.com/fondovalle-media/__sized__/colors/travertino-ebur-stone-lab-my-top/featured-crop-c0-5__0-5-530x575-70.jpg"", ""https://storage.googleapis.com/fondovalle-media/__sized__/colors/sikelia-stone-lab-my-top/featured-crop-c0-5__0-5-530x575-70.jpg"", ""https://storage.googleapis.com/fondovalle-media/__sized__/colors/venus-planeto-my-top/featured-crop-c0-5__0-5-530x575-70.jpg"", ""https://storage.googleapis.com/fondovalle-media/__sized__/colors/chianca-stone-lab-my-top/featured-crop-c0-5__0-5-530x575-70.jpg"", ""https://storage.googleapis.com/fondovalle-media/__sized__/colors/jura-white-stone-lab-my-top/featured-crop-c0-5__0-5-530x575-70.jpg""]",[],fondovalle mobilier
4004,1849,FV_4004,Standard,https://fondovalle.it/en/products/shape/side-round/,"[""https://storage.googleapis.com/fondovalle-media/__sized__/products/shape_article/main_image/side-round-banner-crop-c0-5__0-5-1680x700-70.jpg"", ""https://storage.googleapis.com/fondovalle-media/__sized__/products/shape_edge/image/Aile-davion-relative_resize-0x50-70.jpg"", ""https://storage.googleapis.com/fondovalle-media/__sized__/products/shape_structure/image/Struttura-nero-crop-c0-5__0-5-100x50-70.jpeg"", ""https://storage.googleapis.com/fondovalle-media/__sized__/products/shape_structure/image/Struttura-pachuca-crop-c0-5__0-5-100x50-70.jpeg"", ""https://storage.googleapis.com/fondovalle-media/__sized__/products/shape_structure/image/Struttura-oro-crop-c0-5__0-5-100x50-70.jpeg"", ""https://storage.googleapis.com/fondovalle-media/__sized__/products/shape_structure/image/Struttura-antracite_goffrato-crop-c0-5__0-5-100x50-70.jpeg"", ""https://storage.googleapis.com/fondovalle-media/__sized__/products/shape_structure/image/Struttura-corten_goffrato-crop-c0-5__0-5-100x50-70.jpeg"", ""https://storage.googleapis.com/fondovalle-media/__sized__/products/shape_article/drawing_image/side-round-disegno-thumbnail-900x1200-70.jpg"", ""https://storage.googleapis.com/fondovalle-media/__sized__/colors/calacatta-gold-infinito-20-my-top/featured-crop-c0-5__0-5-530x575-70.jpg"", ""https://storage.googleapis.com/fondovalle-media/__sized__/colors/calacatta-light-infinito-20-my-top/featured-crop-c0-5__0-5-530x575-70.jpg"", ""https://storage.googleapis.com/fondovalle-media/__sized__/colors/statuario-extra-infinito-20-my-top/featured-crop-c0-5__0-5-530x575-70.jpg"", ""https://storage.googleapis.com/fondovalle-media/__sized__/colors/capraia-infinito-20-my-top/featured-crop-c0-5__0-5-530x575-70.jpg"", ""https://storage.googleapis.com/fondovalle-media/__sized__/colors/calacatta-viola-infinito-20-my-top/featured-crop-c0-5__0-5-530x575-70.jpg"", ""https://storage.googleapis.com/fondovalle-media/__sized__/colors/patagonia-infinito-20-my-top/featured-crop-c0-5__0-5-530x575-70.jpg"", ""https://storage.googleapis.com/fondovalle-media/__sized__/colors/fior-di-bosco-infinito-20-my-top/featured-crop-c0-5__0-5-530x575-70.jpg"", ""https://storage.googleapis.com/fondovalle-media/__sized__/colors/cream-diamonds-infinito-20-my-top/featured-crop-c0-5__0-5-530x575-70.jpg"", ""https://storage.googleapis.com/fondovalle-media/__sized__/colors/gold-river-infinito-20-my-top/featured-crop-c0-5__0-5-530x575-70.jpg"", ""https://storage.googleapis.com/fondovalle-media/__sized__/colors/amazzonite-infinito-20-my-top/featured-crop-c0-5__0-5-530x575-70.jpg"", ""https://storage.googleapis.com/fondovalle-media/__sized__/colors/green-denis-infinito-20-my-top/featured-crop-c0-5__0-5-530x575-70.jpg"", ""https://storage.googleapis.com/fondovalle-media/__sized__/colors/port-laurent-infinito-20-my-top/featured-crop-c0-5__0-5-530x575-70.jpg"", ""https://storage.googleapis.com/fondovalle-media/__sized__/colors/tmp/featured_63f4c0f58764458cac38469761b93c5c-crop-c0-5__0-5-530x575-70.jpg"", ""https://storage.googleapis.com/fondovalle-media/__sized__/colors/travertino-ebur-stone-lab-my-top/featured-crop-c0-5__0-5-530x575-70.jpg"", ""https://storage.googleapis.com/fondovalle-media/__sized__/colors/sikelia-stone-lab-my-top/featured-crop-c0-5__0-5-530x575-70.jpg"", ""https://storage.googleapis.com/fondovalle-media/__sized__/colors/venus-planeto-my-top/featured-crop-c0-5__0-5-530x575-70.jpg"", ""https://storage.googleapis.com/fondovalle-media/__sized__/colors/chianca-stone-lab-my-top/featured-crop-c0-5__0-5-530x575-70.jpg"", ""https://storage.googleapis.com/fondovalle-media/__sized__/colors/jura-white-stone-lab-my-top/featured-crop-c0-5__0-5-530x575-70.jpg""]",[],fondovalle mobilier
4005,1850,FV_4005,Standard,https://fondovalle.it/en/products/shape/side-rectangular/,"[""https://storage.googleapis.com/fondovalle-media/__sized__/products/shape_article/main_image/side-rectangular-banner-crop-c0-5__0-5-1680x700-70.jpg"", ""https://storage.googleapis.com/fondovalle-media/__sized__/products/shape_edge/image/Aile-davion-relative_resize-0x50-70.jpg"", ""https://storage.googleapis.com/fondovalle-media/__sized__/products/shape_structure/image/Struttura-nero-crop-c0-5__0-5-100x50-70.jpeg"", ""https://storage.googleapis.com/fondovalle-media/__sized__/products/shape_structure/image/Struttura-pachuca-crop-c0-5__0-5-100x50-70.jpeg"", ""https://storage.googleapis.com/fondovalle-media/__sized__/products/shape_structure/image/Struttura-oro-crop-c0-5__0-5-100x50-70.jpeg"", ""https://storage.googleapis.com/fondovalle-media/__sized__/products/shape_structure/image/Struttura-antracite_goffrato-crop-c0-5__0-5-100x50-70.jpeg"", ""https://storage.googleapis.com/fondovalle-media/__sized__/products/shape_structure/image/Struttura-corten_goffrato-crop-c0-5__0-5-100x50-70.jpeg"", ""https://storage.googleapis.com/fondovalle-media/__sized__/products/shape_article/drawing_image/side-rectangular-disegno-thumbnail-900x1200-70.jpg"", ""https://storage.googleapis.com/fondovalle-media/__sized__/colors/calacatta-gold-infinito-20-my-top/featured-crop-c0-5__0-5-530x575-70.jpg"", ""https://storage.googleapis.com/fondovalle-media/__sized__/colors/calacatta-light-infinito-20-my-top/featured-crop-c0-5__0-5-530x575-70.jpg"", ""https://storage.googleapis.com/fondovalle-media/__sized__/colors/statuario-extra-infinito-20-my-top/featured-crop-c0-5__0-5-530x575-70.jpg"", ""https://storage.googleapis.com/fondovalle-media/__sized__/colors/capraia-infinito-20-my-top/featured-crop-c0-5__0-5-530x575-70.jpg"", ""https://storage.googleapis.com/fondovalle-media/__sized__/colors/calacatta-viola-infinito-20-my-top/featured-crop-c0-5__0-5-530x575-70.jpg"", ""https://storage.googleapis.com/fondovalle-media/__sized__/colors/patagonia-infinito-20-my-top/featured-crop-c0-5__0-5-530x575-70.jpg"", ""https://storage.googleapis.com/fondovalle-media/__sized__/colors/fior-di-bosco-infinito-20-my-top/featured-crop-c0-5__0-5-530x575-70.jpg"", ""https://storage.googleapis.com/fondovalle-media/__sized__/colors/cream-diamonds-infinito-20-my-top/featured-crop-c0-5__0-5-530x575-70.jpg"", ""https://storage.googleapis.com/fondovalle-media/__sized__/colors/gold-river-infinito-20-my-top/featured-crop-c0-5__0-5-530x575-70.jpg"", ""https://storage.googleapis.com/fondovalle-media/__sized__/colors/amazzonite-infinito-20-my-top/featured-crop-c0-5__0-5-530x575-70.jpg"", ""https://storage.googleapis.com/fondovalle-media/__sized__/colors/green-denis-infinito-20-my-top/featured-crop-c0-5__0-5-530x575-70.jpg"", ""https://storage.googleapis.com/fondovalle-media/__sized__/colors/port-laurent-infinito-20-my-top/featured-crop-c0-5__0-5-530x575-70.jpg"", ""https://storage.googleapis.com/fondovalle-media/__sized__/colors/tmp/featured_63f4c0f58764458cac38469761b93c5c-crop-c0-5__0-5-530x575-70.jpg"", ""https://storage.googleapis.com/fondovalle-media/__sized__/colors/travertino-ebur-stone-lab-my-top/featured-crop-c0-5__0-5-530x575-70.jpg"", ""https://storage.googleapis.com/fondovalle-media/__sized__/colors/sikelia-stone-lab-my-top/featured-crop-c0-5__0-5-530x575-70.jpg"", ""https://storage.googleapis.com/fondovalle-media/__sized__/colors/venus-planeto-my-top/featured-crop-c0-5__0-5-530x575-70.jpg"", ""https://storage.googleapis.com/fondovalle-media/__sized__/colors/chianca-stone-lab-my-top/featured-crop-c0-5__0-5-530x575-70.jpg"", ""https://storage.googleapis.com/fondovalle-media/__sized__/colors/jura-white-stone-lab-my-top/featured-crop-c0-5__0-5-530x575-70.jpg""]",[],fondovalle mobilier
4006,1851,FV_4006,Standard,https://fondovalle.it/en/products/shape/side-square/,"[""https://storage.googleapis.com/fondovalle-media/__sized__/products/shape_article/main_image/side-square-banner-crop-c0-5__0-5-1680x700-70.jpg"", ""https://storage.googleapis.com/fondovalle-media/__sized__/products/shape_edge/image/Aile-davion-relative_resize-0x50-70.jpg"", ""https://storage.googleapis.com/fondovalle-media/__sized__/products/shape_structure/image/Struttura-nero-crop-c0-5__0-5-100x50-70.jpeg"", ""https://storage.googleapis.com/fondovalle-media/__sized__/products/shape_structure/image/Struttura-pachuca-crop-c0-5__0-5-100x50-70.jpeg"", ""https://storage.googleapis.com/fondovalle-media/__sized__/products/shape_structure/image/Struttura-oro-crop-c0-5__0-5-100x50-70.jpeg"", ""https://storage.googleapis.com/fondovalle-media/__sized__/products/shape_structure/image/Struttura-antracite_goffrato-crop-c0-5__0-5-100x50-70.jpeg"", ""https://storage.googleapis.com/fondovalle-media/__sized__/products/shape_structure/image/Struttura-corten_goffrato-crop-c0-5__0-5-100x50-70.jpeg"", ""https://storage.googleapis.com/fondovalle-media/__sized__/products/shape_article/drawing_image/side-square-disegno-thumbnail-900x1200-70.jpg"", ""https://storage.googleapis.com/fondovalle-media/__sized__/colors/calacatta-gold-infinito-20-my-top/featured-crop-c0-5__0-5-530x575-70.jpg"", ""https://storage.googleapis.com/fondovalle-media/__sized__/colors/calacatta-light-infinito-20-my-top/featured-crop-c0-5__0-5-530x575-70.jpg"", ""https://storage.googleapis.com/fondovalle-media/__sized__/colors/statuario-extra-infinito-20-my-top/featured-crop-c0-5__0-5-530x575-70.jpg"", ""https://storage.googleapis.com/fondovalle-media/__sized__/colors/capraia-infinito-20-my-top/featured-crop-c0-5__0-5-530x575-70.jpg"", ""https://storage.googleapis.com/fondovalle-media/__sized__/colors/calacatta-viola-infinito-20-my-top/featured-crop-c0-5__0-5-530x575-70.jpg"", ""https://storage.googleapis.com/fondovalle-media/__sized__/colors/patagonia-infinito-20-my-top/featured-crop-c0-5__0-5-530x575-70.jpg"", ""https://storage.googleapis.com/fondovalle-media/__sized__/colors/fior-di-bosco-infinito-20-my-top/featured-crop-c0-5__0-5-530x575-70.jpg"", ""https://storage.googleapis.com/fondovalle-media/__sized__/colors/cream-diamonds-infinito-20-my-top/featured-crop-c0-5__0-5-530x575-70.jpg"", ""https://storage.googleapis.com/fondovalle-media/__sized__/colors/gold-river-infinito-20-my-top/featured-crop-c0-5__0-5-530x575-70.jpg"", ""https://storage.googleapis.com/fondovalle-media/__sized__/colors/amazzonite-infinito-20-my-top/featured-crop-c0-5__0-5-530x575-70.jpg"", ""https://storage.googleapis.com/fondovalle-media/__sized__/colors/green-denis-infinito-20-my-top/featured-crop-c0-5__0-5-530x575-70.jpg"", ""https://storage.googleapis.com/fondovalle-media/__sized__/colors/port-laurent-infinito-20-my-top/featured-crop-c0-5__0-5-530x575-70.jpg"", ""https://storage.googleapis.com/fondovalle-media/__sized__/colors/tmp/featured_63f4c0f58764458cac38469761b93c5c-crop-c0-5__0-5-530x575-70.jpg"", ""https://storage.googleapis.com/fondovalle-media/__sized__/colors/travertino-ebur-stone-lab-my-top/featured-crop-c0-5__0-5-530x575-70.jpg"", ""https://storage.googleapis.com/fondovalle-media/__sized__/colors/sikelia-stone-lab-my-top/featured-crop-c0-5__0-5-530x575-70.jpg"", ""https://storage.googleapis.com/fondovalle-media/__sized__/colors/venus-planeto-my-top/featured-crop-c0-5__0-5-530x575-70.jpg"", ""https://storage.googleapis.com/fondovalle-media/__sized__/colors/chianca-stone-lab-my-top/featured-crop-c0-5__0-5-530x575-70.jpg"", ""https://storage.googleapis.com/fondovalle-media/__sized__/colors/jura-white-stone-lab-my-top/featured-crop-c0-5__0-5-530x575-70.jpg""]",[],fondovalle mobilier
4007,1852,FV_4007,Standard,https://fondovalle.it/en/products/shape/raki/,"[""https://storage.googleapis.com/fondovalle-media/__sized__/products/shape_article/main_image/raki-banner-crop-c0-5__0-5-1680x700-70.jpg"", ""https://storage.googleapis.com/fondovalle-media/__sized__/products/shape_edge/image/dritto-All-over-relative_resize-0x50-70.jpg"", ""https://storage.googleapis.com/fondovalle-media/__sized__/products/shape_edge/image/Aile-davion-relative_resize-0x50-70.jpg"", ""https://storage.googleapis.com/fondovalle-media/__sized__/products/shape_structure/image/nero-bronzato-crop-c0-5__0-5-100x50-70.jpg"", ""https://storage.googleapis.com/fondovalle-media/__sized__/products/shape_structure/image/nero-satin-crop-c0-5__0-5-100x50-70.jpg"", ""https://storage.googleapis.com/fondovalle-media/__sized__/products/shape_article/drawing_image/raki-disegno-tecnico-thumbnail-900x1200-70.jpg"", ""https://storage.googleapis.com/fondovalle-media/__sized__/colors/calacatta-gold-infinito-20-my-top/featured-crop-c0-5__0-5-530x575-70.jpg"", ""https://storage.googleapis.com/fondovalle-media/__sized__/colors/calacatta-light-infinito-20-my-top/featured-crop-c0-5__0-5-530x575-70.jpg"", ""https://storage.googleapis.com/fondovalle-media/__sized__/colors/statuario-extra-infinito-20-my-top/featured-crop-c0-5__0-5-530x575-70.jpg"", ""https://storage.googleapis.com/fondovalle-media/__sized__/colors/capraia-infinito-20-my-top/featured-crop-c0-5__0-5-530x575-70.jpg"", ""https://storage.googleapis.com/fondovalle-media/__sized__/colors/calacatta-viola-infinito-20-my-top/featured-crop-c0-5__0-5-530x575-70.jpg"", ""https://storage.googleapis.com/fondovalle-media/__sized__/colors/patagonia-infinito-20-my-top/featured-crop-c0-5__0-5-530x575-70.jpg"", ""https://storage.googleapis.com/fondovalle-media/__sized__/colors/fior-di-bosco-infinito-20-my-top/featured-crop-c0-5__0-5-530x575-70.jpg"", ""https://storage.googleapis.com/fondovalle-media/__sized__/colors/cream-diamonds-infinito-20-my-top/featured-crop-c0-5__0-5-530x575-70.jpg"", ""https://storage.googleapis.com/fondovalle-media/__sized__/colors/gold-river-infinito-20-my-top/featured-crop-c0-5__0-5-530x575-70.jpg"", ""https://storage.googleapis.com/fondovalle-media/__sized__/colors/amazzonite-infinito-20-my-top/featured-crop-c0-5__0-5-530x575-70.jpg"", ""https://storage.googleapis.com/fondovalle-media/__sized__/colors/green-denis-infinito-20-my-top/featured-crop-c0-5__0-5-530x575-70.jpg"", ""https://storage.googleapis.com/fondovalle-media/__sized__/colors/port-laurent-infinito-20-my-top/featured-crop-c0-5__0-5-530x575-70.jpg"", ""https://storage.googleapis.com/fondovalle-media/__sized__/colors/tmp/featured_63f4c0f58764458cac38469761b93c5c-crop-c0-5__0-5-530x575-70.jpg"", ""https://storage.googleapis.com/fondovalle-media/__sized__/colors/travertino-ebur-stone-lab-my-top/featured-crop-c0-5__0-5-530x575-70.jpg"", ""https://storage.googleapis.com/fondovalle-media/__sized__/colors/sikelia-stone-lab-my-top/featured-crop-c0-5__0-5-530x575-70.jpg"", ""https://storage.googleapis.com/fondovalle-media/__sized__/colors/venus-planeto-my-top/featured-crop-c0-5__0-5-530x575-70.jpg"", ""https://storage.googleapis.com/fondovalle-media/__sized__/colors/chianca-stone-lab-my-top/featured-crop-c0-5__0-5-530x575-70.jpg"", ""https://storage.googleapis.com/fondovalle-media/__sized__/colors/jura-white-stone-lab-my-top/featured-crop-c0-5__0-5-530x575-70.jpg""]",[],fondovalle mobilier
4008,1853,FV_4008,Standard,https://fondovalle.it/en/products/shape/raki-round/,"[""https://storage.googleapis.com/fondovalle-media/__sized__/products/shape_article/main_image/raki-round-banner-crop-c0-5__0-5-1680x700-70.jpg"", ""https://storage.googleapis.com/fondovalle-media/__sized__/products/shape_edge/image/dritto-All-over-relative_resize-0x50-70.jpg"", ""https://storage.googleapis.com/fondovalle-media/__sized__/products/shape_edge/image/Aile-davion-relative_resize-0x50-70.jpg"", ""https://storage.googleapis.com/fondovalle-media/__sized__/products/shape_structure/image/nero-satin-crop-c0-5__0-5-100x50-70.jpg"", ""https://storage.googleapis.com/fondovalle-media/__sized__/products/shape_structure/image/nero-bronzato-crop-c0-5__0-5-100x50-70.jpg"", ""https://storage.googleapis.com/fondovalle-media/__sized__/products/shape_article/drawing_image/raki-round-thumbnail-900x1200-70.jpg"", ""https://storage.googleapis.com/fondovalle-media/__sized__/colors/calacatta-gold-infinito-20-my-top/featured-crop-c0-5__0-5-530x575-70.jpg"", ""https://storage.googleapis.com/fondovalle-media/__sized__/colors/calacatta-light-infinito-20-my-top/featured-crop-c0-5__0-5-530x575-70.jpg"", ""https://storage.googleapis.com/fondovalle-media/__sized__/colors/statuario-extra-infinito-20-my-top/featured-crop-c0-5__0-5-530x575-70.jpg"", ""https://storage.googleapis.com/fondovalle-media/__sized__/colors/capraia-infinito-20-my-top/featured-crop-c0-5__0-5-530x575-70.jpg"", ""https://storage.googleapis.com/fondovalle-media/__sized__/colors/calacatta-viola-infinito-20-my-top/featured-crop-c0-5__0-5-530x575-70.jpg"", ""https://storage.googleapis.com/fondovalle-media/__sized__/colors/patagonia-infinito-20-my-top/featured-crop-c0-5__0-5-530x575-70.jpg"", ""https://storage.googleapis.com/fondovalle-media/__sized__/colors/fior-di-bosco-infinito-20-my-top/featured-crop-c0-5__0-5-530x575-70.jpg"", ""https://storage.googleapis.com/fondovalle-media/__sized__/colors/cream-diamonds-infinito-20-my-top/featured-crop-c0-5__0-5-530x575-70.jpg"", ""https://storage.googleapis.com/fondovalle-media/__sized__/colors/gold-river-infinito-20-my-top/featured-crop-c0-5__0-5-530x575-70.jpg"", ""https://storage.googleapis.com/fondovalle-media/__sized__/colors/amazzonite-infinito-20-my-top/featured-crop-c0-5__0-5-530x575-70.jpg"", ""https://storage.googleapis.com/fondovalle-media/__sized__/colors/green-denis-infinito-20-my-top/featured-crop-c0-5__0-5-530x575-70.jpg"", ""https://storage.googleapis.com/fondovalle-media/__sized__/colors/port-laurent-infinito-20-my-top/featured-crop-c0-5__0-5-530x575-70.jpg"", ""https://storage.googleapis.com/fondovalle-media/__sized__/colors/tmp/featured_63f4c0f58764458cac38469761b93c5c-crop-c0-5__0-5-530x575-70.jpg"", ""https://storage.googleapis.com/fondovalle-media/__sized__/colors/travertino-ebur-stone-lab-my-top/featured-crop-c0-5__0-5-530x575-70.jpg"", ""https://storage.googleapis.com/fondovalle-media/__sized__/colors/sikelia-stone-lab-my-top/featured-crop-c0-5__0-5-530x575-70.jpg"", ""https://storage.googleapis.com/fondovalle-media/__sized__/colors/venus-planeto-my-top/featured-crop-c0-5__0-5-530x575-70.jpg"", ""https://storage.googleapis.com/fondovalle-media/__sized__/colors/chianca-stone-lab-my-top/featured-crop-c0-5__0-5-530x575-70.jpg"", ""https://storage.googleapis.com/fondovalle-media/__sized__/colors/jura-white-stone-lab-my-top/featured-crop-c0-5__0-5-530x575-70.jpg""]",[],fondovalle mobilier
4009,1854,FV_4009,Ring,https://fondovalle.it/en/products/shape/my-contract/,"[""https://storage.googleapis.com/fondovalle-media/__sized__/products/shape_article/main_image/mycontract-banner-crop-c0-5__0-5-1680x700-70.jpg"", ""https://storage.googleapis.com/fondovalle-media/__sized__/products/shape_edge/image/dritto-All-over-relative_resize-0x50-70.jpg"", ""https://storage.googleapis.com/fondovalle-media/__sized__/products/shape_edge/image/Aile-davion-relative_resize-0x50-70.jpg"", ""https://storage.googleapis.com/fondovalle-media/__sized__/products/shape_structure/image/Struttura-nero-crop-c0-5__0-5-100x50-70.jpeg"", ""https://storage.googleapis.com/fondovalle-media/__sized__/products/shape_structure/image/struttura-crop-c0-5__0-5-100x50-70.jpg"", ""https://storage.googleapis.com/fondovalle-media/__sized__/products/shape_article/drawing_image/mycontract-disegno-thumbnail-900x1200-70.jpg"", ""https://storage.googleapis.com/fondovalle-media/__sized__/colors/calacatta-gold-infinito-20-my-top/featured-crop-c0-5__0-5-530x575-70.jpg"", ""https://storage.googleapis.com/fondovalle-media/__sized__/colors/calacatta-light-infinito-20-my-top/featured-crop-c0-5__0-5-530x575-70.jpg"", ""https://storage.googleapis.com/fondovalle-media/__sized__/colors/statuario-extra-infinito-20-my-top/featured-crop-c0-5__0-5-530x575-70.jpg"", ""https://storage.googleapis.com/fondovalle-media/__sized__/colors/capraia-infinito-20-my-top/featured-crop-c0-5__0-5-530x575-70.jpg"", ""https://storage.googleapis.com/fondovalle-media/__sized__/colors/calacatta-viola-infinito-20-my-top/featured-crop-c0-5__0-5-530x575-70.jpg"", ""https://storage.googleapis.com/fondovalle-media/__sized__/colors/patagonia-infinito-20-my-top/featured-crop-c0-5__0-5-530x575-70.jpg"", ""https://storage.googleapis.com/fondovalle-media/__sized__/colors/fior-di-bosco-infinito-20-my-top/featured-crop-c0-5__0-5-530x575-70.jpg"", ""https://storage.googleapis.com/fondovalle-media/__sized__/colors/cream-diamonds-infinito-20-my-top/featured-crop-c0-5__0-5-530x575-70.jpg"", ""https://storage.googleapis.com/fondovalle-media/__sized__/colors/gold-river-infinito-20-my-top/featured-crop-c0-5__0-5-530x575-70.jpg"", ""https://storage.googleapis.com/fondovalle-media/__sized__/colors/amazzonite-infinito-20-my-top/featured-crop-c0-5__0-5-530x575-70.jpg"", ""https://storage.googleapis.com/fondovalle-media/__sized__/colors/green-denis-infinito-20-my-top/featured-crop-c0-5__0-5-530x575-70.jpg"", ""https://storage.googleapis.com/fondovalle-media/__sized__/colors/port-laurent-infinito-20-my-top/featured-crop-c0-5__0-5-530x575-70.jpg"", ""https://storage.googleapis.com/fondovalle-media/__sized__/colors/tmp/featured_63f4c0f58764458cac38469761b93c5c-crop-c0-5__0-5-530x575-70.jpg"", ""https://storage.googleapis.com/fondovalle-media/__sized__/colors/travertino-ebur-stone-lab-my-top/featured-crop-c0-5__0-5-530x575-70.jpg"", ""https://storage.googleapis.com/fondovalle-media/__sized__/colors/sikelia-stone-lab-my-top/featured-crop-c0-5__0-5-530x575-70.jpg"", ""https://storage.googleapis.com/fondovalle-media/__sized__/colors/venus-planeto-my-top/featured-crop-c0-5__0-5-530x575-70.jpg"", ""https://storage.googleapis.com/fondovalle-media/__sized__/colors/chianca-stone-lab-my-top/featured-crop-c0-5__0-5-530x575-70.jpg"", ""https://storage.googleapis.com/fondovalle-media/__sized__/colors/jura-white-stone-lab-my-top/featured-crop-c0-5__0-5-530x575-70.jpg""]",[],fondovalle mobilier
4500,650,ABK_4500,Concrete Ash,https://www.abk.it/en/collection/blend,"[""https://www.abk.it/public/collezioneColori/961.jpg?v="", ""https://www.abk.it/public/collezioneGallery/3328.jpg"", ""https://www.abk.it/public/collezioneGallery/3327.jpg"", ""https://www.abk.it/public/collezioneGallery/3326.jpg"", ""https://www.abk.it/public/collezioneGallery/1700.jpg"", ""https://www.abk.it/public/collezioneGallery/3019.jpg"", ""https://www.abk.it/public/collezioneGallery/1705.jpg"", ""https://www.abk.it/public/collezioneGallery/1703.jpg"", ""https://www.abk.it/public/collezioneGallery/1704.jpg""]",[],abk
4501,651,ABK_4501,Concrete Grey,https://www.abk.it/en/collection/blend,"[""https://www.abk.it/public/collezioneColori/963.jpg?v="", ""https://www.abk.it/public/collezioneGallery/3334.jpg"", ""https://www.abk.it/public/collezioneGallery/3329.jpg"", ""https://www.abk.it/public/collezioneGallery/1711.jpg"", ""https://www.abk.it/public/collezioneGallery/1707.jpg"", ""https://www.abk.it/public/collezioneGallery/1708.jpg""]",[],abk
4502,652,ABK_4502,Concrete Iron,https://www.abk.it/en/collection/blend,"[""https://www.abk.it/public/collezioneColori/962.jpg?v="", ""https://www.abk.it/public/collezioneGallery/3331.jpg"", ""https://www.abk.it/public/collezioneGallery/3332.jpg"", ""https://www.abk.it/public/collezioneGallery/3330.jpg"", ""https://www.abk.it/public/collezioneGallery/1717.jpg""]",[],abk
4503,653,ABK_4503,Concrete Moon,https://www.abk.it/en/collection/blend,"[""https://www.abk.it/public/collezioneColori/960.jpg?v="", ""https://www.abk.it/public/collezioneGallery/1722.jpg"", ""https://www.abk.it/public/collezioneGallery/1718.jpg""]",[],abk
4504,654,ABK_4504,Grey,https://www.abk.it/en/collection/crossroad-chalk,"[""https://www.abk.it/public/collezioneColori/229.jpg?v=""]",[],abk
4505,655,ABK_4505,Sand,https://www.abk.it/en/collection/crossroad-chalk,"[""https://www.abk.it/public/collezioneColori/230.jpg?v="", ""https://www.abk.it/public/collezioneGallery/53.jpg"", ""https://www.abk.it/public/collezioneGallery/410.jpg""]",[],abk
4506,656,ABK_4506,White,https://www.abk.it/en/collection/crossroad-chalk,"[""https://www.abk.it/public/collezioneColori/228.jpg?v=""]",[],abk
4507,657,ABK_4507,Arches,https://www.abk.it/en/collection/sensi-fantasy,"[""https://www.abk.it/public/collezioneColori/1210.jpg?v="", ""https://www.abk.it/public/collezioneGallery/2460.jpg"", ""https://www.abk.it/public/collezioneGallery/2459.jpg""]",[],abk
4508,658,ABK_4508,Stripes,https://www.abk.it/en/collection/sensi-fantasy,"[""https://www.abk.it/public/collezioneColori/1211.jpg?v="", ""https://www.abk.it/public/collezioneGallery/3408.jpg"", ""https://www.abk.it/public/collezioneGallery/2467.jpg""]",[],abk
4509,659,ABK_4509,Stripes,https://www.abk.it/en/collection/sensi-fantasy,"[""https://www.abk.it/public/collezioneColori/1211.jpg?v="", ""https://www.abk.it/public/collezioneGallery/3408.jpg"", ""https://www.abk.it/public/collezioneGallery/2467.jpg""]",[],abk
4510,660,ABK_4510,Bali,https://www.abk.it/en/collection/sensi-fantasy,"[""https://www.abk.it/public/collezioneColori/1207.jpg?v="", ""https://www.abk.it/public/collezioneGallery/2462.jpg"", ""https://www.abk.it/public/collezioneGallery/2463.jpg"", ""https://www.abk.it/public/collezioneGallery/2464.jpg"", ""https://www.abk.it/public/collezioneGallery/2461.jpg""]",[],abk
4511,661,ABK_4511,Sea Green,https://www.abk.it/en/collection/sensi-nuance,"[""https://www.abk.it/public/collezioneColori/1214.jpg?v="", ""https://www.abk.it/public/collezioneGallery/2500.jpg"", ""https://www.abk.it/public/collezioneGallery/2499.jpg"", ""https://www.abk.it/public/collezioneGallery/2498.jpg"", ""https://www.abk.it/public/collezioneGallery/2495.jpg"", ""https://www.abk.it/public/collezioneGallery/2497.jpg"", ""https://www.abk.it/public/collezioneGallery/2496.jpg"", ""https://www.abk.it/public/collezioneGallery/2501.jpg""]",[],abk
4512,662,ABK_4512,Deep River,https://www.abk.it/en/collection/sensi-nuance,"[""https://www.abk.it/public/collezioneColori/1213.jpg?v="", ""https://www.abk.it/public/collezioneGallery/2489.jpg"", ""https://www.abk.it/public/collezioneGallery/2487.jpg"", ""https://www.abk.it/public/collezioneGallery/2488.jpg"", ""https://www.abk.it/public/collezioneGallery/2490.jpg"", ""https://www.abk.it/public/collezioneGallery/2494.jpg"", ""https://www.abk.it/public/collezioneGallery/2493.jpg"", ""https://www.abk.it/public/collezioneGallery/2492.jpg"", ""https://www.abk.it/public/collezioneGallery/2491.jpg""]",[],abk
4513,663,ABK_4513,White Macaubas,https://www.abk.it/en/collection/sensi-nuance,"[""https://www.abk.it/public/collezioneColori/1216.jpg?v="", ""https://www.abk.it/public/collezioneGallery/2510.jpg"", ""https://www.abk.it/public/collezioneGallery/2514.jpg"", ""https://www.abk.it/public/collezioneGallery/2512.jpg"", ""https://www.abk.it/public/collezioneGallery/2513.jpg"", ""https://www.abk.it/public/collezioneGallery/2508.jpg"", ""https://www.abk.it/public/collezioneGallery/2509.jpg"", ""https://www.abk.it/public/collezioneGallery/2511.jpg"", ""https://www.abk.it/public/collezioneGallery/2507.jpg""]",[],abk
4514,664,ABK_4514,Pulpis Ivory,https://www.abk.it/en/collection/sensi-900,"[""https://www.abk.it/public/collezioneColori/1609.jpg?v="", ""https://www.abk.it/public/collezioneGallery/3319.jpg"", ""https://www.abk.it/public/collezioneGallery/3318.jpg"", ""https://www.abk.it/public/collezioneGallery/3321.jpg"", ""https://www.abk.it/public/collezioneGallery/3322.jpg"", ""https://www.abk.it/public/collezioneGallery/3320.jpg""]",[],abk
4515,665,ABK_4515,Venezia Nuvola,https://www.abk.it/en/collection/sensi-900,"[""https://www.abk.it/public/collezioneColori/1181.jpg?v="", ""https://www.abk.it/public/collezioneGallery/2341.jpg"", ""https://www.abk.it/public/collezioneGallery/2342.jpg"", ""https://www.abk.it/public/collezioneGallery/2343.jpg"", ""https://www.abk.it/public/collezioneGallery/2345.jpg"", ""https://www.abk.it/public/collezioneGallery/2344.jpg""]",[],abk
4516,666,ABK_4516,Oyster White,https://www.abk.it/en/collection/sensi-900,"[""https://www.abk.it/public/collezioneColori/1183.jpg?v="", ""https://www.abk.it/public/collezioneGallery/2346.jpg"", ""https://www.abk.it/public/collezioneGallery/2347.jpg"", ""https://www.abk.it/public/collezioneGallery/2349.jpg"", ""https://www.abk.it/public/collezioneGallery/2348.jpg"", ""https://www.abk.it/public/collezioneGallery/2351.jpg"", ""https://www.abk.it/public/collezioneGallery/2350.jpg""]",[],abk
4517,667,ABK_4517,Stone Grey,https://www.abk.it/en/collection/sensi-900,"[""https://www.abk.it/public/collezioneColori/1179.jpg?v="", ""https://www.abk.it/public/collezioneGallery/2327.jpg"", ""https://www.abk.it/public/collezioneGallery/2324.jpg"", ""https://www.abk.it/public/collezioneGallery/2325.jpg"", ""https://www.abk.it/public/collezioneGallery/2326.jpg"", ""https://www.abk.it/public/collezioneGallery/2329.jpg"", ""https://www.abk.it/public/collezioneGallery/2330.jpg"", ""https://www.abk.it/public/collezioneGallery/2331.jpg"", ""https://www.abk.it/public/collezioneGallery/2328.jpg""]",[],abk
4518,668,ABK_4518,Taj Mahal,https://www.abk.it/en/collection/sensi-gems,"[""https://www.abk.it/public/collezioneColori/918.jpg?v=353"", ""https://www.abk.it/public/collezioneGallery/1600.jpg"", ""https://www.abk.it/public/collezioneGallery/1599.jpg"", ""https://www.abk.it/public/collezioneGallery/1601.jpg"", ""https://www.abk.it/public/collezioneGallery/1602.jpg"", ""https://www.abk.it/public/collezioneGallery/1597.jpg"", ""https://www.abk.it/public/collezioneGallery/1598.jpg""]",[],abk
4519,669,ABK_4519,Iceberg,https://www.abk.it/en/collection/sensi-gems,"[""https://www.abk.it/public/collezioneColori/916.jpg?v="", ""https://www.abk.it/public/collezioneGallery/1593.jpg"", ""https://www.abk.it/public/collezioneGallery/1592.jpg"", ""https://www.abk.it/public/collezioneGallery/1594.jpg"", ""https://www.abk.it/public/collezioneGallery/3686.jpg"", ""https://www.abk.it/public/collezioneGallery/3687.jpg""]",[],abk
4520,670,ABK_4520,Invisible Pearl,https://www.abk.it/en/collection/sensi-up,"[""https://www.abk.it/public/collezioneColori/557.jpg?v="", ""https://www.abk.it/public/collezioneGallery/607.jpg"", ""https://www.abk.it/public/collezioneGallery/608.jpg"", ""https://www.abk.it/public/collezioneGallery/609.jpg"", ""https://www.abk.it/public/collezioneGallery/610.jpg"", ""https://www.abk.it/public/collezioneGallery/611.jpg"", ""https://www.abk.it/public/collezioneGallery/612.jpg""]",[],abk
4521,671,ABK_4521,Statuario Versilia,https://www.abk.it/en/collection/sensi-up,"[""https://www.abk.it/public/collezioneColori/559.jpg?v=657"", ""https://www.abk.it/public/collezioneGallery/3020.jpg"", ""https://www.abk.it/public/collezioneGallery/3021.jpg"", ""https://www.abk.it/public/collezioneGallery/3023.jpg"", ""https://www.abk.it/public/collezioneGallery/3022.jpg"", ""https://www.abk.it/public/collezioneGallery/616.jpg""]",[],abk
4522,672,ABK_4522,Breccia Melange,https://www.abk.it/en/collection/sensi-up,"[""https://www.abk.it/public/collezioneColori/558.jpg?v="", ""https://www.abk.it/public/collezioneGallery/597.jpg"", ""https://www.abk.it/public/collezioneGallery/599.jpg"", ""https://www.abk.it/public/collezioneGallery/600.jpg"", ""https://www.abk.it/public/collezioneGallery/598.jpg""]",[],abk
4523,673,ABK_4523,Milk,https://www.abk.it/en/collection/alterego,"[""https://www.abk.it/public/collezioneColori/1550.jpg?v="", ""https://www.abk.it/public/collezioneGallery/3264.jpg"", ""https://www.abk.it/public/collezioneGallery/3675.jpg"", ""https://www.abk.it/public/collezioneGallery/3262.jpg"", ""https://www.abk.it/public/collezioneGallery/3670.jpg"", ""https://www.abk.it/public/collezioneGallery/3679.jpg""]",[],abk
4524,674,ABK_4524,Sand,https://www.abk.it/en/collection/alterego,"[""https://www.abk.it/public/collezioneColori/1549.jpg?v="", ""https://www.abk.it/public/collezioneGallery/3258.jpg"", ""https://www.abk.it/public/collezioneGallery/3259.jpg"", ""https://www.abk.it/public/collezioneGallery/3260.jpg"", ""https://www.abk.it/public/collezioneGallery/3261.jpg""]",[],abk
4525,675,ABK_4525,Ash,https://www.abk.it/en/collection/alterego,"[""https://www.abk.it/public/collezioneColori/1551.jpg?v="", ""https://www.abk.it/public/collezioneGallery/3673.jpg"", ""https://www.abk.it/public/collezioneGallery/3674.jpg"", ""https://www.abk.it/public/collezioneGallery/3267.jpg""]",[],abk
4526,676,ABK_4526,Mud,https://www.abk.it/en/collection/alterego,"[""https://www.abk.it/public/collezioneColori/1553.jpg?v="", ""https://www.abk.it/public/collezioneGallery/3271.jpg"", ""https://www.abk.it/public/collezioneGallery/3680.jpg"", ""https://www.abk.it/public/collezioneGallery/3278.jpg"", ""https://www.abk.it/public/collezioneGallery/3678.jpg"", ""https://www.abk.it/public/collezioneGallery/3279.jpg"", ""https://www.abk.it/public/collezioneGallery/3275.jpg""]",[],abk
4527,677,ABK_4527,Cotto,https://www.abk.it/en/collection/alterego,"[""https://www.abk.it/public/collezioneColori/1546.jpg?v="", ""https://www.abk.it/public/collezioneGallery/3250.jpg"", ""https://www.abk.it/public/collezioneGallery/3252.jpg"", ""https://www.abk.it/public/collezioneGallery/3251.jpg""]",[],abk
4528,678,ABK_4528,Clay,https://www.abk.it/en/collection/alterego,"[""https://www.abk.it/public/collezioneColori/1548.jpg?v="", ""https://www.abk.it/public/collezioneGallery/3257.jpg"", ""https://www.abk.it/public/collezioneGallery/3256.jpg""]",[],abk
4529,679,ABK_4529,White,https://www.abk.it/en/collection/sensi-roma,"[""https://www.abk.it/public/collezioneColori/1175.jpg?v="", ""https://www.abk.it/public/collezioneGallery/2289.jpg"", ""https://www.abk.it/public/collezioneGallery/2286.jpg"", ""https://www.abk.it/public/collezioneGallery/2293.jpg"", ""https://www.abk.it/public/collezioneGallery/3028.jpg"", ""https://www.abk.it/public/collezioneGallery/2284.jpg"", ""https://www.abk.it/public/collezioneGallery/2287.jpg"", ""https://www.abk.it/public/collezioneGallery/2288.jpg"", ""https://www.abk.it/public/collezioneGallery/2285.jpg"", ""https://www.abk.it/public/collezioneGallery/2290.jpg"", ""https://www.abk.it/public/collezioneGallery/2291.jpg"", ""https://www.abk.it/public/collezioneGallery/3029.jpg"", ""https://www.abk.it/public/collezioneGallery/2292.jpg""]",[],abk
4530,680,ABK_4530,Ivory,https://www.abk.it/en/collection/sensi-roma,"[""https://www.abk.it/public/collezioneColori/1177.jpg?v="", ""https://www.abk.it/public/collezioneGallery/2297.jpg"", ""https://www.abk.it/public/collezioneGallery/2299.jpg"", ""https://www.abk.it/public/collezioneGallery/2301.jpg"", ""https://www.abk.it/public/collezioneGallery/3027.jpg"", ""https://www.abk.it/public/collezioneGallery/3026.jpg"", ""https://www.abk.it/public/collezioneGallery/2300.jpg"", ""https://www.abk.it/public/collezioneGallery/2294.jpg"", ""https://www.abk.it/public/collezioneGallery/2298.jpg"", ""https://www.abk.it/public/collezioneGallery/2296.jpg"", ""https://www.abk.it/public/collezioneGallery/2295.jpg"", ""https://www.abk.it/public/collezioneGallery/3025.jpg""]",[],abk
4531,681,ABK_4531,Cream,https://www.abk.it/en/collection/sensi-roma,"[""https://www.abk.it/public/collezioneColori/1176.jpg?v="", ""https://www.abk.it/public/collezioneGallery/2303.jpg"", ""https://www.abk.it/public/collezioneGallery/2302.jpg"", ""https://www.abk.it/public/collezioneGallery/2310.jpg"", ""https://www.abk.it/public/collezioneGallery/2306.jpg"", ""https://www.abk.it/public/collezioneGallery/2309.jpg"", ""https://www.abk.it/public/collezioneGallery/2305.jpg"", ""https://www.abk.it/public/collezioneGallery/2304.jpg"", ""https://www.abk.it/public/collezioneGallery/2308.jpg"", ""https://www.abk.it/public/collezioneGallery/2307.jpg""]",[],abk
4532,682,ABK_4532,Red,https://www.abk.it/en/collection/sensi-roma,"[""https://www.abk.it/public/collezioneColori/1510.jpg?v=602"", ""https://www.abk.it/public/collezioneGallery/3078.jpg"", ""https://www.abk.it/public/collezioneGallery/3079.jpg"", ""https://www.abk.it/public/collezioneGallery/3081.jpg"", ""https://www.abk.it/public/collezioneGallery/3082.jpg"", ""https://www.abk.it/public/collezioneGallery/3208.jpg""]",[],abk
4533,683,ABK_4533,Ivory,https://www.abk.it/en/collection/cliff,"[""https://www.abk.it/public/collezioneColori/1725.jpg?v="", ""https://www.abk.it/public/collezioneGallery/3555.jpg"", ""https://www.abk.it/public/collezioneGallery/3559.jpg"", ""https://www.abk.it/public/collezioneGallery/3556.jpg"", ""https://www.abk.it/public/collezioneGallery/3557.jpg"", ""https://www.abk.it/public/collezioneGallery/3558.jpg""]",[],abk
4534,684,ABK_4534,Sand,https://www.abk.it/en/collection/cliff,"[""https://www.abk.it/public/collezioneColori/1726.jpg?v="", ""https://www.abk.it/public/collezioneGallery/3563.jpg"", ""https://www.abk.it/public/collezioneGallery/3560.jpg"", ""https://www.abk.it/public/collezioneGallery/3562.jpg"", ""https://www.abk.it/public/collezioneGallery/3561.jpg"", ""https://www.abk.it/public/collezioneGallery/3564.jpg"", ""https://www.abk.it/public/collezioneGallery/3565.jpg""]",[],abk
4535,685,ABK_4535,Ash,https://www.abk.it/en/collection/cliff,"[""https://www.abk.it/public/collezioneColori/1727.jpg?v="", ""https://www.abk.it/public/collezioneGallery/3569.jpg"", ""https://www.abk.it/public/collezioneGallery/3570.jpg"", ""https://www.abk.it/public/collezioneGallery/3572.jpg"", ""https://www.abk.it/public/collezioneGallery/3568.jpg"", ""https://www.abk.it/public/collezioneGallery/3567.jpg""]",[],abk
4536,686,ABK_4536,Trani Ivory,https://www.abk.it/en/collection/poetry-stone,"[""https://www.abk.it/public/collezioneColori/1111.jpg?v="", ""https://www.abk.it/public/collezioneGallery/2098.jpg""]",[],abk
4537,687,ABK_4537,Trani Beige,https://www.abk.it/en/collection/poetry-stone,"[""https://www.abk.it/public/collezioneColori/1112.jpg?v="", ""https://www.abk.it/public/collezioneGallery/3634.jpg"", ""https://www.abk.it/public/collezioneGallery/3633.jpg"", ""https://www.abk.it/public/collezioneGallery/2095.jpg"", ""https://www.abk.it/public/collezioneGallery/2096.jpg""]",[],abk
4538,688,ABK_4538,Pirenei Ecru,https://www.abk.it/en/collection/poetry-stone,"[""https://www.abk.it/public/collezioneColori/1109.jpg?v="", ""https://www.abk.it/public/collezioneGallery/2110.jpg"", ""https://www.abk.it/public/collezioneGallery/2090.jpg""]",[],abk
4539,689,ABK_4539,Pirenei Grey,https://www.abk.it/en/collection/poetry-stone,"[""https://www.abk.it/public/collezioneColori/1110.jpg?v="", ""https://www.abk.it/public/collezioneGallery/2091.jpg"", ""https://www.abk.it/public/collezioneGallery/2092.jpg"", ""https://www.abk.it/public/collezioneGallery/2093.jpg"", ""https://www.abk.it/public/collezioneGallery/2094.jpg""]",[],abk
4540,690,ABK_4540,Piase Smoke,https://www.abk.it/en/collection/poetry-stone,"[""https://www.abk.it/public/collezioneColori/1107.jpg?v="", ""https://www.abk.it/public/collezioneGallery/2109.jpg"", ""https://www.abk.it/public/collezioneGallery/2108.jpg"", ""https://www.abk.it/public/collezioneGallery/2089.jpg"", ""https://www.abk.it/public/collezioneGallery/2088.jpg""]",[],abk
4541,691,ABK_4541,Jura Sand,https://www.abk.it/en/collection/poetry-stone-reloaded,"[""https://www.abk.it/public/collezioneColori/1513.jpg?v="", ""https://www.abk.it/public/collezioneGallery/3667.jpg"", ""https://www.abk.it/public/collezioneGallery/3112.jpg"", ""https://www.abk.it/public/collezioneGallery/3117.jpg"", ""https://www.abk.it/public/collezioneGallery/3669.jpg"", ""https://www.abk.it/public/collezioneGallery/3668.jpg"", ""https://www.abk.it/public/collezioneGallery/3111.jpg"", ""https://www.abk.it/public/collezioneGallery/3113.jpg""]",[],abk
4542,692,ABK_4542,Jura Ash,https://www.abk.it/en/collection/poetry-stone-reloaded,"[""https://www.abk.it/public/collezioneColori/1514.jpg?v="", ""https://www.abk.it/public/collezioneGallery/3107.jpg"", ""https://www.abk.it/public/collezioneGallery/3109.jpg"", ""https://www.abk.it/public/collezioneGallery/3110.jpg"", ""https://www.abk.it/public/collezioneGallery/3106.jpg"", ""https://www.abk.it/public/collezioneGallery/3108.jpg""]",[],abk
4543,693,ABK_4543,Basaltina Smoke,https://www.abk.it/en/collection/poetry-stone-reloaded,"[""https://www.abk.it/public/collezioneColori/1516.jpg?v="", ""https://www.abk.it/public/collezioneGallery/3094.jpg"", ""https://www.abk.it/public/collezioneGallery/3095.jpg"", ""https://www.abk.it/public/collezioneGallery/3096.jpg"", ""https://www.abk.it/public/collezioneGallery/3093.jpg""]",[],abk
4544,694,ABK_4544,Basaltina Dark,https://www.abk.it/en/collection/poetry-stone-reloaded,"[""https://www.abk.it/public/collezioneColori/1517.jpg?v="", ""https://www.abk.it/public/collezioneGallery/3087.jpg"", ""https://www.abk.it/public/collezioneGallery/3084.jpg"", ""https://www.abk.it/public/collezioneGallery/3085.jpg"", ""https://www.abk.it/public/collezioneGallery/3086.jpg""]",[],abk
4545,695,ABK_4545,Carving Smoke,https://www.abk.it/en/collection/poetry-stone-reloaded,"[""https://www.abk.it/public/collezioneColori/1523.jpg?v="", ""https://www.abk.it/public/collezioneGallery/3127.jpg""]",[],abk
4546,696,ABK_4546,Carving Ecru,https://www.abk.it/en/collection/poetry-stone-reloaded,"[""https://www.abk.it/public/collezioneColori/1524.jpg?v="", ""https://www.abk.it/public/collezioneGallery/3126.jpg""]",[],abk
4547,697,ABK_4547,Carving Beige,https://www.abk.it/en/collection/poetry-stone-reloaded,"[""https://www.abk.it/public/collezioneColori/1525.jpg?v=""]",[],abk
4548,698,ABK_4548,Pearl,https://www.abk.it/en/collection/poetry-colors,"[""https://www.abk.it/public/collezioneColori/1148.jpg?v="", ""https://www.abk.it/public/collezioneGallery/2218.jpg"", ""https://www.abk.it/public/collezioneGallery/2219.jpg"", ""https://www.abk.it/public/collezioneGallery/2220.jpg"", ""https://www.abk.it/public/collezioneGallery/2221.jpg""]",[],abk
4549,699,ABK_4549,Smoke,https://www.abk.it/en/collection/poetry-colors,"[""https://www.abk.it/public/collezioneColori/1147.jpg?v="", ""https://www.abk.it/public/collezioneGallery/2226.jpg"", ""https://www.abk.it/public/collezioneGallery/2227.jpg"", ""https://www.abk.it/public/collezioneGallery/2228.jpg""]",[],abk
4550,700,ABK_4550,Blush,https://www.abk.it/en/collection/poetry-colors,"[""https://www.abk.it/public/collezioneColori/1143.jpg?v="", ""https://www.abk.it/public/collezioneGallery/2214.jpg"", ""https://www.abk.it/public/collezioneGallery/2215.jpg"", ""https://www.abk.it/public/collezioneGallery/2216.jpg"", ""https://www.abk.it/public/collezioneGallery/2217.jpg""]",[],abk
4551,701,ABK_4551,Plains Ivory,https://moooiceramicsurfaces.com/en/surface/sandy,"[""https://moooiceramicsurfaces.com/public/prodcolors/36-516-sandy-plains-ivory-60x12001.jpg""]",[],abk
4552,702,ABK_4552,Plains Hay,https://moooiceramicsurfaces.com/en/surface/sandy,"[""https://moooiceramicsurfaces.com/public/prodcolors/15-374-sandy-plains-hay-60x12001.jpg""]",[],abk
4553,703,ABK_4553,Plains Powder,https://moooiceramicsurfaces.com/en/surface/sandy,"[""https://moooiceramicsurfaces.com/public/prodcolors/37-930-sandy-plains-powder-60x12001.jpg""]",[],abk
4554,704,ABK_4554,Plains Terracotta,https://moooiceramicsurfaces.com/en/surface/sandy,"[""https://moooiceramicsurfaces.com/public/prodcolors/38-990-sandy-plains-terracotta-60x12001.jpg""]",[],abk
4555,705,ABK_4555,Plains Concrete,https://moooiceramicsurfaces.com/en/surface/sandy,"[""https://moooiceramicsurfaces.com/public/prodcolors/39-658-sandy-plains-concrete-60x12001.jpg""]",[],abk
4556,706,ABK_4556,Plains Volcano,https://moooiceramicsurfaces.com/en/surface/sandy,"[""https://moooiceramicsurfaces.com/public/prodcolors/40-582-sandy-plains-volcano-60x12001.jpg""]",[],abk
4557,707,ABK_4557,Ivory,https://moooiceramicsurfaces.com/en/surface/egg-scape,"[""https://moooiceramicsurfaces.com/public/prodcolors/51-564-egg-scape-ivory-120x12001.jpg""]",[],abk
4558,708,ABK_4558,Powder,https://moooiceramicsurfaces.com/en/surface/egg-scape,"[""https://moooiceramicsurfaces.com/public/prodcolors/52-663-egg-scape-powder-120x12001.jpg""]",[],abk
4559,709,ABK_4559,Concrete,https://moooiceramicsurfaces.com/en/surface/egg-scape,"[""https://moooiceramicsurfaces.com/public/prodcolors/54-892-egg-scape-concrete-60x6001.jpg""]",[],abk
4560,710,ABK_4560,Hay,https://moooiceramicsurfaces.com/en/surface/egg-scape,"[""https://moooiceramicsurfaces.com/public/prodcolors/53-679-egg-scape-hay-60x6001.jpg""]",[],abk
4561,711,ABK_4561,Geometrical Dove Ivory,https://moooiceramicsurfaces.com/en/surface/special-edition,"[""https://moooiceramicsurfaces.com/public/prodcolors/103-538-special-editgeometrical-dove-ivory-120x280.jpg""]",[],abk
4562,712,ABK_4562,Geometrical Rhea Ivory,https://moooiceramicsurfaces.com/en/surface/special-edition,"[""https://moooiceramicsurfaces.com/public/prodcolors/106-901-special-editgeometrical-rhea-ivory-120x280.jpg""]",[],abk
4563,713,ABK_4563,Geometrical Owl Ivory,https://moooiceramicsurfaces.com/en/surface/special-edition,"[""https://moooiceramicsurfaces.com/public/prodcolors/109-53-special-editgeometrical-owl-ivory-120x280.jpg""]",[],abk
4564,714,ABK_4564,Hypnotic Owl,https://moooiceramicsurfaces.com/en/surface/special-edition,"[""https://moooiceramicsurfaces.com/public/prodcolors/108-301-special-edithypnotic-owl-120x280.jpg""]",[],abk
5000,800,FV_5000,Standard,https://fondovalle.it/en/products/homescape/sugar-homescape-standard/,"[""https://storage.googleapis.com/fondovalle-media/__sized__/colors/sugar-homescape-standard/featured-thumbnail-380x380-70.jpg"", ""https://storage.googleapis.com/fondovalle-media/__sized__/colors/sugar-homescape-standard/ambient-upscalecrop-1028x779-70.jpg""]",[],fondovalle ceramice
5001,801,FV_5001,Standard,https://fondovalle.it/en/products/homescape/clay-homescape-standard/,"[""https://storage.googleapis.com/fondovalle-media/__sized__/colors/clay-homescape-standard/featured-thumbnail-380x380-70.jpg"", ""https://storage.googleapis.com/fondovalle-media/__sized__/colors/clay-homescape-standard/ambient-upscalecrop-1028x779-70.jpg""]",[],fondovalle ceramice
5002,802,FV_5002,Standard,https://fondovalle.it/en/products/homescape/coal-homescape-standard/,"[""https://storage.googleapis.com/fondovalle-media/__sized__/colors/coal-homescape-standard/featured-thumbnail-380x380-70.jpg"", ""https://storage.googleapis.com/fondovalle-media/__sized__/colors/coal-homescape-standard/ambient-upscalecrop-1028x779-70.jpg""]",[],fondovalle ceramice
5003,803,FV_5003,Standard,https://fondovalle.it/en/products/homescape/caramel-homescape-standard/,"[""https://storage.googleapis.com/fondovalle-media/__sized__/colors/caramel-homescape-standard/featured-thumbnail-380x380-70.jpg"", ""https://storage.googleapis.com/fondovalle-media/__sized__/colors/caramel-homescape-standard/ambient_6ed7686630fb463aa91211de2649f0c6-upscalecrop-1028x779-70.jpg""]",[],fondovalle ceramice
5004,804,FV_5004,Standard,https://fondovalle.it/en/products/homescape/matcha-homescape-standard/,"[""https://storage.googleapis.com/fondovalle-media/__sized__/colors/matcha-homescape-standard/featured-thumbnail-380x380-70.jpg"", ""https://storage.googleapis.com/fondovalle-media/__sized__/colors/matcha-homescape-standard/ambient-upscalecrop-1028x779-70.jpg""]",[],fondovalle ceramice
5005,805,FV_5005,Standard,https://fondovalle.it/en/products/pigmento/gesso-pigmento-standard/,"[""https://storage.googleapis.com/fondovalle-media/__sized__/colors/gesso-pigmento-standard/featured-thumbnail-380x380-70.jpg"", ""https://storage.googleapis.com/fondovalle-media/__sized__/colors/gesso-pigmento-standard/ambient-upscalecrop-1028x779-70.jpg"", ""https://storage.googleapis.com/fondovalle-media/products/surface-technology/image/2.png""]",[],fondovalle ceramice
5006,806,FV_5006,Standard,https://fondovalle.it/en/products/pigmento/fango-pigmento-standard/,"[""https://storage.googleapis.com/fondovalle-media/__sized__/colors/fango-pigmento-standard/featured-thumbnail-380x380-70.jpg"", ""https://storage.googleapis.com/fondovalle-media/__sized__/colors/fango-pigmento-standard/ambient-upscalecrop-1028x779-70.jpg"", ""https://storage.googleapis.com/fondovalle-media/products/surface-technology/image/2.png""]",[],fondovalle ceramice
5007,807,FV_5007,Standard,https://fondovalle.it/en/products/pigmento/polvere-pigmento-standard/,"[""https://storage.googleapis.com/fondovalle-media/__sized__/colors/polvere-pigmento-standard/featured-thumbnail-380x380-70.jpg"", ""https://storage.googleapis.com/fondovalle-media/__sized__/colors/polvere-pigmento-standard/ambient-upscalecrop-1028x779-70.jpg"", ""https://storage.googleapis.com/fondovalle-media/products/surface-technology/image/2.png""]",[],fondovalle ceramice
5008,808,FV_5008,Standard,https://fondovalle.it/en/products/pigmento/carbone-pigmento-standard/,"[""https://storage.googleapis.com/fondovalle-media/__sized__/colors/carbone-pigmento-standard/featured-thumbnail-380x380-70.jpg"", ""https://storage.googleapis.com/fondovalle-media/__sized__/colors/carbone-pigmento-standard/ambient-upscalecrop-1028x779-70.jpg""]",[],fondovalle ceramice
5009,809,FV_5009,Standard,https://fondovalle.it/en/products/pigmento/oro-pigmento-standard/,"[""https://storage.googleapis.com/fondovalle-media/__sized__/colors/oro-pigmento-standard/featured-thumbnail-380x380-70.jpg"", ""https://storage.googleapis.com/fondovalle-media/__sized__/colors/oro-pigmento-standard/ambient-upscalecrop-1028x779-70.jpg""]",[],fondovalle ceramice
5010,810,FV_5010,Standard,https://fondovalle.it/en/products/pigmento/mattone-pigmento-standard/,"[""https://storage.googleapis.com/fondovalle-media/__sized__/colors/mattone-pigmento-standard/featured-thumbnail-380x380-70.jpg"", ""https://storage.googleapis.com/fondovalle-media/__sized__/colors/mattone-pigmento-standard/ambient-upscalecrop-1028x779-70.jpg""]",[],fondovalle ceramice
5011,811,FV_5011,Standard,https://fondovalle.it/en/products/pigmento/ossido-pigmento-standard/,"[""https://storage.googleapis.com/fondovalle-media/__sized__/colors/ossido-pigmento-standard/featured-thumbnail-380x380-70.jpg"", ""https://storage.googleapis.com/fondovalle-media/__sized__/colors/ossido-pigmento-standard/ambient-upscalecrop-1028x779-70.jpg""]",[],fondovalle ceramice
5012,812,FV_5012,Standard,https://fondovalle.it/en/products/portland/jordan-portland-standard/,"[""https://storage.googleapis.com/fondovalle-media/__sized__/colors/jordan-portland-standard/featured-thumbnail-380x380-70.jpg"", ""https://storage.googleapis.com/fondovalle-media/__sized__/colors/jordan-portland-standard/ambient-upscalecrop-1028x779-70.jpg"", ""https://storage.googleapis.com/fondovalle-media/products/surface-technology/image/2.png""]",[],fondovalle ceramice
5013,813,FV_5013,Standard,https://fondovalle.it/en/products/portland/hood-portland-standard/,"[""https://storage.googleapis.com/fondovalle-media/__sized__/colors/hood-portland-standard/featured-thumbnail-380x380-70.jpg"", ""https://storage.googleapis.com/fondovalle-media/__sized__/colors/hood-portland-standard/ambient-upscalecrop-1028x779-70.jpg"", ""https://storage.googleapis.com/fondovalle-media/products/surface-technology/image/2.png""]",[],fondovalle ceramice
5014,814,FV_5014,Standard,https://fondovalle.it/en/products/portland/tabor-portland-standard/,"[""https://storage.googleapis.com/fondovalle-media/__sized__/colors/tabor-portland-standard/featured-thumbnail-380x380-70.jpg"", ""https://storage.googleapis.com/fondovalle-media/__sized__/colors/tabor-portland-standard/ambient-upscalecrop-1028x779-70.jpg""]",[],fondovalle ceramice
5015,815,FV_5015,Standard,https://fondovalle.it/en/products/portland/helen-portland-standard/,"[""https://storage.googleapis.com/fondovalle-media/__sized__/colors/helen-portland-standard/featured-thumbnail-380x380-70.jpg"", ""https://storage.googleapis.com/fondovalle-media/__sized__/colors/helen-portland-standard/ambient-upscalecrop-1028x779-70.jpg""]",[],fondovalle ceramice
5016,816,FV_5016,Standard,https://fondovalle.it/en/products/portland/lassen-portland-standard/,"[""https://storage.googleapis.com/fondovalle-media/__sized__/colors/lassen-portland-standard/featured_cc48bd64866d4a08bf307319b9978ce2-thumbnail-380x380-70.jpg"", ""https://storage.googleapis.com/fondovalle-media/__sized__/colors/lassen-portland-standard/ambient-upscalecrop-1028x779-70.jpg"", ""https://storage.googleapis.com/fondovalle-media/products/surface-technology/image/2.png""]",[],fondovalle ceramice
5017,817,FV_5017,Standard,https://fondovalle.it/en/products/infinito-20/thassos-infinito-20-my-top/,"[""https://storage.googleapis.com/fondovalle-media/__sized__/colors/thassos-infinito-20-my-top/featured-thumbnail-380x380-70.jpg"", ""https://storage.googleapis.com/fondovalle-media/__sized__/colors/thassos-infinito-20-my-top/ambient_58313a1356324196b45dabfc26681df5-upscalecrop-1028x779-70.jpg"", ""https://storage.googleapis.com/fondovalle-media/products/surface-technology/image/CRI.png""]",[],fondovalle ceramice
5018,818,FV_5018,Standard,https://fondovalle.it/en/products/infinito-20/elegant-white-infinito-20-my-top/,"[""https://storage.googleapis.com/fondovalle-media/__sized__/colors/elegant-white-infinito-20-my-top/featured-thumbnail-380x380-70.jpg"", ""https://storage.googleapis.com/fondovalle-media/__sized__/colors/elegant-white-infinito-20-my-top/ambient-upscalecrop-1028x779-70.jpg""]",[],fondovalle ceramice
5019,819,FV_5019,Standard,https://fondovalle.it/en/products/infinito-20/statuario-extra-infinito-20-standard/,"[""https://storage.googleapis.com/fondovalle-media/__sized__/colors/statuario-extra-infinito-20-standard/featured-thumbnail-380x380-70.jpg"", ""https://storage.googleapis.com/fondovalle-media/__sized__/colors/statuario-extra-infinito-20-standard/ambient-upscalecrop-1028x779-70.jpg""]",[],fondovalle ceramice
5020,820,FV_5020,Standard,https://fondovalle.it/en/products/infinito-20/statuario-infinito-20-standard/,"[""https://storage.googleapis.com/fondovalle-media/__sized__/colors/statuario-infinito-20-standard/featured-thumbnail-380x380-70.jpg"", ""https://storage.googleapis.com/fondovalle-media/__sized__/colors/statuario-infinito-20-standard/ambient_2fa23e04a2b047eb85ca8ea395f14236-upscalecrop-1028x779-70.jpg""]",[],fondovalle ceramice
5021,821,FV_5021,Standard,https://fondovalle.it/en/products/infinito-20/lincoln-infinito-20-standard/,"[""https://storage.googleapis.com/fondovalle-media/__sized__/colors/lincoln-infinito-20-standard/featured-thumbnail-380x380-70.jpg"", ""https://storage.googleapis.com/fondovalle-media/__sized__/colors/lincoln-infinito-20-standard/ambient-upscalecrop-1028x779-70.jpg""]",[],fondovalle ceramice
5022,822,FV_5022,Standard,https://fondovalle.it/en/products/infinito-20/calacatta-white-infinito-20-standard/,"[""https://storage.googleapis.com/fondovalle-media/__sized__/colors/calacatta-white-infinito-20-standard/featured-thumbnail-380x380-70.jpg"", ""https://storage.googleapis.com/fondovalle-media/__sized__/colors/calacatta-white-infinito-20-standard/ambient-upscalecrop-1028x779-70.jpg""]",[],fondovalle ceramice
5023,823,FV_5023,Standard,https://fondovalle.it/en/products/infinito-20/calacatta-light-infinito-20-standard/,"[""https://storage.googleapis.com/fondovalle-media/__sized__/colors/calacatta-light-infinito-20-standard/featured-thumbnail-380x380-70.jpg"", ""https://storage.googleapis.com/fondovalle-media/__sized__/colors/calacatta-light-infinito-20-standard/ambient_af44a1b6c75743bc9e8cb505258126d4-upscalecrop-1028x779-70.jpg""]",[],fondovalle ceramice
5024,824,FV_5024,Standard,https://fondovalle.it/en/products/infinito-20/calacatta-gold-infinito-20-standard/,"[""https://storage.googleapis.com/fondovalle-media/__sized__/colors/calacatta-gold-infinito-20-standard/featured-thumbnail-380x380-70.jpg"", ""https://storage.googleapis.com/fondovalle-media/__sized__/colors/calacatta-gold-infinito-20-standard/ambient-upscalecrop-1028x779-70.jpg""]",[],fondovalle ceramice
5025,825,FV_5025,Standard,https://fondovalle.it/en/products/infinito-20/capraia-infinito-20-standard/,"[""https://storage.googleapis.com/fondovalle-media/__sized__/colors/capraia-infinito-20-standard/featured-thumbnail-380x380-70.jpg"", ""https://storage.googleapis.com/fondovalle-media/__sized__/colors/capraia-infinito-20-standard/ambient_67f59627d9174903bfcfd8290286bdd1-upscalecrop-1028x779-70.jpg""]",[],fondovalle ceramice
5026,826,FV_5026,Standard,https://fondovalle.it/en/products/infinito-20/calacatta-viola-infinito-20-standard/,"[""https://storage.googleapis.com/fondovalle-media/__sized__/colors/calacatta-viola-infinito-20-standard/featured-thumbnail-380x380-70.jpeg"", ""https://storage.googleapis.com/fondovalle-media/__sized__/colors/calacatta-viola-infinito-20-standard/ambient_dc40d646634d42dbb618dfbe67464ed4-upscalecrop-1028x779-70.jpg""]",[],fondovalle ceramice
5027,827,FV_5027,Standard,https://fondovalle.it/en/products/infinito-20/onice-white-infinito-20-standard/,"[""https://storage.googleapis.com/fondovalle-media/__sized__/colors/onice-white-infinito-20-standard/featured-thumbnail-380x380-70.jpg"", ""https://storage.googleapis.com/fondovalle-media/__sized__/colors/onice-white-infinito-20-standard/ambient-upscalecrop-1028x779-70.jpg""]",[],fondovalle ceramice
5028,828,FV_5028,Standard,https://fondovalle.it/en/products/infinito-20/calacatta-macchia-vecchia-infinito-20-standard/,"[""https://storage.googleapis.com/fondovalle-media/__sized__/colors/calacatta-macchia-vecchia-infinito-20-standard/featured-thumbnail-380x380-70.jpg"", ""https://storage.googleapis.com/fondovalle-media/__sized__/colors/calacatta-macchia-vecchia-infinito-20-standard/ambient_7fc5134e6a764d869b2652f6c7bb4d86-upscalecrop-1028x779-70.jpg""]",[],fondovalle ceramice
5029,829,FV_5029,Standard,https://fondovalle.it/en/products/infinito-20/patagonia-infinito-20-standard/,"[""https://storage.googleapis.com/fondovalle-media/__sized__/colors/patagonia-infinito-20-standard/featured-thumbnail-380x380-70.jpg"", ""https://storage.googleapis.com/fondovalle-media/__sized__/colors/patagonia-infinito-20-standard/ambient_99949c6df5844f79b7f647a67b66c03d-upscalecrop-1028x779-70.jpg""]",[],fondovalle ceramice
5030,830,FV_5030,Standard,https://fondovalle.it/en/products/infinito-20/gold-river-infinito-20-standard/,"[""https://storage.googleapis.com/fondovalle-media/__sized__/colors/gold-river-infinito-20-standard/featured-thumbnail-380x380-70.jpg"", ""https://storage.googleapis.com/fondovalle-media/__sized__/colors/gold-river-infinito-20-standard/ambient-upscalecrop-1028x779-70.jpg""]",[],fondovalle ceramice
5031,831,FV_5031,Standard,https://fondovalle.it/en/products/infinito-20/breccia-van-gogh-infinito-20-standard/,"[""https://storage.googleapis.com/fondovalle-media/__sized__/colors/breccia-van-gogh-infinito-20-standard/featured-thumbnail-380x380-70.jpg"", ""https://storage.googleapis.com/fondovalle-media/__sized__/colors/breccia-van-gogh-infinito-20-standard/ambient_9875d000b5814965abfddfbcc2ed0225-upscalecrop-1028x779-70.jpg""]",[],fondovalle ceramice
5032,832,FV_5032,Standard,https://fondovalle.it/en/products/infinito-20/ombra-di-caravaggio-infinito-20-standard/,"[""https://storage.googleapis.com/fondovalle-media/__sized__/colors/ombra-di-caravaggio-infinito-20-standard/featured-thumbnail-380x380-70.jpg"", ""https://storage.googleapis.com/fondovalle-media/__sized__/colors/ombra-di-caravaggio-infinito-20-standard/ambient-upscalecrop-1028x779-70.jpg""]",[],fondovalle ceramice
5033,833,FV_5033,Standard,https://fondovalle.it/en/products/infinito-20/emerald-green-infinito-20-standard/,"[""https://storage.googleapis.com/fondovalle-media/__sized__/colors/emerald-green-infinito-20-standard/featured-thumbnail-380x380-70.jpg"", ""https://storage.googleapis.com/fondovalle-media/__sized__/colors/emerald-green-infinito-20-standard/ambient-upscalecrop-1028x779-70.jpg""]",[],fondovalle ceramice
5034,834,FV_5034,Standard,https://fondovalle.it/en/products/infinito-20/river-jade-infinito-20-standard/,"[""https://storage.googleapis.com/fondovalle-media/__sized__/colors/river-jade-infinito-20-standard/featured-thumbnail-380x380-70.jpg"", ""https://storage.googleapis.com/fondovalle-media/__sized__/colors/river-jade-infinito-20-standard/ambient-upscalecrop-1028x779-70.jpg""]",[],fondovalle ceramice
5035,835,FV_5035,Standard,https://fondovalle.it/en/products/infinito-20/white-beauty-infinito-20-standard/,"[""https://storage.googleapis.com/fondovalle-media/__sized__/colors/white-beauty-infinito-20-standard/featured-thumbnail-380x380-70.jpg"", ""https://storage.googleapis.com/fondovalle-media/__sized__/colors/white-beauty-infinito-20-standard/ambient_907ccd9468394b55be38010785b6737e-upscalecrop-1028x779-70.jpg""]",[],fondovalle ceramice
5036,836,FV_5036,Standard,https://fondovalle.it/en/products/infinito-20/green-denis-infinito-20-standard/,"[""https://storage.googleapis.com/fondovalle-media/__sized__/colors/green-denis-infinito-20-standard/featured-thumbnail-380x380-70.jpg"", ""https://storage.googleapis.com/fondovalle-media/__sized__/colors/green-denis-infinito-20-standard/ambient-upscalecrop-1028x779-70.jpg""]",[],fondovalle ceramice
5037,837,FV_5037,Standard,https://fondovalle.it/en/products/infinito-20/pietra-grey-infinito-20-standard/,"[""https://storage.googleapis.com/fondovalle-media/__sized__/colors/pietra-grey-infinito-20-standard/featured-thumbnail-380x380-70.jpg"", ""https://storage.googleapis.com/fondovalle-media/__sized__/colors/pietra-grey-infinito-20-standard/ambient_cbf3d331554b428f90305e0cfd32bfaa-upscalecrop-1028x779-70.jpg""]",[],fondovalle ceramice
5038,838,FV_5038,Standard,https://fondovalle.it/en/products/infinito-20/port-laurent-infinito-20-standard/,"[""https://storage.googleapis.com/fondovalle-media/__sized__/colors/port-laurent-infinito-20-standard/featured-thumbnail-380x380-70.jpg"", ""https://storage.googleapis.com/fondovalle-media/__sized__/colors/port-laurent-infinito-20-standard/ambient-upscalecrop-1028x779-70.jpg""]",[],fondovalle ceramice
5039,839,FV_5039,Standard,https://fondovalle.it/en/products/infinito-20/black-pearl-infinito-20-standard/,"[""https://storage.googleapis.com/fondovalle-media/__sized__/colors/black-pearl-infinito-20-standard/featured-thumbnail-380x380-70.jpg"", ""https://storage.googleapis.com/fondovalle-media/__sized__/colors/black-pearl-infinito-20-standard/ambient_77fedae133564b9d82fb2f0ba9c18676-upscalecrop-1028x779-70.jpg""]",[],fondovalle ceramice
5040,840,FV_5040,Standard,https://fondovalle.it/en/products/onyx/onyx-black/,"[""https://storage.googleapis.com/fondovalle-media/__sized__/colors/onyx-black/featured_3d7d4754627f4185a2998b86132ca3ac-thumbnail-380x380-70.jpg"", ""https://storage.googleapis.com/fondovalle-media/__sized__/colors/onyx-black/ambient_4cb873f47fc140eeaffb7b8bf6dd7b2c-upscalecrop-1028x779-70.jpg"", ""https://storage.googleapis.com/fondovalle-media/products/surface-technology/image/CRI.png""]",[],fondovalle ceramice
5041,841,FV_5041,Standard,https://fondovalle.it/en/products/onyx/onyx-green/,"[""https://storage.googleapis.com/fondovalle-media/__sized__/colors/onyx-green/featured_8c653f2047c34bb0875587517a878a88-thumbnail-380x380-70.jpg"", ""https://storage.googleapis.com/fondovalle-media/__sized__/colors/onyx-green/ambient_6bba9542a4b64da394cac32c99a0d822-upscalecrop-1028x779-70.jpg"", ""https://storage.googleapis.com/fondovalle-media/products/surface-technology/image/CRI.png""]",[],fondovalle ceramice
5042,842,FV_5042,Standard,https://fondovalle.it/en/products/onyx/onyx-ice-infinito-20-standard/,"[""https://storage.googleapis.com/fondovalle-media/__sized__/colors/onyx-ice-infinito-20-standard/featured-thumbnail-380x380-70.jpg"", ""https://storage.googleapis.com/fondovalle-media/__sized__/colors/onyx-ice-infinito-20-standard/ambient-upscalecrop-1028x779-70.jpg"", ""https://storage.googleapis.com/fondovalle-media/products/surface-technology/image/CRI.png""]",[],fondovalle ceramice
5043,843,FV_5043,Standard,https://fondovalle.it/en/products/onyx/onyx-peach-infinito-20-standard/,"[""https://storage.googleapis.com/fondovalle-media/__sized__/colors/onyx-peach-infinito-20-standard/featured-thumbnail-380x380-70.jpg"", ""https://storage.googleapis.com/fondovalle-media/__sized__/colors/onyx-peach-infinito-20-standard/ambient-upscalecrop-1028x779-70.jpg"", ""https://storage.googleapis.com/fondovalle-media/products/surface-technology/image/CRI.png""]",[],fondovalle ceramice
5044,844,FV_5044,Standard,https://fondovalle.it/en/products/onyx/onyx-silver-infinito-20-standard/,"[""https://storage.googleapis.com/fondovalle-media/__sized__/colors/onyx-silver-infinito-20-standard/featured-thumbnail-380x380-70.jpg"", ""https://storage.googleapis.com/fondovalle-media/__sized__/colors/onyx-silver-infinito-20-standard/ambient_63a5f8bfd545442091391e59a4491b0d-upscalecrop-1028x779-70.jpg"", ""https://storage.googleapis.com/fondovalle-media/products/surface-technology/image/CRI.png""]",[],fondovalle ceramice
5045,845,FV_5045,Standard,https://fondovalle.it/en/products/onyx/onyx-cream-infinito-20-standard/,"[""https://storage.googleapis.com/fondovalle-media/__sized__/colors/onyx-cream-infinito-20-standard/featured-thumbnail-380x380-70.jpg"", ""https://storage.googleapis.com/fondovalle-media/__sized__/colors/onyx-cream-infinito-20-standard/ambient_bd94c7436cc943b1864d28a56439fb29-upscalecrop-1028x779-70.jpg"", ""https://storage.googleapis.com/fondovalle-media/products/surface-technology/image/CRI.png""]",[],fondovalle ceramice
5046,846,FV_5046,Standard,https://fondovalle.it/en/products/res-art/talc-res-art-standard/,"[""https://storage.googleapis.com/fondovalle-media/__sized__/colors/talc-res-art-standard/featured-thumbnail-380x380-70.jpg"", ""https://storage.googleapis.com/fondovalle-media/__sized__/colors/talc-res-art-standard/ambient-upscalecrop-1028x779-70.jpg""]",[],fondovalle ceramice
5047,847,FV_5047,Standard,https://fondovalle.it/en/products/res-art/ash-res-art-standard/,"[""https://storage.googleapis.com/fondovalle-media/__sized__/colors/ash-res-art-standard/featured-thumbnail-380x380-70.jpg"", ""https://storage.googleapis.com/fondovalle-media/__sized__/colors/ash-res-art-standard/ambient-upscalecrop-1028x779-70.jpg""]",[],fondovalle ceramice
5048,848,FV_5048,Standard,https://fondovalle.it/en/products/res-art/powder-res-art-standard/,"[""https://storage.googleapis.com/fondovalle-media/__sized__/colors/powder-res-art-standard/featured-thumbnail-380x380-70.jpg"", ""https://storage.googleapis.com/fondovalle-media/__sized__/colors/powder-res-art-standard/ambient-upscalecrop-1028x779-70.jpg""]",[],fondovalle ceramice
5049,849,FV_5049,Standard,https://fondovalle.it/en/products/res-art/mud-res-art-standard/,"[""https://storage.googleapis.com/fondovalle-media/__sized__/colors/mud-res-art-standard/featured-thumbnail-380x380-70.jpg"", ""https://storage.googleapis.com/fondovalle-media/__sized__/colors/mud-res-art-standard/ambient-upscalecrop-1028x779-70.jpg""]",[],fondovalle ceramice
5050,850,FV_5050,Standard,https://fondovalle.it/en/products/res-art/avio-res-art-standard/,"[""https://storage.googleapis.com/fondovalle-media/__sized__/colors/avio-res-art-standard/featured-thumbnail-380x380-70.jpg"", ""https://storage.googleapis.com/fondovalle-media/__sized__/colors/avio-res-art-standard/ambient-upscalecrop-1028x779-70.jpg""]",[],fondovalle ceramice
5051,851,FV_5051,Standard,https://fondovalle.it/en/products/res-art/pottery-res-art-standard/,"[""https://storage.googleapis.com/fondovalle-media/__sized__/colors/pottery-res-art-standard/featured-thumbnail-380x380-70.jpg"", ""https://storage.googleapis.com/fondovalle-media/__sized__/colors/pottery-res-art-standard/ambient-upscalecrop-1028x779-70.jpg""]",[],fondovalle ceramice
5052,852,FV_5052,Standard,https://fondovalle.it/en/products/jura-mood/Jura-light/,"[""https://storage.googleapis.com/fondovalle-media/__sized__/colors/Jura-light/featured_c483faf828324aa1a28816e0f5c3962f-thumbnail-380x380-70.jpg"", ""https://storage.googleapis.com/fondovalle-media/__sized__/colors/Jura-light/ambient_4fad1ded2b5f48508cd17f931140f36b-upscalecrop-1028x779-70.jpg"", ""https://storage.googleapis.com/fondovalle-media/products/surface-technology/image/3D.png"", ""https://storage.googleapis.com/fondovalle-media/products/surface-technology/image/2.png""]",[],fondovalle ceramice
5053,853,FV_5053,Standard,https://fondovalle.it/en/products/jura-mood/jura-nude/,"[""https://storage.googleapis.com/fondovalle-media/__sized__/colors/jura-nude/featured_1b9f3963ab64405bb2bf2714df7f1c98-thumbnail-380x380-70.jpg"", ""https://storage.googleapis.com/fondovalle-media/__sized__/colors/jura-nude/ambient_97c6fdbca20e4a769e94ff02ac097293-upscalecrop-1028x779-70.jpg"", ""https://storage.googleapis.com/fondovalle-media/products/surface-technology/image/3D.png"", ""https://storage.googleapis.com/fondovalle-media/products/surface-technology/image/2.png""]",[],fondovalle ceramice
5054,854,FV_5054,Standard,https://fondovalle.it/en/products/jura-mood/jura-natural/,"[""https://storage.googleapis.com/fondovalle-media/__sized__/colors/jura-natural/featured_6dfd53f321f240d98ee9aabf26f5d4c4-thumbnail-380x380-70.jpg"", ""https://storage.googleapis.com/fondovalle-media/__sized__/colors/jura-natural/ambient_2664f880e7f54d0ab1b07f3c63d97153-upscalecrop-1028x779-70.jpg"", ""https://storage.googleapis.com/fondovalle-media/products/surface-technology/image/3D.png"", ""https://storage.googleapis.com/fondovalle-media/products/surface-technology/image/2.png""]",[],fondovalle ceramice
5055,855,FV_5055,Standard,https://fondovalle.it/en/products/slaten-stone/white-slaten/,"[""https://storage.googleapis.com/fondovalle-media/__sized__/colors/white-slaten/featured_d2cd88cb433448b088c1b0594d27e0ad-thumbnail-380x380-70.jpg"", ""https://storage.googleapis.com/fondovalle-media/__sized__/colors/white-slaten/ambient_8ae76ec3773d41fdaa169c6d8432af12-upscalecrop-1028x779-70.jpg"", ""https://storage.googleapis.com/fondovalle-media/products/surface-technology/image/3D.png"", ""https://storage.googleapis.com/fondovalle-media/products/surface-technology/image/2.png""]",[],fondovalle ceramice
5056,856,FV_5056,Standard,https://fondovalle.it/en/products/slaten-stone/beige-slaten/,"[""https://storage.googleapis.com/fondovalle-media/__sized__/colors/beige-slaten/featured_e7165f33de9d4d30be178e8c26192b66-thumbnail-380x380-70.jpg"", ""https://storage.googleapis.com/fondovalle-media/__sized__/colors/beige-slaten/ambient_68ebdff011be4306a802ed9aa4b536a1-upscalecrop-1028x779-70.jpg"", ""https://storage.googleapis.com/fondovalle-media/products/surface-technology/image/3D.png"", ""https://storage.googleapis.com/fondovalle-media/products/surface-technology/image/2.png""]",[],fondovalle ceramice
5057,857,FV_5057,Standard,https://fondovalle.it/en/products/slaten-stone/concrete-slaten/,"[""https://storage.googleapis.com/fondovalle-media/__sized__/colors/concrete-slaten/featured_695aed83f0fc422baf3f17cf9972091f-thumbnail-380x380-70.jpg"", ""https://storage.googleapis.com/fondovalle-media/__sized__/colors/concrete-slaten/ambient_4864b6a33f1044beb9055ab5b7fbd36e-upscalecrop-1028x779-70.jpg"", ""https://storage.googleapis.com/fondovalle-media/products/surface-technology/image/3D.png"", ""https://storage.googleapis.com/fondovalle-media/products/surface-technology/image/2.png""]",[],fondovalle ceramice
5058,858,FV_5058,Vein,https://fondovalle.it/en/products/royal-travertino/bianco-vein/,"[""https://storage.googleapis.com/fondovalle-media/__sized__/colors/bianco-vein/featured_56a884d4e5bd4553b5d62a31304ca4ed-thumbnail-380x380-70.jpg"", ""https://storage.googleapis.com/fondovalle-media/__sized__/colors/bianco-vein/ambient_317e4ae6003041b2b67b5e6b9a1bda0f-upscalecrop-1028x779-70.jpg"", ""https://storage.googleapis.com/fondovalle-media/products/surface-technology/image/MAT.png"", ""https://storage.googleapis.com/fondovalle-media/products/surface-technology/image/3D.png""]",[],fondovalle ceramice
5059,858,FV_5059,Cross,https://fondovalle.it/en/products/royal-travertino/bianco-cross-royaltravertino/,"[""https://storage.googleapis.com/fondovalle-media/__sized__/colors/bianco-cross-royaltravertino/featured_820d3ba765014025a35b7ff57f4a4a34-thumbnail-380x380-70.jpg"", ""https://storage.googleapis.com/fondovalle-media/__sized__/colors/bianco-cross-royaltravertino/ambient_d8f050bf94794ceca5e1050463e8adb5-upscalecrop-1028x779-70.jpg"", ""https://storage.googleapis.com/fondovalle-media/products/surface-technology/image/MAT.png"", ""https://storage.googleapis.com/fondovalle-media/products/surface-technology/image/3D.png"", ""https://storage.googleapis.com/fondovalle-media/products/surface-technology/image/2.png""]",[],fondovalle ceramice
5060,859,FV_5060,Vein,https://fondovalle.it/en/products/royal-travertino/ebur-vein-royal-travertino-standard/,"[""https://storage.googleapis.com/fondovalle-media/__sized__/colors/ebur-vein-royal-travertino-standard/featured-thumbnail-380x380-70.jpg"", ""https://storage.googleapis.com/fondovalle-media/__sized__/colors/ebur-vein-royal-travertino-standard/ambient-upscalecrop-1028x779-70.jpg"", ""https://storage.googleapis.com/fondovalle-media/products/surface-technology/image/MAT.png"", ""https://storage.googleapis.com/fondovalle-media/products/surface-technology/image/3D.png""]",[],fondovalle ceramice
5061,859,FV_5061,Cross,https://fondovalle.it/en/products/royal-travertino/ebur-cross-royal-travertino-standard/,"[""https://storage.googleapis.com/fondovalle-media/__sized__/colors/ebur-cross-royal-travertino-standard/featured-thumbnail-380x380-70.jpg"", ""https://storage.googleapis.com/fondovalle-media/__sized__/colors/ebur-cross-royal-travertino-standard/ambient-upscalecrop-1028x779-70.jpg"", ""https://storage.googleapis.com/fondovalle-media/products/surface-technology/image/MAT.png"", ""https://storage.googleapis.com/fondovalle-media/products/surface-technology/image/3D.png"", ""https://storage.googleapis.com/fondovalle-media/products/surface-technology/image/2.png""]",[],fondovalle ceramice
5062,860,FV_5062,Vein,https://fondovalle.it/en/products/royal-travertino/griseo-vein-royal-travertino-standard/,"[""https://storage.googleapis.com/fondovalle-media/__sized__/colors/griseo-vein-royal-travertino-standard/featured-thumbnail-380x380-70.jpg"", ""https://storage.googleapis.com/fondovalle-media/__sized__/colors/griseo-vein-royal-travertino-standard/ambient-upscalecrop-1028x779-70.jpg"", ""https://storage.googleapis.com/fondovalle-media/products/surface-technology/image/MAT.png"", ""https://storage.googleapis.com/fondovalle-media/products/surface-technology/image/3D.png""]",[],fondovalle ceramice
5063,860,FV_5063,Cross,https://fondovalle.it/en/products/royal-travertino/griseo-cross-royal-travertino-standard/,"[""https://storage.googleapis.com/fondovalle-media/__sized__/colors/griseo-cross-royal-travertino-standard/featured-thumbnail-380x380-70.jpg"", ""https://storage.googleapis.com/fondovalle-media/__sized__/colors/griseo-cross-royal-travertino-standard/ambient-upscalecrop-1028x779-70.jpg"", ""https://storage.googleapis.com/fondovalle-media/products/surface-technology/image/MAT.png"", ""https://storage.googleapis.com/fondovalle-media/products/surface-technology/image/3D.png"", ""https://storage.googleapis.com/fondovalle-media/products/surface-technology/image/2.png""]",[],fondovalle ceramice
5064,861,FV_5064,Vein,https://fondovalle.it/en/products/royal-travertino/fuscus-vein-royal-travertino-standard/,"[""https://storage.googleapis.com/fondovalle-media/__sized__/colors/fuscus-vein-royal-travertino-standard/featured-thumbnail-380x380-70.jpg"", ""https://storage.googleapis.com/fondovalle-media/__sized__/colors/fuscus-vein-royal-travertino-standard/ambient-upscalecrop-1028x779-70.jpg"", ""https://storage.googleapis.com/fondovalle-media/products/surface-technology/image/MAT.png"", ""https://storage.googleapis.com/fondovalle-media/products/surface-technology/image/3D.png""]",[],fondovalle ceramice
5065,861,FV_5065,Cross,https://fondovalle.it/en/products/royal-travertino/fuscus-cross-royal-travertino-standard/,"[""https://storage.googleapis.com/fondovalle-media/__sized__/colors/fuscus-cross-royal-travertino-standard/featured-thumbnail-380x380-70.jpg"", ""https://storage.googleapis.com/fondovalle-media/__sized__/colors/fuscus-cross-royal-travertino-standard/ambient-upscalecrop-1028x779-70.jpg"", ""https://storage.googleapis.com/fondovalle-media/products/surface-technology/image/MAT.png"", ""https://storage.googleapis.com/fondovalle-media/products/surface-technology/image/3D.png"", ""https://storage.googleapis.com/fondovalle-media/products/surface-technology/image/2.png""]",[],fondovalle ceramice
5066,862,FV_5066,Standard,https://fondovalle.it/en/products/background/snowy-background-standard/,"[""https://storage.googleapis.com/fondovalle-media/__sized__/colors/snowy-background-standard/featured-thumbnail-380x380-70.jpg"", ""https://storage.googleapis.com/fondovalle-media/__sized__/colors/snowy-background-standard/ambient_fb00cf9a1e5b4f459d91024faf1f6a6b-upscalecrop-1028x779-70.jpg"", ""https://storage.googleapis.com/fondovalle-media/products/surface-technology/image/MAT.png"", ""https://storage.googleapis.com/fondovalle-media/products/surface-technology/image/3D.png""]",[],fondovalle ceramice
5067,863,FV_5067,Standard,https://fondovalle.it/en/products/background/cream-background-standard/,"[""https://storage.googleapis.com/fondovalle-media/__sized__/colors/cream-background-standard/featured-thumbnail-380x380-70.jpg"", ""https://storage.googleapis.com/fondovalle-media/__sized__/colors/cream-background-standard/ambient-upscalecrop-1028x779-70.jpg"", ""https://storage.googleapis.com/fondovalle-media/products/surface-technology/image/MAT.png"", ""https://storage.googleapis.com/fondovalle-media/products/surface-technology/image/3D.png"", ""https://storage.googleapis.com/fondovalle-media/products/surface-technology/image/2.png""]",[],fondovalle ceramice
5068,864,FV_5068,Standard,https://fondovalle.it/en/products/background/cloud-background-standard/,"[""https://storage.googleapis.com/fondovalle-media/__sized__/colors/cloud-background-standard/featured-thumbnail-380x380-70.jpg"", ""https://storage.googleapis.com/fondovalle-media/__sized__/colors/cloud-background-standard/ambient-upscalecrop-1028x779-70.jpg"", ""https://storage.googleapis.com/fondovalle-media/products/surface-technology/image/MAT.png"", ""https://storage.googleapis.com/fondovalle-media/products/surface-technology/image/3D.png"", ""https://storage.googleapis.com/fondovalle-media/products/surface-technology/image/2.png""]",[],fondovalle ceramice
5069,865,FV_5069,Standard,https://fondovalle.it/en/products/background/caviar-background-standard/,"[""https://storage.googleapis.com/fondovalle-media/__sized__/colors/caviar-background-standard/featured-thumbnail-380x380-70.jpg"", ""https://storage.googleapis.com/fondovalle-media/__sized__/colors/caviar-background-standard/ambient-upscalecrop-1028x779-70.jpg"", ""https://storage.googleapis.com/fondovalle-media/products/surface-technology/image/MAT.png"", ""https://storage.googleapis.com/fondovalle-media/products/surface-technology/image/3D.png""]",[],fondovalle ceramice
5070,866,FV_5070,Standard,https://fondovalle.it/en/products/stone-lab/silver-stone-stone-lab-standard/,"[""https://storage.googleapis.com/fondovalle-media/__sized__/colors/silver-stone-stone-lab-standard/featured-thumbnail-380x380-70.jpg"", ""https://storage.googleapis.com/fondovalle-media/__sized__/colors/silver-stone-stone-lab-standard/ambient-upscalecrop-1028x779-70.jpg""]",[],fondovalle ceramice
5071,867,FV_5071,Standard,https://fondovalle.it/en/products/stone-lab/ceppo-stone-lab-standard/,"[""https://storage.googleapis.com/fondovalle-media/__sized__/colors/ceppo-stone-lab-standard/featured-thumbnail-380x380-70.jpg"", ""https://storage.googleapis.com/fondovalle-media/__sized__/colors/ceppo-stone-lab-standard/ambient_2d2f3b90d83d4726af8a8bc68ae8d5a1-upscalecrop-1028x779-70.jpg"", ""https://storage.googleapis.com/fondovalle-media/products/surface-technology/image/3D.png"", ""https://storage.googleapis.com/fondovalle-media/products/surface-technology/image/2.png""]",[],fondovalle ceramice
5072,868,FV_5072,Standard,https://fondovalle.it/en/products/komi/original-komi-standard/,"[""https://storage.googleapis.com/fondovalle-media/__sized__/colors/original-komi-standard/featured-thumbnail-380x380-70.jpg"", ""https://storage.googleapis.com/fondovalle-media/__sized__/colors/original-komi-standard/ambient-upscalecrop-1028x779-70.jpg"", ""https://storage.googleapis.com/fondovalle-media/products/surface-technology/image/2.png""]",[],fondovalle ceramice
5073,869,FV_5073,Standard,https://fondovalle.it/en/products/komi/natural-komi-standard/,"[""https://storage.googleapis.com/fondovalle-media/__sized__/colors/natural-komi-standard/featured-thumbnail-380x380-70.jpg"", ""https://storage.googleapis.com/fondovalle-media/__sized__/colors/natural-komi-standard/ambient_1532f34b3f5a46ad90d827fbd340c43e-upscalecrop-1028x779-70.jpg"", ""https://storage.googleapis.com/fondovalle-media/products/surface-technology/image/2.png""]",[],fondovalle ceramice
5074,870,FV_5074,Standard,https://fondovalle.it/en/products/komi/elegant-komi-standard/,"[""https://storage.googleapis.com/fondovalle-media/__sized__/colors/elegant-komi-standard/featured-thumbnail-380x380-70.jpg"", ""https://storage.googleapis.com/fondovalle-media/__sized__/colors/elegant-komi-standard/ambient-upscalecrop-1028x779-70.jpg""]",[],fondovalle ceramice
5075,871,FV_5075,Standard,https://fondovalle.it/en/products/komi/classic-komi-standard/,"[""https://storage.googleapis.com/fondovalle-media/__sized__/colors/classic-komi-standard/featured-thumbnail-380x380-70.jpg"", ""https://storage.googleapis.com/fondovalle-media/__sized__/colors/classic-komi-standard/ambient-upscalecrop-1028x779-70.jpg""]",[],fondovalle ceramice
5076,872,FV_5076,Standard,https://fondovalle.it/en/products/brit/pearl-grey-brit-standard/,"[""https://storage.googleapis.com/fondovalle-media/__sized__/colors/pearl-grey-brit-standard/featured-thumbnail-380x380-70.jpg"", ""https://storage.googleapis.com/fondovalle-media/__sized__/colors/pearl-grey-brit-standard/ambient-upscalecrop-1028x779-70.jpg""]",[],fondovalle ceramice
5077,873,FV_5077,Standard,https://fondovalle.it/en/products/brit/almond-brit-standard/,"[""https://storage.googleapis.com/fondovalle-media/__sized__/colors/almond-brit-standard/featured-thumbnail-380x380-70.jpg"", ""https://storage.googleapis.com/fondovalle-media/__sized__/colors/almond-brit-standard/ambient-upscalecrop-1028x779-70.jpg""]",[],fondovalle ceramice
5078,874,FV_5078,Standard,https://fondovalle.it/en/products/brit/mint-brit-standard/,"[""https://storage.googleapis.com/fondovalle-media/__sized__/colors/mint-brit-standard/featured-thumbnail-380x380-70.jpg"", ""https://storage.googleapis.com/fondovalle-media/__sized__/colors/mint-brit-standard/ambient-upscalecrop-1028x779-70.jpg""]",[],fondovalle ceramice
5079,875,FV_5079,Standard,https://fondovalle.it/en/products/brit/ocean-brit-standard/,"[""https://storage.googleapis.com/fondovalle-media/__sized__/colors/ocean-brit-standard/featured-thumbnail-380x380-70.jpg"", ""https://storage.googleapis.com/fondovalle-media/__sized__/colors/ocean-brit-standard/ambient-upscalecrop-1028x779-70.jpg""]",[],fondovalle ceramice
6000,900,CP_6000,Standard,https://www.casalgrandepadana.com/product/elements-pebbles,"[""https://www.casalgrandepadana.it/media/filer_public/3c/09/3c09d304-97ad-4aa2-b73a-276b2c1eb025/647x647-pebbles_min_beige_120x278.jpg"", ""https://www.casalgrandepadana.it/media/filer_public/f5/a4/f5a41a6e-b00d-4593-8dc2-dea56a8c8b2d/bagno.jpg"", ""https://www.casalgrandepadana.it/media/filer_public/79/b2/79b21f38-05f0-45bc-acc3-09ddf4c7fb0b/elements_amb-5_pet-taupe.jpg"", ""https://www.casalgrandepadana.it/media/filer_public/41/62/4162cfd8-0e70-463b-9c1f-88668c4259e2/elements_amb-1_p-greye-whitet-micro-white-dett.jpg"", ""https://www.casalgrandepadana.it/media/filer_public/1e/d3/1ed33c42-141f-4abc-8f6c-7d82c39327ad/elements_amb-5_pet-taupe-dett.jpg"", ""https://www.casalgrandepadana.it/media/filer_public/d9/a6/d9a617c0-76fd-417a-b90d-418c0a535b26/elements_still-life-02.jpg""]",[],casalgrande padana
6001,901,CP_6001,Standard,https://www.casalgrandepadana.com/product/elements-pebbles,"[""https://www.casalgrandepadana.it/media/filer_public/b9/e7/b9e7f71a-7eee-4e8b-ac9e-a6387ade3132/647x647-pebbles_min_black_120x278.jpg"", ""https://www.casalgrandepadana.it/media/filer_public/f5/a4/f5a41a6e-b00d-4593-8dc2-dea56a8c8b2d/bagno.jpg"", ""https://www.casalgrandepadana.it/media/filer_public/79/b2/79b21f38-05f0-45bc-acc3-09ddf4c7fb0b/elements_amb-5_pet-taupe.jpg"", ""https://www.casalgrandepadana.it/media/filer_public/41/62/4162cfd8-0e70-463b-9c1f-88668c4259e2/elements_amb-1_p-greye-whitet-micro-white-dett.jpg"", ""https://www.casalgrandepadana.it/media/filer_public/1e/d3/1ed33c42-141f-4abc-8f6c-7d82c39327ad/elements_amb-5_pet-taupe-dett.jpg"", ""https://www.casalgrandepadana.it/media/filer_public/d9/a6/d9a617c0-76fd-417a-b90d-418c0a535b26/elements_still-life-02.jpg""]",[],casalgrande padana
6002,902,CP_6002,Standard,https://www.casalgrandepadana.com/product/elements-pebbles,"[""https://www.casalgrandepadana.it/media/filer_public/2c/3e/2c3eedb7-6b7c-4de1-92ec-36273aef4959/647x647-pebbles_min_taupe_120x278.jpg"", ""https://www.casalgrandepadana.it/media/filer_public/f5/a4/f5a41a6e-b00d-4593-8dc2-dea56a8c8b2d/bagno.jpg"", ""https://www.casalgrandepadana.it/media/filer_public/79/b2/79b21f38-05f0-45bc-acc3-09ddf4c7fb0b/elements_amb-5_pet-taupe.jpg"", ""https://www.casalgrandepadana.it/media/filer_public/41/62/4162cfd8-0e70-463b-9c1f-88668c4259e2/elements_amb-1_p-greye-whitet-micro-white-dett.jpg"", ""https://www.casalgrandepadana.it/media/filer_public/1e/d3/1ed33c42-141f-4abc-8f6c-7d82c39327ad/elements_amb-5_pet-taupe-dett.jpg"", ""https://www.casalgrandepadana.it/media/filer_public/d9/a6/d9a617c0-76fd-417a-b90d-418c0a535b26/elements_still-life-02.jpg""]",[],casalgrande padana
6003,903,CP_6003,Standard,https://www.casalgrandepadana.com/product/elements-pebbles,"[""https://www.casalgrandepadana.it/media/filer_public/66/7f/667f7d3a-8b89-485e-bbfa-903815f75387/647x647-pebbles_min_tobacco-grip_60x120.jpg"", ""https://www.casalgrandepadana.it/media/filer_public/f5/a4/f5a41a6e-b00d-4593-8dc2-dea56a8c8b2d/bagno.jpg"", ""https://www.casalgrandepadana.it/media/filer_public/79/b2/79b21f38-05f0-45bc-acc3-09ddf4c7fb0b/elements_amb-5_pet-taupe.jpg"", ""https://www.casalgrandepadana.it/media/filer_public/41/62/4162cfd8-0e70-463b-9c1f-88668c4259e2/elements_amb-1_p-greye-whitet-micro-white-dett.jpg"", ""https://www.casalgrandepadana.it/media/filer_public/1e/d3/1ed33c42-141f-4abc-8f6c-7d82c39327ad/elements_amb-5_pet-taupe-dett.jpg"", ""https://www.casalgrandepadana.it/media/filer_public/d9/a6/d9a617c0-76fd-417a-b90d-418c0a535b26/elements_still-life-02.jpg""]",[],casalgrande padana
6004,904,CP_6004,Standard,https://www.casalgrandepadana.com/product/terrae,"[""https://www.casalgrandepadana.it/media/filer_public/05/5c/055ca4c2-7c1a-4953-ac2f-52472988c2a4/647x647-terrae_min_beige.jpg"", ""https://www.casalgrandepadana.it/media/filer_public/5c/fe/5cfe10f1-9e98-4da2-960f-7f3020b13592/cucina_585x484-terrae_amb_beige-v2.jpg"", ""https://www.casalgrandepadana.it/media/filer_public/68/2f/682f966a-c61c-4f70-b8d7-f09884483aa9/1816x754-terrae_amb_beige_dett-1.jpg"", ""https://www.casalgrandepadana.it/media/filer_public/d5/46/d546e641-ce5b-4368-8947-2ecf492c5ec2/1816x754-terrae_amb_beige-v2.jpg"", ""https://www.casalgrandepadana.it/media/filer_public/43/11/43118af0-0f10-4a73-b90c-e0395eedd637/1816x754-terrae_amb_bianco_dett.jpg"", ""https://www.casalgrandepadana.it/media/filer_public/49/72/49723a0a-5dc3-46f3-be0c-65c497eb40a6/1816x754-terrae_amb_tabacco.jpg"", ""https://www.casalgrandepadana.it/media/filer_public/2e/bd/2ebdba5e-e521-4291-9aa1-98cbe4605bcf/1816x754-terrae_amb_tabacco_dett-1.jpg"", ""https://www.casalgrandepadana.it/media/filer_public/75/2a/752a3037-7a8b-427c-935d-44c14e6e4601/1816x754-terrae_amb_tortora_dett-1.jpg"", ""https://www.casalgrandepadana.it/media/filer_public/39/2b/392b1426-9706-44ba-be3d-d1e3d3d67666/1816x754-terrae_amb_tortora_dett-2.jpg"", ""https://www.casalgrandepadana.it/media/filer_public/5b/1b/5b1b35ae-0d9a-4057-8165-00746449c8e7/1816x754-terrae_amb_tortora-v2.jpg""]",[],casalgrande padana
6005,905,CP_6005,Standard,https://www.casalgrandepadana.com/product/terrae,"[""https://www.casalgrandepadana.it/media/filer_public/63/f6/63f68350-3485-4044-a233-0ea3c64073d1/647x647-terrae_min_caramel.jpg"", ""https://www.casalgrandepadana.it/media/filer_public/5c/fe/5cfe10f1-9e98-4da2-960f-7f3020b13592/cucina_585x484-terrae_amb_beige-v2.jpg"", ""https://www.casalgrandepadana.it/media/filer_public/68/2f/682f966a-c61c-4f70-b8d7-f09884483aa9/1816x754-terrae_amb_beige_dett-1.jpg"", ""https://www.casalgrandepadana.it/media/filer_public/d5/46/d546e641-ce5b-4368-8947-2ecf492c5ec2/1816x754-terrae_amb_beige-v2.jpg"", ""https://www.casalgrandepadana.it/media/filer_public/43/11/43118af0-0f10-4a73-b90c-e0395eedd637/1816x754-terrae_amb_bianco_dett.jpg"", ""https://www.casalgrandepadana.it/media/filer_public/49/72/49723a0a-5dc3-46f3-be0c-65c497eb40a6/1816x754-terrae_amb_tabacco.jpg"", ""https://www.casalgrandepadana.it/media/filer_public/2e/bd/2ebdba5e-e521-4291-9aa1-98cbe4605bcf/1816x754-terrae_amb_tabacco_dett-1.jpg"", ""https://www.casalgrandepadana.it/media/filer_public/75/2a/752a3037-7a8b-427c-935d-44c14e6e4601/1816x754-terrae_amb_tortora_dett-1.jpg"", ""https://www.casalgrandepadana.it/media/filer_public/39/2b/392b1426-9706-44ba-be3d-d1e3d3d67666/1816x754-terrae_amb_tortora_dett-2.jpg"", ""https://www.casalgrandepadana.it/media/filer_public/5b/1b/5b1b35ae-0d9a-4057-8165-00746449c8e7/1816x754-terrae_amb_tortora-v2.jpg""]",[],casalgrande padana
6006,906,CP_6006,Standard,https://www.casalgrandepadana.com/product/terrae,"[""https://www.casalgrandepadana.it/media/filer_public/3b/10/3b1055a4-df90-4b61-b379-9171563bc049/647x647-terrae_min_mattone.jpg"", ""https://www.casalgrandepadana.it/media/filer_public/5c/fe/5cfe10f1-9e98-4da2-960f-7f3020b13592/cucina_585x484-terrae_amb_beige-v2.jpg"", ""https://www.casalgrandepadana.it/media/filer_public/68/2f/682f966a-c61c-4f70-b8d7-f09884483aa9/1816x754-terrae_amb_beige_dett-1.jpg"", ""https://www.casalgrandepadana.it/media/filer_public/d5/46/d546e641-ce5b-4368-8947-2ecf492c5ec2/1816x754-terrae_amb_beige-v2.jpg"", ""https://www.casalgrandepadana.it/media/filer_public/43/11/43118af0-0f10-4a73-b90c-e0395eedd637/1816x754-terrae_amb_bianco_dett.jpg"", ""https://www.casalgrandepadana.it/media/filer_public/49/72/49723a0a-5dc3-46f3-be0c-65c497eb40a6/1816x754-terrae_amb_tabacco.jpg"", ""https://www.casalgrandepadana.it/media/filer_public/2e/bd/2ebdba5e-e521-4291-9aa1-98cbe4605bcf/1816x754-terrae_amb_tabacco_dett-1.jpg"", ""https://www.casalgrandepadana.it/media/filer_public/75/2a/752a3037-7a8b-427c-935d-44c14e6e4601/1816x754-terrae_amb_tortora_dett-1.jpg"", ""https://www.casalgrandepadana.it/media/filer_public/39/2b/392b1426-9706-44ba-be3d-d1e3d3d67666/1816x754-terrae_amb_tortora_dett-2.jpg"", ""https://www.casalgrandepadana.it/media/filer_public/5b/1b/5b1b35ae-0d9a-4057-8165-00746449c8e7/1816x754-terrae_amb_tortora-v2.jpg""]",[],casalgrande padana
6007,907,CP_6007,Standard,https://www.casalgrandepadana.com/product/terrae,"[""https://www.casalgrandepadana.it/media/filer_public/ae/49/ae49d757-1057-4795-851d-fc2794384475/647x647-terrae_min_tortora.jpg"", ""https://www.casalgrandepadana.it/media/filer_public/5c/fe/5cfe10f1-9e98-4da2-960f-7f3020b13592/cucina_585x484-terrae_amb_beige-v2.jpg"", ""https://www.casalgrandepadana.it/media/filer_public/68/2f/682f966a-c61c-4f70-b8d7-f09884483aa9/1816x754-terrae_amb_beige_dett-1.jpg"", ""https://www.casalgrandepadana.it/media/filer_public/d5/46/d546e641-ce5b-4368-8947-2ecf492c5ec2/1816x754-terrae_amb_beige-v2.jpg"", ""https://www.casalgrandepadana.it/media/filer_public/43/11/43118af0-0f10-4a73-b90c-e0395eedd637/1816x754-terrae_amb_bianco_dett.jpg"", ""https://www.casalgrandepadana.it/media/filer_public/49/72/49723a0a-5dc3-46f3-be0c-65c497eb40a6/1816x754-terrae_amb_tabacco.jpg"", ""https://www.casalgrandepadana.it/media/filer_public/2e/bd/2ebdba5e-e521-4291-9aa1-98cbe4605bcf/1816x754-terrae_amb_tabacco_dett-1.jpg"", ""https://www.casalgrandepadana.it/media/filer_public/75/2a/752a3037-7a8b-427c-935d-44c14e6e4601/1816x754-terrae_amb_tortora_dett-1.jpg"", ""https://www.casalgrandepadana.it/media/filer_public/39/2b/392b1426-9706-44ba-be3d-d1e3d3d67666/1816x754-terrae_amb_tortora_dett-2.jpg"", ""https://www.casalgrandepadana.it/media/filer_public/5b/1b/5b1b35ae-0d9a-4057-8165-00746449c8e7/1816x754-terrae_amb_tortora-v2.jpg""]",[],casalgrande padana
6008,908,CP_6008,Standard,https://www.casalgrandepadana.com/product/terrae,"[""https://www.casalgrandepadana.it/media/filer_public/8c/51/8c51e11c-87f1-47ac-b9f6-95ff219401b9/400x400-terrae_dec_circle-20x20.png"", ""https://www.casalgrandepadana.it/media/filer_public/5c/fe/5cfe10f1-9e98-4da2-960f-7f3020b13592/cucina_585x484-terrae_amb_beige-v2.jpg"", ""https://www.casalgrandepadana.it/media/filer_public/68/2f/682f966a-c61c-4f70-b8d7-f09884483aa9/1816x754-terrae_amb_beige_dett-1.jpg"", ""https://www.casalgrandepadana.it/media/filer_public/d5/46/d546e641-ce5b-4368-8947-2ecf492c5ec2/1816x754-terrae_amb_beige-v2.jpg"", ""https://www.casalgrandepadana.it/media/filer_public/43/11/43118af0-0f10-4a73-b90c-e0395eedd637/1816x754-terrae_amb_bianco_dett.jpg"", ""https://www.casalgrandepadana.it/media/filer_public/49/72/49723a0a-5dc3-46f3-be0c-65c497eb40a6/1816x754-terrae_amb_tabacco.jpg"", ""https://www.casalgrandepadana.it/media/filer_public/2e/bd/2ebdba5e-e521-4291-9aa1-98cbe4605bcf/1816x754-terrae_amb_tabacco_dett-1.jpg"", ""https://www.casalgrandepadana.it/media/filer_public/75/2a/752a3037-7a8b-427c-935d-44c14e6e4601/1816x754-terrae_amb_tortora_dett-1.jpg"", ""https://www.casalgrandepadana.it/media/filer_public/39/2b/392b1426-9706-44ba-be3d-d1e3d3d67666/1816x754-terrae_amb_tortora_dett-2.jpg"", ""https://www.casalgrandepadana.it/media/filer_public/5b/1b/5b1b35ae-0d9a-4057-8165-00746449c8e7/1816x754-terrae_amb_tortora-v2.jpg""]",[],casalgrande padana
6009,909,CP_6009,Standard,https://www.casalgrandepadana.com/product/metropolis,"[""https://www.casalgrandepadana.it/media/filer_public/04/78/0478ff3e-8446-4921-8007-5c8c56d106f6/647x647-metropolis_min_metro-mud-60x120.jpg"", ""https://www.casalgrandepadana.it/media/filer_public/eb/8e/eb8eb2d6-bf5b-42e9-8efc-cd7442c65e3b/metropolis_bagno.jpg"", ""https://www.casalgrandepadana.it/media/filer_public/6f/f6/6ff6fa2c-1280-4641-b1fb-be0d39ef6dce/03.jpg"", ""https://www.casalgrandepadana.it/media/filer_public/4e/d8/4ed852ab-2213-4640-8daf-93a8b586aa30/01.jpg"", ""https://www.casalgrandepadana.it/media/filer_public/67/de/67de6876-1a44-48eb-8314-9e427a36b012/02.jpg"", ""https://www.casalgrandepadana.it/media/filer_public/72/6d/726daa30-7148-46e8-a619-9afce894be58/04.jpg"", ""https://www.casalgrandepadana.it/media/filer_public/d9/eb/d9eb8bec-e835-4cc1-989d-449685eb436e/05.jpg""]",[],casalgrande padana
6010,910,CP_6010,Standard,https://www.casalgrandepadana.com/product/metropolis,"[""https://www.casalgrandepadana.it/media/filer_public/e8/47/e8476be2-5be4-47a8-a272-bc3351ca9dd9/647x647-metropolis_min_metro-greige-60x120.jpg"", ""https://www.casalgrandepadana.it/media/filer_public/eb/8e/eb8eb2d6-bf5b-42e9-8efc-cd7442c65e3b/metropolis_bagno.jpg"", ""https://www.casalgrandepadana.it/media/filer_public/6f/f6/6ff6fa2c-1280-4641-b1fb-be0d39ef6dce/03.jpg"", ""https://www.casalgrandepadana.it/media/filer_public/4e/d8/4ed852ab-2213-4640-8daf-93a8b586aa30/01.jpg"", ""https://www.casalgrandepadana.it/media/filer_public/67/de/67de6876-1a44-48eb-8314-9e427a36b012/02.jpg"", ""https://www.casalgrandepadana.it/media/filer_public/72/6d/726daa30-7148-46e8-a619-9afce894be58/04.jpg"", ""https://www.casalgrandepadana.it/media/filer_public/d9/eb/d9eb8bec-e835-4cc1-989d-449685eb436e/05.jpg""]",[],casalgrande padana
6011,911,CP_6011,Standard,https://www.casalgrandepadana.com/product/metropolis,"[""https://www.casalgrandepadana.it/media/filer_public/b3/82/b382c62f-2693-4695-908b-88f8e1c00348/647x647-metropolis_min_metro-grey-60x120.jpg"", ""https://www.casalgrandepadana.it/media/filer_public/eb/8e/eb8eb2d6-bf5b-42e9-8efc-cd7442c65e3b/metropolis_bagno.jpg"", ""https://www.casalgrandepadana.it/media/filer_public/6f/f6/6ff6fa2c-1280-4641-b1fb-be0d39ef6dce/03.jpg"", ""https://www.casalgrandepadana.it/media/filer_public/4e/d8/4ed852ab-2213-4640-8daf-93a8b586aa30/01.jpg"", ""https://www.casalgrandepadana.it/media/filer_public/67/de/67de6876-1a44-48eb-8314-9e427a36b012/02.jpg"", ""https://www.casalgrandepadana.it/media/filer_public/72/6d/726daa30-7148-46e8-a619-9afce894be58/04.jpg"", ""https://www.casalgrandepadana.it/media/filer_public/d9/eb/d9eb8bec-e835-4cc1-989d-449685eb436e/05.jpg""]",[],casalgrande padana
6012,912,CP_6012,Standard,https://www.casalgrandepadana.com/product/metropolis,"[""https://www.casalgrandepadana.it/media/filer_public/6b/5e/6b5ef2ab-47fd-41f1-9582-7a704ccaced3/647x647-metropolis_min_metro-silver-60x120.jpg"", ""https://www.casalgrandepadana.it/media/filer_public/eb/8e/eb8eb2d6-bf5b-42e9-8efc-cd7442c65e3b/metropolis_bagno.jpg"", ""https://www.casalgrandepadana.it/media/filer_public/6f/f6/6ff6fa2c-1280-4641-b1fb-be0d39ef6dce/03.jpg"", ""https://www.casalgrandepadana.it/media/filer_public/4e/d8/4ed852ab-2213-4640-8daf-93a8b586aa30/01.jpg"", ""https://www.casalgrandepadana.it/media/filer_public/67/de/67de6876-1a44-48eb-8314-9e427a36b012/02.jpg"", ""https://www.casalgrandepadana.it/media/filer_public/72/6d/726daa30-7148-46e8-a619-9afce894be58/04.jpg"", ""https://www.casalgrandepadana.it/media/filer_public/d9/eb/d9eb8bec-e835-4cc1-989d-449685eb436e/05.jpg""]",[],casalgrande padana
6013,913,CP_6013,Standard,https://www.casalgrandepadana.com/product/metropolis,"[""https://www.casalgrandepadana.it/media/filer_public/21/44/2144b4b1-5530-4fe4-b27d-b75bdbced826/metropolis_dec__mosaico_metro_mud_5x5.jpg"", ""https://www.casalgrandepadana.it/media/filer_public/eb/8e/eb8eb2d6-bf5b-42e9-8efc-cd7442c65e3b/metropolis_bagno.jpg"", ""https://www.casalgrandepadana.it/media/filer_public/6f/f6/6ff6fa2c-1280-4641-b1fb-be0d39ef6dce/03.jpg"", ""https://www.casalgrandepadana.it/media/filer_public/4e/d8/4ed852ab-2213-4640-8daf-93a8b586aa30/01.jpg"", ""https://www.casalgrandepadana.it/media/filer_public/67/de/67de6876-1a44-48eb-8314-9e427a36b012/02.jpg"", ""https://www.casalgrandepadana.it/media/filer_public/72/6d/726daa30-7148-46e8-a619-9afce894be58/04.jpg"", ""https://www.casalgrandepadana.it/media/filer_public/d9/eb/d9eb8bec-e835-4cc1-989d-449685eb436e/05.jpg""]",[],casalgrande padana
6014,914,CP_6014,Standard,https://www.casalgrandepadana.com/product/cemento,"[""https://www.casalgrandepadana.it/media/filer_public/d8/5c/d85c42de-eb8c-497c-b375-4ee8f2b35c94/cusersgcremawcasalgrandedemodatascrapingimagescolors450x450_cemento_antracite_cassero.jpg"", ""https://www.casalgrandepadana.it/media/filer_public/3b/06/3b06c8ed-c110-4cde-942a-c794cc0ee6b8/cemento_bagno.jpg"", ""https://www.casalgrandepadana.it/media/filer_public/66/61/6661d339-7f61-4e8b-b4f2-bc353fef0a5f/03.jpg"", ""https://www.casalgrandepadana.it/media/filer_public/1e/e6/1ee6dd69-3f0a-4126-8c39-50a78e01eda2/01.jpg"", ""https://www.casalgrandepadana.it/media/filer_public/21/8e/218ea07c-5bee-4ae2-bcd7-7ac41bc7d56d/02.jpg""]",[],casalgrande padana
6015,915,CP_6015,Standard,https://www.casalgrandepadana.com/product/cemento,"[""https://www.casalgrandepadana.it/media/filer_public/4b/41/4b41f89c-edd4-48d8-b43b-6dec8a60c510/cusersgcremawcasalgrandedemodatascrapingimagescolors450x450_cemento_min_beige-cassero.jpg"", ""https://www.casalgrandepadana.it/media/filer_public/3b/06/3b06c8ed-c110-4cde-942a-c794cc0ee6b8/cemento_bagno.jpg"", ""https://www.casalgrandepadana.it/media/filer_public/66/61/6661d339-7f61-4e8b-b4f2-bc353fef0a5f/03.jpg"", ""https://www.casalgrandepadana.it/media/filer_public/1e/e6/1ee6dd69-3f0a-4126-8c39-50a78e01eda2/01.jpg"", ""https://www.casalgrandepadana.it/media/filer_public/21/8e/218ea07c-5bee-4ae2-bcd7-7ac41bc7d56d/02.jpg""]",[],casalgrande padana
6016,916,CP_6016,Standard,https://www.casalgrandepadana.com/product/cemento,"[""https://www.casalgrandepadana.it/media/filer_public/dc/02/dc02b14a-75ef-44ca-aa89-8fc6671af03a/cusersgcremawcasalgrandedemodatascrapingimagescolors450x450_cemento_bianco_cassero.jpg"", ""https://www.casalgrandepadana.it/media/filer_public/3b/06/3b06c8ed-c110-4cde-942a-c794cc0ee6b8/cemento_bagno.jpg"", ""https://www.casalgrandepadana.it/media/filer_public/66/61/6661d339-7f61-4e8b-b4f2-bc353fef0a5f/03.jpg"", ""https://www.casalgrandepadana.it/media/filer_public/1e/e6/1ee6dd69-3f0a-4126-8c39-50a78e01eda2/01.jpg"", ""https://www.casalgrandepadana.it/media/filer_public/21/8e/218ea07c-5bee-4ae2-bcd7-7ac41bc7d56d/02.jpg""]",[],casalgrande padana
6017,917,CP_6017,Standard,https://www.casalgrandepadana.com/product/cemento,"[""https://www.casalgrandepadana.it/media/filer_public/6f/7a/6f7a49d9-2ea4-4908-9a4a-a708c5ed7123/cusersgcremawcasalgrandedemodatascrapingimagescolors450x450_cemento_grigio_rasato.jpg"", ""https://www.casalgrandepadana.it/media/filer_public/3b/06/3b06c8ed-c110-4cde-942a-c794cc0ee6b8/cemento_bagno.jpg"", ""https://www.casalgrandepadana.it/media/filer_public/66/61/6661d339-7f61-4e8b-b4f2-bc353fef0a5f/03.jpg"", ""https://www.casalgrandepadana.it/media/filer_public/1e/e6/1ee6dd69-3f0a-4126-8c39-50a78e01eda2/01.jpg"", ""https://www.casalgrandepadana.it/media/filer_public/21/8e/218ea07c-5bee-4ae2-bcd7-7ac41bc7d56d/02.jpg""]",[],casalgrande padana
6018,918,CP_6018,Standard,https://www.casalgrandepadana.com/product/marmora,"[""https://www.casalgrandepadana.it/media/filer_public/1a/f2/1af29d35-a31e-4f30-a7de-8384e7372ed8/647x647-marmora-grigio-antico.jpg"", ""https://www.casalgrandepadana.it/media/filer_public/a4/d8/a4d8beb8-b75d-4537-80f3-1439814ac73d/main_bagno.jpg"", ""https://www.casalgrandepadana.it/media/filer_public/3d/dc/3ddceabc-2557-48b1-a584-31bdc2b13dc6/1816x754-marmora_amb_lunense-nero-antico-vein-touch.jpg"", ""https://www.casalgrandepadana.it/media/filer_public/fd/87/fd877474-d493-413b-8eaa-fc3289c64934/1816x754-marmora_amb_morato_120x278_lucido_lunense_120x120_smooth_dett-01.jpg"", ""https://www.casalgrandepadana.it/media/filer_public/7f/7c/7f7c0861-cecd-43f9-aacf-d4713bc66443/1816x754-marmora_amb_nero-antico_120x120_vein-touch_120x278_bookmatch.jpg"", ""https://www.casalgrandepadana.it/media/filer_public/a6/b7/a6b74f20-17b5-4d1c-aa25-b962f91fbe34/1816x754-marmora_amb_nero-antico_120x120_vein-touch_120x278_bookmatch_dett-02.jpg"", ""https://www.casalgrandepadana.it/media/filer_public/76/6c/766c08c8-cb10-4751-b94d-ada063301494/1816x754-marmora_amb_nero-antico-vein-touch-dett-02.jpg"", ""https://www.casalgrandepadana.it/media/filer_public/10/cf/10cfbf78-5f61-4281-9c32-e939cdb30639/1816x754-marmora_amb_palombino_120x120_120x278_vein-touch.jpg"", ""https://www.casalgrandepadana.it/media/filer_public/ca/4f/ca4fc510-bb09-4846-adaa-ffd29f1d3fbb/1816x754-marmora_amb_pavonazzetto_120x120_120x278_vein-touch_dett-01.jpg""]",[],casalgrande padana
6019,919,CP_6019,Standard,https://www.casalgrandepadana.com/product/marmora,"[""https://www.casalgrandepadana.it/media/filer_public/c9/86/c986efc8-ade9-47b9-8fd9-44da4dc307a2/647x647-marmora-lunense.jpg"", ""https://www.casalgrandepadana.it/media/filer_public/a4/d8/a4d8beb8-b75d-4537-80f3-1439814ac73d/main_bagno.jpg"", ""https://www.casalgrandepadana.it/media/filer_public/3d/dc/3ddceabc-2557-48b1-a584-31bdc2b13dc6/1816x754-marmora_amb_lunense-nero-antico-vein-touch.jpg"", ""https://www.casalgrandepadana.it/media/filer_public/fd/87/fd877474-d493-413b-8eaa-fc3289c64934/1816x754-marmora_amb_morato_120x278_lucido_lunense_120x120_smooth_dett-01.jpg"", ""https://www.casalgrandepadana.it/media/filer_public/7f/7c/7f7c0861-cecd-43f9-aacf-d4713bc66443/1816x754-marmora_amb_nero-antico_120x120_vein-touch_120x278_bookmatch.jpg"", ""https://www.casalgrandepadana.it/media/filer_public/a6/b7/a6b74f20-17b5-4d1c-aa25-b962f91fbe34/1816x754-marmora_amb_nero-antico_120x120_vein-touch_120x278_bookmatch_dett-02.jpg"", ""https://www.casalgrandepadana.it/media/filer_public/76/6c/766c08c8-cb10-4751-b94d-ada063301494/1816x754-marmora_amb_nero-antico-vein-touch-dett-02.jpg"", ""https://www.casalgrandepadana.it/media/filer_public/10/cf/10cfbf78-5f61-4281-9c32-e939cdb30639/1816x754-marmora_amb_palombino_120x120_120x278_vein-touch.jpg"", ""https://www.casalgrandepadana.it/media/filer_public/ca/4f/ca4fc510-bb09-4846-adaa-ffd29f1d3fbb/1816x754-marmora_amb_pavonazzetto_120x120_120x278_vein-touch_dett-01.jpg""]",[],casalgrande padana
6020,920,CP_6020,Standard,https://www.casalgrandepadana.com/product/marmora,"[""https://www.casalgrandepadana.it/media/filer_public/57/7d/577d0cee-f0cb-4317-b13c-b9fce7ee8e58/647x647-marmora-nero-antico.jpg"", ""https://www.casalgrandepadana.it/media/filer_public/a4/d8/a4d8beb8-b75d-4537-80f3-1439814ac73d/main_bagno.jpg"", ""https://www.casalgrandepadana.it/media/filer_public/3d/dc/3ddceabc-2557-48b1-a584-31bdc2b13dc6/1816x754-marmora_amb_lunense-nero-antico-vein-touch.jpg"", ""https://www.casalgrandepadana.it/media/filer_public/fd/87/fd877474-d493-413b-8eaa-fc3289c64934/1816x754-marmora_amb_morato_120x278_lucido_lunense_120x120_smooth_dett-01.jpg"", ""https://www.casalgrandepadana.it/media/filer_public/7f/7c/7f7c0861-cecd-43f9-aacf-d4713bc66443/1816x754-marmora_amb_nero-antico_120x120_vein-touch_120x278_bookmatch.jpg"", ""https://www.casalgrandepadana.it/media/filer_public/a6/b7/a6b74f20-17b5-4d1c-aa25-b962f91fbe34/1816x754-marmora_amb_nero-antico_120x120_vein-touch_120x278_bookmatch_dett-02.jpg"", ""https://www.casalgrandepadana.it/media/filer_public/76/6c/766c08c8-cb10-4751-b94d-ada063301494/1816x754-marmora_amb_nero-antico-vein-touch-dett-02.jpg"", ""https://www.casalgrandepadana.it/media/filer_public/10/cf/10cfbf78-5f61-4281-9c32-e939cdb30639/1816x754-marmora_amb_palombino_120x120_120x278_vein-touch.jpg"", ""https://www.casalgrandepadana.it/media/filer_public/ca/4f/ca4fc510-bb09-4846-adaa-ffd29f1d3fbb/1816x754-marmora_amb_pavonazzetto_120x120_120x278_vein-touch_dett-01.jpg""]",[],casalgrande padana
6021,921,CP_6021,Standard,https://www.casalgrandepadana.com/product/marmora,"[""https://www.casalgrandepadana.it/media/filer_public/ba/ad/baad1c92-8532-412d-9e4c-24a0493dab3a/647x647-marmora_min_pavonazzetto-120x278-f2.jpg"", ""https://www.casalgrandepadana.it/media/filer_public/a4/d8/a4d8beb8-b75d-4537-80f3-1439814ac73d/main_bagno.jpg"", ""https://www.casalgrandepadana.it/media/filer_public/3d/dc/3ddceabc-2557-48b1-a584-31bdc2b13dc6/1816x754-marmora_amb_lunense-nero-antico-vein-touch.jpg"", ""https://www.casalgrandepadana.it/media/filer_public/fd/87/fd877474-d493-413b-8eaa-fc3289c64934/1816x754-marmora_amb_morato_120x278_lucido_lunense_120x120_smooth_dett-01.jpg"", ""https://www.casalgrandepadana.it/media/filer_public/7f/7c/7f7c0861-cecd-43f9-aacf-d4713bc66443/1816x754-marmora_amb_nero-antico_120x120_vein-touch_120x278_bookmatch.jpg"", ""https://www.casalgrandepadana.it/media/filer_public/a6/b7/a6b74f20-17b5-4d1c-aa25-b962f91fbe34/1816x754-marmora_amb_nero-antico_120x120_vein-touch_120x278_bookmatch_dett-02.jpg"", ""https://www.casalgrandepadana.it/media/filer_public/76/6c/766c08c8-cb10-4751-b94d-ada063301494/1816x754-marmora_amb_nero-antico-vein-touch-dett-02.jpg"", ""https://www.casalgrandepadana.it/media/filer_public/10/cf/10cfbf78-5f61-4281-9c32-e939cdb30639/1816x754-marmora_amb_palombino_120x120_120x278_vein-touch.jpg"", ""https://www.casalgrandepadana.it/media/filer_public/ca/4f/ca4fc510-bb09-4846-adaa-ffd29f1d3fbb/1816x754-marmora_amb_pavonazzetto_120x120_120x278_vein-touch_dett-01.jpg""]",[],casalgrande padana
6022,922,CP_6022,Standard,https://www.casalgrandepadana.com/product/marmora,"[""https://www.casalgrandepadana.it/media/filer_public/1c/0a/1c0a58b5-1958-4d8a-9d0b-8f2bbbc22bb0/400x400-marmora_dec_mosaico-listelli-nero-antico.jpg"", ""https://www.casalgrandepadana.it/media/filer_public/a4/d8/a4d8beb8-b75d-4537-80f3-1439814ac73d/main_bagno.jpg"", ""https://www.casalgrandepadana.it/media/filer_public/3d/dc/3ddceabc-2557-48b1-a584-31bdc2b13dc6/1816x754-marmora_amb_lunense-nero-antico-vein-touch.jpg"", ""https://www.casalgrandepadana.it/media/filer_public/fd/87/fd877474-d493-413b-8eaa-fc3289c64934/1816x754-marmora_amb_morato_120x278_lucido_lunense_120x120_smooth_dett-01.jpg"", ""https://www.casalgrandepadana.it/media/filer_public/7f/7c/7f7c0861-cecd-43f9-aacf-d4713bc66443/1816x754-marmora_amb_nero-antico_120x120_vein-touch_120x278_bookmatch.jpg"", ""https://www.casalgrandepadana.it/media/filer_public/a6/b7/a6b74f20-17b5-4d1c-aa25-b962f91fbe34/1816x754-marmora_amb_nero-antico_120x120_vein-touch_120x278_bookmatch_dett-02.jpg"", ""https://www.casalgrandepadana.it/media/filer_public/76/6c/766c08c8-cb10-4751-b94d-ada063301494/1816x754-marmora_amb_nero-antico-vein-touch-dett-02.jpg"", ""https://www.casalgrandepadana.it/media/filer_public/10/cf/10cfbf78-5f61-4281-9c32-e939cdb30639/1816x754-marmora_amb_palombino_120x120_120x278_vein-touch.jpg"", ""https://www.casalgrandepadana.it/media/filer_public/ca/4f/ca4fc510-bb09-4846-adaa-ffd29f1d3fbb/1816x754-marmora_amb_pavonazzetto_120x120_120x278_vein-touch_dett-01.jpg""]",[],casalgrande padana
6023,923,CP_6023,Standard,https://www.casalgrandepadana.com/product/marmoker,"[""https://www.casalgrandepadana.it/media/filer_public/b7/c2/b7c23fc4-b514-4f38-ae0e-cbcf1b6b8ca6/647x647-marmoker_min_calacatta-extra.jpg"", ""https://www.casalgrandepadana.it/media/filer_public/34/70/34701d59-578e-4a18-9aab-369777c79422/marmoker-living.jpg"", ""https://www.casalgrandepadana.it/media/filer_public/20/e2/20e27456-4696-4055-9303-032d353d0f2d/02.jpg"", ""https://www.casalgrandepadana.it/media/filer_public/70/d9/70d9d0ab-4804-474c-ba3f-032d70142008/06.jpg"", ""https://www.casalgrandepadana.it/media/filer_public/1c/7f/1c7f3a4c-7dbe-47b3-a9e8-50f56f4c3280/01.jpg"", ""https://www.casalgrandepadana.it/media/filer_public/fd/9d/fd9da1f7-14e5-4bc3-81e3-8382f3b510f9/03.jpg"", ""https://www.casalgrandepadana.it/media/filer_public/9b/f6/9bf6e5c0-f576-4d1a-b1aa-049a6b110451/04.jpg""]",[],casalgrande padana
6024,924,CP_6024,Standard,https://www.casalgrandepadana.com/product/marmoker,"[""https://www.casalgrandepadana.it/media/filer_public/3a/73/3a7341f5-cd76-43ef-b663-3af65508cb2f/647x647-marmoker-extra-oro.jpg"", ""https://www.casalgrandepadana.it/media/filer_public/34/70/34701d59-578e-4a18-9aab-369777c79422/marmoker-living.jpg"", ""https://www.casalgrandepadana.it/media/filer_public/20/e2/20e27456-4696-4055-9303-032d353d0f2d/02.jpg"", ""https://www.casalgrandepadana.it/media/filer_public/70/d9/70d9d0ab-4804-474c-ba3f-032d70142008/06.jpg"", ""https://www.casalgrandepadana.it/media/filer_public/1c/7f/1c7f3a4c-7dbe-47b3-a9e8-50f56f4c3280/01.jpg"", ""https://www.casalgrandepadana.it/media/filer_public/fd/9d/fd9da1f7-14e5-4bc3-81e3-8382f3b510f9/03.jpg"", ""https://www.casalgrandepadana.it/media/filer_public/9b/f6/9bf6e5c0-f576-4d1a-b1aa-049a6b110451/04.jpg""]",[],casalgrande padana
6025,925,CP_6025,Standard,https://www.casalgrandepadana.com/product/marmoker,"[""https://www.casalgrandepadana.it/media/filer_public/a3/0b/a30b5f12-ea87-42ed-b4a6-99f6ad918a44/647x647-marmoker-deep-dark.jpg"", ""https://www.casalgrandepadana.it/media/filer_public/34/70/34701d59-578e-4a18-9aab-369777c79422/marmoker-living.jpg"", ""https://www.casalgrandepadana.it/media/filer_public/20/e2/20e27456-4696-4055-9303-032d353d0f2d/02.jpg"", ""https://www.casalgrandepadana.it/media/filer_public/70/d9/70d9d0ab-4804-474c-ba3f-032d70142008/06.jpg"", ""https://www.casalgrandepadana.it/media/filer_public/1c/7f/1c7f3a4c-7dbe-47b3-a9e8-50f56f4c3280/01.jpg"", ""https://www.casalgrandepadana.it/media/filer_public/fd/9d/fd9da1f7-14e5-4bc3-81e3-8382f3b510f9/03.jpg"", ""https://www.casalgrandepadana.it/media/filer_public/9b/f6/9bf6e5c0-f576-4d1a-b1aa-049a6b110451/04.jpg""]",[],casalgrande padana
6026,926,CP_6026,Standard,https://www.casalgrandepadana.com/product/marmoker,"[""https://www.casalgrandepadana.it/media/filer_public/ff/20/ff208dd8-2d2e-4708-b907-52f4de6de732/647x647-marmoker_min_fior-di-pesco.jpg"", ""https://www.casalgrandepadana.it/media/filer_public/34/70/34701d59-578e-4a18-9aab-369777c79422/marmoker-living.jpg"", ""https://www.casalgrandepadana.it/media/filer_public/20/e2/20e27456-4696-4055-9303-032d353d0f2d/02.jpg"", ""https://www.casalgrandepadana.it/media/filer_public/70/d9/70d9d0ab-4804-474c-ba3f-032d70142008/06.jpg"", ""https://www.casalgrandepadana.it/media/filer_public/1c/7f/1c7f3a4c-7dbe-47b3-a9e8-50f56f4c3280/01.jpg"", ""https://www.casalgrandepadana.it/media/filer_public/fd/9d/fd9da1f7-14e5-4bc3-81e3-8382f3b510f9/03.jpg"", ""https://www.casalgrandepadana.it/media/filer_public/9b/f6/9bf6e5c0-f576-4d1a-b1aa-049a6b110451/04.jpg""]",[],casalgrande padana
6027,927,CP_6027,Standard,https://www.casalgrandepadana.com/product/marmoker,"[""https://www.casalgrandepadana.it/media/filer_public/51/5f/515f15e5-c6ab-4645-a27b-416f179a95ca/647x647-grafite-1.jpg"", ""https://www.casalgrandepadana.it/media/filer_public/34/70/34701d59-578e-4a18-9aab-369777c79422/marmoker-living.jpg"", ""https://www.casalgrandepadana.it/media/filer_public/20/e2/20e27456-4696-4055-9303-032d353d0f2d/02.jpg"", ""https://www.casalgrandepadana.it/media/filer_public/70/d9/70d9d0ab-4804-474c-ba3f-032d70142008/06.jpg"", ""https://www.casalgrandepadana.it/media/filer_public/1c/7f/1c7f3a4c-7dbe-47b3-a9e8-50f56f4c3280/01.jpg"", ""https://www.casalgrandepadana.it/media/filer_public/fd/9d/fd9da1f7-14e5-4bc3-81e3-8382f3b510f9/03.jpg"", ""https://www.casalgrandepadana.it/media/filer_public/9b/f6/9bf6e5c0-f576-4d1a-b1aa-049a6b110451/04.jpg""]",[],casalgrande padana
6028,928,CP_6028,Standard,https://www.casalgrandepadana.com/product/marmoker,"[""https://www.casalgrandepadana.it/media/filer_public/d4/4e/d44ee661-2c61-434a-b051-aa364a6321d7/647x647-jolie-1.jpg"", ""https://www.casalgrandepadana.it/media/filer_public/34/70/34701d59-578e-4a18-9aab-369777c79422/marmoker-living.jpg"", ""https://www.casalgrandepadana.it/media/filer_public/20/e2/20e27456-4696-4055-9303-032d353d0f2d/02.jpg"", ""https://www.casalgrandepadana.it/media/filer_public/70/d9/70d9d0ab-4804-474c-ba3f-032d70142008/06.jpg"", ""https://www.casalgrandepadana.it/media/filer_public/1c/7f/1c7f3a4c-7dbe-47b3-a9e8-50f56f4c3280/01.jpg"", ""https://www.casalgrandepadana.it/media/filer_public/fd/9d/fd9da1f7-14e5-4bc3-81e3-8382f3b510f9/03.jpg"", ""https://www.casalgrandepadana.it/media/filer_public/9b/f6/9bf6e5c0-f576-4d1a-b1aa-049a6b110451/04.jpg""]",[],casalgrande padana
6029,929,CP_6029,Standard,https://www.casalgrandepadana.com/product/marmoker,"[""https://www.casalgrandepadana.it/media/filer_public/53/09/5309f5fb-9bf3-4303-b6fd-513aa82bda97/647x647-marmoker_min_orange-black.jpg"", ""https://www.casalgrandepadana.it/media/filer_public/34/70/34701d59-578e-4a18-9aab-369777c79422/marmoker-living.jpg"", ""https://www.casalgrandepadana.it/media/filer_public/20/e2/20e27456-4696-4055-9303-032d353d0f2d/02.jpg"", ""https://www.casalgrandepadana.it/media/filer_public/70/d9/70d9d0ab-4804-474c-ba3f-032d70142008/06.jpg"", ""https://www.casalgrandepadana.it/media/filer_public/1c/7f/1c7f3a4c-7dbe-47b3-a9e8-50f56f4c3280/01.jpg"", ""https://www.casalgrandepadana.it/media/filer_public/fd/9d/fd9da1f7-14e5-4bc3-81e3-8382f3b510f9/03.jpg"", ""https://www.casalgrandepadana.it/media/filer_public/9b/f6/9bf6e5c0-f576-4d1a-b1aa-049a6b110451/04.jpg""]",[],casalgrande padana
6030,930,CP_6030,Standard,https://www.casalgrandepadana.com/product/marmoker,"[""https://www.casalgrandepadana.it/media/filer_public/6b/52/6b52375c-348f-4007-938d-347e667157ac/647x647-pulpis-tortora-1.jpg"", ""https://www.casalgrandepadana.it/media/filer_public/34/70/34701d59-578e-4a18-9aab-369777c79422/marmoker-living.jpg"", ""https://www.casalgrandepadana.it/media/filer_public/20/e2/20e27456-4696-4055-9303-032d353d0f2d/02.jpg"", ""https://www.casalgrandepadana.it/media/filer_public/70/d9/70d9d0ab-4804-474c-ba3f-032d70142008/06.jpg"", ""https://www.casalgrandepadana.it/media/filer_public/1c/7f/1c7f3a4c-7dbe-47b3-a9e8-50f56f4c3280/01.jpg"", ""https://www.casalgrandepadana.it/media/filer_public/fd/9d/fd9da1f7-14e5-4bc3-81e3-8382f3b510f9/03.jpg"", ""https://www.casalgrandepadana.it/media/filer_public/9b/f6/9bf6e5c0-f576-4d1a-b1aa-049a6b110451/04.jpg""]",[],casalgrande padana
6031,931,CP_6031,Standard,https://www.casalgrandepadana.com/product/marmoker,"[""https://www.casalgrandepadana.it/media/filer_public/71/c6/71c6ce0c-171f-46da-8dc5-58144f5facbb/647x647-marmoker-starry-night.jpg"", ""https://www.casalgrandepadana.it/media/filer_public/34/70/34701d59-578e-4a18-9aab-369777c79422/marmoker-living.jpg"", ""https://www.casalgrandepadana.it/media/filer_public/20/e2/20e27456-4696-4055-9303-032d353d0f2d/02.jpg"", ""https://www.casalgrandepadana.it/media/filer_public/70/d9/70d9d0ab-4804-474c-ba3f-032d70142008/06.jpg"", ""https://www.casalgrandepadana.it/media/filer_public/1c/7f/1c7f3a4c-7dbe-47b3-a9e8-50f56f4c3280/01.jpg"", ""https://www.casalgrandepadana.it/media/filer_public/fd/9d/fd9da1f7-14e5-4bc3-81e3-8382f3b510f9/03.jpg"", ""https://www.casalgrandepadana.it/media/filer_public/9b/f6/9bf6e5c0-f576-4d1a-b1aa-049a6b110451/04.jpg""]",[],casalgrande padana
6032,932,CP_6032,Standard,https://www.casalgrandepadana.com/product/marmoker,"[""https://www.casalgrandepadana.it/media/filer_public/4c/8f/4c8f4ab7-5acf-4ccb-a2db-02f7d0bfdb49/647x647-marmoker-statuario-altissimo.jpg"", ""https://www.casalgrandepadana.it/media/filer_public/34/70/34701d59-578e-4a18-9aab-369777c79422/marmoker-living.jpg"", ""https://www.casalgrandepadana.it/media/filer_public/20/e2/20e27456-4696-4055-9303-032d353d0f2d/02.jpg"", ""https://www.casalgrandepadana.it/media/filer_public/70/d9/70d9d0ab-4804-474c-ba3f-032d70142008/06.jpg"", ""https://www.casalgrandepadana.it/media/filer_public/1c/7f/1c7f3a4c-7dbe-47b3-a9e8-50f56f4c3280/01.jpg"", ""https://www.casalgrandepadana.it/media/filer_public/fd/9d/fd9da1f7-14e5-4bc3-81e3-8382f3b510f9/03.jpg"", ""https://www.casalgrandepadana.it/media/filer_public/9b/f6/9bf6e5c0-f576-4d1a-b1aa-049a6b110451/04.jpg""]",[],casalgrande padana
6033,933,CP_6033,Standard,https://www.casalgrandepadana.com/product/marmoker,"[""https://www.casalgrandepadana.it/media/filer_public/67/b2/67b2c443-3a2e-4490-8284-e7c5ac8f8a1b/647x647-marmoker_min_titan-white.jpg"", ""https://www.casalgrandepadana.it/media/filer_public/34/70/34701d59-578e-4a18-9aab-369777c79422/marmoker-living.jpg"", ""https://www.casalgrandepadana.it/media/filer_public/20/e2/20e27456-4696-4055-9303-032d353d0f2d/02.jpg"", ""https://www.casalgrandepadana.it/media/filer_public/70/d9/70d9d0ab-4804-474c-ba3f-032d70142008/06.jpg"", ""https://www.casalgrandepadana.it/media/filer_public/1c/7f/1c7f3a4c-7dbe-47b3-a9e8-50f56f4c3280/01.jpg"", ""https://www.casalgrandepadana.it/media/filer_public/fd/9d/fd9da1f7-14e5-4bc3-81e3-8382f3b510f9/03.jpg"", ""https://www.casalgrandepadana.it/media/filer_public/9b/f6/9bf6e5c0-f576-4d1a-b1aa-049a6b110451/04.jpg""]",[],casalgrande padana
6034,934,CP_6034,Standard,https://www.casalgrandepadana.com/product/marmoker,"[""https://www.casalgrandepadana.it/media/filer_public/60/aa/60aa1761-fdad-40d4-9b06-6d66771851d3/647x647-verde-aver-1.jpg"", ""https://www.casalgrandepadana.it/media/filer_public/34/70/34701d59-578e-4a18-9aab-369777c79422/marmoker-living.jpg"", ""https://www.casalgrandepadana.it/media/filer_public/20/e2/20e27456-4696-4055-9303-032d353d0f2d/02.jpg"", ""https://www.casalgrandepadana.it/media/filer_public/70/d9/70d9d0ab-4804-474c-ba3f-032d70142008/06.jpg"", ""https://www.casalgrandepadana.it/media/filer_public/1c/7f/1c7f3a4c-7dbe-47b3-a9e8-50f56f4c3280/01.jpg"", ""https://www.casalgrandepadana.it/media/filer_public/fd/9d/fd9da1f7-14e5-4bc3-81e3-8382f3b510f9/03.jpg"", ""https://www.casalgrandepadana.it/media/filer_public/9b/f6/9bf6e5c0-f576-4d1a-b1aa-049a6b110451/04.jpg""]",[],casalgrande padana
6035,935,CP_6035,Standard,https://www.casalgrandepadana.com/product/elements-texture,"[""https://www.casalgrandepadana.it/media/filer_public/3b/e8/3be865ce-ad31-4af8-9496-ca7eb277e8c6/647x647-texture_min_beige-canvas_120x278.jpg"", ""https://www.casalgrandepadana.it/media/filer_public/48/ba/48ba756e-fc67-4390-8ce1-cbc81230ea41/bagno.jpg"", ""https://www.casalgrandepadana.it/media/filer_public/d1/1c/d11cc876-6523-4b04-92e4-cb7814cc1d39/elements_amb-1_p-greyt-micro-whitet-canvas-white.jpg"", ""https://www.casalgrandepadana.it/media/filer_public/a3/98/a398d15d-8be3-4980-ad10-ee08f10e1dca/elements_amb-6_pt-tobaccoe-brown-3.jpg"", ""https://www.casalgrandepadana.it/media/filer_public/82/3a/823a6cb1-100a-410c-aed7-5d5b7574327a/elements_amb-pt-grey.jpg"", ""https://www.casalgrandepadana.it/media/filer_public/7d/41/7d413eb7-572c-4d35-a444-2fac4f7558ce/element_texture_still-life.jpg"", ""https://www.casalgrandepadana.it/media/filer_public/e6/2c/e62cbcc5-64f1-4424-b99e-aa8d8ebeee36/elements_moodboard-1.jpg"", ""https://www.casalgrandepadana.it/media/filer_public/1b/04/1b04686c-90ec-422c-807f-b8b466aef73e/elements_moodboard-2.jpg""]",[],casalgrande padana
6036,936,CP_6036,Standard,https://www.casalgrandepadana.com/product/elements-texture,"[""https://www.casalgrandepadana.it/media/filer_public/e6/b0/e6b0383f-e056-450a-a4e5-3e3b279d2e66/647x647-texture_min_white-canvas_120x278.jpg"", ""https://www.casalgrandepadana.it/media/filer_public/48/ba/48ba756e-fc67-4390-8ce1-cbc81230ea41/bagno.jpg"", ""https://www.casalgrandepadana.it/media/filer_public/d1/1c/d11cc876-6523-4b04-92e4-cb7814cc1d39/elements_amb-1_p-greyt-micro-whitet-canvas-white.jpg"", ""https://www.casalgrandepadana.it/media/filer_public/a3/98/a398d15d-8be3-4980-ad10-ee08f10e1dca/elements_amb-6_pt-tobaccoe-brown-3.jpg"", ""https://www.casalgrandepadana.it/media/filer_public/82/3a/823a6cb1-100a-410c-aed7-5d5b7574327a/elements_amb-pt-grey.jpg"", ""https://www.casalgrandepadana.it/media/filer_public/7d/41/7d413eb7-572c-4d35-a444-2fac4f7558ce/element_texture_still-life.jpg"", ""https://www.casalgrandepadana.it/media/filer_public/e6/2c/e62cbcc5-64f1-4424-b99e-aa8d8ebeee36/elements_moodboard-1.jpg"", ""https://www.casalgrandepadana.it/media/filer_public/1b/04/1b04686c-90ec-422c-807f-b8b466aef73e/elements_moodboard-2.jpg""]",[],casalgrande padana
6037,937,CP_6037,Standard,https://www.casalgrandepadana.com/product/elements-texture,"[""https://www.casalgrandepadana.it/media/filer_public/c9/ce/c9cea1a0-0d3f-425c-a790-5ea450a01f49/647x647-texture_min_anthracite-micro_120x278.jpg"", ""https://www.casalgrandepadana.it/media/filer_public/48/ba/48ba756e-fc67-4390-8ce1-cbc81230ea41/bagno.jpg"", ""https://www.casalgrandepadana.it/media/filer_public/d1/1c/d11cc876-6523-4b04-92e4-cb7814cc1d39/elements_amb-1_p-greyt-micro-whitet-canvas-white.jpg"", ""https://www.casalgrandepadana.it/media/filer_public/a3/98/a398d15d-8be3-4980-ad10-ee08f10e1dca/elements_amb-6_pt-tobaccoe-brown-3.jpg"", ""https://www.casalgrandepadana.it/media/filer_public/82/3a/823a6cb1-100a-410c-aed7-5d5b7574327a/elements_amb-pt-grey.jpg"", ""https://www.casalgrandepadana.it/media/filer_public/7d/41/7d413eb7-572c-4d35-a444-2fac4f7558ce/element_texture_still-life.jpg"", ""https://www.casalgrandepadana.it/media/filer_public/e6/2c/e62cbcc5-64f1-4424-b99e-aa8d8ebeee36/elements_moodboard-1.jpg"", ""https://www.casalgrandepadana.it/media/filer_public/1b/04/1b04686c-90ec-422c-807f-b8b466aef73e/elements_moodboard-2.jpg""]",[],casalgrande padana
6038,938,CP_6038,Standard,https://www.casalgrandepadana.com/product/elements-texture,"[""https://www.casalgrandepadana.it/media/filer_public/9e/3b/9e3bfd93-e38b-4098-b1ec-c6734c842a60/647x647-texture_min_anthracite-canvas_120x278.jpg"", ""https://www.casalgrandepadana.it/media/filer_public/48/ba/48ba756e-fc67-4390-8ce1-cbc81230ea41/bagno.jpg"", ""https://www.casalgrandepadana.it/media/filer_public/d1/1c/d11cc876-6523-4b04-92e4-cb7814cc1d39/elements_amb-1_p-greyt-micro-whitet-canvas-white.jpg"", ""https://www.casalgrandepadana.it/media/filer_public/a3/98/a398d15d-8be3-4980-ad10-ee08f10e1dca/elements_amb-6_pt-tobaccoe-brown-3.jpg"", ""https://www.casalgrandepadana.it/media/filer_public/82/3a/823a6cb1-100a-410c-aed7-5d5b7574327a/elements_amb-pt-grey.jpg"", ""https://www.casalgrandepadana.it/media/filer_public/7d/41/7d413eb7-572c-4d35-a444-2fac4f7558ce/element_texture_still-life.jpg"", ""https://www.casalgrandepadana.it/media/filer_public/e6/2c/e62cbcc5-64f1-4424-b99e-aa8d8ebeee36/elements_moodboard-1.jpg"", ""https://www.casalgrandepadana.it/media/filer_public/1b/04/1b04686c-90ec-422c-807f-b8b466aef73e/elements_moodboard-2.jpg""]",[],casalgrande padana
6039,939,CP_6039,Standard,https://www.casalgrandepadana.com/product/elements-texture,"[""https://www.casalgrandepadana.it/media/filer_public/37/38/373828b4-3d74-4d6e-9fe4-f013a09a806d/647x647-texture_min_beige-micro_120x278.jpg"", ""https://www.casalgrandepadana.it/media/filer_public/48/ba/48ba756e-fc67-4390-8ce1-cbc81230ea41/bagno.jpg"", ""https://www.casalgrandepadana.it/media/filer_public/d1/1c/d11cc876-6523-4b04-92e4-cb7814cc1d39/elements_amb-1_p-greyt-micro-whitet-canvas-white.jpg"", ""https://www.casalgrandepadana.it/media/filer_public/a3/98/a398d15d-8be3-4980-ad10-ee08f10e1dca/elements_amb-6_pt-tobaccoe-brown-3.jpg"", ""https://www.casalgrandepadana.it/media/filer_public/82/3a/823a6cb1-100a-410c-aed7-5d5b7574327a/elements_amb-pt-grey.jpg"", ""https://www.casalgrandepadana.it/media/filer_public/7d/41/7d413eb7-572c-4d35-a444-2fac4f7558ce/element_texture_still-life.jpg"", ""https://www.casalgrandepadana.it/media/filer_public/e6/2c/e62cbcc5-64f1-4424-b99e-aa8d8ebeee36/elements_moodboard-1.jpg"", ""https://www.casalgrandepadana.it/media/filer_public/1b/04/1b04686c-90ec-422c-807f-b8b466aef73e/elements_moodboard-2.jpg""]",[],casalgrande padana
6040,940,CP_6040,Standard,https://www.casalgrandepadana.com/product/elements-texture,"[""https://www.casalgrandepadana.it/media/filer_public/c6/a4/c6a4c3a4-8e22-4f17-85dc-c976a66039f8/647x647-texture_min_white-micro_120x278.jpg"", ""https://www.casalgrandepadana.it/media/filer_public/48/ba/48ba756e-fc67-4390-8ce1-cbc81230ea41/bagno.jpg"", ""https://www.casalgrandepadana.it/media/filer_public/d1/1c/d11cc876-6523-4b04-92e4-cb7814cc1d39/elements_amb-1_p-greyt-micro-whitet-canvas-white.jpg"", ""https://www.casalgrandepadana.it/media/filer_public/a3/98/a398d15d-8be3-4980-ad10-ee08f10e1dca/elements_amb-6_pt-tobaccoe-brown-3.jpg"", ""https://www.casalgrandepadana.it/media/filer_public/82/3a/823a6cb1-100a-410c-aed7-5d5b7574327a/elements_amb-pt-grey.jpg"", ""https://www.casalgrandepadana.it/media/filer_public/7d/41/7d413eb7-572c-4d35-a444-2fac4f7558ce/element_texture_still-life.jpg"", ""https://www.casalgrandepadana.it/media/filer_public/e6/2c/e62cbcc5-64f1-4424-b99e-aa8d8ebeee36/elements_moodboard-1.jpg"", ""https://www.casalgrandepadana.it/media/filer_public/1b/04/1b04686c-90ec-422c-807f-b8b466aef73e/elements_moodboard-2.jpg""]",[],casalgrande padana
6041,941,CP_6041,Standard,https://www.casalgrandepadana.com/product/lithos,"[""https://www.casalgrandepadana.it/media/filer_public/51/d7/51d7495c-eb9a-4a01-91be-b9e40b3b30a7/647x647-lithos_min_beige_60x120.jpg"", ""https://www.casalgrandepadana.it/media/filer_public/cb/d5/cbd5fa09-5480-44db-a05e-264f40a83293/cucina_585x484-lithos_amb_tortora-90x90-60x60_20mm.jpg"", ""https://www.casalgrandepadana.it/media/filer_public/68/61/6861a9f7-df30-40d9-ab26-5bdf54e6ad68/1816x754-detail_lithos_amb_taupe-120x120-120x278.jpg"", ""https://www.casalgrandepadana.it/media/filer_public/34/55/34559013-8c2e-4f3f-8f96-5abf63285508/1816x754-lithos_amb_beige-120x278-120x120.jpg"", ""https://www.casalgrandepadana.it/media/filer_public/93/56/93569cbf-f5d1-4ac9-9046-19c44b3313dc/1816x754b-lithos_amb_tortora-60x60_20mm-outdoor-dett.jpg"", ""https://www.casalgrandepadana.it/media/filer_public/5c/37/5c370e3a-cdb8-4225-959b-5ee3364cc55f/1816x754-lithos_amb_tortora-90x90-60x60_20mm.jpg""]",[],casalgrande padana
6042,942,CP_6042,Standard,https://www.casalgrandepadana.com/product/lithos,"[""https://www.casalgrandepadana.it/media/filer_public/31/ca/31cad9c0-b7c5-499d-9a87-794225e939c9/647x647-lithos_min_bianco_60x120.jpg"", ""https://www.casalgrandepadana.it/media/filer_public/cb/d5/cbd5fa09-5480-44db-a05e-264f40a83293/cucina_585x484-lithos_amb_tortora-90x90-60x60_20mm.jpg"", ""https://www.casalgrandepadana.it/media/filer_public/68/61/6861a9f7-df30-40d9-ab26-5bdf54e6ad68/1816x754-detail_lithos_amb_taupe-120x120-120x278.jpg"", ""https://www.casalgrandepadana.it/media/filer_public/34/55/34559013-8c2e-4f3f-8f96-5abf63285508/1816x754-lithos_amb_beige-120x278-120x120.jpg"", ""https://www.casalgrandepadana.it/media/filer_public/93/56/93569cbf-f5d1-4ac9-9046-19c44b3313dc/1816x754b-lithos_amb_tortora-60x60_20mm-outdoor-dett.jpg"", ""https://www.casalgrandepadana.it/media/filer_public/5c/37/5c370e3a-cdb8-4225-959b-5ee3364cc55f/1816x754-lithos_amb_tortora-90x90-60x60_20mm.jpg""]",[],casalgrande padana
6043,943,CP_6043,Standard,https://www.casalgrandepadana.com/product/lithos,"[""https://www.casalgrandepadana.it/media/filer_public/f2/bb/f2bb9315-35a7-45b9-ae2a-929f2f6aea29/647x647-lithos_min_nero_60x120.jpg"", ""https://www.casalgrandepadana.it/media/filer_public/cb/d5/cbd5fa09-5480-44db-a05e-264f40a83293/cucina_585x484-lithos_amb_tortora-90x90-60x60_20mm.jpg"", ""https://www.casalgrandepadana.it/media/filer_public/68/61/6861a9f7-df30-40d9-ab26-5bdf54e6ad68/1816x754-detail_lithos_amb_taupe-120x120-120x278.jpg"", ""https://www.casalgrandepadana.it/media/filer_public/34/55/34559013-8c2e-4f3f-8f96-5abf63285508/1816x754-lithos_amb_beige-120x278-120x120.jpg"", ""https://www.casalgrandepadana.it/media/filer_public/93/56/93569cbf-f5d1-4ac9-9046-19c44b3313dc/1816x754b-lithos_amb_tortora-60x60_20mm-outdoor-dett.jpg"", ""https://www.casalgrandepadana.it/media/filer_public/5c/37/5c370e3a-cdb8-4225-959b-5ee3364cc55f/1816x754-lithos_amb_tortora-90x90-60x60_20mm.jpg""]",[],casalgrande padana
6044,944,CP_6044,Standard,https://www.casalgrandepadana.com/product/pietra-tiburtina,"[""https://www.casalgrandepadana.it/media/filer_public/89/23/89232c76-86c8-4310-96cc-fbec5d9227dc/647x647-pietra-tiburtina_min_aventino-vein_120x278-f02.jpg"", ""https://www.casalgrandepadana.it/media/filer_public/4c/0b/4c0b9e01-c428-4125-bd95-32929862ddde/585x484-pietra-tiburtina_amb_aventino-vein-vein-rigata-dett.jpg"", ""https://www.casalgrandepadana.it/media/filer_public/8f/43/8f436bae-fc8d-453d-89b7-73555b3bd7d2/1816x754-pietra-tiburtina_amb_aventino-anticata-crosscross.jpg"", ""https://www.casalgrandepadana.it/media/filer_public/b9/01/b901b3d4-8257-4202-b67e-bbce6a80af1d/1816x754-pietra-tiburtina_amb_aventino-crossaquatio-dett-1.jpg"", ""https://www.casalgrandepadana.it/media/filer_public/9a/63/9a63e0eb-e884-42f1-959f-06fa6de68c0e/1816x754-pietra-tiburtina_amb_aventino-vein.jpg"", ""https://www.casalgrandepadana.it/media/filer_public/08/f3/08f39c62-06a0-45c9-a5f0-13bd650809a8/1816x754-pietra-tiburtina_amb_campidoglio-crossottanioonda.jpg"", ""https://www.casalgrandepadana.it/media/filer_public/53/60/53602f06-3392-4a45-b526-ff87f296849a/1816x754-pietra-tiburtina_amb_campidoglio-cross-grip-20mm.jpg"", ""https://www.casalgrandepadana.it/media/filer_public/69/79/6979757d-e58f-4da9-9b3f-e8f2e3269e5c/1816x754-pietra-tiburtina_amb_celio-vein-dett-2.jpg"", ""https://www.casalgrandepadana.it/media/filer_public/11/99/1199dc3e-7c61-4341-b99e-478c4c154036/1816x754-pietra-tiburtina_amb_palatino-veincrossmarmoker-grafite.jpg"", ""https://www.casalgrandepadana.it/media/filer_public/ad/0d/ad0df5bd-9f6a-4492-8b51-c0c34197a1d7/progetto_senza_titolo_-_2025-09-01t164320723.jpg"", ""https://www.casalgrandepadana.it/media/filer_public/c3/b6/c3b66fd5-c55c-4c6e-8787-71aee701daa6/progetto_senza_titolo_-_2025-09-01t164344031.jpg"", ""https://www.casalgrandepadana.it/media/filer_public/4f/37/4f37de30-6e33-479a-9b46-157ca4aeb21d/progetto_senza_titolo_-_2025-09-01t164452764.jpg""]",[],casalgrande padana
6045,945,CP_6045,Standard,https://www.casalgrandepadana.com/product/pietra-tiburtina,"[""https://www.casalgrandepadana.it/media/filer_public/cd/10/cd10bf14-83dd-407a-a651-31a01505860c/647x647-pietra-tiburtina_min_campidoglio-vein_120x278-f04.jpg"", ""https://www.casalgrandepadana.it/media/filer_public/4c/0b/4c0b9e01-c428-4125-bd95-32929862ddde/585x484-pietra-tiburtina_amb_aventino-vein-vein-rigata-dett.jpg"", ""https://www.casalgrandepadana.it/media/filer_public/8f/43/8f436bae-fc8d-453d-89b7-73555b3bd7d2/1816x754-pietra-tiburtina_amb_aventino-anticata-crosscross.jpg"", ""https://www.casalgrandepadana.it/media/filer_public/b9/01/b901b3d4-8257-4202-b67e-bbce6a80af1d/1816x754-pietra-tiburtina_amb_aventino-crossaquatio-dett-1.jpg"", ""https://www.casalgrandepadana.it/media/filer_public/9a/63/9a63e0eb-e884-42f1-959f-06fa6de68c0e/1816x754-pietra-tiburtina_amb_aventino-vein.jpg"", ""https://www.casalgrandepadana.it/media/filer_public/08/f3/08f39c62-06a0-45c9-a5f0-13bd650809a8/1816x754-pietra-tiburtina_amb_campidoglio-crossottanioonda.jpg"", ""https://www.casalgrandepadana.it/media/filer_public/53/60/53602f06-3392-4a45-b526-ff87f296849a/1816x754-pietra-tiburtina_amb_campidoglio-cross-grip-20mm.jpg"", ""https://www.casalgrandepadana.it/media/filer_public/69/79/6979757d-e58f-4da9-9b3f-e8f2e3269e5c/1816x754-pietra-tiburtina_amb_celio-vein-dett-2.jpg"", ""https://www.casalgrandepadana.it/media/filer_public/11/99/1199dc3e-7c61-4341-b99e-478c4c154036/1816x754-pietra-tiburtina_amb_palatino-veincrossmarmoker-grafite.jpg"", ""https://www.casalgrandepadana.it/media/filer_public/ad/0d/ad0df5bd-9f6a-4492-8b51-c0c34197a1d7/progetto_senza_titolo_-_2025-09-01t164320723.jpg"", ""https://www.casalgrandepadana.it/media/filer_public/c3/b6/c3b66fd5-c55c-4c6e-8787-71aee701daa6/progetto_senza_titolo_-_2025-09-01t164344031.jpg"", ""https://www.casalgrandepadana.it/media/filer_public/4f/37/4f37de30-6e33-479a-9b46-157ca4aeb21d/progetto_senza_titolo_-_2025-09-01t164452764.jpg""]",[],casalgrande padana
6046,946,CP_6046,Standard,https://www.casalgrandepadana.com/product/pietra-tiburtina,"[""https://www.casalgrandepadana.it/media/filer_public/79/30/7930067a-7e7d-46d4-b8f7-bcc33625bc80/647x647-pietra-tiburtina_min_campidoglio-cross_120x278-f03.jpg"", ""https://www.casalgrandepadana.it/media/filer_public/4c/0b/4c0b9e01-c428-4125-bd95-32929862ddde/585x484-pietra-tiburtina_amb_aventino-vein-vein-rigata-dett.jpg"", ""https://www.casalgrandepadana.it/media/filer_public/8f/43/8f436bae-fc8d-453d-89b7-73555b3bd7d2/1816x754-pietra-tiburtina_amb_aventino-anticata-crosscross.jpg"", ""https://www.casalgrandepadana.it/media/filer_public/b9/01/b901b3d4-8257-4202-b67e-bbce6a80af1d/1816x754-pietra-tiburtina_amb_aventino-crossaquatio-dett-1.jpg"", ""https://www.casalgrandepadana.it/media/filer_public/9a/63/9a63e0eb-e884-42f1-959f-06fa6de68c0e/1816x754-pietra-tiburtina_amb_aventino-vein.jpg"", ""https://www.casalgrandepadana.it/media/filer_public/08/f3/08f39c62-06a0-45c9-a5f0-13bd650809a8/1816x754-pietra-tiburtina_amb_campidoglio-crossottanioonda.jpg"", ""https://www.casalgrandepadana.it/media/filer_public/53/60/53602f06-3392-4a45-b526-ff87f296849a/1816x754-pietra-tiburtina_amb_campidoglio-cross-grip-20mm.jpg"", ""https://www.casalgrandepadana.it/media/filer_public/69/79/6979757d-e58f-4da9-9b3f-e8f2e3269e5c/1816x754-pietra-tiburtina_amb_celio-vein-dett-2.jpg"", ""https://www.casalgrandepadana.it/media/filer_public/11/99/1199dc3e-7c61-4341-b99e-478c4c154036/1816x754-pietra-tiburtina_amb_palatino-veincrossmarmoker-grafite.jpg"", ""https://www.casalgrandepadana.it/media/filer_public/ad/0d/ad0df5bd-9f6a-4492-8b51-c0c34197a1d7/progetto_senza_titolo_-_2025-09-01t164320723.jpg"", ""https://www.casalgrandepadana.it/media/filer_public/c3/b6/c3b66fd5-c55c-4c6e-8787-71aee701daa6/progetto_senza_titolo_-_2025-09-01t164344031.jpg"", ""https://www.casalgrandepadana.it/media/filer_public/4f/37/4f37de30-6e33-479a-9b46-157ca4aeb21d/progetto_senza_titolo_-_2025-09-01t164452764.jpg""]",[],casalgrande padana
6047,947,CP_6047,Standard,https://www.casalgrandepadana.com/product/pietra-tiburtina,"[""https://www.casalgrandepadana.it/media/filer_public/53/05/5305902f-4640-440f-92a6-c638a6c84ada/647x647-pietra-tiburtina_min_celio-vein_120x278-f02.jpg"", ""https://www.casalgrandepadana.it/media/filer_public/4c/0b/4c0b9e01-c428-4125-bd95-32929862ddde/585x484-pietra-tiburtina_amb_aventino-vein-vein-rigata-dett.jpg"", ""https://www.casalgrandepadana.it/media/filer_public/8f/43/8f436bae-fc8d-453d-89b7-73555b3bd7d2/1816x754-pietra-tiburtina_amb_aventino-anticata-crosscross.jpg"", ""https://www.casalgrandepadana.it/media/filer_public/b9/01/b901b3d4-8257-4202-b67e-bbce6a80af1d/1816x754-pietra-tiburtina_amb_aventino-crossaquatio-dett-1.jpg"", ""https://www.casalgrandepadana.it/media/filer_public/9a/63/9a63e0eb-e884-42f1-959f-06fa6de68c0e/1816x754-pietra-tiburtina_amb_aventino-vein.jpg"", ""https://www.casalgrandepadana.it/media/filer_public/08/f3/08f39c62-06a0-45c9-a5f0-13bd650809a8/1816x754-pietra-tiburtina_amb_campidoglio-crossottanioonda.jpg"", ""https://www.casalgrandepadana.it/media/filer_public/53/60/53602f06-3392-4a45-b526-ff87f296849a/1816x754-pietra-tiburtina_amb_campidoglio-cross-grip-20mm.jpg"", ""https://www.casalgrandepadana.it/media/filer_public/69/79/6979757d-e58f-4da9-9b3f-e8f2e3269e5c/1816x754-pietra-tiburtina_amb_celio-vein-dett-2.jpg"", ""https://www.casalgrandepadana.it/media/filer_public/11/99/1199dc3e-7c61-4341-b99e-478c4c154036/1816x754-pietra-tiburtina_amb_palatino-veincrossmarmoker-grafite.jpg"", ""https://www.casalgrandepadana.it/media/filer_public/ad/0d/ad0df5bd-9f6a-4492-8b51-c0c34197a1d7/progetto_senza_titolo_-_2025-09-01t164320723.jpg"", ""https://www.casalgrandepadana.it/media/filer_public/c3/b6/c3b66fd5-c55c-4c6e-8787-71aee701daa6/progetto_senza_titolo_-_2025-09-01t164344031.jpg"", ""https://www.casalgrandepadana.it/media/filer_public/4f/37/4f37de30-6e33-479a-9b46-157ca4aeb21d/progetto_senza_titolo_-_2025-09-01t164452764.jpg""]",[],casalgrande padana
6048,948,CP_6048,Standard,https://www.casalgrandepadana.com/product/pietra-tiburtina,"[""https://www.casalgrandepadana.it/media/filer_public/05/26/0526c45f-d3ca-4fff-91f0-8e4333562dc8/647x647-pietra-tiburtina_min_celio-anticata-cross_60x60.jpg"", ""https://www.casalgrandepadana.it/media/filer_public/4c/0b/4c0b9e01-c428-4125-bd95-32929862ddde/585x484-pietra-tiburtina_amb_aventino-vein-vein-rigata-dett.jpg"", ""https://www.casalgrandepadana.it/media/filer_public/8f/43/8f436bae-fc8d-453d-89b7-73555b3bd7d2/1816x754-pietra-tiburtina_amb_aventino-anticata-crosscross.jpg"", ""https://www.casalgrandepadana.it/media/filer_public/b9/01/b901b3d4-8257-4202-b67e-bbce6a80af1d/1816x754-pietra-tiburtina_amb_aventino-crossaquatio-dett-1.jpg"", ""https://www.casalgrandepadana.it/media/filer_public/9a/63/9a63e0eb-e884-42f1-959f-06fa6de68c0e/1816x754-pietra-tiburtina_amb_aventino-vein.jpg"", ""https://www.casalgrandepadana.it/media/filer_public/08/f3/08f39c62-06a0-45c9-a5f0-13bd650809a8/1816x754-pietra-tiburtina_amb_campidoglio-crossottanioonda.jpg"", ""https://www.casalgrandepadana.it/media/filer_public/53/60/53602f06-3392-4a45-b526-ff87f296849a/1816x754-pietra-tiburtina_amb_campidoglio-cross-grip-20mm.jpg"", ""https://www.casalgrandepadana.it/media/filer_public/69/79/6979757d-e58f-4da9-9b3f-e8f2e3269e5c/1816x754-pietra-tiburtina_amb_celio-vein-dett-2.jpg"", ""https://www.casalgrandepadana.it/media/filer_public/11/99/1199dc3e-7c61-4341-b99e-478c4c154036/1816x754-pietra-tiburtina_amb_palatino-veincrossmarmoker-grafite.jpg"", ""https://www.casalgrandepadana.it/media/filer_public/ad/0d/ad0df5bd-9f6a-4492-8b51-c0c34197a1d7/progetto_senza_titolo_-_2025-09-01t164320723.jpg"", ""https://www.casalgrandepadana.it/media/filer_public/c3/b6/c3b66fd5-c55c-4c6e-8787-71aee701daa6/progetto_senza_titolo_-_2025-09-01t164344031.jpg"", ""https://www.casalgrandepadana.it/media/filer_public/4f/37/4f37de30-6e33-479a-9b46-157ca4aeb21d/progetto_senza_titolo_-_2025-09-01t164452764.jpg""]",[],casalgrande padana
6049,949,CP_6049,Standard,https://www.casalgrandepadana.com/product/pietra-tiburtina,"[""https://www.casalgrandepadana.it/media/filer_public/93/45/934597f6-d10f-4f7f-a06c-2d3dd099abe1/647x647-pietra-tiburtina_min_palatino-cross_120x278-f01.jpg"", ""https://www.casalgrandepadana.it/media/filer_public/4c/0b/4c0b9e01-c428-4125-bd95-32929862ddde/585x484-pietra-tiburtina_amb_aventino-vein-vein-rigata-dett.jpg"", ""https://www.casalgrandepadana.it/media/filer_public/8f/43/8f436bae-fc8d-453d-89b7-73555b3bd7d2/1816x754-pietra-tiburtina_amb_aventino-anticata-crosscross.jpg"", ""https://www.casalgrandepadana.it/media/filer_public/b9/01/b901b3d4-8257-4202-b67e-bbce6a80af1d/1816x754-pietra-tiburtina_amb_aventino-crossaquatio-dett-1.jpg"", ""https://www.casalgrandepadana.it/media/filer_public/9a/63/9a63e0eb-e884-42f1-959f-06fa6de68c0e/1816x754-pietra-tiburtina_amb_aventino-vein.jpg"", ""https://www.casalgrandepadana.it/media/filer_public/08/f3/08f39c62-06a0-45c9-a5f0-13bd650809a8/1816x754-pietra-tiburtina_amb_campidoglio-crossottanioonda.jpg"", ""https://www.casalgrandepadana.it/media/filer_public/53/60/53602f06-3392-4a45-b526-ff87f296849a/1816x754-pietra-tiburtina_amb_campidoglio-cross-grip-20mm.jpg"", ""https://www.casalgrandepadana.it/media/filer_public/69/79/6979757d-e58f-4da9-9b3f-e8f2e3269e5c/1816x754-pietra-tiburtina_amb_celio-vein-dett-2.jpg"", ""https://www.casalgrandepadana.it/media/filer_public/11/99/1199dc3e-7c61-4341-b99e-478c4c154036/1816x754-pietra-tiburtina_amb_palatino-veincrossmarmoker-grafite.jpg"", ""https://www.casalgrandepadana.it/media/filer_public/ad/0d/ad0df5bd-9f6a-4492-8b51-c0c34197a1d7/progetto_senza_titolo_-_2025-09-01t164320723.jpg"", ""https://www.casalgrandepadana.it/media/filer_public/c3/b6/c3b66fd5-c55c-4c6e-8787-71aee701daa6/progetto_senza_titolo_-_2025-09-01t164344031.jpg"", ""https://www.casalgrandepadana.it/media/filer_public/4f/37/4f37de30-6e33-479a-9b46-157ca4aeb21d/progetto_senza_titolo_-_2025-09-01t164452764.jpg""]",[],casalgrande padana
6050,950,CP_6050,Standard,https://www.casalgrandepadana.com/product/pietra-tiburtina,"[""https://www.casalgrandepadana.it/media/filer_public/d0/a4/d0a4c9d3-4aa1-47f2-afe4-ef2052cca126/647x647-pietra-tiburtina_min_palatino-vein_120x278-f01.jpg"", ""https://www.casalgrandepadana.it/media/filer_public/4c/0b/4c0b9e01-c428-4125-bd95-32929862ddde/585x484-pietra-tiburtina_amb_aventino-vein-vein-rigata-dett.jpg"", ""https://www.casalgrandepadana.it/media/filer_public/8f/43/8f436bae-fc8d-453d-89b7-73555b3bd7d2/1816x754-pietra-tiburtina_amb_aventino-anticata-crosscross.jpg"", ""https://www.casalgrandepadana.it/media/filer_public/b9/01/b901b3d4-8257-4202-b67e-bbce6a80af1d/1816x754-pietra-tiburtina_amb_aventino-crossaquatio-dett-1.jpg"", ""https://www.casalgrandepadana.it/media/filer_public/9a/63/9a63e0eb-e884-42f1-959f-06fa6de68c0e/1816x754-pietra-tiburtina_amb_aventino-vein.jpg"", ""https://www.casalgrandepadana.it/media/filer_public/08/f3/08f39c62-06a0-45c9-a5f0-13bd650809a8/1816x754-pietra-tiburtina_amb_campidoglio-crossottanioonda.jpg"", ""https://www.casalgrandepadana.it/media/filer_public/53/60/53602f06-3392-4a45-b526-ff87f296849a/1816x754-pietra-tiburtina_amb_campidoglio-cross-grip-20mm.jpg"", ""https://www.casalgrandepadana.it/media/filer_public/69/79/6979757d-e58f-4da9-9b3f-e8f2e3269e5c/1816x754-pietra-tiburtina_amb_celio-vein-dett-2.jpg"", ""https://www.casalgrandepadana.it/media/filer_public/11/99/1199dc3e-7c61-4341-b99e-478c4c154036/1816x754-pietra-tiburtina_amb_palatino-veincrossmarmoker-grafite.jpg"", ""https://www.casalgrandepadana.it/media/filer_public/ad/0d/ad0df5bd-9f6a-4492-8b51-c0c34197a1d7/progetto_senza_titolo_-_2025-09-01t164320723.jpg"", ""https://www.casalgrandepadana.it/media/filer_public/c3/b6/c3b66fd5-c55c-4c6e-8787-71aee701daa6/progetto_senza_titolo_-_2025-09-01t164344031.jpg"", ""https://www.casalgrandepadana.it/media/filer_public/4f/37/4f37de30-6e33-479a-9b46-157ca4aeb21d/progetto_senza_titolo_-_2025-09-01t164452764.jpg""]",[],casalgrande padana
6051,951,CP_6051,Standard,https://www.casalgrandepadana.com/product/supreme,"[""https://www.casalgrandepadana.it/media/filer_public/39/f5/39f514c5-dd1a-42a8-9c85-ea3de673fc3c/647x647-supreme_min_dark-120x278-01.jpg"", ""https://www.casalgrandepadana.it/media/filer_public/8a/3c/8a3c436b-e269-4a9c-9c03-6e2bc3fbd507/supreme_esterni.jpg"", ""https://www.casalgrandepadana.it/media/filer_public/77/47/77476095-18d0-48c6-bd2e-367b4837a8f6/01.jpg"", ""https://www.casalgrandepadana.it/media/filer_public/0e/0d/0e0d3b6e-84cb-4387-bd57-c4f54e0204b8/03.jpg"", ""https://www.casalgrandepadana.it/media/filer_public/c3/07/c30750ea-5a15-4742-9c69-b9484bc4e5ca/02.jpg"", ""https://www.casalgrandepadana.it/media/filer_public/d7/dc/d7dca3d7-19a7-43c4-83e2-c0260eb9ae6c/04.jpg"", ""https://www.casalgrandepadana.it/media/filer_public/1a/bf/1abf9eb8-1476-4301-9ff4-a433ba3c4b64/05.jpg""]",[],casalgrande padana
6052,952,CP_6052,Standard,https://www.casalgrandepadana.com/product/supreme,"[""https://www.casalgrandepadana.it/media/filer_public/d5/08/d508ba0a-b66d-4e16-8499-95fae5645f15/647x647-supreme_min_sand-120x278-01.jpg"", ""https://www.casalgrandepadana.it/media/filer_public/8a/3c/8a3c436b-e269-4a9c-9c03-6e2bc3fbd507/supreme_esterni.jpg"", ""https://www.casalgrandepadana.it/media/filer_public/77/47/77476095-18d0-48c6-bd2e-367b4837a8f6/01.jpg"", ""https://www.casalgrandepadana.it/media/filer_public/0e/0d/0e0d3b6e-84cb-4387-bd57-c4f54e0204b8/03.jpg"", ""https://www.casalgrandepadana.it/media/filer_public/c3/07/c30750ea-5a15-4742-9c69-b9484bc4e5ca/02.jpg"", ""https://www.casalgrandepadana.it/media/filer_public/d7/dc/d7dca3d7-19a7-43c4-83e2-c0260eb9ae6c/04.jpg"", ""https://www.casalgrandepadana.it/media/filer_public/1a/bf/1abf9eb8-1476-4301-9ff4-a433ba3c4b64/05.jpg""]",[],casalgrande padana
6053,953,CP_6053,Standard,https://www.casalgrandepadana.com/product/supreme,"[""https://www.casalgrandepadana.it/media/filer_public/03/52/03520611-9799-43e4-a431-b6d4892274c8/647x647-supreme_min_taupe-120x278-01.jpg"", ""https://www.casalgrandepadana.it/media/filer_public/8a/3c/8a3c436b-e269-4a9c-9c03-6e2bc3fbd507/supreme_esterni.jpg"", ""https://www.casalgrandepadana.it/media/filer_public/77/47/77476095-18d0-48c6-bd2e-367b4837a8f6/01.jpg"", ""https://www.casalgrandepadana.it/media/filer_public/0e/0d/0e0d3b6e-84cb-4387-bd57-c4f54e0204b8/03.jpg"", ""https://www.casalgrandepadana.it/media/filer_public/c3/07/c30750ea-5a15-4742-9c69-b9484bc4e5ca/02.jpg"", ""https://www.casalgrandepadana.it/media/filer_public/d7/dc/d7dca3d7-19a7-43c4-83e2-c0260eb9ae6c/04.jpg"", ""https://www.casalgrandepadana.it/media/filer_public/1a/bf/1abf9eb8-1476-4301-9ff4-a433ba3c4b64/05.jpg""]",[],casalgrande padana
6054,954,CP_6054,Standard,https://www.casalgrandepadana.com/product/supreme,"[""https://www.casalgrandepadana.it/media/filer_public/cb/4e/cb4e8a48-cd43-40b0-a63b-f44e4deb5e49/supreme_dec_mosaico_listelli.png"", ""https://www.casalgrandepadana.it/media/filer_public/8a/3c/8a3c436b-e269-4a9c-9c03-6e2bc3fbd507/supreme_esterni.jpg"", ""https://www.casalgrandepadana.it/media/filer_public/77/47/77476095-18d0-48c6-bd2e-367b4837a8f6/01.jpg"", ""https://www.casalgrandepadana.it/media/filer_public/0e/0d/0e0d3b6e-84cb-4387-bd57-c4f54e0204b8/03.jpg"", ""https://www.casalgrandepadana.it/media/filer_public/c3/07/c30750ea-5a15-4742-9c69-b9484bc4e5ca/02.jpg"", ""https://www.casalgrandepadana.it/media/filer_public/d7/dc/d7dca3d7-19a7-43c4-83e2-c0260eb9ae6c/04.jpg"", ""https://www.casalgrandepadana.it/media/filer_public/1a/bf/1abf9eb8-1476-4301-9ff4-a433ba3c4b64/05.jpg""]",[],casalgrande padana
6055,955,CP_6055,Standard,https://www.casalgrandepadana.com/product/era,"[""https://www.casalgrandepadana.it/media/filer_public/20/ef/20efde0b-8550-4a7d-90d9-8169a36a1a82/647x647-era_min_bianca-120x120-01.jpg"", ""https://www.casalgrandepadana.it/media/filer_public/b9/3f/b93fe9ee-dbd0-45fc-9a0c-5abb5257bbec/era_cucina.jpg"", ""https://www.casalgrandepadana.it/media/filer_public/55/1b/551b8bb8-8ae0-4c0f-aa85-5253fe0abcfe/02.jpg"", ""https://www.casalgrandepadana.it/media/filer_public/78/d5/78d5f674-ec88-443b-acb7-1ec7661b2c0c/01.jpg"", ""https://www.casalgrandepadana.it/media/filer_public/2e/a5/2ea55a33-9d52-4987-99df-3eeaf749c5ed/03.jpg"", ""https://www.casalgrandepadana.it/media/filer_public/a2/35/a2353aa7-eb40-4bbc-8f29-e2ed195b6279/04.jpg"", ""https://www.casalgrandepadana.it/media/filer_public/85/0d/850de553-f768-44b3-96b6-6fd0765970a5/05.jpg""]",[],casalgrande padana
6056,956,CP_6056,Standard,https://www.casalgrandepadana.com/product/era,"[""https://www.casalgrandepadana.it/media/filer_public/ee/a1/eea1ff20-955d-43e0-97d3-cccf8a9ac87b/647x647-era_min_grigia-120x120-08.jpg"", ""https://www.casalgrandepadana.it/media/filer_public/b9/3f/b93fe9ee-dbd0-45fc-9a0c-5abb5257bbec/era_cucina.jpg"", ""https://www.casalgrandepadana.it/media/filer_public/55/1b/551b8bb8-8ae0-4c0f-aa85-5253fe0abcfe/02.jpg"", ""https://www.casalgrandepadana.it/media/filer_public/78/d5/78d5f674-ec88-443b-acb7-1ec7661b2c0c/01.jpg"", ""https://www.casalgrandepadana.it/media/filer_public/2e/a5/2ea55a33-9d52-4987-99df-3eeaf749c5ed/03.jpg"", ""https://www.casalgrandepadana.it/media/filer_public/a2/35/a2353aa7-eb40-4bbc-8f29-e2ed195b6279/04.jpg"", ""https://www.casalgrandepadana.it/media/filer_public/85/0d/850de553-f768-44b3-96b6-6fd0765970a5/05.jpg""]",[],casalgrande padana
6057,957,CP_6057,Standard,https://www.casalgrandepadana.com/product/era,"[""https://www.casalgrandepadana.it/media/filer_public/e8/12/e8129775-5043-4573-8a8e-af2c8ef332ff/647x647-era_min_pepe-120x120-04.jpg"", ""https://www.casalgrandepadana.it/media/filer_public/b9/3f/b93fe9ee-dbd0-45fc-9a0c-5abb5257bbec/era_cucina.jpg"", ""https://www.casalgrandepadana.it/media/filer_public/55/1b/551b8bb8-8ae0-4c0f-aa85-5253fe0abcfe/02.jpg"", ""https://www.casalgrandepadana.it/media/filer_public/78/d5/78d5f674-ec88-443b-acb7-1ec7661b2c0c/01.jpg"", ""https://www.casalgrandepadana.it/media/filer_public/2e/a5/2ea55a33-9d52-4987-99df-3eeaf749c5ed/03.jpg"", ""https://www.casalgrandepadana.it/media/filer_public/a2/35/a2353aa7-eb40-4bbc-8f29-e2ed195b6279/04.jpg"", ""https://www.casalgrandepadana.it/media/filer_public/85/0d/850de553-f768-44b3-96b6-6fd0765970a5/05.jpg""]",[],casalgrande padana
6058,958,CP_6058,Standard,https://www.casalgrandepadana.com/product/era,"[""https://www.casalgrandepadana.it/media/filer_public/38/31/38319910-f320-4c45-8896-15a82d2f6e65/647x647-era_min_bruna-120x120-03.jpg"", ""https://www.casalgrandepadana.it/media/filer_public/b9/3f/b93fe9ee-dbd0-45fc-9a0c-5abb5257bbec/era_cucina.jpg"", ""https://www.casalgrandepadana.it/media/filer_public/55/1b/551b8bb8-8ae0-4c0f-aa85-5253fe0abcfe/02.jpg"", ""https://www.casalgrandepadana.it/media/filer_public/78/d5/78d5f674-ec88-443b-acb7-1ec7661b2c0c/01.jpg"", ""https://www.casalgrandepadana.it/media/filer_public/2e/a5/2ea55a33-9d52-4987-99df-3eeaf749c5ed/03.jpg"", ""https://www.casalgrandepadana.it/media/filer_public/a2/35/a2353aa7-eb40-4bbc-8f29-e2ed195b6279/04.jpg"", ""https://www.casalgrandepadana.it/media/filer_public/85/0d/850de553-f768-44b3-96b6-6fd0765970a5/05.jpg""]",[],casalgrande padana
6059,959,CP_6059,Standard,https://www.casalgrandepadana.com/product/era,"[""https://www.casalgrandepadana.it/media/filer_public/b4/55/b4556343-91e7-4afe-a0ae-faf91d34ec59/647x647-era_min_crema-120x120-05.jpg"", ""https://www.casalgrandepadana.it/media/filer_public/b9/3f/b93fe9ee-dbd0-45fc-9a0c-5abb5257bbec/era_cucina.jpg"", ""https://www.casalgrandepadana.it/media/filer_public/55/1b/551b8bb8-8ae0-4c0f-aa85-5253fe0abcfe/02.jpg"", ""https://www.casalgrandepadana.it/media/filer_public/78/d5/78d5f674-ec88-443b-acb7-1ec7661b2c0c/01.jpg"", ""https://www.casalgrandepadana.it/media/filer_public/2e/a5/2ea55a33-9d52-4987-99df-3eeaf749c5ed/03.jpg"", ""https://www.casalgrandepadana.it/media/filer_public/a2/35/a2353aa7-eb40-4bbc-8f29-e2ed195b6279/04.jpg"", ""https://www.casalgrandepadana.it/media/filer_public/85/0d/850de553-f768-44b3-96b6-6fd0765970a5/05.jpg""]",[],casalgrande padana
6060,960,CP_6060,Standard,https://www.casalgrandepadana.com/product/era,"[""https://www.casalgrandepadana.it/media/filer_public/9a/aa/9aaa70ca-4585-41f3-821e-b28f02fbee1a/647x647-era_min_perla-120x120-05.jpg"", ""https://www.casalgrandepadana.it/media/filer_public/b9/3f/b93fe9ee-dbd0-45fc-9a0c-5abb5257bbec/era_cucina.jpg"", ""https://www.casalgrandepadana.it/media/filer_public/55/1b/551b8bb8-8ae0-4c0f-aa85-5253fe0abcfe/02.jpg"", ""https://www.casalgrandepadana.it/media/filer_public/78/d5/78d5f674-ec88-443b-acb7-1ec7661b2c0c/01.jpg"", ""https://www.casalgrandepadana.it/media/filer_public/2e/a5/2ea55a33-9d52-4987-99df-3eeaf749c5ed/03.jpg"", ""https://www.casalgrandepadana.it/media/filer_public/a2/35/a2353aa7-eb40-4bbc-8f29-e2ed195b6279/04.jpg"", ""https://www.casalgrandepadana.it/media/filer_public/85/0d/850de553-f768-44b3-96b6-6fd0765970a5/05.jpg""]",[],casalgrande padana
6061,961,CP_6061,Standard,https://www.casalgrandepadana.com/product/era,"[""https://www.casalgrandepadana.it/media/filer_public/96/ee/96eef56c-0a1c-4e63-96be-8a95012bb4c8/era_dec_mosaico_listelli_a.jpg"", ""https://www.casalgrandepadana.it/media/filer_public/b9/3f/b93fe9ee-dbd0-45fc-9a0c-5abb5257bbec/era_cucina.jpg"", ""https://www.casalgrandepadana.it/media/filer_public/55/1b/551b8bb8-8ae0-4c0f-aa85-5253fe0abcfe/02.jpg"", ""https://www.casalgrandepadana.it/media/filer_public/78/d5/78d5f674-ec88-443b-acb7-1ec7661b2c0c/01.jpg"", ""https://www.casalgrandepadana.it/media/filer_public/2e/a5/2ea55a33-9d52-4987-99df-3eeaf749c5ed/03.jpg"", ""https://www.casalgrandepadana.it/media/filer_public/a2/35/a2353aa7-eb40-4bbc-8f29-e2ed195b6279/04.jpg"", ""https://www.casalgrandepadana.it/media/filer_public/85/0d/850de553-f768-44b3-96b6-6fd0765970a5/05.jpg""]",[],casalgrande padana
6062,962,CP_6062,Standard,https://www.casalgrandepadana.com/product/era,"[""https://www.casalgrandepadana.it/media/filer_public/7b/ce/7bce46e4-b9da-478f-aede-822fe914780f/era_dec_mosaico_listelli_b.jpg"", ""https://www.casalgrandepadana.it/media/filer_public/b9/3f/b93fe9ee-dbd0-45fc-9a0c-5abb5257bbec/era_cucina.jpg"", ""https://www.casalgrandepadana.it/media/filer_public/55/1b/551b8bb8-8ae0-4c0f-aa85-5253fe0abcfe/02.jpg"", ""https://www.casalgrandepadana.it/media/filer_public/78/d5/78d5f674-ec88-443b-acb7-1ec7661b2c0c/01.jpg"", ""https://www.casalgrandepadana.it/media/filer_public/2e/a5/2ea55a33-9d52-4987-99df-3eeaf749c5ed/03.jpg"", ""https://www.casalgrandepadana.it/media/filer_public/a2/35/a2353aa7-eb40-4bbc-8f29-e2ed195b6279/04.jpg"", ""https://www.casalgrandepadana.it/media/filer_public/85/0d/850de553-f768-44b3-96b6-6fd0765970a5/05.jpg""]",[],casalgrande padana
6500,1000,EV_6500,Standard,https://euval.com/en/collections/standard/92-50-carbi/,"[""https://euval.com/wp-content/uploads/2024/03/92-50-carbi-euval-betonwerkstein.jpg"", ""https://euval.com/wp-content/uploads/92.50-CARBI-Gerda-Taro-Gymnasium-Leipzig.jpg"", ""https://euval.com/wp-content/uploads/2024/04/92.50-CARBI-1.jpg""]",[],euval
6501,1001,EV_6501,Standard,https://euval.com/en/collections/standard/92-40-esco/,"[""https://euval.com/wp-content/uploads/2024/04/92.40-ESCO.jpg"", ""https://euval.com/wp-content/uploads/Esco.jpg""]",[],euval
6502,1002,EV_6502,Standard,https://euval.com/en/collections/standard/92-60-palma/,"[""https://euval.com/wp-content/uploads/2024/04/92.60-PALMA.jpg"", ""https://euval.com/wp-content/uploads/2024/04/92.60-PALMA-1.jpg""]",[],euval
6503,1003,EV_6503,Standard,https://euval.com/en/collections/standard/93-00-bono/,"[""https://euval.com/wp-content/uploads/2024/04/93.00-BONO.jpg"", ""https://euval.com/wp-content/uploads/93.00-BONO-Planegg-Munchen.jpg"", ""https://euval.com/wp-content/uploads/2024/04/93.00-BONO-1.jpg""]",[],euval
6504,1004,EV_6504,Standard,https://euval.com/en/collections/standard/92-90-legrey/,"[""https://euval.com/wp-content/uploads/2024/04/92.90-LEGREY.jpg"", ""https://euval.com/wp-content/uploads/92.90-LEGREY-Helios-Klinik-Wiesbaden.jpg"", ""https://euval.com/wp-content/uploads/2024/04/92.90-LEGREY-1.jpg""]",[],euval
6505,1005,EV_6505,Standard,https://euval.com/en/collections/standard/99-70-blamar/,"[""https://euval.com/wp-content/uploads/2024/04/99.70-BLAMAR.jpg"", ""https://euval.com/wp-content/uploads/99.70-BLAMAR-MFH-Am-Westpark-Munchen.jpg"", ""https://euval.com/wp-content/uploads/2024/04/99.70-BLAMAR-1.jpg""]",[],euval
6506,1006,EV_6506,Standard,https://euval.com/en/collections/abrasion/80-50-alwer/,"[""https://euval.com/wp-content/uploads/2024/04/80.50-ALWER.jpg"", ""https://euval.com/wp-content/uploads/2024/04/80.50-ALWER-1.jpg""]",[],euval
6507,1007,EV_6507,Standard,https://euval.com/en/collections/abrasion/80-20-caran/,"[""https://euval.com/wp-content/uploads/2024/04/80.20-CARAN.jpg"", ""https://euval.com/wp-content/uploads/80.20-CARAN-Universitat-der-Kunste-Folkwang.jpg"", ""https://euval.com/wp-content/uploads/2024/04/80.20-CARAN-1.jpg""]",[],euval
6508,1008,EV_6508,Standard,https://euval.com/en/collections/essential/81-30-schibas/,"[""https://euval.com/wp-content/uploads/2024/04/81.30-SCHIBAS.jpg"", ""https://euval.com/wp-content/uploads/2024/04/81.30-SCHIBAS-1.jpg""]",[],euval
6509,1009,EV_6509,Standard,https://euval.com/en/collections/essential/81-40-sanec/,"[""https://euval.com/wp-content/uploads/2024/04/81.40-SANEC.jpg"", ""https://euval.com/wp-content/uploads/81.40-SANEC-Apartment-Israel.jpg"", ""https://euval.com/wp-content/uploads/2024/04/81.40-SANEC-1.jpg""]",[],euval
6510,1010,EV_6510,Standard,https://euval.com/en/collections/ceppo/82-70-ceppo-130/,"[""https://euval.com/wp-content/uploads/82.70-CEPPO-130.jpg"", ""https://euval.com/wp-content/uploads/Marienforum-Frankfurt-6-1.jpg"", ""https://euval.com/wp-content/uploads/2024/04/82.70-CEPPO-130.jpg""]",[],euval
6511,1011,EV_6511,Standard,https://euval.com/en/collections/standard/90-21-ba15/,"[""https://euval.com/wp-content/uploads/2024/04/90.21-BA15.jpg"", ""https://euval.com/wp-content/uploads/90.21-BA15-Carmel-Menzingen.jpg"", ""https://euval.com/wp-content/uploads/2024/04/90.21-BA15-1.jpg""]",[],euval
6512,1012,EV_6512,Standard,https://euval.com/en/collections/standard/82-80-vekra/,"[""https://euval.com/wp-content/uploads/2024/04/82.80-VEKRA.jpg"", ""https://euval.com/wp-content/uploads/2024/04/82.80-VEKRA-1.jpg""]",[],euval
6513,1013,EV_6513,Standard,https://euval.com/en/collections/standard/94-32-verdalp-25/,"[""https://euval.com/wp-content/uploads/2024/04/94.32-VERDALP-25.jpg"", ""https://euval.com/wp-content/uploads/94.32-VERDALP-25-Hardturm-Park.jpg"", ""https://euval.com/wp-content/uploads/2024/04/94.32-VERDALP25.jpg""]",[],euval
6514,1014,EV_6514,Standard,https://euval.com/en/collections/standard/99-50-bilak/,"[""https://euval.com/wp-content/uploads/2024/04/99.50-BILAK.jpg"", ""https://euval.com/wp-content/uploads/99.50-BILAK-Pariser-Hofe-Stuttgart.jpg"", ""https://euval.com/wp-content/uploads/2024/04/99.50-BILAK-1.jpg""]",[],euval
6515,1015,EV_6515,Standard,https://euval.com/en/collections/standard/90-22-ba25/,"[""https://euval.com/wp-content/uploads/2024/04/90.22-BA25.jpg"", ""https://euval.com/wp-content/uploads/2024/04/RitchiAreal-9022BA25.jpg"", ""https://euval.com/wp-content/uploads/2024/04/90.22-BA25-1.jpg""]",[],euval
6516,1016,EV_6516,Standard,https://euval.com/en/collections/standard/90-32-bot25/,"[""https://euval.com/wp-content/uploads/2024/04/90.32-BOT25.jpg"", ""https://euval.com/wp-content/uploads/BOT25.jpg""]",[],euval
6517,1017,EV_6517,Standard,https://euval.com/en/collections/matheria/82-20-nazan/,"[""https://euval.com/wp-content/uploads/2024/04/82.20-NAZAN.jpg"", ""https://euval.com/wp-content/uploads/2024/04/82.20-NAZAN-1.jpg""]",[],euval
6518,1018,EV_6518,Standard,https://euval.com/en/collections/matheria/82-30-medas/,"[""https://euval.com/wp-content/uploads/2024/04/82.30-MEDAS.jpg"", ""https://euval.com/wp-content/uploads/2024/04/82.30-MEDAS-1.jpg""]",[],euval
6519,1019,EV_6519,Standard,https://euval.com/en/collections/matheria/82-60-mavel/,"[""https://euval.com/wp-content/uploads/2024/04/82.60-MAVEL.jpg"", ""https://euval.com/wp-content/uploads/2024/04/82.60-MAVEL-1.jpg""]",[],euval
6520,1020,EV_6520,Standard,https://euval.com/en/collections/matheria/83-10-koren/,"[""https://euval.com/wp-content/uploads/83.10-KOREN-scaled.webp"", ""https://euval.com/wp-content/uploads/83.10-KOREN-still.jpg"", ""https://euval.com/wp-content/uploads/83.10-KORENlastra.jpg""]",[],euval
6521,1021,EV_6521,Standard,https://euval.com/en/collections/matheria/83-20-takai/,"[""https://euval.com/wp-content/uploads/83.20-TAKAI-scaled.webp"", ""https://euval.com/wp-content/uploads/83.20-TAKAI-still.jpg"", ""https://euval.com/wp-content/uploads/83.20-TAKAIlastra.jpg""]",[],euval
6522,1022,EV_6522,Standard,https://euval.com/en/collections/matheria/83-00-nurek/,"[""https://euval.com/wp-content/uploads/83.00-NUREK-scaled.webp"", ""https://euval.com/wp-content/uploads/83.00-NUREK-still.jpg"", ""https://euval.com/wp-content/uploads/83.00-NUREKlastra.jpg""]",[],euval
7000,1100,5002E904WU,Chrome,https://www.fantini.it/en-us/product/49-3864-5002e904wu,"[""https://res.cloudinary.com/thinking/image/upload/c_thumb,w_1500,h_1000,c_limit/v1642681345/fantini/IMM_50_02_E904WU.jpg"", ""https://res.cloudinary.com/thinking/image/upload/q_auto:eco/fantiniProduzione/IMM_50_02_E904WU.jpg""]",[],fantini sanitare
7001,1100,5013E904WU,Matte Black,https://www.fantini.it/en-us/product/49-3864-5013e904wu,"[""https://res.cloudinary.com/thinking/image/upload/c_thumb,w_1500,h_1000,c_limit/v1642681345/fantini/IMM_50_13_E904WU.jpg"", ""https://res.cloudinary.com/thinking/image/upload/q_auto:eco/fantiniProduzione/IMM_50_13_E904WU.jpg""]",[],fantini sanitare
7002,1100,5029E904WU,Matte White,https://www.fantini.it/en-us/product/49-3864-5029e904wu,"[""https://res.cloudinary.com/thinking/image/upload/c_thumb,w_1500,h_1000,c_limit/v1642681345/fantini/IMM_50_29_E904WU.jpg"", ""https://res.cloudinary.com/thinking/image/upload/q_auto:eco/fantiniProduzione/IMM_50_29_E904WU.jpg""]",[],fantini sanitare
7003,1100,50P5E904WU,Matte Gun Metal Pvd,https://www.fantini.it/en-us/product/49-3864-50p5e904wu,"[""https://res.cloudinary.com/thinking/image/upload/c_thumb,w_1500,h_1000,c_limit/v1642681345/fantini/IMM_50_P5_E904WU.jpg"", ""https://res.cloudinary.com/thinking/image/upload/q_auto:eco/fantiniProduzione/IMM_50_P5_E904WU.jpg""]",[],fantini sanitare
7004,1100,50P6E904WU,Matte British Gold Pvd,https://www.fantini.it/en-us/product/49-3864-50p6e904wu,"[""https://res.cloudinary.com/thinking/image/upload/c_thumb,w_1500,h_1000,c_limit/v1642681345/fantini/IMM_50_P6_E904WU.jpg"", ""https://res.cloudinary.com/thinking/image/upload/q_auto:eco/fantiniProduzione/IMM_50_P6_E904WU.jpg""]",[],fantini sanitare
7005,1100,50P9E904WU,Matte Copper Pvd,https://www.fantini.it/en-us/product/49-3864-50p9e904wu,"[""https://res.cloudinary.com/thinking/image/upload/c_thumb,w_1500,h_1000,c_limit/v1642681345/fantini/IMM_50_P9_E904WU.jpg"", ""https://res.cloudinary.com/thinking/image/upload/q_auto:eco/fantiniProduzione/IMM_50_P9_E904WU.jpg""]",[],fantini sanitare
7006,1100,50S1E904WU,Deep Black Pvd,https://www.fantini.it/en-us/product/49-3864-50s1e904wu,"[""https://res.cloudinary.com/thinking/image/upload/c_thumb,w_1500,h_1000,c_limit/v1642681345/fantini/IMM_50_S1_E904WU.jpg"", ""https://res.cloudinary.com/thinking/image/upload/q_auto:eco/fantiniProduzione/IMM_50_S1_E904WU.jpg""]",[],fantini sanitare
7007,1100,50Q7E904WU,Pure Brass Pvd,https://www.fantini.it/en-us/product/49-3864-50q7e904wu,"[""https://res.cloudinary.com/thinking/image/upload/c_thumb,w_1500,h_1000,c_limit/v1642681345/fantini/IMM_50_Q7_E904WU.jpg"", ""https://res.cloudinary.com/thinking/image/upload/q_auto:eco/fantiniProduzione/IMM_50_Q7_E904WU.jpg""]",[],fantini sanitare
7008,1100,50Q8E904WU,Raw Metal Pvd,https://www.fantini.it/en-us/product/49-3864-50q8e904wu,"[""https://res.cloudinary.com/thinking/image/upload/c_thumb,w_1500,h_1000,c_limit/v1642681345/fantini/IMM_50_Q8_E904WU.jpg"", ""https://res.cloudinary.com/thinking/image/upload/q_auto:eco/fantiniProduzione/IMM_50_Q8_E904WU.jpg""]",[],fantini sanitare
7009,1100,5093E904WU,Brushed Stainless Steel,https://www.fantini.it/en-us/product/49-3864-5093e904wu,"[""https://res.cloudinary.com/thinking/image/upload/c_thumb,w_1500,h_1000,c_limit/v1642681345/fantini/IMM_50_93_E904WU.jpg"", ""https://res.cloudinary.com/thinking/image/upload/q_auto:eco/fantiniProduzione/IMM_50_93_E904WU.jpg""]",[],fantini sanitare
7010,1101,5002E906WU,Chrome,https://www.fantini.it/en-us/product/49-4209-5002e906wu,"[""https://res.cloudinary.com/thinking/image/upload/c_thumb,w_1500,h_1000,c_limit/v1642681345/fantini/IMM_50_02_E906WU.jpg"", ""https://res.cloudinary.com/thinking/image/upload/q_auto:eco/fantiniProduzione/IMM_50_02_E906WU.jpg""]",[],fantini sanitare
7011,1101,5013E906WU,Matte Black,https://www.fantini.it/en-us/product/49-4209-5013e906wu,"[""https://res.cloudinary.com/thinking/image/upload/c_thumb,w_1500,h_1000,c_limit/v1642681345/fantini/IMM_50_13_E906WU.jpg"", ""https://res.cloudinary.com/thinking/image/upload/q_auto:eco/fantiniProduzione/IMM_50_13_E906WU.jpg""]",[],fantini sanitare
7012,1101,5029E906WU,Matte White,https://www.fantini.it/en-us/product/49-4209-5029e906wu,"[""https://res.cloudinary.com/thinking/image/upload/c_thumb,w_1500,h_1000,c_limit/v1642681345/fantini/IMM_50_29_E906WU.jpg"", ""https://res.cloudinary.com/thinking/image/upload/q_auto:eco/fantiniProduzione/IMM_50_29_E906WU.jpg""]",[],fantini sanitare
7013,1101,50P5E906WU,Matte Gun Metal Pvd,https://www.fantini.it/en-us/product/49-4209-50p5e906wu,"[""https://res.cloudinary.com/thinking/image/upload/c_thumb,w_1500,h_1000,c_limit/v1642681345/fantini/IMM_50_P5_E906WU.jpg"", ""https://res.cloudinary.com/thinking/image/upload/q_auto:eco/fantiniProduzione/IMM_50_P5_E906WU.jpg""]",[],fantini sanitare
7014,1101,50P6E906WU,Matte British Gold Pvd,https://www.fantini.it/en-us/product/49-4209-50p6e906wu,"[""https://res.cloudinary.com/thinking/image/upload/c_thumb,w_1500,h_1000,c_limit/v1642681345/fantini/IMM_50_P6_E906WU.jpg"", ""https://res.cloudinary.com/thinking/image/upload/q_auto:eco/fantiniProduzione/IMM_50_P6_E906WU.jpg""]",[],fantini sanitare
7015,1101,50P9E906WU,Matte Copper Pvd,https://www.fantini.it/en-us/product/49-4209-50p9e906wu,"[""https://res.cloudinary.com/thinking/image/upload/c_thumb,w_1500,h_1000,c_limit/v1642681345/fantini/IMM_50_P9_E906WU.jpg"", ""https://res.cloudinary.com/thinking/image/upload/q_auto:eco/fantiniProduzione/IMM_50_P9_E906WU.jpg""]",[],fantini sanitare
7016,1101,50S1E906WU,Deep Black Pvd,https://www.fantini.it/en-us/product/49-4209-50s1e906wu,"[""https://res.cloudinary.com/thinking/image/upload/c_thumb,w_1500,h_1000,c_limit/v1642681345/fantini/IMM_50_S1_E906WU.jpg"", ""https://res.cloudinary.com/thinking/image/upload/q_auto:eco/fantiniProduzione/IMM_50_S1_E906WU.jpg""]",[],fantini sanitare
7017,1101,50Q7E906WU,Pure Brass Pvd,https://www.fantini.it/en-us/product/49-4209-50q7e906wu,"[""https://res.cloudinary.com/thinking/image/upload/c_thumb,w_1500,h_1000,c_limit/v1642681345/fantini/IMM_50_Q7_E906WU.jpg"", ""https://res.cloudinary.com/thinking/image/upload/q_auto:eco/fantiniProduzione/IMM_50_Q7_E906WU.jpg""]",[],fantini sanitare
7018,1101,50Q8E906WU,Raw Metal Pvd,https://www.fantini.it/en-us/product/49-4209-50q8e906wu,"[""https://res.cloudinary.com/thinking/image/upload/c_thumb,w_1500,h_1000,c_limit/v1642681345/fantini/IMM_50_Q8_E906WU.jpg"", ""https://res.cloudinary.com/thinking/image/upload/q_auto:eco/fantiniProduzione/IMM_50_Q8_E906WU.jpg""]",[],fantini sanitare
7019,1101,5093E906WU,Brushed Stainless Steel,https://www.fantini.it/en-us/product/49-4209-5093e906wu,"[""https://res.cloudinary.com/thinking/image/upload/c_thumb,w_1500,h_1000,c_limit/v1642681345/fantini/IMM_50_93_E906WU.jpg"", ""https://res.cloudinary.com/thinking/image/upload/q_auto:eco/fantiniProduzione/IMM_50_93_E906WU.jpg""]",[],fantini sanitare
7020,1102,5002E809BU+4400M011AU,Chrome,https://www.fantini.it/en-us/product/49-5258-5002e809bu,"[""https://res.cloudinary.com/thinking/image/upload/c_thumb,w_1500,h_1000,c_limit/v1642681345/fantini/IMM_50_02_E809BU.jpg"", ""https://res.cloudinary.com/thinking/image/upload/q_auto:eco/fantiniProduzione/IMM_50_02_E809BU.jpg""]",[],fantini sanitare
7021,1102,5013E809BU+4400M011AU,Matte Black,https://www.fantini.it/en-us/product/49-5258-5013e809bu,"[""https://res.cloudinary.com/thinking/image/upload/c_thumb,w_1500,h_1000,c_limit/v1642681345/fantini/IMM_50_13_E809BU.jpg"", ""https://res.cloudinary.com/thinking/image/upload/q_auto:eco/fantiniProduzione/IMM_50_13_E809BU.jpg""]",[],fantini sanitare
7022,1102,5029E809BU+4400M011AU,Matte White,https://www.fantini.it/en-us/product/49-5258-5029e809bu,"[""https://res.cloudinary.com/thinking/image/upload/c_thumb,w_1500,h_1000,c_limit/v1642681345/fantini/IMM_50_29_E809BU.jpg"", ""https://res.cloudinary.com/thinking/image/upload/q_auto:eco/fantiniProduzione/IMM_50_29_E809BU.jpg""]",[],fantini sanitare
7023,1102,50P5E809BU+4400M011AU,Matte Gun Metal Pvd,https://www.fantini.it/en-us/product/49-5258-50p5e809bu,"[""https://res.cloudinary.com/thinking/image/upload/c_thumb,w_1500,h_1000,c_limit/v1642681345/fantini/IMM_50_P5_E809BU.jpg"", ""https://res.cloudinary.com/thinking/image/upload/q_auto:eco/fantiniProduzione/IMM_50_P5_E809BU.jpg""]",[],fantini sanitare
7024,1102,50P6E809BU+4400M011AU,Matte British Gold Pvd,https://www.fantini.it/en-us/product/49-5258-50p6e809bu,"[""https://res.cloudinary.com/thinking/image/upload/c_thumb,w_1500,h_1000,c_limit/v1642681345/fantini/IMM_50_P6_E809BU.jpg"", ""https://res.cloudinary.com/thinking/image/upload/q_auto:eco/fantiniProduzione/IMM_50_P6_E809BU.jpg""]",[],fantini sanitare
7025,1102,50P9E809BU+4400M011AU,Matte Copper Pvd,https://www.fantini.it/en-us/product/49-5258-50p9e809bu,"[""https://res.cloudinary.com/thinking/image/upload/c_thumb,w_1500,h_1000,c_limit/v1642681345/fantini/IMM_50_P9_E809BU.jpg"", ""https://res.cloudinary.com/thinking/image/upload/q_auto:eco/fantiniProduzione/IMM_50_P9_E809BU.jpg""]",[],fantini sanitare
7026,1102,50S1E809BU+4400M011AU,Deep Black Pvd,https://www.fantini.it/en-us/product/49-5258-50s1e809bu,"[""https://res.cloudinary.com/thinking/image/upload/c_thumb,w_1500,h_1000,c_limit/v1642681345/fantini/IMM_50_S1_E809BU.jpg"", ""https://res.cloudinary.com/thinking/image/upload/q_auto:eco/fantiniProduzione/IMM_50_S1_E809BU.jpg""]",[],fantini sanitare
7027,1102,50Q7E809BU+4400M011AU,Pure Brass Pvd,https://www.fantini.it/en-us/product/49-5258-50q7e809bu,"[""https://res.cloudinary.com/thinking/image/upload/c_thumb,w_1500,h_1000,c_limit/v1642681345/fantini/IMM_50_Q7_E809BU.jpg"", ""https://res.cloudinary.com/thinking/image/upload/q_auto:eco/fantiniProduzione/IMM_50_Q7_E809BU.jpg""]",[],fantini sanitare
7028,1102,50Q8E809BU+4400M011AU,Raw Metal Pvd,https://www.fantini.it/en-us/product/49-5258-50q8e809bu,"[""https://res.cloudinary.com/thinking/image/upload/c_thumb,w_1500,h_1000,c_limit/v1642681345/fantini/IMM_50_Q8_E809BU.jpg"", ""https://res.cloudinary.com/thinking/image/upload/q_auto:eco/fantiniProduzione/IMM_50_Q8_E809BU.jpg""]",[],fantini sanitare
7029,1102,5093E809BU+4400M011AU,Brushed Stainless Steel,https://www.fantini.it/en-us/product/49-5258-5093e809bu,"[""https://res.cloudinary.com/thinking/image/upload/c_thumb,w_1500,h_1000,c_limit/v1642681345/fantini/IMM_50_93_E809BU.jpg"", ""https://res.cloudinary.com/thinking/image/upload/q_auto:eco/fantiniProduzione/IMM_50_93_E809BU.jpg""]",[],fantini sanitare
7030,1103,5002E836BU+19003336AU,Chrome,https://www.fantini.it/en-us/product/49-4427-5002e836bu,"[""https://res.cloudinary.com/thinking/image/upload/c_thumb,w_1500,h_1000,c_limit/v1642681345/fantini/IMM_50_02_E836BU.jpg"", ""https://res.cloudinary.com/thinking/image/upload/q_auto:eco/fantiniProduzione/IMM_50_02_E836BU.jpg""]",[],fantini sanitare
7031,1103,5013E836BU+19003336AU,Matte Black,https://www.fantini.it/en-us/product/49-4427-5013e836bu,"[""https://res.cloudinary.com/thinking/image/upload/c_thumb,w_1500,h_1000,c_limit/v1642681345/fantini/IMM_50_13_E836BU.jpg"", ""https://res.cloudinary.com/thinking/image/upload/q_auto:eco/fantiniProduzione/IMM_50_13_E836BU.jpg""]",[],fantini sanitare
7032,1103,5029E836BU+19003336AU,Matte White,https://www.fantini.it/en-us/product/49-4427-5029e836bu,"[""https://res.cloudinary.com/thinking/image/upload/c_thumb,w_1500,h_1000,c_limit/v1642681345/fantini/IMM_50_29_E836BU.jpg"", ""https://res.cloudinary.com/thinking/image/upload/q_auto:eco/fantiniProduzione/IMM_50_29_E836BU.jpg""]",[],fantini sanitare
7033,1103,50P5E836BU+19003336AU,Matte Gun Metal Pvd,https://www.fantini.it/en-us/product/49-4427-50p5e836bu,"[""https://res.cloudinary.com/thinking/image/upload/c_thumb,w_1500,h_1000,c_limit/v1642681345/fantini/IMM_50_P5_E836BU.jpg"", ""https://res.cloudinary.com/thinking/image/upload/q_auto:eco/fantiniProduzione/IMM_50_P5_E836BU.jpg""]",[],fantini sanitare
7034,1103,50P6E836BU+19003336AU,Matte British Gold Pvd,https://www.fantini.it/en-us/product/49-4427-50p6e836bu,"[""https://res.cloudinary.com/thinking/image/upload/c_thumb,w_1500,h_1000,c_limit/v1642681345/fantini/IMM_50_P6_E836BU.jpg"", ""https://res.cloudinary.com/thinking/image/upload/q_auto:eco/fantiniProduzione/IMM_50_P6_E836BU.jpg""]",[],fantini sanitare
7035,1103,50P9E836BU+19003336AU,Matte Copper Pvd,https://www.fantini.it/en-us/product/49-4427-50p9e836bu,"[""https://res.cloudinary.com/thinking/image/upload/c_thumb,w_1500,h_1000,c_limit/v1642681345/fantini/IMM_50_P9_E836BU.jpg"", ""https://res.cloudinary.com/thinking/image/upload/q_auto:eco/fantiniProduzione/IMM_50_P9_E836BU.jpg""]",[],fantini sanitare
7036,1103,50S1E836BU+19003336AU,Deep Black Pvd,https://www.fantini.it/en-us/product/49-4427-50s1e836bu,"[""https://res.cloudinary.com/thinking/image/upload/c_thumb,w_1500,h_1000,c_limit/v1642681345/fantini/IMM_50_S1_E836BU.jpg"", ""https://res.cloudinary.com/thinking/image/upload/q_auto:eco/fantiniProduzione/IMM_50_S1_E836BU.jpg""]",[],fantini sanitare
7037,1104,5002E808WU,Chrome,https://www.fantini.it/en-us/product/49-4219-5002e808wu,"[""https://res.cloudinary.com/thinking/image/upload/c_thumb,w_1500,h_1000,c_limit/v1642681345/fantini/IMM_50_02_E808WU.jpg"", ""https://res.cloudinary.com/thinking/image/upload/q_auto:eco/fantiniProduzione/IMM_50_02_E808WU.jpg""]",[],fantini sanitare
7038,1104,5013E808WU,Matte Black,https://www.fantini.it/en-us/product/49-4219-5013e808wu,"[""https://res.cloudinary.com/thinking/image/upload/c_thumb,w_1500,h_1000,c_limit/v1642681345/fantini/IMM_50_13_E808WU.jpg"", ""https://res.cloudinary.com/thinking/image/upload/q_auto:eco/fantiniProduzione/IMM_50_13_E808WU.jpg""]",[],fantini sanitare
7039,1104,5029E808WU,Matte White,https://www.fantini.it/en-us/product/49-4219-5029e808wu,"[""https://res.cloudinary.com/thinking/image/upload/c_thumb,w_1500,h_1000,c_limit/v1642681345/fantini/IMM_50_29_E808WU.jpg"", ""https://res.cloudinary.com/thinking/image/upload/q_auto:eco/fantiniProduzione/IMM_50_29_E808WU.jpg""]",[],fantini sanitare
7040,1104,50P5E808WU,Matte Gun Metal Pvd,https://www.fantini.it/en-us/product/49-4219-50p5e808wu,"[""https://res.cloudinary.com/thinking/image/upload/c_thumb,w_1500,h_1000,c_limit/v1642681345/fantini/IMM_50_P5_E808WU.jpg"", ""https://res.cloudinary.com/thinking/image/upload/q_auto:eco/fantiniProduzione/IMM_50_P5_E808WU.jpg""]",[],fantini sanitare
7041,1104,50P6E808WU,Matte British Gold Pvd,https://www.fantini.it/en-us/product/49-4219-50p6e808wu,"[""https://res.cloudinary.com/thinking/image/upload/c_thumb,w_1500,h_1000,c_limit/v1642681345/fantini/IMM_50_P6_E808WU.jpg"", ""https://res.cloudinary.com/thinking/image/upload/q_auto:eco/fantiniProduzione/IMM_50_P6_E808WU.jpg""]",[],fantini sanitare
7042,1104,50P9E808WU,Matte Copper Pvd,https://www.fantini.it/en-us/product/49-4219-50p9e808wu,"[""https://res.cloudinary.com/thinking/image/upload/c_thumb,w_1500,h_1000,c_limit/v1642681345/fantini/IMM_50_P9_E808WU.jpg"", ""https://res.cloudinary.com/thinking/image/upload/q_auto:eco/fantiniProduzione/IMM_50_P9_E808WU.jpg""]",[],fantini sanitare
7043,1104,50S1E808WU,Deep Black Pvd,https://www.fantini.it/en-us/product/49-4219-50s1e808wu,"[""https://res.cloudinary.com/thinking/image/upload/c_thumb,w_1500,h_1000,c_limit/v1642681345/fantini/IMM_50_S1_E808WU.jpg"", ""https://res.cloudinary.com/thinking/image/upload/q_auto:eco/fantiniProduzione/IMM_50_S1_E808WU.jpg""]",[],fantini sanitare
7044,1104,50Q7E808WU,Pure Brass Pvd,https://www.fantini.it/en-us/product/49-4219-50q7e808wu,"[""https://res.cloudinary.com/thinking/image/upload/c_thumb,w_1500,h_1000,c_limit/v1642681345/fantini/IMM_50_Q7_E808WU.jpg"", ""https://res.cloudinary.com/thinking/image/upload/q_auto:eco/fantiniProduzione/IMM_50_Q7_E808WU.jpg""]",[],fantini sanitare
7045,1104,50Q8E808WU,Raw Metal Pvd,https://www.fantini.it/en-us/product/49-4219-50q8e808wu,"[""https://res.cloudinary.com/thinking/image/upload/c_thumb,w_1500,h_1000,c_limit/v1642681345/fantini/IMM_50_Q8_E808WU.jpg"", ""https://res.cloudinary.com/thinking/image/upload/q_auto:eco/fantiniProduzione/IMM_50_Q8_E808WU.jpg""]",[],fantini sanitare
7046,1104,5093E808WU,Brushed Stainless Steel,https://www.fantini.it/en-us/product/49-4219-5093e808wu,"[""https://res.cloudinary.com/thinking/image/upload/c_thumb,w_1500,h_1000,c_limit/v1642681345/fantini/IMM_50_93_E808WU.jpg"", ""https://res.cloudinary.com/thinking/image/upload/q_auto:eco/fantiniProduzione/IMM_50_93_E808WU.jpg""]",[],fantini sanitare
7047,1105,5002M784BU+4400R084AU,Chrome,https://www.fantini.it/en-us/product/49-5394-5002m784bu,"[""https://res.cloudinary.com/thinking/image/upload/c_thumb,w_1500,h_1000,c_limit/v1642681345/fantini/IMM_50_02_M784BU.jpg"", ""https://res.cloudinary.com/thinking/image/upload/q_auto:eco/fantiniProduzione/IMM_50_02_M784BU.jpg""]",[],fantini sanitare
7048,1105,5013M784BU+4400R084AU,Matte Black,https://www.fantini.it/en-us/product/49-5394-5013m784bu,"[""https://res.cloudinary.com/thinking/image/upload/c_thumb,w_1500,h_1000,c_limit/v1642681345/fantini/IMM_50_13_M784BU.jpg"", ""https://res.cloudinary.com/thinking/image/upload/q_auto:eco/fantiniProduzione/IMM_50_13_M784BU.jpg""]",[],fantini sanitare
7049,1105,5029M784BU+4400R084AU,Matte White,https://www.fantini.it/en-us/product/49-5394-5029m784bu,"[""https://res.cloudinary.com/thinking/image/upload/c_thumb,w_1500,h_1000,c_limit/v1642681345/fantini/IMM_50_29_M784BU.jpg"", ""https://res.cloudinary.com/thinking/image/upload/q_auto:eco/fantiniProduzione/IMM_50_29_M784BU.jpg""]",[],fantini sanitare
7050,1105,50P5M784BU+4400R084AU,Matte Gun Metal Pvd,https://www.fantini.it/en-us/product/49-5394-50p5m784bu,"[""https://res.cloudinary.com/thinking/image/upload/c_thumb,w_1500,h_1000,c_limit/v1642681345/fantini/IMM_50_P5_M784BU.jpg"", ""https://res.cloudinary.com/thinking/image/upload/q_auto:eco/fantiniProduzione/IMM_50_P5_M784BU.jpg""]",[],fantini sanitare
7051,1105,50P6M784BU+4400R084AU,Matte British Gold Pvd,https://www.fantini.it/en-us/product/49-5394-50p6m784bu,"[""https://res.cloudinary.com/thinking/image/upload/c_thumb,w_1500,h_1000,c_limit/v1642681345/fantini/IMM_50_P6_M784BU.jpg"", ""https://res.cloudinary.com/thinking/image/upload/q_auto:eco/fantiniProduzione/IMM_50_P6_M784BU.jpg""]",[],fantini sanitare
7052,1105,50P9M784BU+4400R084AU,Matte Copper Pvd,https://www.fantini.it/en-us/product/49-5394-50p9m784bu,"[""https://res.cloudinary.com/thinking/image/upload/c_thumb,w_1500,h_1000,c_limit/v1642681345/fantini/IMM_50_P9_M784BU.jpg"", ""https://res.cloudinary.com/thinking/image/upload/q_auto:eco/fantiniProduzione/IMM_50_P9_M784BU.jpg""]",[],fantini sanitare
7053,1105,50S1M784BU+4400R084AU,Deep Black Pvd,https://www.fantini.it/en-us/product/49-5394-50s1m784bu,"[""https://res.cloudinary.com/thinking/image/upload/c_thumb,w_1500,h_1000,c_limit/v1642681345/fantini/IMM_50_S1_M784BU.jpg"", ""https://res.cloudinary.com/thinking/image/upload/q_auto:eco/fantiniProduzione/IMM_50_S1_M784BU.jpg""]",[],fantini sanitare
7054,1105,50Q7M784BU+4400R084AU,Pure Brass Pvd,https://www.fantini.it/en-us/product/49-5394-50q7m784bu,"[""https://res.cloudinary.com/thinking/image/upload/c_thumb,w_1500,h_1000,c_limit/v1642681345/fantini/IMM_50_Q7_M784BU.jpg"", ""https://res.cloudinary.com/thinking/image/upload/q_auto:eco/fantiniProduzione/IMM_50_Q7_M784BU.jpg""]",[],fantini sanitare
7055,1105,50Q8M784BU+4400R084AU,Raw Metal Pvd,https://www.fantini.it/en-us/product/49-5394-50q8m784bu,"[""https://res.cloudinary.com/thinking/image/upload/c_thumb,w_1500,h_1000,c_limit/v1642681345/fantini/IMM_50_Q8_M784BU.jpg"", ""https://res.cloudinary.com/thinking/image/upload/q_auto:eco/fantiniProduzione/IMM_50_Q8_M784BU.jpg""]",[],fantini sanitare
7056,1105,5093M784BU+4400R084AU,Brushed Stainless Steel,https://www.fantini.it/en-us/product/49-5394-5093m784bu,"[""https://res.cloudinary.com/thinking/image/upload/c_thumb,w_1500,h_1000,c_limit/v1642681345/fantini/IMM_50_93_M784BU.jpg"", ""https://res.cloudinary.com/thinking/image/upload/q_auto:eco/fantiniProduzione/IMM_50_93_M784BU.jpg""]",[],fantini sanitare
7057,1106,86028147U,Chrome,https://www.fantini.it/en-us/product/49-5400-86028147u,"[""https://res.cloudinary.com/thinking/image/upload/c_thumb,w_1500,h_1000,c_limit/v1642681345/fantini/IMM_86_02_8147U.jpg"", ""https://res.cloudinary.com/thinking/image/upload/q_auto:eco/fantiniProduzione/IMM_86_02_8147U.jpg""]",[],fantini sanitare
7058,1106,86138147U,Matte Black,https://www.fantini.it/en-us/product/49-5400-86138147u,"[""https://res.cloudinary.com/thinking/image/upload/c_thumb,w_1500,h_1000,c_limit/v1642681345/fantini/IMM_86_13_8147U.jpg"", ""https://res.cloudinary.com/thinking/image/upload/q_auto:eco/fantiniProduzione/IMM_86_13_8147U.jpg""]",[],fantini sanitare
7059,1106,86298147U,Matte White,https://www.fantini.it/en-us/product/49-5400-86298147u,"[""https://res.cloudinary.com/thinking/image/upload/c_thumb,w_1500,h_1000,c_limit/v1642681345/fantini/IMM_86_29_8147U.jpg"", ""https://res.cloudinary.com/thinking/image/upload/q_auto:eco/fantiniProduzione/IMM_86_29_8147U.jpg""]",[],fantini sanitare
7060,1106,86P58147U,Matte Gun Metal Pvd,https://www.fantini.it/en-us/product/49-5400-86p58147u,"[""https://res.cloudinary.com/thinking/image/upload/c_thumb,w_1500,h_1000,c_limit/v1642681345/fantini/IMM_86_P5_8147U.jpg"", ""https://res.cloudinary.com/thinking/image/upload/q_auto:eco/fantiniProduzione/IMM_86_P5_8147U.jpg""]",[],fantini sanitare
7061,1106,86P68147U,Matte British Gold Pvd,https://www.fantini.it/en-us/product/49-5400-86p68147u,"[""https://res.cloudinary.com/thinking/image/upload/c_thumb,w_1500,h_1000,c_limit/v1642681345/fantini/IMM_86_P6_8147U.jpg"", ""https://res.cloudinary.com/thinking/image/upload/q_auto:eco/fantiniProduzione/IMM_86_P6_8147U.jpg""]",[],fantini sanitare
7062,1106,86P98147U,Matte Copper Pvd,https://www.fantini.it/en-us/product/49-5400-86p98147u,"[""https://res.cloudinary.com/thinking/image/upload/c_thumb,w_1500,h_1000,c_limit/v1642681345/fantini/IMM_86_P9_8147U.jpg"", ""https://res.cloudinary.com/thinking/image/upload/q_auto:eco/fantiniProduzione/IMM_86_P9_8147U.jpg""]",[],fantini sanitare
7063,1106,86S18147U,Deep Black Pvd,https://www.fantini.it/en-us/product/49-5400-86s18147u,"[""https://res.cloudinary.com/thinking/image/upload/c_thumb,w_1500,h_1000,c_limit/v1642681345/fantini/IMM_86_S1_8147U.jpg"", ""https://res.cloudinary.com/thinking/image/upload/q_auto:eco/fantiniProduzione/IMM_86_S1_8147U.jpg""]",[],fantini sanitare
7064,1106,86Q78147U,Pure Brass Pvd,https://www.fantini.it/en-us/product/49-5400-86q78147u,"[""https://res.cloudinary.com/thinking/image/upload/c_thumb,w_1500,h_1000,c_limit/v1642681345/fantini/IMM_86_Q7_8147U.jpg"", ""https://res.cloudinary.com/thinking/image/upload/q_auto:eco/fantiniProduzione/IMM_86_Q7_8147U.jpg""]",[],fantini sanitare
7065,1106,86Q88147U,Raw Metal Pvd,https://www.fantini.it/en-us/product/49-5400-86q88147u,"[""https://res.cloudinary.com/thinking/image/upload/c_thumb,w_1500,h_1000,c_limit/v1642681345/fantini/IMM_86_Q8_8147U.jpg"", ""https://res.cloudinary.com/thinking/image/upload/q_auto:eco/fantiniProduzione/IMM_86_Q8_8147U.jpg""]",[],fantini sanitare
7066,1106,86938147U,Brushed Stainless Steel,https://www.fantini.it/en-us/product/49-5400-86938147u,"[""https://res.cloudinary.com/thinking/image/upload/c_thumb,w_1500,h_1000,c_limit/v1642681345/fantini/IMM_86_93_8147U.jpg"", ""https://res.cloudinary.com/thinking/image/upload/q_auto:eco/fantiniProduzione/IMM_86_93_8147U.jpg""]",[],fantini sanitare
7067,1107,5002M720BU+4400R021AU,Chrome,https://www.fantini.it/en-us/product/49-5269-5002m720bu,"[""https://res.cloudinary.com/thinking/image/upload/c_thumb,w_1500,h_1000,c_limit/v1642681345/fantini/IMM_50_02_M720BU.jpg"", ""https://res.cloudinary.com/thinking/image/upload/q_auto:eco/fantiniProduzione/IMM_50_02_M720BU.jpg""]",[],fantini sanitare
7068,1107,5013M720BU+4400R021AU,Matte Black,https://www.fantini.it/en-us/product/49-5269-5013m720bu,"[""https://res.cloudinary.com/thinking/image/upload/c_thumb,w_1500,h_1000,c_limit/v1642681345/fantini/IMM_50_13_M720BU.jpg"", ""https://res.cloudinary.com/thinking/image/upload/q_auto:eco/fantiniProduzione/IMM_50_13_M720BU.jpg""]",[],fantini sanitare
7069,1107,5029M720BU+4400R021AU,Matte White,https://www.fantini.it/en-us/product/49-5269-5029m720bu,"[""https://res.cloudinary.com/thinking/image/upload/c_thumb,w_1500,h_1000,c_limit/v1642681345/fantini/IMM_50_29_M720BU.jpg"", ""https://res.cloudinary.com/thinking/image/upload/q_auto:eco/fantiniProduzione/IMM_50_29_M720BU.jpg""]",[],fantini sanitare
7070,1107,50P5M720BU+4400R021AU,Matte Gun Metal Pvd,https://www.fantini.it/en-us/product/49-5269-50p5m720bu,"[""https://res.cloudinary.com/thinking/image/upload/c_thumb,w_1500,h_1000,c_limit/v1642681345/fantini/IMM_50_P5_M720BU.jpg"", ""https://res.cloudinary.com/thinking/image/upload/q_auto:eco/fantiniProduzione/IMM_50_P5_M720BU.jpg""]",[],fantini sanitare
7071,1107,50P6M720BU+4400R021AU,Matte British Gold Pvd,https://www.fantini.it/en-us/product/49-5269-50p6m720bu,"[""https://res.cloudinary.com/thinking/image/upload/c_thumb,w_1500,h_1000,c_limit/v1642681345/fantini/IMM_50_P6_M720BU.jpg"", ""https://res.cloudinary.com/thinking/image/upload/q_auto:eco/fantiniProduzione/IMM_50_P6_M720BU.jpg""]",[],fantini sanitare
7072,1107,50P9M720BU+4400R021AU,Matte Copper Pvd,https://www.fantini.it/en-us/product/49-5269-50p9m720bu,"[""https://res.cloudinary.com/thinking/image/upload/c_thumb,w_1500,h_1000,c_limit/v1642681345/fantini/IMM_50_P9_M720BU.jpg"", ""https://res.cloudinary.com/thinking/image/upload/q_auto:eco/fantiniProduzione/IMM_50_P9_M720BU.jpg""]",[],fantini sanitare
7073,1107,50S1M720BU+4400R021AU,Deep Black Pvd,https://www.fantini.it/en-us/product/49-5269-50s1m720bu,"[""https://res.cloudinary.com/thinking/image/upload/c_thumb,w_1500,h_1000,c_limit/v1642681345/fantini/IMM_50_S1_M720BU.jpg"", ""https://res.cloudinary.com/thinking/image/upload/q_auto:eco/fantiniProduzione/IMM_50_S1_M720BU.jpg""]",[],fantini sanitare
7074,1107,50Q7M720BU+4400R021AU,Pure Brass Pvd,https://www.fantini.it/en-us/product/49-5269-50q7m720bu,"[""https://res.cloudinary.com/thinking/image/upload/c_thumb,w_1500,h_1000,c_limit/v1642681345/fantini/IMM_50_Q7_M720BU.jpg"", ""https://res.cloudinary.com/thinking/image/upload/q_auto:eco/fantiniProduzione/IMM_50_Q7_M720BU.jpg""]",[],fantini sanitare
7075,1107,50Q8M720BU+4400R021AU,Raw Metal Pvd,https://www.fantini.it/en-us/product/49-5269-50q8m720bu,"[""https://res.cloudinary.com/thinking/image/upload/c_thumb,w_1500,h_1000,c_limit/v1642681345/fantini/IMM_50_Q8_M720BU.jpg"", ""https://res.cloudinary.com/thinking/image/upload/q_auto:eco/fantiniProduzione/IMM_50_Q8_M720BU.jpg""]",[],fantini sanitare
7076,1107,5093M720BU+4400R021AU,Brushed Stainless Steel,https://www.fantini.it/en-us/product/49-5269-5093m720bu,"[""https://res.cloudinary.com/thinking/image/upload/c_thumb,w_1500,h_1000,c_limit/v1642681345/fantini/IMM_50_93_M720BU.jpg"", ""https://res.cloudinary.com/thinking/image/upload/q_auto:eco/fantiniProduzione/IMM_50_93_M720BU.jpg""]",[],fantini sanitare
7077,1108,5002E880BU+4400R080AU,Chrome,https://www.fantini.it/en-us/product/49-4636-5002e880bu,"[""https://res.cloudinary.com/thinking/image/upload/c_thumb,w_1500,h_1000,c_limit/v1642681345/fantini/IMM_50_02_E880BU.jpg"", ""https://res.cloudinary.com/thinking/image/upload/q_auto:eco/fantiniProduzione/IMM_50_02_E880BU.jpg""]",[],fantini sanitare
7078,1108,5013E880BU+4400R080AU,Matte Black,https://www.fantini.it/en-us/product/49-4636-5013e880bu,"[""https://res.cloudinary.com/thinking/image/upload/c_thumb,w_1500,h_1000,c_limit/v1642681345/fantini/IMM_50_13_E880BU.jpg"", ""https://res.cloudinary.com/thinking/image/upload/q_auto:eco/fantiniProduzione/IMM_50_13_E880BU.jpg""]",[],fantini sanitare
7079,1108,5029E880BU+4400R080AU,Matte White,https://www.fantini.it/en-us/product/49-4636-5029e880bu,"[""https://res.cloudinary.com/thinking/image/upload/c_thumb,w_1500,h_1000,c_limit/v1642681345/fantini/IMM_50_29_E880BU.jpg"", ""https://res.cloudinary.com/thinking/image/upload/q_auto:eco/fantiniProduzione/IMM_50_29_E880BU.jpg""]",[],fantini sanitare
7080,1108,50P5E880BU+4400R080AU,Matte Gun Metal Pvd,https://www.fantini.it/en-us/product/49-4636-50p5e880bu,"[""https://res.cloudinary.com/thinking/image/upload/c_thumb,w_1500,h_1000,c_limit/v1642681345/fantini/IMM_50_P5_E880BU.jpg"", ""https://res.cloudinary.com/thinking/image/upload/q_auto:eco/fantiniProduzione/IMM_50_P5_E880BU.jpg""]",[],fantini sanitare
7081,1108,50P6E880BU+4400R080AU,Matte British Gold Pvd,https://www.fantini.it/en-us/product/49-4636-50p6e880bu,"[""https://res.cloudinary.com/thinking/image/upload/c_thumb,w_1500,h_1000,c_limit/v1642681345/fantini/IMM_50_P6_E880BU.jpg"", ""https://res.cloudinary.com/thinking/image/upload/q_auto:eco/fantiniProduzione/IMM_50_P6_E880BU.jpg""]",[],fantini sanitare
7082,1108,50P9E880BU+4400R080AU,Matte Copper Pvd,https://www.fantini.it/en-us/product/49-4636-50p9e880bu,"[""https://res.cloudinary.com/thinking/image/upload/c_thumb,w_1500,h_1000,c_limit/v1642681345/fantini/IMM_50_P9_E880BU.jpg"", ""https://res.cloudinary.com/thinking/image/upload/q_auto:eco/fantiniProduzione/IMM_50_P9_E880BU.jpg""]",[],fantini sanitare
7083,1108,50S1E880BU+4400R080AU,Deep Black Pvd,https://www.fantini.it/en-us/product/49-4636-50s1e880bu,"[""https://res.cloudinary.com/thinking/image/upload/c_thumb,w_1500,h_1000,c_limit/v1642681345/fantini/IMM_50_S1_E880BU.jpg"", ""https://res.cloudinary.com/thinking/image/upload/q_auto:eco/fantiniProduzione/IMM_50_S1_E880BU.jpg""]",[],fantini sanitare
7084,1108,50Q7E880BU+4400R080AU,Pure Brass Pvd,https://www.fantini.it/en-us/product/49-4636-50q7e880bu,"[""https://res.cloudinary.com/thinking/image/upload/c_thumb,w_1500,h_1000,c_limit/v1642681345/fantini/IMM_50_Q7_E880BU.jpg"", ""https://res.cloudinary.com/thinking/image/upload/q_auto:eco/fantiniProduzione/IMM_50_Q7_E880BU.jpg""]",[],fantini sanitare
7085,1108,50Q8E880BU+4400R080AU,Raw Metal Pvd,https://www.fantini.it/en-us/product/49-4636-50q8e880bu,"[""https://res.cloudinary.com/thinking/image/upload/c_thumb,w_1500,h_1000,c_limit/v1642681345/fantini/IMM_50_Q8_E880BU.jpg"", ""https://res.cloudinary.com/thinking/image/upload/q_auto:eco/fantiniProduzione/IMM_50_Q8_E880BU.jpg""]",[],fantini sanitare
7086,1108,5093E880BU+4400R080AU,Brushed Stainless Steel,https://www.fantini.it/en-us/product/49-4636-5093e880bu,"[""https://res.cloudinary.com/thinking/image/upload/c_thumb,w_1500,h_1000,c_limit/v1642681345/fantini/IMM_50_93_E880BU.jpg"", ""https://res.cloudinary.com/thinking/image/upload/q_auto:eco/fantiniProduzione/IMM_50_93_E880BU.jpg""]",[],fantini sanitare
7087,1109,7602J507W,Chrome,https://www.fantini.it/en-ww/product/186-6116-7602j607w,"[""https://res.cloudinary.com/thinking/image/upload/c_thumb,w_1500,h_1000,c_limit/v1642681345/fantini/IMM_76_02_J607W_1774454518.jpg"", ""https://res.cloudinary.com/thinking/image/upload/q_auto:eco/fantiniProduzione/IMM_76_02_J607W_1774454518.jpg""]",[],fantini sanitare
7088,1109,7695J507W,Polished Nickel Pvd,https://www.fantini.it/en-ww/product/186-6116-7695j607w,"[""https://res.cloudinary.com/thinking/image/upload/c_thumb,w_1500,h_1000,c_limit/v1642681345/fantini/IMM_76_95_J607W_1774454521.jpg"", ""https://res.cloudinary.com/thinking/image/upload/q_auto:eco/fantiniProduzione/IMM_76_95_J607W_1774454521.jpg""]",[],fantini sanitare
7089,1109,76P5J507W,Matt Gun Metal Pvd,https://www.fantini.it/en-ww/product/186-6116-76p5j607w,"[""https://res.cloudinary.com/thinking/image/upload/c_thumb,w_1500,h_1000,c_limit/v1642681345/fantini/IMM_76_P5_J607W_1774454521.jpg"", ""https://res.cloudinary.com/thinking/image/upload/q_auto:eco/fantiniProduzione/IMM_76_P5_J607W_1774454521.jpg""]",[],fantini sanitare
7090,1109,76S5J507W,Mokka Pvd,https://www.fantini.it/en-ww/product/186-6116-76s5j607w,"[""https://res.cloudinary.com/thinking/image/upload/c_thumb,w_1500,h_1000,c_limit/v1642681345/fantini/IMM_76_S5_J607W_1774965963.jpg"", ""https://res.cloudinary.com/thinking/image/upload/q_auto:eco/fantiniProduzione/IMM_76_S5_J607W_1774965963.jpg""]",[],fantini sanitare
7091,1109,7692J507W,Brushed Steel Look Pvd,https://www.fantini.it/en-ww/product/186-6116-7692j607w,"[""https://res.cloudinary.com/thinking/image/upload/c_thumb,w_1500,h_1000,c_limit/v1642681345/fantini/IMM_76_92_J607W_1774454521.jpg"", ""https://res.cloudinary.com/thinking/image/upload/q_auto:eco/fantiniProduzione/IMM_76_92_J607W_1774454521.jpg""]",[],fantini sanitare
7092,1110,7602J610B+4400R010A,Chrome,https://www.fantini.it/en-ww/product/186-6210-7602j610b,"[""https://res.cloudinary.com/thinking/image/upload/c_thumb,w_1500,h_1000,c_limit/v1642681345/fantini/IMM_76_02_J610B_1774454324.jpg"", ""https://res.cloudinary.com/thinking/image/upload/q_auto:eco/fantiniProduzione/IMM_76_02_J610B_1774454324.jpg""]",[],fantini sanitare
7093,1110,7695J610B+4400R010A,Polished Nickel Pvd,https://www.fantini.it/en-ww/product/186-6210-7695j610b,"[""https://res.cloudinary.com/thinking/image/upload/c_thumb,w_1500,h_1000,c_limit/v1642681345/fantini/IMM_76_95_J610B_1750666226.jpg"", ""https://res.cloudinary.com/thinking/image/upload/q_auto:eco/fantiniProduzione/IMM_76_95_J610B_1750666226.jpg""]",[],fantini sanitare
7094,1110,76P5J610B+4400R010A,Matt Gun Metal Pvd,https://www.fantini.it/en-ww/product/186-6210-76p5j610b,"[""https://res.cloudinary.com/thinking/image/upload/c_thumb,w_1500,h_1000,c_limit/v1642681345/fantini/IMM_76_P5_J610B_1750666226.jpg"", ""https://res.cloudinary.com/thinking/image/upload/q_auto:eco/fantiniProduzione/IMM_76_P5_J610B_1750666226.jpg""]",[],fantini sanitare
7095,1110,76S5J610B+4400R010A,Mokka Pvd,https://www.fantini.it/en-ww/product/186-6210-76s5j610b,"[""https://res.cloudinary.com/thinking/image/upload/c_thumb,w_1500,h_1000,c_limit/v1642681345/fantini/IMM_76_S5_J610B_1774965963.jpg"", ""https://res.cloudinary.com/thinking/image/upload/q_auto:eco/fantiniProduzione/IMM_76_S5_J610B_1774965963.jpg""]",[],fantini sanitare
7096,1110,7692J610B+4400R010A,Brushed Steel Look Pvd,https://www.fantini.it/en-ww/product/186-6210-7692j610b,"[""https://res.cloudinary.com/thinking/image/upload/c_thumb,w_1500,h_1000,c_limit/v1642681345/fantini/IMM_76_92_J610B_1750666226.jpg"", ""https://res.cloudinary.com/thinking/image/upload/q_auto:eco/fantiniProduzione/IMM_76_92_J610B_1750666226.jpg""]",[],fantini sanitare
7097,1111,7602J708WF,Chrome,https://www.fantini.it/en-ww/product/186-6134-7602j708wf,"[""https://res.cloudinary.com/thinking/image/upload/c_thumb,w_1500,h_1000,c_limit/v1642681345/fantini/IMM_76_02_J708WF_1774454325.jpg"", ""https://res.cloudinary.com/thinking/image/upload/q_auto:eco/fantiniProduzione/IMM_76_02_J708WF_1774454325.jpg""]",[],fantini sanitare
7098,1111,7695J708WF,Polished Nickel Pvd,https://www.fantini.it/en-ww/product/186-6134-7695j708wf,"[""https://res.cloudinary.com/thinking/image/upload/c_thumb,w_1500,h_1000,c_limit/v1642681345/fantini/IMM_76_95_J708WF_1774454355.jpg"", ""https://res.cloudinary.com/thinking/image/upload/q_auto:eco/fantiniProduzione/IMM_76_95_J708WF_1774454355.jpg""]",[],fantini sanitare
7099,1111,76P5J708WF,Matt Gun Metal Pvd,https://www.fantini.it/en-ww/product/186-6134-76p5j708wf,"[""https://res.cloudinary.com/thinking/image/upload/c_thumb,w_1500,h_1000,c_limit/v1642681345/fantini/IMM_76_P5_J708WF_1774454360.jpg"", ""https://res.cloudinary.com/thinking/image/upload/q_auto:eco/fantiniProduzione/IMM_76_P5_J708WF_1774454360.jpg""]",[],fantini sanitare
7100,1111,76S5J708WF,Mokka Pvd,https://www.fantini.it/en-ww/product/186-6134-76s5j708wf,"[""https://res.cloudinary.com/thinking/image/upload/c_thumb,w_1500,h_1000,c_limit/v1642681345/fantini/IMM_76_S5_J708WF_1774965966.jpg"", ""https://res.cloudinary.com/thinking/image/upload/q_auto:eco/fantiniProduzione/IMM_76_S5_J708WF_1774965966.jpg""]",[],fantini sanitare
7101,1111,7692J708WF,Brushed Steel Look Pvd,https://www.fantini.it/en-ww/product/186-6134-7692j708wf,"[""https://res.cloudinary.com/thinking/image/upload/c_thumb,w_1500,h_1000,c_limit/v1642681345/fantini/IMM_76_92_J708WF_1774454348.jpg"", ""https://res.cloudinary.com/thinking/image/upload/q_auto:eco/fantiniProduzione/IMM_76_92_J708WF_1774454348.jpg""]",[],fantini sanitare
7102,1112,7602J704F,Chrome,https://www.fantini.it/en-ww/product/186-6132-7602j704f,"[""https://res.cloudinary.com/thinking/image/upload/c_thumb,w_1500,h_1000,c_limit/v1642681345/fantini/IMM_76_02_J704F_1774454325.jpg"", ""https://res.cloudinary.com/thinking/image/upload/q_auto:eco/fantiniProduzione/IMM_76_02_J704F_1774454325.jpg""]",[],fantini sanitare
7103,1112,7695J704F,Polished Nickel Pvd,https://www.fantini.it/en-ww/product/186-6132-7695j704f,"[""https://res.cloudinary.com/thinking/image/upload/c_thumb,w_1500,h_1000,c_limit/v1642681345/fantini/IMM_76_95_J704F_1750666226.jpg"", ""https://res.cloudinary.com/thinking/image/upload/q_auto:eco/fantiniProduzione/IMM_76_95_J704F_1750666226.jpg""]",[],fantini sanitare
7104,1112,76P5J704F,Matt Gun Metal Pvd,https://www.fantini.it/en-ww/product/186-6132-76p5j704f,"[""https://res.cloudinary.com/thinking/image/upload/c_thumb,w_1500,h_1000,c_limit/v1642681345/fantini/IMM_76_P5_J704F_1750666226.jpg"", ""https://res.cloudinary.com/thinking/image/upload/q_auto:eco/fantiniProduzione/IMM_76_P5_J704F_1750666226.jpg""]",[],fantini sanitare
7105,1112,76S5J704F,Mokka Pvd,https://www.fantini.it/en-ww/product/186-6132-76s5j704f,"[""https://res.cloudinary.com/thinking/image/upload/c_thumb,w_1500,h_1000,c_limit/v1642681345/fantini/IMM_76_S5_J704F_1774965966.jpg"", ""https://res.cloudinary.com/thinking/image/upload/q_auto:eco/fantiniProduzione/IMM_76_S5_J704F_1774965966.jpg""]",[],fantini sanitare
7106,1112,7692J704F,Brushed Steel Look Pvd,https://www.fantini.it/en-ww/product/186-6132-7692j704f,"[""https://res.cloudinary.com/thinking/image/upload/c_thumb,w_1500,h_1000,c_limit/v1642681345/fantini/IMM_76_92_J704F_1750666226.jpg"", ""https://res.cloudinary.com/thinking/image/upload/q_auto:eco/fantiniProduzione/IMM_76_92_J704F_1750666226.jpg""]",[],fantini sanitare
7107,1113,7938K073,Chrome,https://www.fantini.it/en-ww/product/186-1227-7938k073,"[""https://res.cloudinary.com/thinking/image/upload/c_thumb,w_1500,h_1000,c_limit/v1642681345/fantini/IMM_79_38_K073_1668005742.jpg"", ""https://res.cloudinary.com/thinking/image/upload/q_auto:eco/fantiniProduzione/IMM_79_38_K073_1668005742.jpg""]",[],fantini sanitare
7108,1113,7995K073,Polished Nickel Pvd,https://www.fantini.it/en-ww/product/186-1227-7995k073,"[""https://res.cloudinary.com/thinking/image/upload/c_thumb,w_1500,h_1000,c_limit/v1642681345/fantini/IMM_79_95_K073_1668005741.jpg"", ""https://res.cloudinary.com/thinking/image/upload/q_auto:eco/fantiniProduzione/IMM_79_95_K073_1668005741.jpg""]",[],fantini sanitare
7109,1113,79P5K073,Matt Gun Metal Pvd,https://www.fantini.it/en-ww/product/186-1227-79p5k073,"[""https://res.cloudinary.com/thinking/image/upload/c_thumb,w_1500,h_1000,c_limit/v1642681345/fantini/IMM_79_P5_K073_1668005741.jpg"", ""https://res.cloudinary.com/thinking/image/upload/q_auto:eco/fantiniProduzione/IMM_79_P5_K073_1668005741.jpg""]",[],fantini sanitare
7110,1114,86028121,Chrome,https://www.fantini.it/en-ww/product/186-6407-86028121,"[""https://res.cloudinary.com/thinking/image/upload/c_thumb,w_1500,h_1000,c_limit/v1642681345/fantini/IMM_86_02_8121_1668610128.jpg"", ""https://res.cloudinary.com/thinking/image/upload/q_auto:eco/fantiniProduzione/IMM_86_02_8121_1668610128.jpg""]",[],fantini sanitare
7111,1114,86958121,Polished Nickel Pvd,https://www.fantini.it/en-ww/product/186-6407-86958121,"[""https://res.cloudinary.com/thinking/image/upload/c_thumb,w_1500,h_1000,c_limit/v1642681345/fantini/IMM_86_95_8121_1668610129.jpg"", ""https://res.cloudinary.com/thinking/image/upload/q_auto:eco/fantiniProduzione/IMM_86_95_8121_1668610129.jpg""]",[],fantini sanitare
7112,1114,86P58121,Matt Gun Metal Pvd,https://www.fantini.it/en-ww/product/186-6407-86p58121,"[""https://res.cloudinary.com/thinking/image/upload/c_thumb,w_1500,h_1000,c_limit/v1642681345/fantini/IMM_86_P5_8121_1668610129.jpg"", ""https://res.cloudinary.com/thinking/image/upload/q_auto:eco/fantiniProduzione/IMM_86_P5_8121_1668610129.jpg""]",[],fantini sanitare
7113,1114,86S58121,Mokka Pvd,https://www.fantini.it/en-ww/product/186-6407-86s58121,"[""https://res.cloudinary.com/thinking/image/upload/c_thumb,w_1500,h_1000,c_limit/v1642681345/fantini/IMM_86_S5_8121_1776182466.jpg"", ""https://res.cloudinary.com/thinking/image/upload/q_auto:eco/fantiniProduzione/IMM_86_S5_8121_1776182466.jpg""]",[],fantini sanitare
7114,1114,86928121,Brushed Steel Look Pvd,https://www.fantini.it/en-ww/product/186-6407-86928121,"[""https://res.cloudinary.com/thinking/image/upload/c_thumb,w_1500,h_1000,c_limit/v1642681345/fantini/IMM_86_92_8121_1777384510.jpg"", ""https://res.cloudinary.com/thinking/image/upload/q_auto:eco/fantiniProduzione/IMM_86_92_8121_1777384510.jpg""]",[],fantini sanitare
7115,1115,7602J787B+4400M687A,Chrome,https://www.fantini.it/en-ww/product/186-6221-7602j787b,"[""https://res.cloudinary.com/thinking/image/upload/c_thumb,w_1500,h_1000,c_limit/v1642681345/fantini/IMM_SC_J787BM687A_1762184037.jpg"", ""https://res.cloudinary.com/thinking/image/upload/q_auto:eco/fantiniProduzione/IMM_SC_J787BM687A_1762184037.jpg""]",[],fantini sanitare
7116,1115,7695J787B+4400M687A,Polished Nickel Pvd,https://www.fantini.it/en-ww/product/186-6221-7695j787b,"[""https://res.cloudinary.com/thinking/image/upload/c_thumb,w_1500,h_1000,c_limit/v1642681345/fantini/IMM_76_95_J787B_M687A_1750666226.jpg"", ""https://res.cloudinary.com/thinking/image/upload/q_auto:eco/fantiniProduzione/IMM_76_95_J787B_M687A_1750666226.jpg""]",[],fantini sanitare
7117,1115,76S5J787B+4400M687A,Mokka Pvd,https://www.fantini.it/en-ww/product/186-6221-76s5j787b,"[""https://res.cloudinary.com/thinking/image/upload/c_thumb,w_1500,h_1000,c_limit/v1642681345/fantini/IMM_PLACEHOLDER_IN_FASE_DI_PREPARAZIONE_1663140717.jpg"", ""https://res.cloudinary.com/thinking/image/upload/q_auto:eco/fantiniProduzione/IMM_PLACEHOLDER_IN_FASE_DI_PREPARAZIONE_1663140717.jpg""]",[],fantini sanitare
7118,1115,7692J787B+4400M687A,Brushed Steel Look Pvd,https://www.fantini.it/en-ww/product/186-6221-7692j787b,"[""https://res.cloudinary.com/thinking/image/upload/c_thumb,w_1500,h_1000,c_limit/v1642681345/fantini/IMM_76_92_J787B_M687A_1750666226.jpg"", ""https://res.cloudinary.com/thinking/image/upload/q_auto:eco/fantiniProduzione/IMM_76_92_J787B_M687A_1750666226.jpg""]",[],fantini sanitare
7119,1116,7602J723B+4400M623A,Chrome,https://www.fantini.it/en-ww/product/186-6224-7602j723b,"[""https://res.cloudinary.com/thinking/image/upload/c_thumb,w_1500,h_1000,c_limit/v1642681345/fantini/IMM_76_02_J723B_1774455373.jpg"", ""https://res.cloudinary.com/thinking/image/upload/q_auto:eco/fantiniProduzione/IMM_76_02_J723B_1774455373.jpg""]",[],fantini sanitare
7120,1116,76P5J723B+4400M623A,Matt Gun Metal Pvd,https://www.fantini.it/en-ww/product/186-6224-76p5j723b,"[""https://res.cloudinary.com/thinking/image/upload/c_thumb,w_1500,h_1000,c_limit/v1642681345/fantini/IMM_76_P5_J723B_M623A_1750666226.jpg"", ""https://res.cloudinary.com/thinking/image/upload/q_auto:eco/fantiniProduzione/IMM_76_P5_J723B_M623A_1750666226.jpg""]",[],fantini sanitare
7121,1116,76S5J723B+4400M623A,Mokka Pvd,https://www.fantini.it/en-ww/product/186-6224-76s5j723b,"[""https://res.cloudinary.com/thinking/image/upload/c_thumb,w_1500,h_1000,c_limit/v1642681345/fantini/IMM_76_S5_J723B_1774965968.jpg"", ""https://res.cloudinary.com/thinking/image/upload/q_auto:eco/fantiniProduzione/IMM_76_S5_J723B_1774965968.jpg""]",[],fantini sanitare
7122,1116,7692J723B+4400M623A,Brushed Steel Look Pvd,https://www.fantini.it/en-ww/product/186-6224-7692j723b,"[""https://res.cloudinary.com/thinking/image/upload/c_thumb,w_1500,h_1000,c_limit/v1642681345/fantini/IMM_76_92_J723B_M623A_1750666226.jpg"", ""https://res.cloudinary.com/thinking/image/upload/q_auto:eco/fantiniProduzione/IMM_76_92_J723B_M623A_1750666226.jpg""]",[],fantini sanitare
7123,1116,86028147,Chrome,https://www.fantini.it/en-ww/product/186-5415-86028147,"[""https://res.cloudinary.com/thinking/image/upload/c_thumb,w_1500,h_1000,c_limit/v1642681345/fantini/IMM_86_02_8147_1698398697.jpg"", ""https://res.cloudinary.com/thinking/image/upload/q_auto:eco/fantiniProduzione/IMM_86_02_8147_1698398697.jpg""]",[],fantini sanitare
7124,1116,86958147,Polished Nickel Pvd,https://www.fantini.it/en-ww/product/186-5415-86958147,"[""https://res.cloudinary.com/thinking/image/upload/c_thumb,w_1500,h_1000,c_limit/v1642681345/fantini/IMM_86_95_8147_1777458315.jpg"", ""https://res.cloudinary.com/thinking/image/upload/q_auto:eco/fantiniProduzione/IMM_86_95_8147_1777458315.jpg""]",[],fantini sanitare
7125,1116,86P58147,Matt Gun Metal Pvd,https://www.fantini.it/en-ww/product/186-5415-86p58147,"[""https://res.cloudinary.com/thinking/image/upload/c_thumb,w_1500,h_1000,c_limit/v1642681345/fantini/IMM_86_P5_8147_1698398697.jpg"", ""https://res.cloudinary.com/thinking/image/upload/q_auto:eco/fantiniProduzione/IMM_86_P5_8147_1698398697.jpg""]",[],fantini sanitare
7126,1116,86928147,Brushed Steel Look Pvd,https://www.fantini.it/en-ww/product/186-5415-86928147,"[""https://res.cloudinary.com/thinking/image/upload/c_thumb,w_1500,h_1000,c_limit/v1642681345/fantini/IMM_86_92_8147_1777458388.jpg"", ""https://res.cloudinary.com/thinking/image/upload/q_auto:eco/fantiniProduzione/IMM_86_92_8147_1777458388.jpg""]",[],fantini sanitare
7127,1117,7602J617B+4400R017A,Chrome,https://www.fantini.it/en-ww/product/186-6235-7602j617b,"[""https://res.cloudinary.com/thinking/image/upload/c_thumb,w_1500,h_1000,c_limit/v1642681345/fantini/IMM_76_02_J617B_1774455362.jpg"", ""https://res.cloudinary.com/thinking/image/upload/q_auto:eco/fantiniProduzione/IMM_76_02_J617B_1774455362.jpg""]",[],fantini sanitare
7128,1117,7695J617B+4400R017A,Polished Nickel Pvd,https://www.fantini.it/en-ww/product/186-6235-7695j617b,"[""https://res.cloudinary.com/thinking/image/upload/c_thumb,w_1500,h_1000,c_limit/v1642681345/fantini/IMM_76_95_J617B_1774455377.jpg"", ""https://res.cloudinary.com/thinking/image/upload/q_auto:eco/fantiniProduzione/IMM_76_95_J617B_1774455377.jpg""]",[],fantini sanitare
7129,1117,76P5J617B+4400R017A,Matt Gun Metal Pvd,https://www.fantini.it/en-ww/product/186-6235-76p5j617b,"[""https://res.cloudinary.com/thinking/image/upload/c_thumb,w_1500,h_1000,c_limit/v1642681345/fantini/IMM_76_P5_J617B_1774455379.jpg"", ""https://res.cloudinary.com/thinking/image/upload/q_auto:eco/fantiniProduzione/IMM_76_P5_J617B_1774455379.jpg""]",[],fantini sanitare
7130,1117,76S5J617B+4400R017A,Mokka Pvd,https://www.fantini.it/en-ww/product/186-6235-76s5j617b,"[""https://res.cloudinary.com/thinking/image/upload/c_thumb,w_1500,h_1000,c_limit/v1642681345/fantini/IMM_76_S5_J617B_1774965964.jpg"", ""https://res.cloudinary.com/thinking/image/upload/q_auto:eco/fantiniProduzione/IMM_76_S5_J617B_1774965964.jpg""]",[],fantini sanitare
7131,1117,7692J617B+4400R017A,Brushed Steel Look Pvd,https://www.fantini.it/en-ww/product/186-6235-7692j617b,"[""https://res.cloudinary.com/thinking/image/upload/c_thumb,w_1500,h_1000,c_limit/v1642681345/fantini/IMM_76_92_J617B_1774455375.jpg"", ""https://res.cloudinary.com/thinking/image/upload/q_auto:eco/fantiniProduzione/IMM_76_92_J617B_1774455375.jpg""]",[],fantini sanitare
7132,1118,7602J872B+1900D372A,Chrome,https://www.fantini.it/en-ww/product/186-6226-7602j872b,"[""https://res.cloudinary.com/thinking/image/upload/c_thumb,w_1500,h_1000,c_limit/v1642681345/fantini/IMM_76_02_J872B_1774454325.jpg"", ""https://res.cloudinary.com/thinking/image/upload/q_auto:eco/fantiniProduzione/IMM_76_02_J872B_1774454325.jpg""]",[],fantini sanitare
7133,1118,7695J872B+1900D372A,Polished Nickel Pvd,https://www.fantini.it/en-ww/product/186-6226-7695j872b,"[""https://res.cloudinary.com/thinking/image/upload/c_thumb,w_1500,h_1000,c_limit/v1642681345/fantini/IMM_76_95_J872B_1774454357.jpg"", ""https://res.cloudinary.com/thinking/image/upload/q_auto:eco/fantiniProduzione/IMM_76_95_J872B_1774454357.jpg""]",[],fantini sanitare
7134,1118,76P5J872B+1900D372A,Matt Gun Metal Pvd,https://www.fantini.it/en-ww/product/186-6226-76p5j872b,"[""https://res.cloudinary.com/thinking/image/upload/c_thumb,w_1500,h_1000,c_limit/v1642681345/fantini/IMM_76_P5_J872B_1774454361.jpg"", ""https://res.cloudinary.com/thinking/image/upload/q_auto:eco/fantiniProduzione/IMM_76_P5_J872B_1774454361.jpg""]",[],fantini sanitare
7135,1118,76S5J872B+1900D372A,Mokka Pvd,https://www.fantini.it/en-ww/product/186-6226-76s5j872b,"[""https://res.cloudinary.com/thinking/image/upload/c_thumb,w_1500,h_1000,c_limit/v1642681345/fantini/IMM_76_S5_J872B_1774965971.jpg"", ""https://res.cloudinary.com/thinking/image/upload/q_auto:eco/fantiniProduzione/IMM_76_S5_J872B_1774965971.jpg""]",[],fantini sanitare
7136,1118,7692J872B+1900D372A,Brushed Steel Look Pvd,https://www.fantini.it/en-ww/product/186-6226-7692j872b,"[""https://res.cloudinary.com/thinking/image/upload/c_thumb,w_1500,h_1000,c_limit/v1642681345/fantini/IMM_76_92_J872B_1774454352.jpg"", ""https://res.cloudinary.com/thinking/image/upload/q_auto:eco/fantiniProduzione/IMM_76_92_J872B_1774454352.jpg""]",[],fantini sanitare
7137,1119,7602J780B+4400R080A,Chrome,https://www.fantini.it/en-ww/product/186-6240-7602j780b,"[""https://res.cloudinary.com/thinking/image/upload/c_thumb,w_1500,h_1000,c_limit/v1642681345/fantini/IMM_76_02_J780B_1774454325.jpg"", ""https://res.cloudinary.com/thinking/image/upload/q_auto:eco/fantiniProduzione/IMM_76_02_J780B_1774454325.jpg""]",[],fantini sanitare
7138,1119,76P5J780B+4400R080A,Matt Gun Metal Pvd,https://www.fantini.it/en-ww/product/186-6240-76p5j780b,"[""https://res.cloudinary.com/thinking/image/upload/c_thumb,w_1500,h_1000,c_limit/v1642681345/fantini/IMM_76_P5_J780B_1774454360.jpg"", ""https://res.cloudinary.com/thinking/image/upload/q_auto:eco/fantiniProduzione/IMM_76_P5_J780B_1774454360.jpg""]",[],fantini sanitare
7139,1119,76S5J780B+4400R080A,Mokka Pvd,https://www.fantini.it/en-ww/product/186-6240-76s5j780b,"[""https://res.cloudinary.com/thinking/image/upload/c_thumb,w_1500,h_1000,c_limit/v1642681345/fantini/IMM_76_S5_J780B_1774965969.jpg"", ""https://res.cloudinary.com/thinking/image/upload/q_auto:eco/fantiniProduzione/IMM_76_S5_J780B_1774965969.jpg""]",[],fantini sanitare
7140,1119,7692J780B+4400R080A,Brushed Steel Look Pvd,https://www.fantini.it/en-ww/product/186-6240-7692j780b,"[""https://res.cloudinary.com/thinking/image/upload/c_thumb,w_1500,h_1000,c_limit/v1642681345/fantini/IMM_76_92_J780B_1774454349.jpg"", ""https://res.cloudinary.com/thinking/image/upload/q_auto:eco/fantiniProduzione/IMM_76_92_J780B_1774454349.jpg""]",[],fantini sanitare
7141,1120,7602J619B+4400R019A,Chrome,https://www.fantini.it/en-ww/product/186-6233-7602j619b,"[""https://res.cloudinary.com/thinking/image/upload/c_thumb,w_1500,h_1000,c_limit/v1642681345/fantini/IMM_76_02_J619B_1774454325.jpg"", ""https://res.cloudinary.com/thinking/image/upload/q_auto:eco/fantiniProduzione/IMM_76_02_J619B_1774454325.jpg""]",[],fantini sanitare
7142,1120,76P5J619B+4400R019A,Matt Gun Metal Pvd,https://www.fantini.it/en-ww/product/186-6233-76p5j619b,"[""https://res.cloudinary.com/thinking/image/upload/c_thumb,w_1500,h_1000,c_limit/v1642681345/fantini/IMM_76_P5_J619B_1774454359.jpg"", ""https://res.cloudinary.com/thinking/image/upload/q_auto:eco/fantiniProduzione/IMM_76_P5_J619B_1774454359.jpg""]",[],fantini sanitare
7143,1120,76S5J619B+4400R019A,Mokka Pvd,https://www.fantini.it/en-ww/product/186-6233-76s5j619b,"[""https://res.cloudinary.com/thinking/image/upload/c_thumb,w_1500,h_1000,c_limit/v1642681345/fantini/IMM_76_S5_J619B_1774965964.jpg"", ""https://res.cloudinary.com/thinking/image/upload/q_auto:eco/fantiniProduzione/IMM_76_S5_J619B_1774965964.jpg""]",[],fantini sanitare
7144,1120,7692J619B+4400R019A,Brushed Steel Look Pvd,https://www.fantini.it/en-ww/product/186-6233-7692j619b,"[""https://res.cloudinary.com/thinking/image/upload/c_thumb,w_1500,h_1000,c_limit/v1642681345/fantini/IMM_76_92_J619B_1774454345.jpg"", ""https://res.cloudinary.com/thinking/image/upload/q_auto:eco/fantiniProduzione/IMM_76_92_J619B_1774454345.jpg""]",[],fantini sanitare
7145,1121,20P5T407WU,Matte Gun Metal Pvd,https://www.fantini.it/en-us/product/126-5234-20p5t407wu,"[""https://res.cloudinary.com/thinking/image/upload/c_thumb,w_1500,h_1000,c_limit/v1642681345/fantini/IMM_20_P5_T407WU.jpg"", ""https://res.cloudinary.com/thinking/image/upload/q_auto:eco/fantiniProduzione/IMM_20_P5_T407WU.jpg""]",[],fantini sanitare
7146,1121,2093T407WO9U,Brushed Stainless Steel - Red,https://www.fantini.it/en-us/product/126-5234-2093t407wo9u,"[""https://res.cloudinary.com/thinking/image/upload/c_thumb,w_1500,h_1000,c_limit/v1642681345/fantini/IMM_20_93O9_T407WU.jpg"", ""https://res.cloudinary.com/thinking/image/upload/q_auto:eco/fantiniProduzione/IMM_20_93O9_T407WU.jpg""]",[],fantini sanitare
7147,1121,2093T407WU,Brushed Stainless Steel,https://www.fantini.it/en-us/product/126-5234-2093t407wu,"[""https://res.cloudinary.com/thinking/image/upload/c_thumb,w_1500,h_1000,c_limit/v1642681345/fantini/IMM_20_93_T407WU.jpg"", ""https://res.cloudinary.com/thinking/image/upload/q_auto:eco/fantiniProduzione/IMM_20_93_T407WU.jpg""]",[],fantini sanitare
7148,1122,20P5T607WU,Matte Gun Metal Pvd,https://www.fantini.it/en-us/product/126-5238-20p5t607wu,"[""https://res.cloudinary.com/thinking/image/upload/c_thumb,w_1500,h_1000,c_limit/v1642681345/fantini/IMM_20_P5_T607WU.jpg"", ""https://res.cloudinary.com/thinking/image/upload/q_auto:eco/fantiniProduzione/IMM_20_P5_T607WU.jpg""]",[],fantini sanitare
7149,1122,2093T607WO9U,Brushed Stainless Steel - Red,https://www.fantini.it/en-us/product/126-5238-2093t607wo9u,"[""https://res.cloudinary.com/thinking/image/upload/c_thumb,w_1500,h_1000,c_limit/v1642681345/fantini/IMM_20_93O9_T607WU.jpg"", ""https://res.cloudinary.com/thinking/image/upload/q_auto:eco/fantiniProduzione/IMM_20_93O9_T607WU.jpg""]",[],fantini sanitare
7150,1122,2093T607WU,Brushed Stainless Steel,https://www.fantini.it/en-us/product/126-5238-2093t607wu,"[""https://res.cloudinary.com/thinking/image/upload/c_thumb,w_1500,h_1000,c_limit/v1642681345/fantini/IMM_20_93_T607WU.jpg"", ""https://res.cloudinary.com/thinking/image/upload/q_auto:eco/fantiniProduzione/IMM_20_93_T607WU.jpg""]",[],fantini sanitare
7151,1123,20P5T513BU+4400M011AU,Matte Gun Metal Pvd,https://www.fantini.it/en-us/product/126-5236-20p5t513bu,"[""https://res.cloudinary.com/thinking/image/upload/c_thumb,w_1500,h_1000,c_limit/v1642681345/fantini/IMM_20_P5_T513BU.jpg"", ""https://res.cloudinary.com/thinking/image/upload/q_auto:eco/fantiniProduzione/IMM_20_P5_T513BU.jpg""]",[],fantini sanitare
7152,1123,2093T513BUO9+4400M011AU,Brushed Stainless Steel - Red,https://www.fantini.it/en-us/product/126-5236-2093t513buo9,"[""https://res.cloudinary.com/thinking/image/upload/c_thumb,w_1500,h_1000,c_limit/v1642681345/fantini/IMM_20_93O9_T513BU.jpg"", ""https://res.cloudinary.com/thinking/image/upload/q_auto:eco/fantiniProduzione/IMM_20_93O9_T513BU.jpg""]",[],fantini sanitare
7153,1123,2093T513BU+4400M011AU,Brushed Stainless Steel,https://www.fantini.it/en-us/product/126-5236-2093t513bu,"[""https://res.cloudinary.com/thinking/image/upload/c_thumb,w_1500,h_1000,c_limit/v1642681345/fantini/IMM_20_93_T513BU.jpg"", ""https://res.cloudinary.com/thinking/image/upload/q_auto:eco/fantiniProduzione/IMM_20_93_T513BU.jpg""]",[],fantini sanitare
7154,1124,20P5T413BU+4400R010AU,Matte Gun Metal Pvd,https://www.fantini.it/en-us/product/126-5235-20p5t413bu,"[""https://res.cloudinary.com/thinking/image/upload/c_thumb,w_1500,h_1000,c_limit/v1642681345/fantini/IMM_20_P5_T413BU.jpg"", ""https://res.cloudinary.com/thinking/image/upload/q_auto:eco/fantiniProduzione/IMM_20_P5_T413BU.jpg""]",[],fantini sanitare
7155,1124,2093T413BUO9+4400R010AU,Brushed Stainless Steel - Red,https://www.fantini.it/en-us/product/126-5235-2093t413buo9,"[""https://res.cloudinary.com/thinking/image/upload/c_thumb,w_1500,h_1000,c_limit/v1642681345/fantini/IMM_20_93O9_T413BU.jpg"", ""https://res.cloudinary.com/thinking/image/upload/q_auto:eco/fantiniProduzione/IMM_20_93O9_T413BU.jpg""]",[],fantini sanitare
7156,1124,2093T413BU+4400R010AU,Brushed Stainless Steel,https://www.fantini.it/en-us/product/126-5235-2093t413bu,"[""https://res.cloudinary.com/thinking/image/upload/c_thumb,w_1500,h_1000,c_limit/v1642681345/fantini/IMM_20_93_T413BU.jpg"", ""https://res.cloudinary.com/thinking/image/upload/q_auto:eco/fantiniProduzione/IMM_20_93_T413BU.jpg""]",[],fantini sanitare
7157,1125,20P5T584BU+4400R084AU,Matte Gun Metal Pvd,https://www.fantini.it/en-us/product/126-5316-20p5t584bu,"[""https://res.cloudinary.com/thinking/image/upload/c_thumb,w_1500,h_1000,c_limit/v1642681345/fantini/IMM_20_P5_T584BU.jpg"", ""https://res.cloudinary.com/thinking/image/upload/q_auto:eco/fantiniProduzione/IMM_20_P5_T584BU.jpg""]",[],fantini sanitare
7158,1125,2093T584BUO9+4400R084AU,Brushed Stainless Steel - Red,https://www.fantini.it/en-us/product/126-5316-2093t584buo9,"[""https://res.cloudinary.com/thinking/image/upload/c_thumb,w_1500,h_1000,c_limit/v1642681345/fantini/IMM_20_93O9_T584BU_74897033393.jpg"", ""https://res.cloudinary.com/thinking/image/upload/q_auto:eco/fantiniProduzione/IMM_20_93O9_T584BU_74897033393.jpg""]",[],fantini sanitare
7159,1125,2093T584BU+4400R084AU,Brushed Stainless Steel,https://www.fantini.it/en-us/product/126-5316-2093t584bu,"[""https://res.cloudinary.com/thinking/image/upload/c_thumb,w_1500,h_1000,c_limit/v1642681345/fantini/IMM_20_93_T584BU_74897389dc7.jpg"", ""https://res.cloudinary.com/thinking/image/upload/q_auto:eco/fantiniProduzione/IMM_20_93_T584BU_74897389dc7.jpg""]",[],fantini sanitare
7160,1126,20P5T580BU+4400R080AU,Matte Gun Metal Pvd,https://www.fantini.it/en-us/product/126-5250-20p5t580bu,"[""https://res.cloudinary.com/thinking/image/upload/c_thumb,w_1500,h_1000,c_limit/v1642681345/fantini/IMM_20_P5_T580BU.jpg"", ""https://res.cloudinary.com/thinking/image/upload/q_auto:eco/fantiniProduzione/IMM_20_P5_T580BU.jpg""]",[],fantini sanitare
7161,1126,2093T580BUO9+4400R080AU,Brushed Stainless Steel - Red,https://www.fantini.it/en-us/product/126-5250-2093t580buo9,"[""https://res.cloudinary.com/thinking/image/upload/c_thumb,w_1500,h_1000,c_limit/v1642681345/fantini/IMM_20_93O9_T580BU.jpg"", ""https://res.cloudinary.com/thinking/image/upload/q_auto:eco/fantiniProduzione/IMM_20_93O9_T580BU.jpg""]",[],fantini sanitare
7162,1126,2093T580BU+4400R080AU,Brushed Stainless Steel,https://www.fantini.it/en-us/product/126-5250-2093t580bu,"[""https://res.cloudinary.com/thinking/image/upload/c_thumb,w_1500,h_1000,c_limit/v1642681345/fantini/IMM_20_93_T580BU.jpg"", ""https://res.cloudinary.com/thinking/image/upload/q_auto:eco/fantiniProduzione/IMM_20_93_T580BU.jpg""]",[],fantini sanitare
7163,1127,20P5T521BU+4400R021AU,Matte Gun Metal Pvd,https://www.fantini.it/en-us/product/126-5247-20p5t521bu,"[""https://res.cloudinary.com/thinking/image/upload/c_thumb,w_1500,h_1000,c_limit/v1642681345/fantini/IMM_20_P5_T521BU.jpg"", ""https://res.cloudinary.com/thinking/image/upload/q_auto:eco/fantiniProduzione/IMM_20_P5_T521BU.jpg""]",[],fantini sanitare
7164,1127,2093T521BUO9+4400R021AU,Brushed Stainless Steel - Red,https://www.fantini.it/en-us/product/126-5247-2093t521buo9,"[""https://res.cloudinary.com/thinking/image/upload/c_thumb,w_1500,h_1000,c_limit/v1642681345/fantini/IMM_20_93O9_T521BU.jpg"", ""https://res.cloudinary.com/thinking/image/upload/q_auto:eco/fantiniProduzione/IMM_20_93O9_T521BU.jpg""]",[],fantini sanitare
7165,1127,2093T521BU+4400R021AU,Brushed Stainless Steel,https://www.fantini.it/en-us/product/126-5247-2093t521bu,"[""https://res.cloudinary.com/thinking/image/upload/c_thumb,w_1500,h_1000,c_limit/v1642681345/fantini/IMM_20_93_T521BU.jpg"", ""https://res.cloudinary.com/thinking/image/upload/q_auto:eco/fantiniProduzione/IMM_20_93_T521BU.jpg""]",[],fantini sanitare
7166,1128,40P5L504WU,Matte Gun Metal Pvd,https://www.fantini.it/en-us/product/124-5373-40p5l504wu,"[""https://res.cloudinary.com/thinking/image/upload/c_thumb,w_1500,h_1000,c_limit/v1642681345/fantini/IMM_40_P5_L504WU.jpg"", ""https://res.cloudinary.com/thinking/image/upload/q_auto:eco/fantiniProduzione/IMM_40_P5_L504WU.jpg""]",[],fantini sanitare
7167,1128,4093L504WU,Brushed Stainless Steel,https://www.fantini.it/en-us/product/124-5373-4093l504wu,"[""https://res.cloudinary.com/thinking/image/upload/c_thumb,w_1500,h_1000,c_limit/v1642681345/fantini/IMM_40_93_L504WU.jpg"", ""https://res.cloudinary.com/thinking/image/upload/q_auto:eco/fantiniProduzione/IMM_40_93_L504WU.jpg""]",[],fantini sanitare
7168,1129,40P5L506WU,Matte Gun Metal Pvd,https://www.fantini.it/en-us/product/124-5393-40p5l506wu,"[""https://res.cloudinary.com/thinking/image/upload/c_thumb,w_1500,h_1000,c_limit/v1642681345/fantini/IMM_40_P5_L506WU_1697730286.jpg"", ""https://res.cloudinary.com/thinking/image/upload/q_auto:eco/fantiniProduzione/IMM_40_P5_L506WU_1697730286.jpg""]",[],fantini sanitare
7169,1129,4093L506WU,Brushed Stainless Steel,https://www.fantini.it/en-us/product/124-5393-4093l506wu,"[""https://res.cloudinary.com/thinking/image/upload/c_thumb,w_1500,h_1000,c_limit/v1642681345/fantini/IMM_40_93_L506WU_1697730259.jpg"", ""https://res.cloudinary.com/thinking/image/upload/q_auto:eco/fantiniProduzione/IMM_40_93_L506WU_1697730259.jpg""]",[],fantini sanitare
7170,1130,40P5L807WU,Matte Gun Metal Pvd,https://www.fantini.it/en-us/product/124-5374-40p5l807wu,"[""https://res.cloudinary.com/thinking/image/upload/c_thumb,w_1500,h_1000,c_limit/v1642681345/fantini/IMM_40_P5_L807WU.jpg"", ""https://res.cloudinary.com/thinking/image/upload/q_auto:eco/fantiniProduzione/IMM_40_P5_L807WU.jpg""]",[],fantini sanitare
7171,1130,4093L807WU,Brushed Stainless Steel,https://www.fantini.it/en-us/product/124-5374-4093l807wu,"[""https://res.cloudinary.com/thinking/image/upload/c_thumb,w_1500,h_1000,c_limit/v1642681345/fantini/IMM_40_93_L807WU.jpg"", ""https://res.cloudinary.com/thinking/image/upload/q_auto:eco/fantiniProduzione/IMM_40_93_L807WU.jpg""]",[],fantini sanitare
7172,1131,40P5L607WU,Matte Gun Metal Pvd,https://www.fantini.it/en-us/product/124-5379-40p5l607wu,"[""https://res.cloudinary.com/thinking/image/upload/c_thumb,w_1500,h_1000,c_limit/v1642681345/fantini/IMM_40_P5_L607WU.jpg"", ""https://res.cloudinary.com/thinking/image/upload/q_auto:eco/fantiniProduzione/IMM_40_P5_L607WU.jpg""]",[],fantini sanitare
7173,1131,4093L607WU,Brushed Stainless Steel,https://www.fantini.it/en-us/product/124-5379-4093l607wu,"[""https://res.cloudinary.com/thinking/image/upload/c_thumb,w_1500,h_1000,c_limit/v1642681345/fantini/IMM_40_93_L607WU.jpg"", ""https://res.cloudinary.com/thinking/image/upload/q_auto:eco/fantiniProduzione/IMM_40_93_L607WU.jpg""]",[],fantini sanitare
7174,1132,40P5L513BU+4000D711AU,Matte Gun Metal Pvd,https://www.fantini.it/en-us/product/124-5376-40p5l513bu,"[""https://res.cloudinary.com/thinking/image/upload/c_thumb,w_1500,h_1000,c_limit/v1642681345/fantini/IMM_40_P5_L513BU.jpg"", ""https://res.cloudinary.com/thinking/image/upload/q_auto:eco/fantiniProduzione/IMM_40_P5_L513BU.jpg""]",[],fantini sanitare
7175,1132,4093L513BU+4000D711AU,Brushed Stainless Steel,https://www.fantini.it/en-us/product/124-5376-4093l513bu,"[""https://res.cloudinary.com/thinking/image/upload/c_thumb,w_1500,h_1000,c_limit/v1642681345/fantini/IMM_40_93_L513BU.jpg"", ""https://res.cloudinary.com/thinking/image/upload/q_auto:eco/fantiniProduzione/IMM_40_93_L513BU.jpg""]",[],fantini sanitare
7176,1133,40P5L613BU+4000D810AU,Matte Gun Metal Pvd,https://www.fantini.it/en-us/product/124-5377-40p5l613bu,"[""https://res.cloudinary.com/thinking/image/upload/c_thumb,w_1500,h_1000,c_limit/v1642681345/fantini/IMM_40_P5_L613BU.jpg"", ""https://res.cloudinary.com/thinking/image/upload/q_auto:eco/fantiniProduzione/IMM_40_P5_L613BU.jpg""]",[],fantini sanitare
7177,1133,4093L613BU+4000D810AU,Brushed Stainless Steel,https://www.fantini.it/en-us/product/124-5377-4093l613bu,"[""https://res.cloudinary.com/thinking/image/upload/c_thumb,w_1500,h_1000,c_limit/v1642681345/fantini/IMM_40_93_L613BU.jpg"", ""https://res.cloudinary.com/thinking/image/upload/q_auto:eco/fantiniProduzione/IMM_40_93_L613BU.jpg""]",[],fantini sanitare
7178,1134,40P5L536BU+4000D736AU,Matte Gun Metal Pvd,https://www.fantini.it/en-us/product/124-5375-40p5l536bu,"[""https://res.cloudinary.com/thinking/image/upload/c_thumb,w_1500,h_1000,c_limit/v1642681345/fantini/IMM_40_P5_L536BU.jpg"", ""https://res.cloudinary.com/thinking/image/upload/q_auto:eco/fantiniProduzione/IMM_40_P5_L536BU.jpg""]",[],fantini sanitare
7179,1134,4093L536BU+4000D736AU,Brushed Stainless Steel,https://www.fantini.it/en-us/product/124-5375-4093l536bu,"[""https://res.cloudinary.com/thinking/image/upload/c_thumb,w_1500,h_1000,c_limit/v1642681345/fantini/IMM_40_93_L536BU.jpg"", ""https://res.cloudinary.com/thinking/image/upload/q_auto:eco/fantiniProduzione/IMM_40_93_L536BU.jpg""]",[],fantini sanitare
7180,1135,40P5Z240BU+4000Z240AU,Matte Gun Metal Pvd,https://www.fantini.it/en-us/product/124-5378-40p5z240bu,"[""https://res.cloudinary.com/thinking/image/upload/c_thumb,w_1500,h_1000,c_limit/v1642681345/fantini/IMM_40_P5_Z240BU.jpg"", ""https://res.cloudinary.com/thinking/image/upload/q_auto:eco/fantiniProduzione/IMM_40_P5_Z240BU.jpg""]",[],fantini sanitare
7181,1135,4093Z240BU+4000Z240AU,Brushed Stainless Steel,https://www.fantini.it/en-us/product/124-5378-4093z240bu,"[""https://res.cloudinary.com/thinking/image/upload/c_thumb,w_1500,h_1000,c_limit/v1642681345/fantini/IMM_40_93_Z240BU.jpg"", ""https://res.cloudinary.com/thinking/image/upload/q_auto:eco/fantiniProduzione/IMM_40_93_Z240BU.jpg""]",[],fantini sanitare
7182,1136,40P5L563BU+4000D763AU,Matte Gun Metal Pvd,https://www.fantini.it/en-us/product/124-5383-40p5l563bu,"[""https://res.cloudinary.com/thinking/image/upload/c_thumb,w_1500,h_1000,c_limit/v1642681345/fantini/IMM_40_P5_L563BU.jpg"", ""https://res.cloudinary.com/thinking/image/upload/q_auto:eco/fantiniProduzione/IMM_40_P5_L563BU.jpg""]",[],fantini sanitare
7183,1136,4093L563BU+4000D763AU,Brushed Stainless Steel,https://www.fantini.it/en-us/product/124-5383-4093l563bu,"[""https://res.cloudinary.com/thinking/image/upload/c_thumb,w_1500,h_1000,c_limit/v1642681345/fantini/IMM_40_93_L563BU.jpg"", ""https://res.cloudinary.com/thinking/image/upload/q_auto:eco/fantiniProduzione/IMM_40_93_L563BU.jpg""]",[],fantini sanitare
7184,1137,40P5L508WU,Matte Gun Metal Pvd,https://www.fantini.it/en-us/product/124-5380-40p5l508wu,"[""https://res.cloudinary.com/thinking/image/upload/c_thumb,w_1500,h_1000,c_limit/v1642681345/fantini/IMM_40_P5_L508WU.jpg"", ""https://res.cloudinary.com/thinking/image/upload/q_auto:eco/fantiniProduzione/IMM_40_P5_L508WU.jpg""]",[],fantini sanitare
7185,1137,4093L508WU,Brushed Stainless Steel,https://www.fantini.it/en-us/product/124-5380-4093l508wu,"[""https://res.cloudinary.com/thinking/image/upload/c_thumb,w_1500,h_1000,c_limit/v1642681345/fantini/IMM_40_93_L508WU.jpg"", ""https://res.cloudinary.com/thinking/image/upload/q_auto:eco/fantiniProduzione/IMM_40_93_L508WU.jpg""]",[],fantini sanitare
7186,1138,40P5L773BU+4000D973AU,Matte Gun Metal Pvd,https://www.fantini.it/en-us/product/124-5385-40p5l773bu,"[""https://res.cloudinary.com/thinking/image/upload/c_thumb,w_1500,h_1000,c_limit/v1642681345/fantini/IMM_40_P5_L773BU.jpg"", ""https://res.cloudinary.com/thinking/image/upload/q_auto:eco/fantiniProduzione/IMM_40_P5_L773BU.jpg""]",[],fantini sanitare
7187,1138,4093L773BU+4000D973AU,Brushed Stainless Steel,https://www.fantini.it/en-us/product/124-5385-4093l773bu,"[""https://res.cloudinary.com/thinking/image/upload/c_thumb,w_1500,h_1000,c_limit/v1642681345/fantini/IMM_40_93_L773BU.jpg"", ""https://res.cloudinary.com/thinking/image/upload/q_auto:eco/fantiniProduzione/IMM_40_93_L773BU.jpg""]",[],fantini sanitare
7188,1139,40P5L521BU+4000D721AU,Matte Gun Metal Pvd,https://www.fantini.it/en-us/product/124-5390-40p5l521bu,"[""https://res.cloudinary.com/thinking/image/upload/c_thumb,w_1500,h_1000,c_limit/v1642681345/fantini/IMM_40_P5_L521BU.jpg"", ""https://res.cloudinary.com/thinking/image/upload/q_auto:eco/fantiniProduzione/IMM_40_P5_L521BU.jpg""]",[],fantini sanitare
7189,1139,4093L521BU+4000D721AU,Brushed Stainless Steel,https://www.fantini.it/en-us/product/124-5390-4093l521bu,"[""https://res.cloudinary.com/thinking/image/upload/c_thumb,w_1500,h_1000,c_limit/v1642681345/fantini/IMM_40_93_L521BU.jpg"", ""https://res.cloudinary.com/thinking/image/upload/q_auto:eco/fantiniProduzione/IMM_40_93_L521BU.jpg""]",[],fantini sanitare
7190,1140,40P5L667U,Matte Gun Metal Pvd,https://www.fantini.it/en-us/product/124-5389-40p5l667u,"[""https://res.cloudinary.com/thinking/image/upload/c_thumb,w_1500,h_1000,c_limit/v1642681345/fantini/IMM_40_P5_L667U_1697730301.jpg"", ""https://res.cloudinary.com/thinking/image/upload/q_auto:eco/fantiniProduzione/IMM_40_P5_L667U_1697730301.jpg""]",[],fantini sanitare
7191,1140,4093L667U,Brushed Stainless Steel,https://www.fantini.it/en-us/product/124-5389-4093l667u,"[""https://res.cloudinary.com/thinking/image/upload/c_thumb,w_1500,h_1000,c_limit/v1642681345/fantini/IMM_40_93_L667U_1697730275.jpg"", ""https://res.cloudinary.com/thinking/image/upload/q_auto:eco/fantiniProduzione/IMM_40_93_L667U_1697730275.jpg""]",[],fantini sanitare
7192,1141,40P5L580BU+4000D736AU,Matte Gun Metal Pvd,https://www.fantini.it/en-us/product/124-5391-40p5l580bu,"[""https://res.cloudinary.com/thinking/image/upload/c_thumb,w_1500,h_1000,c_limit/v1642681345/fantini/IMM_40_P5_L580BU_1697730294.jpg"", ""https://res.cloudinary.com/thinking/image/upload/q_auto:eco/fantiniProduzione/IMM_40_P5_L580BU_1697730294.jpg""]",[],fantini sanitare
7193,1141,4093L580BU+4000D736AU,Brushed Stainless Steel,https://www.fantini.it/en-us/product/124-5391-4093l580bu,"[""https://res.cloudinary.com/thinking/image/upload/c_thumb,w_1500,h_1000,c_limit/v1642681345/fantini/IMM_40_93_L580BU_1697730268.jpg"", ""https://res.cloudinary.com/thinking/image/upload/q_auto:eco/fantiniProduzione/IMM_40_93_L580BU_1697730268.jpg""]",[],fantini sanitare
7194,1142,2702A204WUCY,Chrome,https://www.fantini.it/en-us/product/50-5347-2702a204wucy,"[""https://res.cloudinary.com/thinking/image/upload/c_thumb,w_1500,h_1000,c_limit/v1642681345/fantini/IMM_27_02_A204WUCY.jpg"", ""https://res.cloudinary.com/thinking/image/upload/q_auto:eco/fantiniProduzione/IMM_27_02_A204WUCY.jpg""]",[],fantini sanitare
7195,1142,27P5A204WUCY,Matte Gun Metal Pvd,https://www.fantini.it/en-us/product/50-5347-27p5a204wucy,"[""https://res.cloudinary.com/thinking/image/upload/c_thumb,w_1500,h_1000,c_limit/v1642681345/fantini/IMM_27_P5_A204WUCY.jpg"", ""https://res.cloudinary.com/thinking/image/upload/q_auto:eco/fantiniProduzione/IMM_27_P5_A204WUCY.jpg""]",[],fantini sanitare
7196,1142,2793A204WUCY,Brushed Stainless Steel,https://www.fantini.it/en-us/product/50-5347-2793a204wucy,"[""https://res.cloudinary.com/thinking/image/upload/c_thumb,w_1500,h_1000,c_limit/v1642681345/fantini/IMM_27_93_A204WUCY.jpg"", ""https://res.cloudinary.com/thinking/image/upload/q_auto:eco/fantiniProduzione/IMM_27_93_A204WUCY.jpg""]",[],fantini sanitare
7197,1143,2702A206WUCX,Chrome,https://www.fantini.it/en-us/product/50-5349-2702a206wucx,"[""https://res.cloudinary.com/thinking/image/upload/c_thumb,w_1500,h_1000,c_limit/v1642681345/fantini/IMM_SC_A206WUCX.jpg"", ""https://res.cloudinary.com/thinking/image/upload/q_auto:eco/fantiniProduzione/IMM_SC_A206WUCX.jpg""]",[],fantini sanitare
7198,1143,27P5A206WUCX,Matte Gun Metal Pvd,https://www.fantini.it/en-us/product/50-5349-27p5a206wucx,"[""https://res.cloudinary.com/thinking/image/upload/c_thumb,w_1500,h_1000,c_limit/v1642681345/fantini/IMM_27_P5_A206WUCX.jpg"", ""https://res.cloudinary.com/thinking/image/upload/q_auto:eco/fantiniProduzione/IMM_27_P5_A206WUCX.jpg""]",[],fantini sanitare
7199,1143,2793A206WUCX,Brushed Stainless Steel,https://www.fantini.it/en-us/product/50-5349-2793a206wucx,"[""https://res.cloudinary.com/thinking/image/upload/c_thumb,w_1500,h_1000,c_limit/v1642681345/fantini/IMM_27_93_A206WUCX.jpg"", ""https://res.cloudinary.com/thinking/image/upload/q_auto:eco/fantiniProduzione/IMM_27_93_A206WUCX.jpg""]",[],fantini sanitare
7200,1144,2702A713BUCX+4400A713AU,Chrome,https://www.fantini.it/en-us/product/50-5344-2702a713bucx,"[""https://res.cloudinary.com/thinking/image/upload/c_thumb,w_1500,h_1000,c_limit/v1642681345/fantini/IMM_27_02_A713BUCX_1698315956.jpg"", ""https://res.cloudinary.com/thinking/image/upload/q_auto:eco/fantiniProduzione/IMM_27_02_A713BUCX_1698315956.jpg""]",[],fantini sanitare
7201,1144,27P5A713BUCX+4400A713AU,Matte Gun Metal Pvd,https://www.fantini.it/en-us/product/50-5344-27p5a713bucx,"[""https://res.cloudinary.com/thinking/image/upload/c_thumb,w_1500,h_1000,c_limit/v1642681345/fantini/IMM_27_P5_A713BUCX_1698679009.jpg"", ""https://res.cloudinary.com/thinking/image/upload/q_auto:eco/fantiniProduzione/IMM_27_P5_A713BUCX_1698679009.jpg""]",[],fantini sanitare
7202,1144,2793A713BUCX+4400A713AU,Brushed Stainless Steel,https://www.fantini.it/en-us/product/50-5344-2793a713bucx,"[""https://res.cloudinary.com/thinking/image/upload/c_thumb,w_1500,h_1000,c_limit/v1642681345/fantini/IMM_27_93_A713BUCX_1698679009.jpg"", ""https://res.cloudinary.com/thinking/image/upload/q_auto:eco/fantiniProduzione/IMM_27_93_A713BUCX_1698679009.jpg""]",[],fantini sanitare
7203,1145,2702A813BUCY+4400R010AU,Chrome,https://www.fantini.it/en-us/product/50-5351-2702a813bucy,"[""https://res.cloudinary.com/thinking/image/upload/c_thumb,w_1500,h_1000,c_limit/v1642681345/fantini/IMM_27_02_A813BUCY.jpg"", ""https://res.cloudinary.com/thinking/image/upload/q_auto:eco/fantiniProduzione/IMM_27_02_A813BUCY.jpg""]",[],fantini sanitare
7204,1145,27P5A813BUCY+4400R010AU,Matte Gun Metal Pvd,https://www.fantini.it/en-us/product/50-5351-27p5a813bucy,"[""https://res.cloudinary.com/thinking/image/upload/c_thumb,w_1500,h_1000,c_limit/v1642681345/fantini/IMM_27_P5_A813BUCY.jpg"", ""https://res.cloudinary.com/thinking/image/upload/q_auto:eco/fantiniProduzione/IMM_27_P5_A813BUCY.jpg""]",[],fantini sanitare
7205,1145,2793A813BUCY+4400R010AU,Brushed Stainless Steel,https://www.fantini.it/en-us/product/50-5351-2793a813bucy,"[""https://res.cloudinary.com/thinking/image/upload/c_thumb,w_1500,h_1000,c_limit/v1642681345/fantini/IMM_27_93_A813BUCY.jpg"", ""https://res.cloudinary.com/thinking/image/upload/q_auto:eco/fantiniProduzione/IMM_27_93_A813BUCY.jpg""]",[],fantini sanitare
7206,1146,2702A817BUCY+4400A817AU,Chrome,https://www.fantini.it/en-us/product/50-5367-2702a817bucy,"[""https://res.cloudinary.com/thinking/image/upload/c_thumb,w_1500,h_1000,c_limit/v1642681345/fantini/IMM_27_02_A817BUCY_7463512dd41.jpg"", ""https://res.cloudinary.com/thinking/image/upload/q_auto:eco/fantiniProduzione/IMM_27_02_A817BUCY_7463512dd41.jpg""]",[],fantini sanitare
7207,1146,27P5A817BUCY+4400A817AU,Matte Gun Metal Pvd,https://www.fantini.it/en-us/product/50-5367-27p5a817bucy,"[""https://res.cloudinary.com/thinking/image/upload/c_thumb,w_1500,h_1000,c_limit/v1642681345/fantini/IMM_27_P5_A817BUCY_746357b1649.jpg"", ""https://res.cloudinary.com/thinking/image/upload/q_auto:eco/fantiniProduzione/IMM_27_P5_A817BUCY_746357b1649.jpg""]",[],fantini sanitare
7208,1146,2793A817BUCY+4400A817AU,Brushed Stainless Steel,https://www.fantini.it/en-us/product/50-5367-2793a817bucy,"[""https://res.cloudinary.com/thinking/image/upload/c_thumb,w_1500,h_1000,c_limit/v1642681345/fantini/IMM_27_93_A817BUCY_746374e0349.jpg"", ""https://res.cloudinary.com/thinking/image/upload/q_auto:eco/fantiniProduzione/IMM_27_93_A817BUCY_746374e0349.jpg""]",[],fantini sanitare
7209,1147,81028061U,Chrome,https://www.fantini.it/en-us/product/50-3900-81028061u,"[""https://res.cloudinary.com/thinking/image/upload/c_thumb,w_1500,h_1000,c_limit/v1642681345/fantini/IMM_81_02_8061U.jpg"", ""https://res.cloudinary.com/thinking/image/upload/q_auto:eco/fantiniProduzione/IMM_81_02_8061U.jpg""]",[],fantini sanitare
7210,1147,81P58061U,Matte Gun Metal Pvd,https://www.fantini.it/en-us/product/50-3900-81p58061u,"[""https://res.cloudinary.com/thinking/image/upload/c_thumb,w_1500,h_1000,c_limit/v1642681345/fantini/IMM_81_P5_8061U.jpg"", ""https://res.cloudinary.com/thinking/image/upload/q_auto:eco/fantiniProduzione/IMM_81_P5_8061U.jpg""]",[],fantini sanitare
7211,1147,81938061U,Brushed Stainless Steel,https://www.fantini.it/en-us/product/50-3900-81938061u,"[""https://res.cloudinary.com/thinking/image/upload/c_thumb,w_1500,h_1000,c_limit/v1642681345/fantini/IMM_81_93_8061U.jpg"", ""https://res.cloudinary.com/thinking/image/upload/q_auto:eco/fantiniProduzione/IMM_81_93_8061U.jpg""]",[],fantini sanitare
7212,1148,2702A785BUCX+4400A785AU,Chrome,https://www.fantini.it/en-us/product/50-5352-2702a785bucx,"[""https://res.cloudinary.com/thinking/image/upload/c_thumb,w_1500,h_1000,c_limit/v1642681345/fantini/IMM_27_02_A785BUCX.jpg"", ""https://res.cloudinary.com/thinking/image/upload/q_auto:eco/fantiniProduzione/IMM_27_02_A785BUCX.jpg""]",[],fantini sanitare
7213,1148,27P5A785BUCX+4400A785AU,Matte Gun Metal Pvd,https://www.fantini.it/en-us/product/50-5352-27p5a785bucx,"[""https://res.cloudinary.com/thinking/image/upload/c_thumb,w_1500,h_1000,c_limit/v1642681345/fantini/IMM_27_P5_A785BUCX.jpg"", ""https://res.cloudinary.com/thinking/image/upload/q_auto:eco/fantiniProduzione/IMM_27_P5_A785BUCX.jpg""]",[],fantini sanitare
7214,1148,2793A785BUCX+4400A785AU,Brushed Stainless Steel,https://www.fantini.it/en-us/product/50-5352-2793a785bucx,"[""https://res.cloudinary.com/thinking/image/upload/c_thumb,w_1500,h_1000,c_limit/v1642681345/fantini/IMM_27_93_A785BUCX.jpg"", ""https://res.cloudinary.com/thinking/image/upload/q_auto:eco/fantiniProduzione/IMM_27_93_A785BUCX.jpg""]",[],fantini sanitare
7215,1149,2702A580BU+1700A036AU,Chrome,https://www.fantini.it/en-us/product/50-3906-2702a580bu,"[""https://res.cloudinary.com/thinking/image/upload/c_thumb,w_1500,h_1000,c_limit/v1642681345/fantini/IMM_27_02_A580BU_1668096134.jpg"", ""https://res.cloudinary.com/thinking/image/upload/q_auto:eco/fantiniProduzione/IMM_27_02_A580BU_1668096134.jpg""]",[],fantini sanitare
7216,1149,27P5A580BU+1700A036AU,Matte Gun Metal Pvd,https://www.fantini.it/en-us/product/50-3906-27p5a580bu,"[""https://res.cloudinary.com/thinking/image/upload/c_thumb,w_1500,h_1000,c_limit/v1642681345/fantini/IMM_27_P5_A580BU_1668096134.jpg"", ""https://res.cloudinary.com/thinking/image/upload/q_auto:eco/fantiniProduzione/IMM_27_P5_A580BU_1668096134.jpg""]",[],fantini sanitare
7217,1149,2793A580BU+1700A036AU,Brushed Stainless Steel,https://www.fantini.it/en-us/product/50-3906-2793a580bu,"[""https://res.cloudinary.com/thinking/image/upload/c_thumb,w_1500,h_1000,c_limit/v1642681345/fantini/IMM_27_93_A580BU_1668096134.jpg"", ""https://res.cloudinary.com/thinking/image/upload/q_auto:eco/fantiniProduzione/IMM_27_93_A580BU_1668096134.jpg""]",[],fantini sanitare
7218,1150,2702A819BUCX+4400A819AU,Chrome,https://www.fantini.it/en-us/product/50-5364-2702a819bucx,"[""https://res.cloudinary.com/thinking/image/upload/c_thumb,w_1500,h_1000,c_limit/v1642681345/fantini/IMM_27_02_A819BUCX.jpg"", ""https://res.cloudinary.com/thinking/image/upload/q_auto:eco/fantiniProduzione/IMM_27_02_A819BUCX.jpg""]",[],fantini sanitare
7219,1150,27P5A819BUCX+4400A819AU,Matte Gun Metal Pvd,https://www.fantini.it/en-us/product/50-5364-27p5a819bucx,"[""https://res.cloudinary.com/thinking/image/upload/c_thumb,w_1500,h_1000,c_limit/v1642681345/fantini/IMM_27_P5_A819BUCX_746245516dc.jpg"", ""https://res.cloudinary.com/thinking/image/upload/q_auto:eco/fantiniProduzione/IMM_27_P5_A819BUCX_746245516dc.jpg""]",[],fantini sanitare
7220,1150,2793A819BUCX+4400A819AU,Brushed Stainless Steel,https://www.fantini.it/en-us/product/50-5364-2793a819bucx,"[""https://res.cloudinary.com/thinking/image/upload/c_thumb,w_1500,h_1000,c_limit/v1642681345/fantini/IMM_27_93_A819BUCX_746263a2f8e.jpg"", ""https://res.cloudinary.com/thinking/image/upload/q_auto:eco/fantiniProduzione/IMM_27_93_A819BUCX_746263a2f8e.jpg""]",[],fantini sanitare
7500,1200,48.1130.3,Stainless Steel,https://www.fir-italia.it/eng/products_4811303_wash-basin-mixer-189-mm-high-center-distance-145-mm-long-with-clicclac-pop-up-drain,"[""https://www.fir-italia.it/upload/prodotti/img/img_big/4811303.jpg"", ""https://www.fir-italia.it/upload/prodotti/img/imgc2/221102151370_48_cop.jpg""]",[],fir italia
7501,1201,48.1140.3,Stainless Steel,https://www.fir-italia.it/eng/products_4811403_wash-basin-mixer-340-mm-high-center-distance-145-mm-long-with-clicclac-pop-up-drain,"[""https://www.fir-italia.it/upload/prodotti/img/img_big/4811403.jpg"", ""https://www.fir-italia.it/upload/prodotti/img/imgc2/221102151370_48_cop.jpg""]",[],fir italia
7502,1202,48.4121.4,Stainless Steel,https://www.fir-italia.it/eng/products_4841214_deck-mounted-water-spout-center-distance-150-mm-longenbsp233-mm-high,"[""https://www.fir-italia.it/upload/prodotti/img/img_big/4841214.jpg"", ""https://www.fir-italia.it/upload/prodotti/img/imgtecnico2/4841214_tec.jpg"", ""https://www.fir-italia.it/upload/prodotti/img/imgc2/221102151370_48_cop.jpg""]",[],fir italia
7503,1203,48.5105.0,Stainless Steel,https://www.fir-italia.it/eng/products_4851050_deck-mounted-mixer-for-water-spout,"[""https://www.fir-italia.it/upload/prodotti/img/img_big/4851050.jpg"", ""https://www.fir-italia.it/upload/prodotti/img/imgtecnico2/4851050_tec.jpg"", ""https://www.fir-italia.it/upload/prodotti/img/imgc2/221102151370_48_cop.jpg""]",[],fir italia
7504,1204,48.1826.8,Stainless Steel,https://www.fir-italia.it/eng/products_4818268_external-part-for-wall-mounted-built-in-basin-mixer-208-mm-long-center-distance-200enbspmm-long,"[""https://www.fir-italia.it/upload/prodotti/img/img_big/4818268.jpg"", ""https://www.fir-italia.it/upload/prodotti/img/imgc2/221102151370_48_cop.jpg""]",[],fir italia
7505,1205,48.5010.9,Stainless Steel,https://www.fir-italia.it/eng/products_4850109_wall-mounted-built-in-mixer,"[""https://www.fir-italia.it/upload/prodotti/img/img_big/4850109.jpg"", ""https://www.fir-italia.it/upload/prodotti/img/imgtecnico2/4850109_tec.jpg"", ""https://www.fir-italia.it/upload/prodotti/img/imgc2/221102151370_48_cop.jpg""]",[],fir italia
7506,1206,48.1020.8,Stainless Steel,https://www.fir-italia.it/eng/products_4810208_external-part-for-wall-mounted-built-in-basin-mixer-with-plate-210-mm-long-center-distance-200-mm-long,"[""https://www.fir-italia.it/upload/prodotti/img/img_big/4810208.jpg"", ""https://www.fir-italia.it/upload/prodotti/img/imgtecnico2/4810208_tec.jpg"", ""https://www.fir-italia.it/upload/prodotti/img/imgc2/221102151370_48_cop.jpg""]",[],fir italia
7507,1207,48.1300.8,Stainless Steel,https://www.fir-italia.it/eng/products_4813008_external-part-for-floor-mounted-wash-basin-mixer-1123-mm-high-center-distance-250-mm-long,"[""https://www.fir-italia.it/upload/prodotti/img/img_big/4813008.jpg"", ""https://www.fir-italia.it/upload/prodotti/img/imgtecnico2/4813008_tec.jpg"", ""https://www.fir-italia.it/upload/prodotti/img/imgc2/221102151370_48_cop.jpg""]",[],fir italia
7508,1208,48.4300.4,Stainless Steel,https://www.fir-italia.it/eng/products_4843004_floor-mounted-water-spout-12e39e39-center-distance-250-mm-long-1145-mm-high,"[""https://www.fir-italia.it/upload/prodotti/img/img_big/4843004.jpg"", ""https://www.fir-italia.it/upload/prodotti/img/imgtecnico2/4843004_tec.jpg"", ""https://www.fir-italia.it/upload/prodotti/img/imgc2/221102151370_48_cop.jpg""]",[],fir italia
7509,1209,48.3300.8,Stainless Steel,https://www.fir-italia.it/eng/products_4833008_external-part-for-floor-mounted-bath-mixer-with-shower-set,"[""https://www.fir-italia.it/upload/prodotti/img/img_big/4833008.jpg"", ""https://www.fir-italia.it/upload/prodotti/img/imgtecnico2/4833008_tec.jpg"", ""https://www.fir-italia.it/upload/prodotti/img/imgc2/221102151370_48_cop.jpg""]",[],fir italia
7510,1210,48.4200.4,Stainless Steel,https://www.fir-italia.it/eng/products_4842004_ceiling-mounted-water-spout-12e39e39-1600-mm-long,"[""https://www.fir-italia.it/upload/prodotti/img/img_big/4842004.jpg"", ""https://www.fir-italia.it/upload/prodotti/img/imgtecnico2/4842004_tec.jpg"", ""https://www.fir-italia.it/upload/prodotti/img/imgc2/221102151370_48_cop.jpg""]",[],fir italia
8000,1300,PEWC01EC - 000,Bianco lucido cod.000,https://www.ceramicagsg.it/en/products/petra-collection/petra-back-to-wall/back-to-wall-wc/,"[""https://www.ceramicagsg.it/wp-content/uploads/2025/09/PEWC01EC-000.jpg""]",[],gsg sanitare
8001,1300,PEWC01 - 001,Bianco matt cod.001,https://www.ceramicagsg.it/en/products/petra-collection/petra-back-to-wall/back-to-wall-wc/,"[""https://www.ceramicagsg.it/wp-content/uploads/2025/09/PEWC01EC-000.jpg""]",[],gsg sanitare
8002,1300,PEWC01 - 003,Nero matt cod.003,https://www.ceramicagsg.it/en/products/petra-collection/petra-back-to-wall/back-to-wall-wc/,"[""https://www.ceramicagsg.it/wp-content/uploads/2025/09/PEWC01-002.jpg"", ""https://www.ceramicagsg.it/wp-content/uploads/2025/09/PEWC01EC-000.jpg""]",[],gsg sanitare
8003,1300,PEWC01 - 013,Pergamon cod.013,https://www.ceramicagsg.it/en/products/petra-collection/petra-back-to-wall/back-to-wall-wc/,"[""https://www.ceramicagsg.it/wp-content/uploads/2025/09/PEWC01-013.jpg"", ""https://www.ceramicagsg.it/wp-content/uploads/2025/09/PEWC01EC-000.jpg""]",[],gsg sanitare
8004,1300,PEWC01 - 027,Denim satinato cod.027,https://www.ceramicagsg.it/en/products/petra-collection/petra-back-to-wall/back-to-wall-wc/,"[""https://www.ceramicagsg.it/wp-content/uploads/2025/09/PEWC01-027.jpg"", ""https://www.ceramicagsg.it/wp-content/uploads/2025/09/PEWC01EC-000.jpg""]",[],gsg sanitare
8005,1300,PEWC01 - 030,Cashmere satinato cod.030,https://www.ceramicagsg.it/en/products/petra-collection/petra-back-to-wall/back-to-wall-wc/,"[""https://www.ceramicagsg.it/wp-content/uploads/2025/09/PEWC01-030.jpg"", ""https://www.ceramicagsg.it/wp-content/uploads/2025/09/PEWC01EC-000.jpg""]",[],gsg sanitare
8006,1300,PEWC01 - 031,Salvia satinato cod.031,https://www.ceramicagsg.it/en/products/petra-collection/petra-back-to-wall/back-to-wall-wc/,"[""https://www.ceramicagsg.it/wp-content/uploads/2025/09/PEWC01-031.jpg"", ""https://www.ceramicagsg.it/wp-content/uploads/2025/09/PEWC01EC-000.jpg""]",[],gsg sanitare
8007,1300,PEWC01 - 032,Cipria satinato cod.032,https://www.ceramicagsg.it/en/products/petra-collection/petra-back-to-wall/back-to-wall-wc/,"[""https://www.ceramicagsg.it/wp-content/uploads/2025/09/PEWC01-032.jpg"", ""https://www.ceramicagsg.it/wp-content/uploads/2025/09/PEWC01EC-000.jpg""]",[],gsg sanitare
8008,1300,PEWC01EC - BI - 000 - 013,Bicolore pergamon lucido,https://www.ceramicagsg.it/en/products/petra-collection/petra-back-to-wall/back-to-wall-wc/,"[""https://www.ceramicagsg.it/wp-content/uploads/2025/10/PEWC01EC-BI-000-013.jpg"", ""https://www.ceramicagsg.it/wp-content/uploads/2025/09/PEWC01EC-000.jpg""]",[],gsg sanitare
8009,1300,PEWC01EC - BI - 000 - 027,Bicolore denim satinato,https://www.ceramicagsg.it/en/products/petra-collection/petra-back-to-wall/back-to-wall-wc/,"[""https://www.ceramicagsg.it/wp-content/uploads/2025/10/PEWC01EC-BI-000-027.jpg"", ""https://www.ceramicagsg.it/wp-content/uploads/2025/09/PEWC01EC-000.jpg""]",[],gsg sanitare
8010,1300,PEWC01EC - BI - 000 - 032,Bicolore cipria satinato,https://www.ceramicagsg.it/en/products/petra-collection/petra-back-to-wall/back-to-wall-wc/,"[""https://www.ceramicagsg.it/wp-content/uploads/2025/10/PEWC01EC-BI-000-032.jpg"", ""https://www.ceramicagsg.it/wp-content/uploads/2025/09/PEWC01EC-000.jpg""]",[],gsg sanitare
8011,1301,PEWCSOEC - 000,Bianco lucido cod.000,https://www.ceramicagsg.it/en/products/petra-collection/petra-wall-hung/wall-hung-wc-3/,"[""https://www.ceramicagsg.it/wp-content/uploads/2025/09/PEWCSOEC-000.jpg""]",[],gsg sanitare
8012,1301,PEWCSOEC - 001,Bianco matt cod.001,https://www.ceramicagsg.it/en/products/petra-collection/petra-wall-hung/wall-hung-wc-3/,"[""https://www.ceramicagsg.it/wp-content/uploads/2025/09/PEWCSOEC-000.jpg""]",[],gsg sanitare
8013,1301,PEWCSOEC - 003,Nero matt cod.003,https://www.ceramicagsg.it/en/products/petra-collection/petra-wall-hung/wall-hung-wc-3/,"[""https://www.ceramicagsg.it/wp-content/uploads/2025/09/PEWCSOEC-002.jpg"", ""https://www.ceramicagsg.it/wp-content/uploads/2025/09/PEWCSOEC-000.jpg""]",[],gsg sanitare
8014,1301,PEWCSOEC - 013,Pergamon cod.013,https://www.ceramicagsg.it/en/products/petra-collection/petra-wall-hung/wall-hung-wc-3/,"[""https://www.ceramicagsg.it/wp-content/uploads/2025/09/PEWCSOEC-013.jpg"", ""https://www.ceramicagsg.it/wp-content/uploads/2025/09/PEWCSOEC-000.jpg""]",[],gsg sanitare
8015,1301,PEWCSOEC - 027,Denim satinato cod.027,https://www.ceramicagsg.it/en/products/petra-collection/petra-wall-hung/wall-hung-wc-3/,"[""https://www.ceramicagsg.it/wp-content/uploads/2025/09/PEWCSOEC-027.jpg"", ""https://www.ceramicagsg.it/wp-content/uploads/2025/09/PEWCSOEC-000.jpg""]",[],gsg sanitare
8016,1301,PEWCSOEC - 030,Cashmere satinato cod.030,https://www.ceramicagsg.it/en/products/petra-collection/petra-wall-hung/wall-hung-wc-3/,"[""https://www.ceramicagsg.it/wp-content/uploads/2025/09/PEWCSOEC-030.jpg"", ""https://www.ceramicagsg.it/wp-content/uploads/2025/09/PEWCSOEC-000.jpg""]",[],gsg sanitare
8017,1301,PEWCSOEC - 031,Salvia satinato cod.031,https://www.ceramicagsg.it/en/products/petra-collection/petra-wall-hung/wall-hung-wc-3/,"[""https://www.ceramicagsg.it/wp-content/uploads/2025/09/PEWCSOEC-031.jpg"", ""https://www.ceramicagsg.it/wp-content/uploads/2025/09/PEWCSOEC-000.jpg""]",[],gsg sanitare
8018,1301,PEWCSOEC - 032,Cipria satinato cod.032,https://www.ceramicagsg.it/en/products/petra-collection/petra-wall-hung/wall-hung-wc-3/,"[""https://www.ceramicagsg.it/wp-content/uploads/2025/09/PEWCSOEC-032.jpg"", ""https://www.ceramicagsg.it/wp-content/uploads/2025/09/PEWCSOEC-000.jpg""]",[],gsg sanitare
8019,1301,PEWCSOEC - BI - 000 - 013,Bicolore pergamon lucido,https://www.ceramicagsg.it/en/products/petra-collection/petra-wall-hung/wall-hung-wc-3/,"[""https://www.ceramicagsg.it/wp-content/uploads/2025/10/PEWCSOEC-BI-000-013.jpg"", ""https://www.ceramicagsg.it/wp-content/uploads/2025/09/PEWCSOEC-000.jpg""]",[],gsg sanitare
8020,1301,PEWCSOEC - BI - 000 - 027,Bicolore denim satinato,https://www.ceramicagsg.it/en/products/petra-collection/petra-wall-hung/wall-hung-wc-3/,"[""https://www.ceramicagsg.it/wp-content/uploads/2025/10/PEWCSOEC-BI-000-027.jpg"", ""https://www.ceramicagsg.it/wp-content/uploads/2025/09/PEWCSOEC-000.jpg""]",[],gsg sanitare
8021,1301,PEWCSOEC - BI - 000 - 032,Bicolore cipria satinato,https://www.ceramicagsg.it/en/products/petra-collection/petra-wall-hung/wall-hung-wc-3/,"[""https://www.ceramicagsg.it/wp-content/uploads/2025/10/PEWCSOEC-BI-000-032.jpg"", ""https://www.ceramicagsg.it/wp-content/uploads/2025/09/PEWCSOEC-000.jpg""]",[],gsg sanitare
8022,1302,PEBI01 - 000,Bianco lucido cod.000,https://www.ceramicagsg.it/en/products/petra-collection/petra-back-to-wall/back-to-wall-bidet/,"[""https://www.ceramicagsg.it/wp-content/uploads/2025/09/PEBI01-000.jpg""]",[],gsg sanitare
8023,1302,PEBI01 - 001,Bianco matt cod.001,https://www.ceramicagsg.it/en/products/petra-collection/petra-back-to-wall/back-to-wall-bidet/,"[""https://www.ceramicagsg.it/wp-content/uploads/2025/09/PEBI01-000.jpg""]",[],gsg sanitare
8024,1302,PEBI01 - 003,Nero matt cod.003,https://www.ceramicagsg.it/en/products/petra-collection/petra-back-to-wall/back-to-wall-bidet/,"[""https://www.ceramicagsg.it/wp-content/uploads/2025/09/PEBI01-002.jpg"", ""https://www.ceramicagsg.it/wp-content/uploads/2025/09/PEBI01-000.jpg""]",[],gsg sanitare
8025,1302,PEBI01 - 013,Pergamon cod.013,https://www.ceramicagsg.it/en/products/petra-collection/petra-back-to-wall/back-to-wall-bidet/,"[""https://www.ceramicagsg.it/wp-content/uploads/2025/09/PEBI01-013.jpg"", ""https://www.ceramicagsg.it/wp-content/uploads/2025/09/PEBI01-000.jpg""]",[],gsg sanitare
8026,1302,PEBI01 - 027,Denim satinato cod.027,https://www.ceramicagsg.it/en/products/petra-collection/petra-back-to-wall/back-to-wall-bidet/,"[""https://www.ceramicagsg.it/wp-content/uploads/2025/09/PEBI01-027.jpg"", ""https://www.ceramicagsg.it/wp-content/uploads/2025/09/PEBI01-000.jpg""]",[],gsg sanitare
8027,1302,PEBI01 - 030,Cashmere satinato cod.030,https://www.ceramicagsg.it/en/products/petra-collection/petra-back-to-wall/back-to-wall-bidet/,"[""https://www.ceramicagsg.it/wp-content/uploads/2025/09/PEBI01-030.jpg"", ""https://www.ceramicagsg.it/wp-content/uploads/2025/09/PEBI01-000.jpg""]",[],gsg sanitare
8028,1302,PEBI01 - 031,Salvia satinato cod.031,https://www.ceramicagsg.it/en/products/petra-collection/petra-back-to-wall/back-to-wall-bidet/,"[""https://www.ceramicagsg.it/wp-content/uploads/2025/09/PEBI01-031.jpg"", ""https://www.ceramicagsg.it/wp-content/uploads/2025/09/PEBI01-000.jpg""]",[],gsg sanitare
8029,1302,PEBI01 - 032,Cipria satinato cod.032,https://www.ceramicagsg.it/en/products/petra-collection/petra-back-to-wall/back-to-wall-bidet/,"[""https://www.ceramicagsg.it/wp-content/uploads/2025/09/PEBI01-032.jpg"", ""https://www.ceramicagsg.it/wp-content/uploads/2025/09/PEBI01-000.jpg""]",[],gsg sanitare
8030,1302,PEBI01 - BI - 000 - 013,Bicolore pergamon lucido,https://www.ceramicagsg.it/en/products/petra-collection/petra-back-to-wall/back-to-wall-bidet/,"[""https://www.ceramicagsg.it/wp-content/uploads/2025/10/PEBI01-BI-000-013.jpg"", ""https://www.ceramicagsg.it/wp-content/uploads/2025/09/PEBI01-000.jpg""]",[],gsg sanitare
8031,1302,GSG_8031,Bicolore denim satinato,https://www.ceramicagsg.it/en/products/petra-collection/petra-back-to-wall/back-to-wall-bidet/,"[""https://www.ceramicagsg.it/wp-content/uploads/2025/10/PEBI01-BI-000-027.jpg"", ""https://www.ceramicagsg.it/wp-content/uploads/2025/09/PEBI01-000.jpg""]",[],gsg sanitare
8032,1302,PEBI01 - BI - 000 - 032,Bicolore cipria satinato,https://www.ceramicagsg.it/en/products/petra-collection/petra-back-to-wall/back-to-wall-bidet/,"[""https://www.ceramicagsg.it/wp-content/uploads/2025/10/PEBI01-BI-000-032.jpg"", ""https://www.ceramicagsg.it/wp-content/uploads/2025/09/PEBI01-000.jpg""]",[],gsg sanitare
8033,1303,PEBISO - 000,Bianco lucido cod.000,https://www.ceramicagsg.it/en/products/petra-collection/petra-wall-hung/wall-hung-bidet-2/,"[""https://www.ceramicagsg.it/wp-content/uploads/2025/09/PEBISO-000.jpg""]",[],gsg sanitare
8034,1303,PEBISO - 001,Bianco matt cod.001,https://www.ceramicagsg.it/en/products/petra-collection/petra-wall-hung/wall-hung-bidet-2/,"[""https://www.ceramicagsg.it/wp-content/uploads/2025/09/PEBISO-000.jpg""]",[],gsg sanitare
8035,1303,PEBISO - 003,Nero matt cod.003,https://www.ceramicagsg.it/en/products/petra-collection/petra-wall-hung/wall-hung-bidet-2/,"[""https://www.ceramicagsg.it/wp-content/uploads/2025/09/PEBISO-002.jpg"", ""https://www.ceramicagsg.it/wp-content/uploads/2025/09/PEBISO-000.jpg""]",[],gsg sanitare
8036,1303,PEBISO - 013,Pergamon cod.013,https://www.ceramicagsg.it/en/products/petra-collection/petra-wall-hung/wall-hung-bidet-2/,"[""https://www.ceramicagsg.it/wp-content/uploads/2025/09/PEBISO-013.jpg"", ""https://www.ceramicagsg.it/wp-content/uploads/2025/09/PEBISO-000.jpg""]",[],gsg sanitare
8037,1303,PEBISO - 027,Denim satinato cod.027,https://www.ceramicagsg.it/en/products/petra-collection/petra-wall-hung/wall-hung-bidet-2/,"[""https://www.ceramicagsg.it/wp-content/uploads/2025/09/PEBISO-027.jpg"", ""https://www.ceramicagsg.it/wp-content/uploads/2025/09/PEBISO-000.jpg""]",[],gsg sanitare
8038,1303,PEBISO - 030,Cashmere satinato cod.030,https://www.ceramicagsg.it/en/products/petra-collection/petra-wall-hung/wall-hung-bidet-2/,"[""https://www.ceramicagsg.it/wp-content/uploads/2025/09/PEBISO-030.jpg"", ""https://www.ceramicagsg.it/wp-content/uploads/2025/09/PEBISO-000.jpg""]",[],gsg sanitare
8039,1303,PEBISO - 031,Salvia satinato cod.031,https://www.ceramicagsg.it/en/products/petra-collection/petra-wall-hung/wall-hung-bidet-2/,"[""https://www.ceramicagsg.it/wp-content/uploads/2025/09/PEBISO-031.jpg"", ""https://www.ceramicagsg.it/wp-content/uploads/2025/09/PEBISO-000.jpg""]",[],gsg sanitare
8040,1303,PEBISO - 032,Cipria satinato cod.032,https://www.ceramicagsg.it/en/products/petra-collection/petra-wall-hung/wall-hung-bidet-2/,"[""https://www.ceramicagsg.it/wp-content/uploads/2025/09/PEBISO-032.jpg"", ""https://www.ceramicagsg.it/wp-content/uploads/2025/09/PEBISO-000.jpg""]",[],gsg sanitare
8041,1303,PEBISO - BI - 000 - 013,Bicolore pergamon lucido,https://www.ceramicagsg.it/en/products/petra-collection/petra-wall-hung/wall-hung-bidet-2/,"[""https://www.ceramicagsg.it/wp-content/uploads/2025/10/PEBISO-BI-000-013.jpg"", ""https://www.ceramicagsg.it/wp-content/uploads/2025/09/PEBISO-000.jpg""]",[],gsg sanitare
8042,1303,PEBISO - BI - 000 - 027,Bicolore denim satinato,https://www.ceramicagsg.it/en/products/petra-collection/petra-wall-hung/wall-hung-bidet-2/,"[""https://www.ceramicagsg.it/wp-content/uploads/2025/10/PEBISO-BI-000-027.jpg"", ""https://www.ceramicagsg.it/wp-content/uploads/2025/09/PEBISO-000.jpg""]",[],gsg sanitare
8043,1303,PEBISO - BI - 000 - 032,Bicolore cipria satinato,https://www.ceramicagsg.it/en/products/petra-collection/petra-wall-hung/wall-hung-bidet-2/,"[""https://www.ceramicagsg.it/wp-content/uploads/2025/10/PEBISO-BI-000-032.jpg"", ""https://www.ceramicagsg.it/wp-content/uploads/2025/09/PEBISO-000.jpg""]",[],gsg sanitare
8044,1304,GSG_8044,Bianco lucido cod.000,https://www.ceramicagsg.it/en/products/petra-collection/petra-washbasins/42-cm-column-washbasin/,"[""https://www.ceramicagsg.it/wp-content/uploads/2025/09/PELAVSECOL-000.jpg""]",[],gsg sanitare
8045,1304,GSG_8045,Bianco matt cod.001,https://www.ceramicagsg.it/en/products/petra-collection/petra-washbasins/42-cm-column-washbasin/,"[""https://www.ceramicagsg.it/wp-content/uploads/2025/09/PELAVSECOL-000.jpg""]",[],gsg sanitare
8046,1304,GSG_8046,Nero matt cod.003,https://www.ceramicagsg.it/en/products/petra-collection/petra-washbasins/42-cm-column-washbasin/,"[""https://www.ceramicagsg.it/wp-content/uploads/2025/10/PELAVSECOL-002.jpg"", ""https://www.ceramicagsg.it/wp-content/uploads/2025/09/PELAVSECOL-000.jpg""]",[],gsg sanitare
8047,1304,GSG_8047,Pergamon cod.013,https://www.ceramicagsg.it/en/products/petra-collection/petra-washbasins/42-cm-column-washbasin/,"[""https://www.ceramicagsg.it/wp-content/uploads/2025/10/PELAVSECOL-013.jpg"", ""https://www.ceramicagsg.it/wp-content/uploads/2025/09/PELAVSECOL-000.jpg""]",[],gsg sanitare
8048,1304,GSG_8048,Denim satinato cod.027,https://www.ceramicagsg.it/en/products/petra-collection/petra-washbasins/42-cm-column-washbasin/,"[""https://www.ceramicagsg.it/wp-content/uploads/2025/10/PELAVSECOL-027.jpg"", ""https://www.ceramicagsg.it/wp-content/uploads/2025/09/PELAVSECOL-000.jpg""]",[],gsg sanitare
8049,1304,GSG_8049,Cashmere satinato cod.030,https://www.ceramicagsg.it/en/products/petra-collection/petra-washbasins/42-cm-column-washbasin/,"[""https://www.ceramicagsg.it/wp-content/uploads/2025/10/PELAVSECOL-030.jpg"", ""https://www.ceramicagsg.it/wp-content/uploads/2025/09/PELAVSECOL-000.jpg""]",[],gsg sanitare
8050,1304,GSG_8050,Salvia satinato cod.031,https://www.ceramicagsg.it/en/products/petra-collection/petra-washbasins/42-cm-column-washbasin/,"[""https://www.ceramicagsg.it/wp-content/uploads/2025/10/PELAVSECOL-031.jpg"", ""https://www.ceramicagsg.it/wp-content/uploads/2025/09/PELAVSECOL-000.jpg""]",[],gsg sanitare
8051,1304,GSG_8051,Cipria satinato cod.032,https://www.ceramicagsg.it/en/products/petra-collection/petra-washbasins/42-cm-column-washbasin/,"[""https://www.ceramicagsg.it/wp-content/uploads/2025/10/PELAVSECOL-032.jpg"", ""https://www.ceramicagsg.it/wp-content/uploads/2025/09/PELAVSECOL-000.jpg""]",[],gsg sanitare
8052,1304,GSG_8052,Bicolore pergamon lucido,https://www.ceramicagsg.it/en/products/petra-collection/petra-washbasins/42-cm-column-washbasin/,"[""https://www.ceramicagsg.it/wp-content/uploads/2025/10/PELAVSECOL-BI-000-013.jpg"", ""https://www.ceramicagsg.it/wp-content/uploads/2025/09/PELAVSECOL-000.jpg""]",[],gsg sanitare
8053,1304,GSG_8053,Bicolore denim satinato,https://www.ceramicagsg.it/en/products/petra-collection/petra-washbasins/42-cm-column-washbasin/,"[""https://www.ceramicagsg.it/wp-content/uploads/2025/10/PELAVSECOL-BI-000-027.jpg"", ""https://www.ceramicagsg.it/wp-content/uploads/2025/09/PELAVSECOL-000.jpg""]",[],gsg sanitare
8054,1304,GSG_8054,Bicolore cipria satinato,https://www.ceramicagsg.it/en/products/petra-collection/petra-washbasins/42-cm-column-washbasin/,"[""https://www.ceramicagsg.it/wp-content/uploads/2025/10/PELAVSECOL-BI-000-032.jpg"", ""https://www.ceramicagsg.it/wp-content/uploads/2025/09/PELAVSECOL-000.jpg""]",[],gsg sanitare
8055,1305,GSG_8055,Bianco lucido cod.000,https://www.ceramicagsg.it/en/products/petra-collection/petra-washbasins/countertop-washbasin-42-cm/,"[""https://www.ceramicagsg.it/wp-content/uploads/2025/09/PELAV42-000.jpg""]",[],gsg sanitare
8056,1305,GSG_8056,Bianco matt cod.001,https://www.ceramicagsg.it/en/products/petra-collection/petra-washbasins/countertop-washbasin-42-cm/,"[""https://www.ceramicagsg.it/wp-content/uploads/2025/09/PELAV42-000.jpg""]",[],gsg sanitare
8057,1305,GSG_8057,Nero matt cod.003,https://www.ceramicagsg.it/en/products/petra-collection/petra-washbasins/countertop-washbasin-42-cm/,"[""https://www.ceramicagsg.it/wp-content/uploads/2025/10/PELAV42-002.jpg"", ""https://www.ceramicagsg.it/wp-content/uploads/2025/09/PELAV42-000.jpg""]",[],gsg sanitare
8058,1305,GSG_8058,Pergamon cod.013,https://www.ceramicagsg.it/en/products/petra-collection/petra-washbasins/countertop-washbasin-42-cm/,"[""https://www.ceramicagsg.it/wp-content/uploads/2025/10/PELAV42-013.jpg"", ""https://www.ceramicagsg.it/wp-content/uploads/2025/09/PELAV42-000.jpg""]",[],gsg sanitare
8059,1305,GSG_8059,Denim satinato cod.027,https://www.ceramicagsg.it/en/products/petra-collection/petra-washbasins/countertop-washbasin-42-cm/,"[""https://www.ceramicagsg.it/wp-content/uploads/2025/10/PELAV42-027.jpg"", ""https://www.ceramicagsg.it/wp-content/uploads/2025/09/PELAV42-000.jpg""]",[],gsg sanitare
8060,1305,GSG_8060,Cashmere satinato cod.030,https://www.ceramicagsg.it/en/products/petra-collection/petra-washbasins/countertop-washbasin-42-cm/,"[""https://www.ceramicagsg.it/wp-content/uploads/2025/10/PELAV42-030.jpg"", ""https://www.ceramicagsg.it/wp-content/uploads/2025/09/PELAV42-000.jpg""]",[],gsg sanitare
8061,1305,GSG_8061,Salvia satinato cod.031,https://www.ceramicagsg.it/en/products/petra-collection/petra-washbasins/countertop-washbasin-42-cm/,"[""https://www.ceramicagsg.it/wp-content/uploads/2025/10/PELAV42-031.jpg"", ""https://www.ceramicagsg.it/wp-content/uploads/2025/09/PELAV42-000.jpg""]",[],gsg sanitare
8062,1305,GSG_8062,Cipria satinato cod.032,https://www.ceramicagsg.it/en/products/petra-collection/petra-washbasins/countertop-washbasin-42-cm/,"[""https://www.ceramicagsg.it/wp-content/uploads/2025/10/PELAV42-032.jpg"", ""https://www.ceramicagsg.it/wp-content/uploads/2025/09/PELAV42-000.jpg""]",[],gsg sanitare
8063,1305,GSG_8063,Bicolore pergamon lucido,https://www.ceramicagsg.it/en/products/petra-collection/petra-washbasins/countertop-washbasin-42-cm/,"[""https://www.ceramicagsg.it/wp-content/uploads/2025/09/PELAV42-000.jpg""]",[],gsg sanitare
8064,1305,GSG_8064,Bicolore denim satinato,https://www.ceramicagsg.it/en/products/petra-collection/petra-washbasins/countertop-washbasin-42-cm/,"[""https://www.ceramicagsg.it/wp-content/uploads/2025/09/PELAV42-000.jpg""]",[],gsg sanitare
8065,1305,GSG_8065,Bicolore cipria satinato,https://www.ceramicagsg.it/en/products/petra-collection/petra-washbasins/countertop-washbasin-42-cm/,"[""https://www.ceramicagsg.it/wp-content/uploads/2025/09/PELAV42-000.jpg""]",[],gsg sanitare
8066,1306,GSG_8066,Bianco lucido cod.000,https://www.ceramicagsg.it/en/products/petra-collection/petra-washbasins/countertop-washbasin-60-cm/,"[""https://www.ceramicagsg.it/wp-content/uploads/2025/09/PELAV60-000.jpg""]",[],gsg sanitare
8067,1306,GSG_8067,Bianco matt cod.001,https://www.ceramicagsg.it/en/products/petra-collection/petra-washbasins/countertop-washbasin-60-cm/,"[""https://www.ceramicagsg.it/wp-content/uploads/2025/09/PELAV60-000.jpg""]",[],gsg sanitare
8068,1306,GSG_8068,Nero matt cod.003,https://www.ceramicagsg.it/en/products/petra-collection/petra-washbasins/countertop-washbasin-60-cm/,"[""https://www.ceramicagsg.it/wp-content/uploads/2025/10/PELAV60-002.jpg"", ""https://www.ceramicagsg.it/wp-content/uploads/2025/09/PELAV60-000.jpg""]",[],gsg sanitare
8069,1306,GSG_8069,Pergamon cod.013,https://www.ceramicagsg.it/en/products/petra-collection/petra-washbasins/countertop-washbasin-60-cm/,"[""https://www.ceramicagsg.it/wp-content/uploads/2025/10/PELAV60-013.jpg"", ""https://www.ceramicagsg.it/wp-content/uploads/2025/09/PELAV60-000.jpg""]",[],gsg sanitare
8070,1306,GSG_8070,Denim satinato cod.027,https://www.ceramicagsg.it/en/products/petra-collection/petra-washbasins/countertop-washbasin-60-cm/,"[""https://www.ceramicagsg.it/wp-content/uploads/2025/10/PELAV60-027.jpg"", ""https://www.ceramicagsg.it/wp-content/uploads/2025/09/PELAV60-000.jpg""]",[],gsg sanitare
8071,1306,GSG_8071,Cashmere satinato cod.030,https://www.ceramicagsg.it/en/products/petra-collection/petra-washbasins/countertop-washbasin-60-cm/,"[""https://www.ceramicagsg.it/wp-content/uploads/2025/10/PELAV60-030.jpg"", ""https://www.ceramicagsg.it/wp-content/uploads/2025/09/PELAV60-000.jpg""]",[],gsg sanitare
8072,1306,GSG_8072,Salvia satinato cod.031,https://www.ceramicagsg.it/en/products/petra-collection/petra-washbasins/countertop-washbasin-60-cm/,"[""https://www.ceramicagsg.it/wp-content/uploads/2025/10/PELAV60-031.jpg"", ""https://www.ceramicagsg.it/wp-content/uploads/2025/09/PELAV60-000.jpg""]",[],gsg sanitare
8073,1306,GSG_8073,Cipria satinato cod.032,https://www.ceramicagsg.it/en/products/petra-collection/petra-washbasins/countertop-washbasin-60-cm/,"[""https://www.ceramicagsg.it/wp-content/uploads/2025/10/PELAV60-032.jpg"", ""https://www.ceramicagsg.it/wp-content/uploads/2025/09/PELAV60-000.jpg""]",[],gsg sanitare
8074,1306,GSG_8074,Bicolore pergamon lucido,https://www.ceramicagsg.it/en/products/petra-collection/petra-washbasins/countertop-washbasin-60-cm/,"[""https://www.ceramicagsg.it/wp-content/uploads/2025/10/PELAV60-BI-000-013.jpg"", ""https://www.ceramicagsg.it/wp-content/uploads/2025/09/PELAV60-000.jpg""]",[],gsg sanitare
8075,1306,GSG_8075,Bicolore denim satinato,https://www.ceramicagsg.it/en/products/petra-collection/petra-washbasins/countertop-washbasin-60-cm/,"[""https://www.ceramicagsg.it/wp-content/uploads/2025/10/PELAV60-BI-000-027.jpg"", ""https://www.ceramicagsg.it/wp-content/uploads/2025/09/PELAV60-000.jpg""]",[],gsg sanitare
8076,1306,GSG_8076,Bicolore cipria satinato,https://www.ceramicagsg.it/en/products/petra-collection/petra-washbasins/countertop-washbasin-60-cm/,"[""https://www.ceramicagsg.it/wp-content/uploads/2025/10/PELAV60-BI-000-032.jpg"", ""https://www.ceramicagsg.it/wp-content/uploads/2025/09/PELAV60-000.jpg""]",[],gsg sanitare
8077,1307,GSG_8077,Bianco lucido cod.000,https://www.ceramicagsg.it/en/products/petra-collection/petra-washbasins/countertop-washbasin-80-cm/,"[""https://www.ceramicagsg.it/wp-content/uploads/2025/09/PELAV80-000.jpg""]",[],gsg sanitare
8078,1307,GSG_8078,Bianco matt cod.001,https://www.ceramicagsg.it/en/products/petra-collection/petra-washbasins/countertop-washbasin-80-cm/,"[""https://www.ceramicagsg.it/wp-content/uploads/2025/09/PELAV80-000.jpg""]",[],gsg sanitare
8079,1307,GSG_8079,Nero matt cod.003,https://www.ceramicagsg.it/en/products/petra-collection/petra-washbasins/countertop-washbasin-80-cm/,"[""https://www.ceramicagsg.it/wp-content/uploads/2025/09/PELAV80-002.jpg"", ""https://www.ceramicagsg.it/wp-content/uploads/2025/09/PELAV80-000.jpg""]",[],gsg sanitare
8080,1307,GSG_8080,Pergamon cod.013,https://www.ceramicagsg.it/en/products/petra-collection/petra-washbasins/countertop-washbasin-80-cm/,"[""https://www.ceramicagsg.it/wp-content/uploads/2025/09/PELAV80-013.jpg"", ""https://www.ceramicagsg.it/wp-content/uploads/2025/09/PELAV80-000.jpg""]",[],gsg sanitare
8081,1307,GSG_8081,Denim satinato cod.027,https://www.ceramicagsg.it/en/products/petra-collection/petra-washbasins/countertop-washbasin-80-cm/,"[""https://www.ceramicagsg.it/wp-content/uploads/2025/09/PELAV80-027.jpg"", ""https://www.ceramicagsg.it/wp-content/uploads/2025/09/PELAV80-000.jpg""]",[],gsg sanitare
8082,1307,GSG_8082,Cashmere satinato cod.030,https://www.ceramicagsg.it/en/products/petra-collection/petra-washbasins/countertop-washbasin-80-cm/,"[""https://www.ceramicagsg.it/wp-content/uploads/2025/09/PELAV80-030.jpg"", ""https://www.ceramicagsg.it/wp-content/uploads/2025/09/PELAV80-000.jpg""]",[],gsg sanitare
8083,1307,GSG_8083,Salvia satinato cod.031,https://www.ceramicagsg.it/en/products/petra-collection/petra-washbasins/countertop-washbasin-80-cm/,"[""https://www.ceramicagsg.it/wp-content/uploads/2025/09/PELAV80-031.jpg"", ""https://www.ceramicagsg.it/wp-content/uploads/2025/09/PELAV80-000.jpg""]",[],gsg sanitare
8084,1307,GSG_8084,Cipria satinato cod.032,https://www.ceramicagsg.it/en/products/petra-collection/petra-washbasins/countertop-washbasin-80-cm/,"[""https://www.ceramicagsg.it/wp-content/uploads/2025/09/PELAV80-032.jpg"", ""https://www.ceramicagsg.it/wp-content/uploads/2025/09/PELAV80-000.jpg""]",[],gsg sanitare
8085,1307,GSG_8085,Bicolore pergamon lucido,https://www.ceramicagsg.it/en/products/petra-collection/petra-washbasins/countertop-washbasin-80-cm/,"[""https://www.ceramicagsg.it/wp-content/uploads/2025/10/PELAV80-BI-000-013.jpg"", ""https://www.ceramicagsg.it/wp-content/uploads/2025/09/PELAV80-000.jpg""]",[],gsg sanitare
8086,1307,GSG_8086,Bicolore denim satinato,https://www.ceramicagsg.it/en/products/petra-collection/petra-washbasins/countertop-washbasin-80-cm/,"[""https://www.ceramicagsg.it/wp-content/uploads/2025/10/PELAV80-BI-000-027.jpg"", ""https://www.ceramicagsg.it/wp-content/uploads/2025/09/PELAV80-000.jpg""]",[],gsg sanitare
8087,1307,GSG_8087,Bicolore cipria satinato,https://www.ceramicagsg.it/en/products/petra-collection/petra-washbasins/countertop-washbasin-80-cm/,"[""https://www.ceramicagsg.it/wp-content/uploads/2025/10/PELAV80-BI-000-032.jpg"", ""https://www.ceramicagsg.it/wp-content/uploads/2025/09/PELAV80-000.jpg""]",[],gsg sanitare
8088,1308,GSG_8088,Bianco lucido cod.000,https://www.ceramicagsg.it/en/products/petra-collection/petra-washbasins/42-cm-column-washbasin-h85/,"[""https://www.ceramicagsg.it/wp-content/uploads/2025/09/PELAVCOL-000.jpg""]",[],gsg sanitare
8089,1308,GSG_8089,Bianco matt cod.001,https://www.ceramicagsg.it/en/products/petra-collection/petra-washbasins/42-cm-column-washbasin-h85/,"[""https://www.ceramicagsg.it/wp-content/uploads/2025/09/PELAVCOL-000.jpg""]",[],gsg sanitare
8090,1308,GSG_8090,Nero matt cod.003,https://www.ceramicagsg.it/en/products/petra-collection/petra-washbasins/42-cm-column-washbasin-h85/,"[""https://www.ceramicagsg.it/wp-content/uploads/2025/10/PELAVCOL-002.jpg"", ""https://www.ceramicagsg.it/wp-content/uploads/2025/09/PELAVCOL-000.jpg""]",[],gsg sanitare
8091,1308,GSG_8091,Pergamon cod.013,https://www.ceramicagsg.it/en/products/petra-collection/petra-washbasins/42-cm-column-washbasin-h85/,"[""https://www.ceramicagsg.it/wp-content/uploads/2025/10/PELAVCOL-013.jpg"", ""https://www.ceramicagsg.it/wp-content/uploads/2025/09/PELAVCOL-000.jpg""]",[],gsg sanitare
8092,1308,GSG_8092,Denim satinato cod.027,https://www.ceramicagsg.it/en/products/petra-collection/petra-washbasins/42-cm-column-washbasin-h85/,"[""https://www.ceramicagsg.it/wp-content/uploads/2025/10/PELAVCOL-027.jpg"", ""https://www.ceramicagsg.it/wp-content/uploads/2025/09/PELAVCOL-000.jpg""]",[],gsg sanitare
8093,1308,GSG_8093,Cashmere satinato cod.030,https://www.ceramicagsg.it/en/products/petra-collection/petra-washbasins/42-cm-column-washbasin-h85/,"[""https://www.ceramicagsg.it/wp-content/uploads/2025/10/PELAVCOL-030.jpg"", ""https://www.ceramicagsg.it/wp-content/uploads/2025/09/PELAVCOL-000.jpg""]",[],gsg sanitare
8094,1308,GSG_8094,Salvia satinato cod.031,https://www.ceramicagsg.it/en/products/petra-collection/petra-washbasins/42-cm-column-washbasin-h85/,"[""https://www.ceramicagsg.it/wp-content/uploads/2025/10/PELAVCOL-031.jpg"", ""https://www.ceramicagsg.it/wp-content/uploads/2025/09/PELAVCOL-000.jpg""]",[],gsg sanitare
8095,1308,GSG_8095,Cipria satinato cod.032,https://www.ceramicagsg.it/en/products/petra-collection/petra-washbasins/42-cm-column-washbasin-h85/,"[""https://www.ceramicagsg.it/wp-content/uploads/2025/10/PELAVCOL-032.jpg"", ""https://www.ceramicagsg.it/wp-content/uploads/2025/09/PELAVCOL-000.jpg""]",[],gsg sanitare
8096,1308,GSG_8096,Bicolore pergamon lucido,https://www.ceramicagsg.it/en/products/petra-collection/petra-washbasins/42-cm-column-washbasin-h85/,"[""https://www.ceramicagsg.it/wp-content/uploads/2025/09/PELAVCOL-000.jpg""]",[],gsg sanitare
8097,1308,GSG_8097,Bicolore denim satinato,https://www.ceramicagsg.it/en/products/petra-collection/petra-washbasins/42-cm-column-washbasin-h85/,"[""https://www.ceramicagsg.it/wp-content/uploads/2025/09/PELAVCOL-000.jpg""]",[],gsg sanitare
8098,1308,GSG_8098,Bicolore cipria satinato,https://www.ceramicagsg.it/en/products/petra-collection/petra-washbasins/42-cm-column-washbasin-h85/,"[""https://www.ceramicagsg.it/wp-content/uploads/2025/09/PELAVCOL-000.jpg""]",[],gsg sanitare
8099,1309,VAPE - 000,Bianco lucido cod.000,https://www.ceramicagsg.it/en/products/petra-collection/petra-bathtubs/bathtub-cm-150/,"[""https://www.ceramicagsg.it/wp-content/uploads/2025/09/VAPE-000.jpg""]",[],gsg sanitare
8100,1309,VAPE - 001,Bianco matt cod.001,https://www.ceramicagsg.it/en/products/petra-collection/petra-bathtubs/bathtub-cm-150/,"[""https://www.ceramicagsg.it/wp-content/uploads/2025/09/VAPE-000.jpg""]",[],gsg sanitare
8101,1309,VAPE - 001 - TO,Total bianco matt cod.001-TO,https://www.ceramicagsg.it/en/products/petra-collection/petra-bathtubs/bathtub-cm-150/,"[""https://www.ceramicagsg.it/wp-content/uploads/2026/01/VAPE-001-TO.jpg"", ""https://www.ceramicagsg.it/wp-content/uploads/2025/09/VAPE-000.jpg""]",[],gsg sanitare
8102,1309,VAPE - 003,Nero matt cod.003,https://www.ceramicagsg.it/en/products/petra-collection/petra-bathtubs/bathtub-cm-150/,"[""https://www.ceramicagsg.it/wp-content/uploads/2025/10/VAPE-002.jpg"", ""https://www.ceramicagsg.it/wp-content/uploads/2025/09/VAPE-000.jpg""]",[],gsg sanitare
8103,1309,VAPE - 013,Pergamon cod.013,https://www.ceramicagsg.it/en/products/petra-collection/petra-bathtubs/bathtub-cm-150/,"[""https://www.ceramicagsg.it/wp-content/uploads/2025/10/VAPE-013.jpg"", ""https://www.ceramicagsg.it/wp-content/uploads/2025/09/VAPE-000.jpg""]",[],gsg sanitare
8104,1309,VAPE - 027,Denim satinato cod.027,https://www.ceramicagsg.it/en/products/petra-collection/petra-bathtubs/bathtub-cm-150/,"[""https://www.ceramicagsg.it/wp-content/uploads/2025/10/VAPE-027.jpg"", ""https://www.ceramicagsg.it/wp-content/uploads/2025/09/VAPE-000.jpg""]",[],gsg sanitare
8105,1309,VAPE - 031,Salvia satinato cod.031,https://www.ceramicagsg.it/en/products/petra-collection/petra-bathtubs/bathtub-cm-150/,"[""https://www.ceramicagsg.it/wp-content/uploads/2025/10/VAPE-031.jpg"", ""https://www.ceramicagsg.it/wp-content/uploads/2025/09/VAPE-000.jpg""]",[],gsg sanitare
8106,1309,VAPE - 032,Cipria satinato cod.032,https://www.ceramicagsg.it/en/products/petra-collection/petra-bathtubs/bathtub-cm-150/,"[""https://www.ceramicagsg.it/wp-content/uploads/2025/10/VAPE-032.jpg"", ""https://www.ceramicagsg.it/wp-content/uploads/2025/09/VAPE-000.jpg""]",[],gsg sanitare
8107,1309,VAPE - 034,Sabbia satinato cod.034,https://www.ceramicagsg.it/en/products/petra-collection/petra-bathtubs/bathtub-cm-150/,"[""https://www.ceramicagsg.it/wp-content/uploads/2025/10/VAPE-034.jpg"", ""https://www.ceramicagsg.it/wp-content/uploads/2025/09/VAPE-000.jpg""]",[],gsg sanitare
8108,1310,GSG_8108,Bianco lucido cod.000,https://www.ceramicagsg.it/en/products/cruise/sanitaryware-cruise/cruise-wc-back-to-wall-rimless/,"[""https://www.ceramicagsg.it/wp-content/uploads/2022/03/CRWC01-000.jpg""]",[],gsg sanitare
8109,1310,GSG_8109,Bianco matt cod.001,https://www.ceramicagsg.it/en/products/cruise/sanitaryware-cruise/cruise-wc-back-to-wall-rimless/,"[""https://www.ceramicagsg.it/wp-content/uploads/2022/03/CRWC01-000.jpg""]",[],gsg sanitare
8110,1310,GSG_8110,Nero matt cod.003,https://www.ceramicagsg.it/en/products/cruise/sanitaryware-cruise/cruise-wc-back-to-wall-rimless/,"[""https://www.ceramicagsg.it/wp-content/uploads/2022/03/CRWC01-002.jpg"", ""https://www.ceramicagsg.it/wp-content/uploads/2022/03/CRWC01-000.jpg""]",[],gsg sanitare
8111,1310,GSG_8111,Pergamon cod.013,https://www.ceramicagsg.it/en/products/cruise/sanitaryware-cruise/cruise-wc-back-to-wall-rimless/,"[""https://www.ceramicagsg.it/wp-content/uploads/2022/03/CRWC01-000.jpg""]",[],gsg sanitare
8112,1310,GSG_8112,Denim satinato cod.027,https://www.ceramicagsg.it/en/products/cruise/sanitaryware-cruise/cruise-wc-back-to-wall-rimless/,"[""https://www.ceramicagsg.it/wp-content/uploads/2022/03/CRWC01-027.jpg"", ""https://www.ceramicagsg.it/wp-content/uploads/2022/03/CRWC01-000.jpg""]",[],gsg sanitare
8113,1310,GSG_8113,Cashmere satinato cod.030,https://www.ceramicagsg.it/en/products/cruise/sanitaryware-cruise/cruise-wc-back-to-wall-rimless/,"[""https://www.ceramicagsg.it/wp-content/uploads/2022/03/CRWC01-030.jpg"", ""https://www.ceramicagsg.it/wp-content/uploads/2022/03/CRWC01-000.jpg""]",[],gsg sanitare
8114,1310,GSG_8114,Salvia satinato cod.031,https://www.ceramicagsg.it/en/products/cruise/sanitaryware-cruise/cruise-wc-back-to-wall-rimless/,"[""https://www.ceramicagsg.it/wp-content/uploads/2022/03/CRWC01-031.jpg"", ""https://www.ceramicagsg.it/wp-content/uploads/2022/03/CRWC01-000.jpg""]",[],gsg sanitare
8115,1310,GSG_8115,Cipria satinato cod.032,https://www.ceramicagsg.it/en/products/cruise/sanitaryware-cruise/cruise-wc-back-to-wall-rimless/,"[""https://www.ceramicagsg.it/wp-content/uploads/2022/03/CRWC01-032.jpg"", ""https://www.ceramicagsg.it/wp-content/uploads/2022/03/CRWC01-000.jpg""]",[],gsg sanitare
8116,1310,GSG_8116,Bicolore pergamon lucido,https://www.ceramicagsg.it/en/products/cruise/sanitaryware-cruise/cruise-wc-back-to-wall-rimless/,"[""https://www.ceramicagsg.it/wp-content/uploads/2022/03/CRWC01-000.jpg""]",[],gsg sanitare
8117,1310,GSG_8117,Bicolore denim satinato,https://www.ceramicagsg.it/en/products/cruise/sanitaryware-cruise/cruise-wc-back-to-wall-rimless/,"[""https://www.ceramicagsg.it/wp-content/uploads/2025/02/CRWC01-BI-000-027.jpg"", ""https://www.ceramicagsg.it/wp-content/uploads/2022/03/CRWC01-000.jpg""]",[],gsg sanitare
8118,1310,GSG_8118,Bicolore cipria satinato,https://www.ceramicagsg.it/en/products/cruise/sanitaryware-cruise/cruise-wc-back-to-wall-rimless/,"[""https://www.ceramicagsg.it/wp-content/uploads/2025/02/CRWC01-BI-000-032.jpg"", ""https://www.ceramicagsg.it/wp-content/uploads/2022/03/CRWC01-000.jpg""]",[],gsg sanitare
8119,1311,GSG_8119,Bianco lucido cod.000,https://www.ceramicagsg.it/en/products/cruise/wall-hung-wc-bidet-cruise/cruise-wc-wall-hung-rimless/,"[""https://www.ceramicagsg.it/wp-content/uploads/2022/03/CRWCSO-000.jpg""]",[],gsg sanitare
8120,1311,GSG_8120,Bianco matt cod.001,https://www.ceramicagsg.it/en/products/cruise/wall-hung-wc-bidet-cruise/cruise-wc-wall-hung-rimless/,"[""https://www.ceramicagsg.it/wp-content/uploads/2022/03/CRWCSO-000.jpg""]",[],gsg sanitare
8121,1311,GSG_8121,Nero matt cod.003,https://www.ceramicagsg.it/en/products/cruise/wall-hung-wc-bidet-cruise/cruise-wc-wall-hung-rimless/,"[""https://www.ceramicagsg.it/wp-content/uploads/2022/03/CRWCSO-002.jpg"", ""https://www.ceramicagsg.it/wp-content/uploads/2022/03/CRWCSO-000.jpg""]",[],gsg sanitare
8122,1311,GSG_8122,Pergamon cod.013,https://www.ceramicagsg.it/en/products/cruise/wall-hung-wc-bidet-cruise/cruise-wc-wall-hung-rimless/,"[""https://www.ceramicagsg.it/wp-content/uploads/2022/03/CRWCSO-000.jpg""]",[],gsg sanitare
8123,1311,GSG_8123,Denim satinato cod.027,https://www.ceramicagsg.it/en/products/cruise/wall-hung-wc-bidet-cruise/cruise-wc-wall-hung-rimless/,"[""https://www.ceramicagsg.it/wp-content/uploads/2022/03/CRWCSO-027.jpg"", ""https://www.ceramicagsg.it/wp-content/uploads/2022/03/CRWCSO-000.jpg""]",[],gsg sanitare
8124,1311,GSG_8124,Cashmere satinato cod.030,https://www.ceramicagsg.it/en/products/cruise/wall-hung-wc-bidet-cruise/cruise-wc-wall-hung-rimless/,"[""https://www.ceramicagsg.it/wp-content/uploads/2022/03/CRWCSO-030.jpg"", ""https://www.ceramicagsg.it/wp-content/uploads/2022/03/CRWCSO-000.jpg""]",[],gsg sanitare
8125,1311,GSG_8125,Salvia satinato cod.031,https://www.ceramicagsg.it/en/products/cruise/wall-hung-wc-bidet-cruise/cruise-wc-wall-hung-rimless/,"[""https://www.ceramicagsg.it/wp-content/uploads/2022/03/CRWCSO-031.jpg"", ""https://www.ceramicagsg.it/wp-content/uploads/2022/03/CRWCSO-000.jpg""]",[],gsg sanitare
8126,1311,GSG_8126,Cipria satinato cod.032,https://www.ceramicagsg.it/en/products/cruise/wall-hung-wc-bidet-cruise/cruise-wc-wall-hung-rimless/,"[""https://www.ceramicagsg.it/wp-content/uploads/2022/03/CRWCSO-032.jpg"", ""https://www.ceramicagsg.it/wp-content/uploads/2022/03/CRWCSO-000.jpg""]",[],gsg sanitare
8127,1311,GSG_8127,Bicolore pergamon lucido,https://www.ceramicagsg.it/en/products/cruise/wall-hung-wc-bidet-cruise/cruise-wc-wall-hung-rimless/,"[""https://www.ceramicagsg.it/wp-content/uploads/2022/03/CRWCSO-000.jpg""]",[],gsg sanitare
8128,1311,GSG_8128,Bicolore denim satinato,https://www.ceramicagsg.it/en/products/cruise/wall-hung-wc-bidet-cruise/cruise-wc-wall-hung-rimless/,"[""https://www.ceramicagsg.it/wp-content/uploads/2025/02/CRWCSO-BI-000-027.jpg"", ""https://www.ceramicagsg.it/wp-content/uploads/2022/03/CRWCSO-000.jpg""]",[],gsg sanitare
8129,1311,GSG_8129,Bicolore cipria satinato,https://www.ceramicagsg.it/en/products/cruise/wall-hung-wc-bidet-cruise/cruise-wc-wall-hung-rimless/,"[""https://www.ceramicagsg.it/wp-content/uploads/2025/02/CRWCSO-BI-000-032.jpg"", ""https://www.ceramicagsg.it/wp-content/uploads/2022/03/CRWCSO-000.jpg""]",[],gsg sanitare
8130,1312,GSG_8130,Bianco lucido cod.000,https://www.ceramicagsg.it/en/products/cruise/sanitaryware-cruise/cruise-bidet-back-to-wall/,"[""https://www.ceramicagsg.it/wp-content/uploads/2022/03/CRBI01-000.jpg""]",[],gsg sanitare
8131,1312,GSG_8131,Bianco matt cod.001,https://www.ceramicagsg.it/en/products/cruise/sanitaryware-cruise/cruise-bidet-back-to-wall/,"[""https://www.ceramicagsg.it/wp-content/uploads/2022/03/CRBI01-000.jpg""]",[],gsg sanitare
8132,1312,GSG_8132,Nero matt cod.003,https://www.ceramicagsg.it/en/products/cruise/sanitaryware-cruise/cruise-bidet-back-to-wall/,"[""https://www.ceramicagsg.it/wp-content/uploads/2022/03/CRBI01-002.jpg"", ""https://www.ceramicagsg.it/wp-content/uploads/2022/03/CRBI01-000.jpg""]",[],gsg sanitare
8133,1312,GSG_8133,Pergamon cod.013,https://www.ceramicagsg.it/en/products/cruise/sanitaryware-cruise/cruise-bidet-back-to-wall/,"[""https://www.ceramicagsg.it/wp-content/uploads/2022/03/CRBI01-000.jpg""]",[],gsg sanitare
8134,1312,GSG_8134,Denim satinato cod.027,https://www.ceramicagsg.it/en/products/cruise/sanitaryware-cruise/cruise-bidet-back-to-wall/,"[""https://www.ceramicagsg.it/wp-content/uploads/2022/03/CRBI01-027.jpg"", ""https://www.ceramicagsg.it/wp-content/uploads/2022/03/CRBI01-000.jpg""]",[],gsg sanitare
8135,1312,GSG_8135,Cashmere satinato cod.030,https://www.ceramicagsg.it/en/products/cruise/sanitaryware-cruise/cruise-bidet-back-to-wall/,"[""https://www.ceramicagsg.it/wp-content/uploads/2022/03/CRBI01-030.jpg"", ""https://www.ceramicagsg.it/wp-content/uploads/2022/03/CRBI01-000.jpg""]",[],gsg sanitare
8136,1312,GSG_8136,Salvia satinato cod.031,https://www.ceramicagsg.it/en/products/cruise/sanitaryware-cruise/cruise-bidet-back-to-wall/,"[""https://www.ceramicagsg.it/wp-content/uploads/2022/03/CRBI01-031.jpg"", ""https://www.ceramicagsg.it/wp-content/uploads/2022/03/CRBI01-000.jpg""]",[],gsg sanitare
8137,1312,GSG_8137,Cipria satinato cod.032,https://www.ceramicagsg.it/en/products/cruise/sanitaryware-cruise/cruise-bidet-back-to-wall/,"[""https://www.ceramicagsg.it/wp-content/uploads/2022/03/CRBI01-032.jpg"", ""https://www.ceramicagsg.it/wp-content/uploads/2022/03/CRBI01-000.jpg""]",[],gsg sanitare
8138,1312,GSG_8138,Bicolore pergamon lucido,https://www.ceramicagsg.it/en/products/cruise/sanitaryware-cruise/cruise-bidet-back-to-wall/,"[""https://www.ceramicagsg.it/wp-content/uploads/2022/03/CRBI01-000.jpg""]",[],gsg sanitare
8139,1312,GSG_8139,Bicolore denim satinato,https://www.ceramicagsg.it/en/products/cruise/sanitaryware-cruise/cruise-bidet-back-to-wall/,"[""https://www.ceramicagsg.it/wp-content/uploads/2025/02/CRBI01-BI-000-027.jpg"", ""https://www.ceramicagsg.it/wp-content/uploads/2022/03/CRBI01-000.jpg""]",[],gsg sanitare
8140,1312,GSG_8140,Bicolore cipria satinato,https://www.ceramicagsg.it/en/products/cruise/sanitaryware-cruise/cruise-bidet-back-to-wall/,"[""https://www.ceramicagsg.it/wp-content/uploads/2025/02/CRBI01-BI-000-032.jpg"", ""https://www.ceramicagsg.it/wp-content/uploads/2022/03/CRBI01-000.jpg""]",[],gsg sanitare
8141,1313,GSG_8141,Bianco lucido cod.000,https://www.ceramicagsg.it/en/products/cruise/wall-hung-wc-bidet-cruise/cruise-bidet-wall-hung-one-hole/,"[""https://www.ceramicagsg.it/wp-content/uploads/2022/03/CRBISO-000.jpg""]",[],gsg sanitare
8142,1313,GSG_8142,Bianco matt cod.001,https://www.ceramicagsg.it/en/products/cruise/wall-hung-wc-bidet-cruise/cruise-bidet-wall-hung-one-hole/,"[""https://www.ceramicagsg.it/wp-content/uploads/2022/03/CRBISO-000.jpg""]",[],gsg sanitare
8143,1313,GSG_8143,Nero matt cod.003,https://www.ceramicagsg.it/en/products/cruise/wall-hung-wc-bidet-cruise/cruise-bidet-wall-hung-one-hole/,"[""https://www.ceramicagsg.it/wp-content/uploads/2022/03/CRBISO-002.jpg"", ""https://www.ceramicagsg.it/wp-content/uploads/2022/03/CRBISO-000.jpg""]",[],gsg sanitare
8144,1313,GSG_8144,Pergamon cod.013,https://www.ceramicagsg.it/en/products/cruise/wall-hung-wc-bidet-cruise/cruise-bidet-wall-hung-one-hole/,"[""https://www.ceramicagsg.it/wp-content/uploads/2022/03/CRBISO-000.jpg""]",[],gsg sanitare
8145,1313,GSG_8145,Denim satinato cod.027,https://www.ceramicagsg.it/en/products/cruise/wall-hung-wc-bidet-cruise/cruise-bidet-wall-hung-one-hole/,"[""https://www.ceramicagsg.it/wp-content/uploads/2022/03/CRBISO-027.jpg"", ""https://www.ceramicagsg.it/wp-content/uploads/2022/03/CRBISO-000.jpg""]",[],gsg sanitare
8146,1313,GSG_8146,Cashmere satinato cod.030,https://www.ceramicagsg.it/en/products/cruise/wall-hung-wc-bidet-cruise/cruise-bidet-wall-hung-one-hole/,"[""https://www.ceramicagsg.it/wp-content/uploads/2022/03/CRBISO-030.jpg"", ""https://www.ceramicagsg.it/wp-content/uploads/2022/03/CRBISO-000.jpg""]",[],gsg sanitare
8147,1313,GSG_8147,Salvia satinato cod.031,https://www.ceramicagsg.it/en/products/cruise/wall-hung-wc-bidet-cruise/cruise-bidet-wall-hung-one-hole/,"[""https://www.ceramicagsg.it/wp-content/uploads/2022/03/CRBISO-031.jpg"", ""https://www.ceramicagsg.it/wp-content/uploads/2022/03/CRBISO-000.jpg""]",[],gsg sanitare
8148,1313,GSG_8148,Cipria satinato cod.032,https://www.ceramicagsg.it/en/products/cruise/wall-hung-wc-bidet-cruise/cruise-bidet-wall-hung-one-hole/,"[""https://www.ceramicagsg.it/wp-content/uploads/2022/03/CRBISO-032.jpg"", ""https://www.ceramicagsg.it/wp-content/uploads/2022/03/CRBISO-000.jpg""]",[],gsg sanitare
8149,1313,GSG_8149,Bicolore pergamon lucido,https://www.ceramicagsg.it/en/products/cruise/wall-hung-wc-bidet-cruise/cruise-bidet-wall-hung-one-hole/,"[""https://www.ceramicagsg.it/wp-content/uploads/2022/03/CRBISO-000.jpg""]",[],gsg sanitare
8150,1313,GSG_8150,Bicolore denim satinato,https://www.ceramicagsg.it/en/products/cruise/wall-hung-wc-bidet-cruise/cruise-bidet-wall-hung-one-hole/,"[""https://www.ceramicagsg.it/wp-content/uploads/2025/02/BRBISO-BI-000-027.jpg"", ""https://www.ceramicagsg.it/wp-content/uploads/2022/03/CRBISO-000.jpg""]",[],gsg sanitare
8151,1313,GSG_8151,Bicolore cipria satinato,https://www.ceramicagsg.it/en/products/cruise/wall-hung-wc-bidet-cruise/cruise-bidet-wall-hung-one-hole/,"[""https://www.ceramicagsg.it/wp-content/uploads/2025/02/BRBISO-BI-000-032.jpg"", ""https://www.ceramicagsg.it/wp-content/uploads/2022/03/CRBISO-000.jpg""]",[],gsg sanitare
8152,1314,GSG_8152,Bianco lucido cod.000,https://www.ceramicagsg.it/en/products/cruise/washbasins-cruise-en/cruise-round-washbasin-45/,"[""https://www.ceramicagsg.it/wp-content/uploads/2022/03/CRLAVRO45-000.jpg""]",[],gsg sanitare
8153,1314,GSG_8153,Bianco matt cod.001,https://www.ceramicagsg.it/en/products/cruise/washbasins-cruise-en/cruise-round-washbasin-45/,"[""https://www.ceramicagsg.it/wp-content/uploads/2022/03/CRLAVRO45-000.jpg""]",[],gsg sanitare
8154,1314,GSG_8154,Nero matt cod.003,https://www.ceramicagsg.it/en/products/cruise/washbasins-cruise-en/cruise-round-washbasin-45/,"[""https://www.ceramicagsg.it/wp-content/uploads/2022/03/CRLAVRO45-002.jpg"", ""https://www.ceramicagsg.it/wp-content/uploads/2022/03/CRLAVRO45-000.jpg""]",[],gsg sanitare
8155,1314,GSG_8155,Pergamon cod.013,https://www.ceramicagsg.it/en/products/cruise/washbasins-cruise-en/cruise-round-washbasin-45/,"[""https://www.ceramicagsg.it/wp-content/uploads/2022/03/CRLAVRO45-000.jpg""]",[],gsg sanitare
8156,1314,GSG_8156,Denim satinato cod.027,https://www.ceramicagsg.it/en/products/cruise/washbasins-cruise-en/cruise-round-washbasin-45/,"[""https://www.ceramicagsg.it/wp-content/uploads/2022/03/CRLAVRO45-027.jpg"", ""https://www.ceramicagsg.it/wp-content/uploads/2022/03/CRLAVRO45-000.jpg""]",[],gsg sanitare
8157,1314,GSG_8157,Cashmere satinato cod.030,https://www.ceramicagsg.it/en/products/cruise/washbasins-cruise-en/cruise-round-washbasin-45/,"[""https://www.ceramicagsg.it/wp-content/uploads/2022/03/CRLAVRO45-030.jpg"", ""https://www.ceramicagsg.it/wp-content/uploads/2022/03/CRLAVRO45-000.jpg""]",[],gsg sanitare
8158,1314,GSG_8158,Salvia satinato cod.031,https://www.ceramicagsg.it/en/products/cruise/washbasins-cruise-en/cruise-round-washbasin-45/,"[""https://www.ceramicagsg.it/wp-content/uploads/2022/03/CRLAVRO45-031.jpg"", ""https://www.ceramicagsg.it/wp-content/uploads/2022/03/CRLAVRO45-000.jpg""]",[],gsg sanitare
8159,1314,GSG_8159,Cipria satinato cod.032,https://www.ceramicagsg.it/en/products/cruise/washbasins-cruise-en/cruise-round-washbasin-45/,"[""https://www.ceramicagsg.it/wp-content/uploads/2022/03/CRLAVRO45-032.jpg"", ""https://www.ceramicagsg.it/wp-content/uploads/2022/03/CRLAVRO45-000.jpg""]",[],gsg sanitare
8160,1314,GSG_8160,Bicolore pergamon lucido,https://www.ceramicagsg.it/en/products/cruise/washbasins-cruise-en/cruise-round-washbasin-45/,"[""https://www.ceramicagsg.it/wp-content/uploads/2022/03/CRLAVRO45-000.jpg""]",[],gsg sanitare
8161,1314,GSG_8161,Bicolore denim satinato,https://www.ceramicagsg.it/en/products/cruise/washbasins-cruise-en/cruise-round-washbasin-45/,"[""https://www.ceramicagsg.it/wp-content/uploads/2025/02/CRLAVRO45-BI-000-027.jpg"", ""https://www.ceramicagsg.it/wp-content/uploads/2022/03/CRLAVRO45-000.jpg""]",[],gsg sanitare
8162,1314,GSG_8162,Bicolore cipria satinato,https://www.ceramicagsg.it/en/products/cruise/washbasins-cruise-en/cruise-round-washbasin-45/,"[""https://www.ceramicagsg.it/wp-content/uploads/2025/02/CRLAVRO45-BI-000-032.jpg"", ""https://www.ceramicagsg.it/wp-content/uploads/2022/03/CRLAVRO45-000.jpg""]",[],gsg sanitare
8163,1315,GSG_8163,Bianco lucido cod.000,https://www.ceramicagsg.it/en/products/cruise/washbasins-cruise-en/cruise-square-washbasin-45-cm/,"[""https://www.ceramicagsg.it/wp-content/uploads/2022/03/CRLAVQU45-000.jpg""]",[],gsg sanitare
8164,1315,GSG_8164,Bianco matt cod.001,https://www.ceramicagsg.it/en/products/cruise/washbasins-cruise-en/cruise-square-washbasin-45-cm/,"[""https://www.ceramicagsg.it/wp-content/uploads/2022/03/CRLAVQU45-000.jpg""]",[],gsg sanitare
8165,1315,GSG_8165,Nero matt cod.003,https://www.ceramicagsg.it/en/products/cruise/washbasins-cruise-en/cruise-square-washbasin-45-cm/,"[""https://www.ceramicagsg.it/wp-content/uploads/2022/03/CRLAVQU45-002.jpg"", ""https://www.ceramicagsg.it/wp-content/uploads/2022/03/CRLAVQU45-000.jpg""]",[],gsg sanitare
8166,1315,GSG_8166,Pergamon cod.013,https://www.ceramicagsg.it/en/products/cruise/washbasins-cruise-en/cruise-square-washbasin-45-cm/,"[""https://www.ceramicagsg.it/wp-content/uploads/2022/03/CRLAVQU45-000.jpg""]",[],gsg sanitare
8167,1315,GSG_8167,Denim satinato cod.027,https://www.ceramicagsg.it/en/products/cruise/washbasins-cruise-en/cruise-square-washbasin-45-cm/,"[""https://www.ceramicagsg.it/wp-content/uploads/2022/03/CRLAVQU45-027.jpg"", ""https://www.ceramicagsg.it/wp-content/uploads/2022/03/CRLAVQU45-000.jpg""]",[],gsg sanitare
8168,1315,GSG_8168,Cashmere satinato cod.030,https://www.ceramicagsg.it/en/products/cruise/washbasins-cruise-en/cruise-square-washbasin-45-cm/,"[""https://www.ceramicagsg.it/wp-content/uploads/2022/03/CRLAVQU45-030.jpg"", ""https://www.ceramicagsg.it/wp-content/uploads/2022/03/CRLAVQU45-000.jpg""]",[],gsg sanitare
8169,1315,GSG_8169,Salvia satinato cod.031,https://www.ceramicagsg.it/en/products/cruise/washbasins-cruise-en/cruise-square-washbasin-45-cm/,"[""https://www.ceramicagsg.it/wp-content/uploads/2022/03/CRLAVQU45-031.jpg"", ""https://www.ceramicagsg.it/wp-content/uploads/2022/03/CRLAVQU45-000.jpg""]",[],gsg sanitare
8170,1315,GSG_8170,Cipria satinato cod.032,https://www.ceramicagsg.it/en/products/cruise/washbasins-cruise-en/cruise-square-washbasin-45-cm/,"[""https://www.ceramicagsg.it/wp-content/uploads/2022/03/CRLAVQU45-032.jpg"", ""https://www.ceramicagsg.it/wp-content/uploads/2022/03/CRLAVQU45-000.jpg""]",[],gsg sanitare
8171,1315,GSG_8171,Bicolore pergamon lucido,https://www.ceramicagsg.it/en/products/cruise/washbasins-cruise-en/cruise-square-washbasin-45-cm/,"[""https://www.ceramicagsg.it/wp-content/uploads/2022/03/CRLAVQU45-000.jpg""]",[],gsg sanitare
8172,1315,GSG_8172,Bicolore denim satinato,https://www.ceramicagsg.it/en/products/cruise/washbasins-cruise-en/cruise-square-washbasin-45-cm/,"[""https://www.ceramicagsg.it/wp-content/uploads/2025/02/CRLAVQU45-BI-000-027.jpg"", ""https://www.ceramicagsg.it/wp-content/uploads/2022/03/CRLAVQU45-000.jpg""]",[],gsg sanitare
8173,1315,GSG_8173,Bicolore cipria satinato,https://www.ceramicagsg.it/en/products/cruise/washbasins-cruise-en/cruise-square-washbasin-45-cm/,"[""https://www.ceramicagsg.it/wp-content/uploads/2025/02/CRLAVQU45-BI-000-032.jpg"", ""https://www.ceramicagsg.it/wp-content/uploads/2022/03/CRLAVQU45-000.jpg""]",[],gsg sanitare
8174,1316,GSG_8174,Bianco lucido cod.000,https://www.ceramicagsg.it/en/products/cruise/washbasins-cruise-en/cruise-oval-washbasin-cm-65/,"[""https://www.ceramicagsg.it/wp-content/uploads/2022/03/CRLAVOV65-000.jpg""]",[],gsg sanitare
8175,1316,GSG_8175,Bianco matt cod.001,https://www.ceramicagsg.it/en/products/cruise/washbasins-cruise-en/cruise-oval-washbasin-cm-65/,"[""https://www.ceramicagsg.it/wp-content/uploads/2022/03/CRLAVOV65-000.jpg""]",[],gsg sanitare
8176,1316,GSG_8176,Nero matt cod.003,https://www.ceramicagsg.it/en/products/cruise/washbasins-cruise-en/cruise-oval-washbasin-cm-65/,"[""https://www.ceramicagsg.it/wp-content/uploads/2022/03/CRLAVOV65-002.jpg"", ""https://www.ceramicagsg.it/wp-content/uploads/2022/03/CRLAVOV65-000.jpg""]",[],gsg sanitare
8177,1316,GSG_8177,Pergamon cod.013,https://www.ceramicagsg.it/en/products/cruise/washbasins-cruise-en/cruise-oval-washbasin-cm-65/,"[""https://www.ceramicagsg.it/wp-content/uploads/2022/03/CRLAVOV65-000.jpg""]",[],gsg sanitare
8178,1316,GSG_8178,Denim satinato cod.027,https://www.ceramicagsg.it/en/products/cruise/washbasins-cruise-en/cruise-oval-washbasin-cm-65/,"[""https://www.ceramicagsg.it/wp-content/uploads/2022/03/CRLAVOV65-027.jpg"", ""https://www.ceramicagsg.it/wp-content/uploads/2022/03/CRLAVOV65-000.jpg""]",[],gsg sanitare
8179,1316,GSG_8179,Cashmere satinato cod.030,https://www.ceramicagsg.it/en/products/cruise/washbasins-cruise-en/cruise-oval-washbasin-cm-65/,"[""https://www.ceramicagsg.it/wp-content/uploads/2022/03/CRLAVOV65-030.jpg"", ""https://www.ceramicagsg.it/wp-content/uploads/2022/03/CRLAVOV65-000.jpg""]",[],gsg sanitare
8180,1316,GSG_8180,Salvia satinato cod.031,https://www.ceramicagsg.it/en/products/cruise/washbasins-cruise-en/cruise-oval-washbasin-cm-65/,"[""https://www.ceramicagsg.it/wp-content/uploads/2022/03/CRLAVOV65-031.jpg"", ""https://www.ceramicagsg.it/wp-content/uploads/2022/03/CRLAVOV65-000.jpg""]",[],gsg sanitare
8181,1316,GSG_8181,Cipria satinato cod.032,https://www.ceramicagsg.it/en/products/cruise/washbasins-cruise-en/cruise-oval-washbasin-cm-65/,"[""https://www.ceramicagsg.it/wp-content/uploads/2022/03/CRLAVOV65-032.jpg"", ""https://www.ceramicagsg.it/wp-content/uploads/2022/03/CRLAVOV65-000.jpg""]",[],gsg sanitare
8182,1316,GSG_8182,Bicolore pergamon lucido,https://www.ceramicagsg.it/en/products/cruise/washbasins-cruise-en/cruise-oval-washbasin-cm-65/,"[""https://www.ceramicagsg.it/wp-content/uploads/2022/03/CRLAVOV65-000.jpg""]",[],gsg sanitare
8183,1316,GSG_8183,Bicolore denim satinato,https://www.ceramicagsg.it/en/products/cruise/washbasins-cruise-en/cruise-oval-washbasin-cm-65/,"[""https://www.ceramicagsg.it/wp-content/uploads/2025/02/CRLAVOV65-BI-000-027.jpg"", ""https://www.ceramicagsg.it/wp-content/uploads/2022/03/CRLAVOV65-000.jpg""]",[],gsg sanitare
8184,1316,GSG_8184,Bicolore cipria satinato,https://www.ceramicagsg.it/en/products/cruise/washbasins-cruise-en/cruise-oval-washbasin-cm-65/,"[""https://www.ceramicagsg.it/wp-content/uploads/2025/02/CRLAVOV65-BI-000-032.jpg"", ""https://www.ceramicagsg.it/wp-content/uploads/2022/03/CRLAVOV65-000.jpg""]",[],gsg sanitare
8185,1317,GSG_8185,Bianco lucido cod.000,https://www.ceramicagsg.it/en/products/cruise/washbasins-cruise-en/cruise-oval-free-cm-80/,"[""https://www.ceramicagsg.it/wp-content/uploads/2022/03/CRLAVOV80-000.jpg""]",[],gsg sanitare
8186,1317,GSG_8186,Bianco matt cod.001,https://www.ceramicagsg.it/en/products/cruise/washbasins-cruise-en/cruise-oval-free-cm-80/,"[""https://www.ceramicagsg.it/wp-content/uploads/2022/03/CRLAVOV80-000.jpg""]",[],gsg sanitare
8187,1317,GSG_8187,Nero matt cod.003,https://www.ceramicagsg.it/en/products/cruise/washbasins-cruise-en/cruise-oval-free-cm-80/,"[""https://www.ceramicagsg.it/wp-content/uploads/2022/03/CRLAVOV80-002.jpg"", ""https://www.ceramicagsg.it/wp-content/uploads/2022/03/CRLAVOV80-000.jpg""]",[],gsg sanitare
8188,1317,GSG_8188,Pergamon cod.013,https://www.ceramicagsg.it/en/products/cruise/washbasins-cruise-en/cruise-oval-free-cm-80/,"[""https://www.ceramicagsg.it/wp-content/uploads/2022/03/CRLAVOV80-000.jpg""]",[],gsg sanitare
8189,1317,GSG_8189,Denim satinato cod.027,https://www.ceramicagsg.it/en/products/cruise/washbasins-cruise-en/cruise-oval-free-cm-80/,"[""https://www.ceramicagsg.it/wp-content/uploads/2022/03/CRLAVOV80-027.jpg"", ""https://www.ceramicagsg.it/wp-content/uploads/2022/03/CRLAVOV80-000.jpg""]",[],gsg sanitare
8190,1317,GSG_8190,Cashmere satinato cod.030,https://www.ceramicagsg.it/en/products/cruise/washbasins-cruise-en/cruise-oval-free-cm-80/,"[""https://www.ceramicagsg.it/wp-content/uploads/2022/03/CRLAVOV80-030.jpg"", ""https://www.ceramicagsg.it/wp-content/uploads/2022/03/CRLAVOV80-000.jpg""]",[],gsg sanitare
8191,1317,GSG_8191,Salvia satinato cod.031,https://www.ceramicagsg.it/en/products/cruise/washbasins-cruise-en/cruise-oval-free-cm-80/,"[""https://www.ceramicagsg.it/wp-content/uploads/2022/03/CRLAVOV80-031.jpg"", ""https://www.ceramicagsg.it/wp-content/uploads/2022/03/CRLAVOV80-000.jpg""]",[],gsg sanitare
8192,1317,GSG_8192,Cipria satinato cod.032,https://www.ceramicagsg.it/en/products/cruise/washbasins-cruise-en/cruise-oval-free-cm-80/,"[""https://www.ceramicagsg.it/wp-content/uploads/2022/03/CRLAVOV80-032.jpg"", ""https://www.ceramicagsg.it/wp-content/uploads/2022/03/CRLAVOV80-000.jpg""]",[],gsg sanitare
8193,1317,GSG_8193,Bicolore pergamon lucido,https://www.ceramicagsg.it/en/products/cruise/washbasins-cruise-en/cruise-oval-free-cm-80/,"[""https://www.ceramicagsg.it/wp-content/uploads/2022/03/CRLAVOV80-000.jpg""]",[],gsg sanitare
8194,1317,GSG_8194,Bicolore denim satinato,https://www.ceramicagsg.it/en/products/cruise/washbasins-cruise-en/cruise-oval-free-cm-80/,"[""https://www.ceramicagsg.it/wp-content/uploads/2025/02/CRLAVOV80-BI-000-027.jpg"", ""https://www.ceramicagsg.it/wp-content/uploads/2022/03/CRLAVOV80-000.jpg""]",[],gsg sanitare
8195,1317,GSG_8195,Bicolore cipria satinato,https://www.ceramicagsg.it/en/products/cruise/washbasins-cruise-en/cruise-oval-free-cm-80/,"[""https://www.ceramicagsg.it/wp-content/uploads/2025/02/CRLAVOV80-BI-000-032.jpg"", ""https://www.ceramicagsg.it/wp-content/uploads/2022/03/CRLAVOV80-000.jpg""]",[],gsg sanitare
8196,1318,GSG_8196,Bianco lucido cod.000,https://www.ceramicagsg.it/en/products/cruise/bathtubs-cruise/bathtub-free-standing/,"[""https://www.ceramicagsg.it/wp-content/uploads/2022/03/VACR-000.jpg""]",[],gsg sanitare
8197,1318,GSG_8197,Bianco matt cod.001,https://www.ceramicagsg.it/en/products/cruise/bathtubs-cruise/bathtub-free-standing/,"[""https://www.ceramicagsg.it/wp-content/uploads/2022/03/VACR-000.jpg""]",[],gsg sanitare
8198,1318,GSG_8198,Total bianco matt cod.001-TO,https://www.ceramicagsg.it/en/products/cruise/bathtubs-cruise/bathtub-free-standing/,"[""https://www.ceramicagsg.it/wp-content/uploads/2026/01/VACR-001-TO.jpg"", ""https://www.ceramicagsg.it/wp-content/uploads/2022/03/VACR-000.jpg""]",[],gsg sanitare
8199,1318,GSG_8199,Nero matt cod.003,https://www.ceramicagsg.it/en/products/cruise/bathtubs-cruise/bathtub-free-standing/,"[""https://www.ceramicagsg.it/wp-content/uploads/2022/03/VACR-002.jpg"", ""https://www.ceramicagsg.it/wp-content/uploads/2022/03/VACR-000.jpg""]",[],gsg sanitare
8200,1318,GSG_8200,Pergamon cod.013,https://www.ceramicagsg.it/en/products/cruise/bathtubs-cruise/bathtub-free-standing/,"[""https://www.ceramicagsg.it/wp-content/uploads/2022/03/VACR-000.jpg""]",[],gsg sanitare
8201,1318,GSG_8201,Denim satinato cod.027,https://www.ceramicagsg.it/en/products/cruise/bathtubs-cruise/bathtub-free-standing/,"[""https://www.ceramicagsg.it/wp-content/uploads/2022/03/VACR-027.jpg"", ""https://www.ceramicagsg.it/wp-content/uploads/2022/03/VACR-000.jpg""]",[],gsg sanitare
8202,1318,GSG_8202,Salvia satinato cod.031,https://www.ceramicagsg.it/en/products/cruise/bathtubs-cruise/bathtub-free-standing/,"[""https://www.ceramicagsg.it/wp-content/uploads/2022/03/VACR-031.jpg"", ""https://www.ceramicagsg.it/wp-content/uploads/2022/03/VACR-000.jpg""]",[],gsg sanitare
8203,1318,GSG_8203,Cipria satinato cod.032,https://www.ceramicagsg.it/en/products/cruise/bathtubs-cruise/bathtub-free-standing/,"[""https://www.ceramicagsg.it/wp-content/uploads/2022/03/VACR-032.jpg"", ""https://www.ceramicagsg.it/wp-content/uploads/2022/03/VACR-000.jpg""]",[],gsg sanitare
8204,1318,GSG_8204,Sabbia satinato cod.034,https://www.ceramicagsg.it/en/products/cruise/bathtubs-cruise/bathtub-free-standing/,"[""https://www.ceramicagsg.it/wp-content/uploads/2022/03/VACR-034.jpg"", ""https://www.ceramicagsg.it/wp-content/uploads/2022/03/VACR-000.jpg""]",[],gsg sanitare
8205,1319,GSG_8205,Bianco lucido cod.000,https://www.ceramicagsg.it/en/products/like/sanitaryware-like/wc-back-to-wall-cm-55-like/,"[""https://www.ceramicagsg.it/wp-content/uploads/2022/03/LKWC01-000.jpg""]",[],gsg sanitare
8206,1319,GSG_8206,Bianco matt cod.001,https://www.ceramicagsg.it/en/products/like/sanitaryware-like/wc-back-to-wall-cm-55-like/,"[""https://www.ceramicagsg.it/wp-content/uploads/2022/03/LKWC01-000.jpg""]",[],gsg sanitare
8207,1319,GSG_8207,Nero matt cod.003,https://www.ceramicagsg.it/en/products/like/sanitaryware-like/wc-back-to-wall-cm-55-like/,"[""https://www.ceramicagsg.it/wp-content/uploads/2022/03/LKWC01-002.jpg"", ""https://www.ceramicagsg.it/wp-content/uploads/2022/03/LKWC01-000.jpg""]",[],gsg sanitare
8208,1319,GSG_8208,Pergamon cod.013,https://www.ceramicagsg.it/en/products/like/sanitaryware-like/wc-back-to-wall-cm-55-like/,"[""https://www.ceramicagsg.it/wp-content/uploads/2022/03/LKWC01-000.jpg""]",[],gsg sanitare
8209,1319,GSG_8209,Denim satinato cod.027,https://www.ceramicagsg.it/en/products/like/sanitaryware-like/wc-back-to-wall-cm-55-like/,"[""https://www.ceramicagsg.it/wp-content/uploads/2022/03/LKWC01-027.jpg"", ""https://www.ceramicagsg.it/wp-content/uploads/2022/03/LKWC01-000.jpg""]",[],gsg sanitare
8210,1319,GSG_8210,Cashmere satinato cod.030,https://www.ceramicagsg.it/en/products/like/sanitaryware-like/wc-back-to-wall-cm-55-like/,"[""https://www.ceramicagsg.it/wp-content/uploads/2022/03/LKWC01-030.jpg"", ""https://www.ceramicagsg.it/wp-content/uploads/2022/03/LKWC01-000.jpg""]",[],gsg sanitare
8211,1319,GSG_8211,Salvia satinato cod.031,https://www.ceramicagsg.it/en/products/like/sanitaryware-like/wc-back-to-wall-cm-55-like/,"[""https://www.ceramicagsg.it/wp-content/uploads/2022/03/LKWC01-031.jpg"", ""https://www.ceramicagsg.it/wp-content/uploads/2022/03/LKWC01-000.jpg""]",[],gsg sanitare
8212,1319,GSG_8212,Cipria satinato cod.032,https://www.ceramicagsg.it/en/products/like/sanitaryware-like/wc-back-to-wall-cm-55-like/,"[""https://www.ceramicagsg.it/wp-content/uploads/2022/03/LKWC01-032.jpg"", ""https://www.ceramicagsg.it/wp-content/uploads/2022/03/LKWC01-000.jpg""]",[],gsg sanitare
8213,1319,GSG_8213,Bicolore pergamon lucido,https://www.ceramicagsg.it/en/products/like/sanitaryware-like/wc-back-to-wall-cm-55-like/,"[""https://www.ceramicagsg.it/wp-content/uploads/2022/03/LKWC01-000.jpg""]",[],gsg sanitare
8214,1319,GSG_8214,Bicolore denim satinato,https://www.ceramicagsg.it/en/products/like/sanitaryware-like/wc-back-to-wall-cm-55-like/,"[""https://www.ceramicagsg.it/wp-content/uploads/2025/02/LKWC0155-BI-000-027.jpg"", ""https://www.ceramicagsg.it/wp-content/uploads/2022/03/LKWC01-000.jpg""]",[],gsg sanitare
8215,1319,GSG_8215,Bicolore cipria satinato,https://www.ceramicagsg.it/en/products/like/sanitaryware-like/wc-back-to-wall-cm-55-like/,"[""https://www.ceramicagsg.it/wp-content/uploads/2025/02/LKWC0155-BI-000-032.jpg"", ""https://www.ceramicagsg.it/wp-content/uploads/2022/03/LKWC01-000.jpg""]",[],gsg sanitare
8216,1320,GSG_8216,Bianco lucido cod.000,https://www.ceramicagsg.it/en/products/like/wall-hung-wc-bidet-like/wc-wall-hung-rimless-with-eco-clean/,"[""https://www.ceramicagsg.it/wp-content/uploads/2022/03/LKWCSO-000.jpg""]",[],gsg sanitare
8217,1320,GSG_8217,Bianco matt cod.001,https://www.ceramicagsg.it/en/products/like/wall-hung-wc-bidet-like/wc-wall-hung-rimless-with-eco-clean/,"[""https://www.ceramicagsg.it/wp-content/uploads/2022/03/LKWCSO-000.jpg""]",[],gsg sanitare
8218,1320,GSG_8218,Nero matt cod.003,https://www.ceramicagsg.it/en/products/like/wall-hung-wc-bidet-like/wc-wall-hung-rimless-with-eco-clean/,"[""https://www.ceramicagsg.it/wp-content/uploads/2022/03/LKWCSO-002.jpg"", ""https://www.ceramicagsg.it/wp-content/uploads/2022/03/LKWCSO-000.jpg""]",[],gsg sanitare
8219,1320,GSG_8219,Pergamon cod.013,https://www.ceramicagsg.it/en/products/like/wall-hung-wc-bidet-like/wc-wall-hung-rimless-with-eco-clean/,"[""https://www.ceramicagsg.it/wp-content/uploads/2022/03/LKWCSO-000.jpg""]",[],gsg sanitare
8220,1320,GSG_8220,Denim satinato cod.027,https://www.ceramicagsg.it/en/products/like/wall-hung-wc-bidet-like/wc-wall-hung-rimless-with-eco-clean/,"[""https://www.ceramicagsg.it/wp-content/uploads/2022/03/LKWCSO-027.jpg"", ""https://www.ceramicagsg.it/wp-content/uploads/2022/03/LKWCSO-000.jpg""]",[],gsg sanitare
8221,1320,GSG_8221,Cashmere satinato cod.030,https://www.ceramicagsg.it/en/products/like/wall-hung-wc-bidet-like/wc-wall-hung-rimless-with-eco-clean/,"[""https://www.ceramicagsg.it/wp-content/uploads/2022/03/LKWCSO-030.jpg"", ""https://www.ceramicagsg.it/wp-content/uploads/2022/03/LKWCSO-000.jpg""]",[],gsg sanitare
8222,1320,GSG_8222,Salvia satinato cod.031,https://www.ceramicagsg.it/en/products/like/wall-hung-wc-bidet-like/wc-wall-hung-rimless-with-eco-clean/,"[""https://www.ceramicagsg.it/wp-content/uploads/2022/03/LKWCSO-031.jpg"", ""https://www.ceramicagsg.it/wp-content/uploads/2022/03/LKWCSO-000.jpg""]",[],gsg sanitare
8223,1320,GSG_8223,Cipria satinato cod.032,https://www.ceramicagsg.it/en/products/like/wall-hung-wc-bidet-like/wc-wall-hung-rimless-with-eco-clean/,"[""https://www.ceramicagsg.it/wp-content/uploads/2022/03/LKWCSO-032.jpg"", ""https://www.ceramicagsg.it/wp-content/uploads/2022/03/LKWCSO-000.jpg""]",[],gsg sanitare
8224,1320,GSG_8224,Bicolore pergamon lucido,https://www.ceramicagsg.it/en/products/like/wall-hung-wc-bidet-like/wc-wall-hung-rimless-with-eco-clean/,"[""https://www.ceramicagsg.it/wp-content/uploads/2022/03/LKWCSO-000.jpg""]",[],gsg sanitare
8225,1320,GSG_8225,Bicolore denim satinato,https://www.ceramicagsg.it/en/products/like/wall-hung-wc-bidet-like/wc-wall-hung-rimless-with-eco-clean/,"[""https://www.ceramicagsg.it/wp-content/uploads/2025/02/LKWCSOEC-BI-000-027.jpg"", ""https://www.ceramicagsg.it/wp-content/uploads/2022/03/LKWCSO-000.jpg""]",[],gsg sanitare
8226,1320,GSG_8226,Bicolore cipria satinato,https://www.ceramicagsg.it/en/products/like/wall-hung-wc-bidet-like/wc-wall-hung-rimless-with-eco-clean/,"[""https://www.ceramicagsg.it/wp-content/uploads/2025/02/LKWCSOEC-BI-000-032.jpg"", ""https://www.ceramicagsg.it/wp-content/uploads/2022/03/LKWCSO-000.jpg""]",[],gsg sanitare
8227,1321,GSG_8227,Bianco lucido cod.000,https://www.ceramicagsg.it/en/products/like/sanitaryware-like/bidet-back-to-wall-for-wc-cm-55-like/,"[""https://www.ceramicagsg.it/wp-content/uploads/2022/03/LKBI01-000.jpg""]",[],gsg sanitare
8228,1321,GSG_8228,Bianco matt cod.001,https://www.ceramicagsg.it/en/products/like/sanitaryware-like/bidet-back-to-wall-for-wc-cm-55-like/,"[""https://www.ceramicagsg.it/wp-content/uploads/2022/03/LKBI01-000.jpg""]",[],gsg sanitare
8229,1321,GSG_8229,Nero matt cod.003,https://www.ceramicagsg.it/en/products/like/sanitaryware-like/bidet-back-to-wall-for-wc-cm-55-like/,"[""https://www.ceramicagsg.it/wp-content/uploads/2022/03/LKBI01-002.jpg"", ""https://www.ceramicagsg.it/wp-content/uploads/2022/03/LKBI01-000.jpg""]",[],gsg sanitare
8230,1321,GSG_8230,Pergamon cod.013,https://www.ceramicagsg.it/en/products/like/sanitaryware-like/bidet-back-to-wall-for-wc-cm-55-like/,"[""https://www.ceramicagsg.it/wp-content/uploads/2022/03/LKBI01-000.jpg""]",[],gsg sanitare
8231,1321,GSG_8231,Denim satinato cod.027,https://www.ceramicagsg.it/en/products/like/sanitaryware-like/bidet-back-to-wall-for-wc-cm-55-like/,"[""https://www.ceramicagsg.it/wp-content/uploads/2022/03/LKBI01-027.jpg"", ""https://www.ceramicagsg.it/wp-content/uploads/2022/03/LKBI01-000.jpg""]",[],gsg sanitare
8232,1321,GSG_8232,Cashmere satinato cod.030,https://www.ceramicagsg.it/en/products/like/sanitaryware-like/bidet-back-to-wall-for-wc-cm-55-like/,"[""https://www.ceramicagsg.it/wp-content/uploads/2022/03/LKBI01-030.jpg"", ""https://www.ceramicagsg.it/wp-content/uploads/2022/03/LKBI01-000.jpg""]",[],gsg sanitare
8233,1321,GSG_8233,Salvia satinato cod.031,https://www.ceramicagsg.it/en/products/like/sanitaryware-like/bidet-back-to-wall-for-wc-cm-55-like/,"[""https://www.ceramicagsg.it/wp-content/uploads/2022/03/LKBI01-031.jpg"", ""https://www.ceramicagsg.it/wp-content/uploads/2022/03/LKBI01-000.jpg""]",[],gsg sanitare
8234,1321,GSG_8234,Cipria satinato cod.032,https://www.ceramicagsg.it/en/products/like/sanitaryware-like/bidet-back-to-wall-for-wc-cm-55-like/,"[""https://www.ceramicagsg.it/wp-content/uploads/2022/03/LKBI01-032.jpg"", ""https://www.ceramicagsg.it/wp-content/uploads/2022/03/LKBI01-000.jpg""]",[],gsg sanitare
8235,1321,GSG_8235,Bicolore pergamon lucido,https://www.ceramicagsg.it/en/products/like/sanitaryware-like/bidet-back-to-wall-for-wc-cm-55-like/,"[""https://www.ceramicagsg.it/wp-content/uploads/2022/03/LKBI01-000.jpg""]",[],gsg sanitare
8236,1321,GSG_8236,Bicolore denim satinato,https://www.ceramicagsg.it/en/products/like/sanitaryware-like/bidet-back-to-wall-for-wc-cm-55-like/,"[""https://www.ceramicagsg.it/wp-content/uploads/2025/02/LKBI0155-BI-000-027.jpg"", ""https://www.ceramicagsg.it/wp-content/uploads/2022/03/LKBI01-000.jpg""]",[],gsg sanitare
8237,1321,GSG_8237,Bicolore cipria satinato,https://www.ceramicagsg.it/en/products/like/sanitaryware-like/bidet-back-to-wall-for-wc-cm-55-like/,"[""https://www.ceramicagsg.it/wp-content/uploads/2025/02/LKBI0155-BI-000-032.jpg"", ""https://www.ceramicagsg.it/wp-content/uploads/2022/03/LKBI01-000.jpg""]",[],gsg sanitare
8238,1322,GSG_8238,Bianco lucido cod.000,https://www.ceramicagsg.it/en/products/like/wall-hung-wc-bidet-like/bidet-wall-hung/,"[""https://www.ceramicagsg.it/wp-content/uploads/2022/03/LKBISO-000.jpg""]",[],gsg sanitare
8239,1322,GSG_8239,Bianco matt cod.001,https://www.ceramicagsg.it/en/products/like/wall-hung-wc-bidet-like/bidet-wall-hung/,"[""https://www.ceramicagsg.it/wp-content/uploads/2022/03/LKBISO-000.jpg""]",[],gsg sanitare
8240,1322,GSG_8240,Nero matt cod.003,https://www.ceramicagsg.it/en/products/like/wall-hung-wc-bidet-like/bidet-wall-hung/,"[""https://www.ceramicagsg.it/wp-content/uploads/2022/03/LKBISO-002.jpg"", ""https://www.ceramicagsg.it/wp-content/uploads/2022/03/LKBISO-000.jpg""]",[],gsg sanitare
8241,1322,GSG_8241,Pergamon cod.013,https://www.ceramicagsg.it/en/products/like/wall-hung-wc-bidet-like/bidet-wall-hung/,"[""https://www.ceramicagsg.it/wp-content/uploads/2022/03/LKBISO-000.jpg""]",[],gsg sanitare
8242,1322,GSG_8242,Denim satinato cod.027,https://www.ceramicagsg.it/en/products/like/wall-hung-wc-bidet-like/bidet-wall-hung/,"[""https://www.ceramicagsg.it/wp-content/uploads/2022/03/LKBISO-027.jpg"", ""https://www.ceramicagsg.it/wp-content/uploads/2022/03/LKBISO-000.jpg""]",[],gsg sanitare
8243,1322,GSG_8243,Cashmere satinato cod.030,https://www.ceramicagsg.it/en/products/like/wall-hung-wc-bidet-like/bidet-wall-hung/,"[""https://www.ceramicagsg.it/wp-content/uploads/2022/03/LKBISO-030.jpg"", ""https://www.ceramicagsg.it/wp-content/uploads/2022/03/LKBISO-000.jpg""]",[],gsg sanitare
8244,1322,GSG_8244,Salvia satinato cod.031,https://www.ceramicagsg.it/en/products/like/wall-hung-wc-bidet-like/bidet-wall-hung/,"[""https://www.ceramicagsg.it/wp-content/uploads/2022/03/LKBISO-031.jpg"", ""https://www.ceramicagsg.it/wp-content/uploads/2022/03/LKBISO-000.jpg""]",[],gsg sanitare
8245,1322,GSG_8245,Cipria satinato cod.032,https://www.ceramicagsg.it/en/products/like/wall-hung-wc-bidet-like/bidet-wall-hung/,"[""https://www.ceramicagsg.it/wp-content/uploads/2022/03/LKBISO-032.jpg"", ""https://www.ceramicagsg.it/wp-content/uploads/2022/03/LKBISO-000.jpg""]",[],gsg sanitare
8246,1322,GSG_8246,Bicolore pergamon lucido,https://www.ceramicagsg.it/en/products/like/wall-hung-wc-bidet-like/bidet-wall-hung/,"[""https://www.ceramicagsg.it/wp-content/uploads/2022/03/LKBISO-000.jpg""]",[],gsg sanitare
8247,1322,GSG_8247,Bicolore denim satinato,https://www.ceramicagsg.it/en/products/like/wall-hung-wc-bidet-like/bidet-wall-hung/,"[""https://www.ceramicagsg.it/wp-content/uploads/2025/02/LKBISO-BI-000-027.jpg"", ""https://www.ceramicagsg.it/wp-content/uploads/2022/03/LKBISO-000.jpg""]",[],gsg sanitare
8248,1322,GSG_8248,Bicolore cipria satinato,https://www.ceramicagsg.it/en/products/like/wall-hung-wc-bidet-like/bidet-wall-hung/,"[""https://www.ceramicagsg.it/wp-content/uploads/2025/02/LKBISO-BI-000-032.jpg"", ""https://www.ceramicagsg.it/wp-content/uploads/2022/03/LKBISO-000.jpg""]",[],gsg sanitare
8249,1323,GSG_8249,Bianco lucido cod.000,https://www.ceramicagsg.it/en/products/like/washbasins/like-washbasin-45bw/,"[""https://www.ceramicagsg.it/wp-content/uploads/2022/03/LKLAVBW45-000.jpg""]",[],gsg sanitare
8250,1323,GSG_8250,Bianco matt cod.001,https://www.ceramicagsg.it/en/products/like/washbasins/like-washbasin-45bw/,"[""https://www.ceramicagsg.it/wp-content/uploads/2022/03/LKLAVBW45-000.jpg""]",[],gsg sanitare
8251,1323,GSG_8251,Nero matt cod.003,https://www.ceramicagsg.it/en/products/like/washbasins/like-washbasin-45bw/,"[""https://www.ceramicagsg.it/wp-content/uploads/2022/03/LKLAVBW45-002.jpg"", ""https://www.ceramicagsg.it/wp-content/uploads/2022/03/LKLAVBW45-000.jpg""]",[],gsg sanitare
8252,1323,GSG_8252,Pergamon cod.013,https://www.ceramicagsg.it/en/products/like/washbasins/like-washbasin-45bw/,"[""https://www.ceramicagsg.it/wp-content/uploads/2022/03/LKLAVBW45-000.jpg""]",[],gsg sanitare
8253,1323,GSG_8253,Denim satinato cod.027,https://www.ceramicagsg.it/en/products/like/washbasins/like-washbasin-45bw/,"[""https://www.ceramicagsg.it/wp-content/uploads/2022/03/LKLAVBW45-027.jpg"", ""https://www.ceramicagsg.it/wp-content/uploads/2022/03/LKLAVBW45-000.jpg""]",[],gsg sanitare
8254,1323,GSG_8254,Cashmere satinato cod.030,https://www.ceramicagsg.it/en/products/like/washbasins/like-washbasin-45bw/,"[""https://www.ceramicagsg.it/wp-content/uploads/2022/03/LKLAVBW45-030.jpg"", ""https://www.ceramicagsg.it/wp-content/uploads/2022/03/LKLAVBW45-000.jpg""]",[],gsg sanitare
8255,1323,GSG_8255,Salvia satinato cod.031,https://www.ceramicagsg.it/en/products/like/washbasins/like-washbasin-45bw/,"[""https://www.ceramicagsg.it/wp-content/uploads/2022/03/LKLAVBW45-031.jpg"", ""https://www.ceramicagsg.it/wp-content/uploads/2022/03/LKLAVBW45-000.jpg""]",[],gsg sanitare
8256,1323,GSG_8256,Cipria satinato cod.032,https://www.ceramicagsg.it/en/products/like/washbasins/like-washbasin-45bw/,"[""https://www.ceramicagsg.it/wp-content/uploads/2022/03/LKLAVBW45-032.jpg"", ""https://www.ceramicagsg.it/wp-content/uploads/2022/03/LKLAVBW45-000.jpg""]",[],gsg sanitare
8257,1323,GSG_8257,Bicolore pergamon lucido,https://www.ceramicagsg.it/en/products/like/washbasins/like-washbasin-45bw/,"[""https://www.ceramicagsg.it/wp-content/uploads/2022/03/LKLAVBW45-000.jpg""]",[],gsg sanitare
8258,1323,GSG_8258,Bicolore denim satinato,https://www.ceramicagsg.it/en/products/like/washbasins/like-washbasin-45bw/,"[""https://www.ceramicagsg.it/wp-content/uploads/2025/02/LKLAVBW45-BI-000-027.jpg"", ""https://www.ceramicagsg.it/wp-content/uploads/2022/03/LKLAVBW45-000.jpg""]",[],gsg sanitare
8259,1323,GSG_8259,Bicolore cipria satinato,https://www.ceramicagsg.it/en/products/like/washbasins/like-washbasin-45bw/,"[""https://www.ceramicagsg.it/wp-content/uploads/2025/02/LKLAVBW45-BI-000-032.jpg"", ""https://www.ceramicagsg.it/wp-content/uploads/2022/03/LKLAVBW45-000.jpg""]",[],gsg sanitare
8260,1324,GSG_8260,Bianco lucido cod.000,https://www.ceramicagsg.it/en/products/like/washbasins/like-washbasin-60/,"[""https://www.ceramicagsg.it/wp-content/uploads/2022/03/LKLAVBW60-000.jpg""]",[],gsg sanitare
8261,1324,GSG_8261,Bianco matt cod.001,https://www.ceramicagsg.it/en/products/like/washbasins/like-washbasin-60/,"[""https://www.ceramicagsg.it/wp-content/uploads/2022/03/LKLAVBW60-000.jpg""]",[],gsg sanitare
8262,1324,GSG_8262,Nero matt cod.003,https://www.ceramicagsg.it/en/products/like/washbasins/like-washbasin-60/,"[""https://www.ceramicagsg.it/wp-content/uploads/2022/03/LKLAVBW60-002.jpg"", ""https://www.ceramicagsg.it/wp-content/uploads/2022/03/LKLAVBW60-000.jpg""]",[],gsg sanitare
8263,1324,GSG_8263,Pergamon cod.013,https://www.ceramicagsg.it/en/products/like/washbasins/like-washbasin-60/,"[""https://www.ceramicagsg.it/wp-content/uploads/2022/03/LKLAVBW60-000.jpg""]",[],gsg sanitare
8264,1324,GSG_8264,Denim satinato cod.027,https://www.ceramicagsg.it/en/products/like/washbasins/like-washbasin-60/,"[""https://www.ceramicagsg.it/wp-content/uploads/2022/03/LKLAVBW60-027.jpg"", ""https://www.ceramicagsg.it/wp-content/uploads/2022/03/LKLAVBW60-000.jpg""]",[],gsg sanitare
8265,1324,GSG_8265,Cashmere satinato cod.030,https://www.ceramicagsg.it/en/products/like/washbasins/like-washbasin-60/,"[""https://www.ceramicagsg.it/wp-content/uploads/2022/03/LKLAVBW60-030.jpg"", ""https://www.ceramicagsg.it/wp-content/uploads/2022/03/LKLAVBW60-000.jpg""]",[],gsg sanitare
8266,1324,GSG_8266,Salvia satinato cod.031,https://www.ceramicagsg.it/en/products/like/washbasins/like-washbasin-60/,"[""https://www.ceramicagsg.it/wp-content/uploads/2022/03/LKLAVBW60-031.jpg"", ""https://www.ceramicagsg.it/wp-content/uploads/2022/03/LKLAVBW60-000.jpg""]",[],gsg sanitare
8267,1324,GSG_8267,Cipria satinato cod.032,https://www.ceramicagsg.it/en/products/like/washbasins/like-washbasin-60/,"[""https://www.ceramicagsg.it/wp-content/uploads/2022/03/LKLAVBW60-032.jpg"", ""https://www.ceramicagsg.it/wp-content/uploads/2022/03/LKLAVBW60-000.jpg""]",[],gsg sanitare
8268,1324,GSG_8268,Bicolore pergamon lucido,https://www.ceramicagsg.it/en/products/like/washbasins/like-washbasin-60/,"[""https://www.ceramicagsg.it/wp-content/uploads/2022/03/LKLAVBW60-000.jpg""]",[],gsg sanitare
8269,1324,GSG_8269,Bicolore denim satinato,https://www.ceramicagsg.it/en/products/like/washbasins/like-washbasin-60/,"[""https://www.ceramicagsg.it/wp-content/uploads/2025/02/LKLAVBW60-BI-000-027.jpg"", ""https://www.ceramicagsg.it/wp-content/uploads/2022/03/LKLAVBW60-000.jpg""]",[],gsg sanitare
8270,1324,GSG_8270,Bicolore cipria satinato,https://www.ceramicagsg.it/en/products/like/washbasins/like-washbasin-60/,"[""https://www.ceramicagsg.it/wp-content/uploads/2025/02/LKLAVBW60-BI-000-032.jpg"", ""https://www.ceramicagsg.it/wp-content/uploads/2022/03/LKLAVBW60-000.jpg""]",[],gsg sanitare
8271,1325,GSG_8271,Bianco lucido cod.000,https://www.ceramicagsg.it/en/products/moon-bathtub/moon-acrylic-bathtub-170-cm/,"[""https://www.ceramicagsg.it/wp-content/uploads/2022/03/VAMO-000.jpg""]",[],gsg sanitare
8272,1325,GSG_8272,Bianco matt cod.001,https://www.ceramicagsg.it/en/products/moon-bathtub/moon-acrylic-bathtub-170-cm/,"[""https://www.ceramicagsg.it/wp-content/uploads/2022/03/VAMO-000.jpg""]",[],gsg sanitare
8273,1325,GSG_8273,Total bianco matt cod.001-TO,https://www.ceramicagsg.it/en/products/moon-bathtub/moon-acrylic-bathtub-170-cm/,"[""https://www.ceramicagsg.it/wp-content/uploads/2026/01/VAMO-001-TO.jpg"", ""https://www.ceramicagsg.it/wp-content/uploads/2022/03/VAMO-000.jpg""]",[],gsg sanitare
8274,1325,GSG_8274,Nero matt cod.003,https://www.ceramicagsg.it/en/products/moon-bathtub/moon-acrylic-bathtub-170-cm/,"[""https://www.ceramicagsg.it/wp-content/uploads/2022/03/VAMO-002.jpg"", ""https://www.ceramicagsg.it/wp-content/uploads/2022/03/VAMO-000.jpg""]",[],gsg sanitare
8275,1325,GSG_8275,Pergamon cod.013,https://www.ceramicagsg.it/en/products/moon-bathtub/moon-acrylic-bathtub-170-cm/,"[""https://www.ceramicagsg.it/wp-content/uploads/2022/03/VAMO-000.jpg""]",[],gsg sanitare
8276,1325,GSG_8276,Denim satinato cod.027,https://www.ceramicagsg.it/en/products/moon-bathtub/moon-acrylic-bathtub-170-cm/,"[""https://www.ceramicagsg.it/wp-content/uploads/2022/03/VAMO-027.jpg"", ""https://www.ceramicagsg.it/wp-content/uploads/2022/03/VAMO-000.jpg""]",[],gsg sanitare
8277,1325,GSG_8277,Salvia satinato cod.031,https://www.ceramicagsg.it/en/products/moon-bathtub/moon-acrylic-bathtub-170-cm/,"[""https://www.ceramicagsg.it/wp-content/uploads/2022/03/VAMO-031.jpg"", ""https://www.ceramicagsg.it/wp-content/uploads/2022/03/VAMO-000.jpg""]",[],gsg sanitare
8278,1325,GSG_8278,Cipria satinato cod.032,https://www.ceramicagsg.it/en/products/moon-bathtub/moon-acrylic-bathtub-170-cm/,"[""https://www.ceramicagsg.it/wp-content/uploads/2022/03/VAMO-032.jpg"", ""https://www.ceramicagsg.it/wp-content/uploads/2022/03/VAMO-000.jpg""]",[],gsg sanitare
8279,1325,GSG_8279,Sabbia satinato cod.034,https://www.ceramicagsg.it/en/products/moon-bathtub/moon-acrylic-bathtub-170-cm/,"[""https://www.ceramicagsg.it/wp-content/uploads/2022/03/VAMO-034.jpg"", ""https://www.ceramicagsg.it/wp-content/uploads/2022/03/VAMO-000.jpg""]",[],gsg sanitare
8280,1326,GSG_8280,Bianco lucido cod.000,https://www.ceramicagsg.it/en/products/sun-bathtub/sun-acrylic-bathtub-170-cm/,"[""https://www.ceramicagsg.it/wp-content/uploads/2022/03/VASU-000.jpg""]",[],gsg sanitare
8281,1326,GSG_8281,Bianco matt cod.001,https://www.ceramicagsg.it/en/products/sun-bathtub/sun-acrylic-bathtub-170-cm/,"[""https://www.ceramicagsg.it/wp-content/uploads/2022/03/VASU-000.jpg""]",[],gsg sanitare
8282,1326,GSG_8282,Total bianco matt cod.001-TO,https://www.ceramicagsg.it/en/products/sun-bathtub/sun-acrylic-bathtub-170-cm/,"[""https://www.ceramicagsg.it/wp-content/uploads/2026/01/VASU-001-TO.jpg"", ""https://www.ceramicagsg.it/wp-content/uploads/2022/03/VASU-000.jpg""]",[],gsg sanitare
8283,1326,GSG_8283,Nero matt cod.003,https://www.ceramicagsg.it/en/products/sun-bathtub/sun-acrylic-bathtub-170-cm/,"[""https://www.ceramicagsg.it/wp-content/uploads/2022/03/VASU-002.jpg"", ""https://www.ceramicagsg.it/wp-content/uploads/2022/03/VASU-000.jpg""]",[],gsg sanitare
8284,1326,GSG_8284,Pergamon cod.013,https://www.ceramicagsg.it/en/products/sun-bathtub/sun-acrylic-bathtub-170-cm/,"[""https://www.ceramicagsg.it/wp-content/uploads/2022/03/VASU-000.jpg""]",[],gsg sanitare
8285,1326,GSG_8285,Denim satinato cod.027,https://www.ceramicagsg.it/en/products/sun-bathtub/sun-acrylic-bathtub-170-cm/,"[""https://www.ceramicagsg.it/wp-content/uploads/2022/03/VASU-027.jpg"", ""https://www.ceramicagsg.it/wp-content/uploads/2022/03/VASU-000.jpg""]",[],gsg sanitare
8286,1326,GSG_8286,Salvia satinato cod.031,https://www.ceramicagsg.it/en/products/sun-bathtub/sun-acrylic-bathtub-170-cm/,"[""https://www.ceramicagsg.it/wp-content/uploads/2022/03/VASU-031.jpg"", ""https://www.ceramicagsg.it/wp-content/uploads/2022/03/VASU-000.jpg""]",[],gsg sanitare
8287,1326,GSG_8287,Cipria satinato cod.032,https://www.ceramicagsg.it/en/products/sun-bathtub/sun-acrylic-bathtub-170-cm/,"[""https://www.ceramicagsg.it/wp-content/uploads/2022/03/VASU-032.jpg"", ""https://www.ceramicagsg.it/wp-content/uploads/2022/03/VASU-000.jpg""]",[],gsg sanitare
8288,1326,GSG_8288,Sabbia satinato cod.034,https://www.ceramicagsg.it/en/products/sun-bathtub/sun-acrylic-bathtub-170-cm/,"[""https://www.ceramicagsg.it/wp-content/uploads/2022/03/VASU-034.jpg"", ""https://www.ceramicagsg.it/wp-content/uploads/2022/03/VASU-000.jpg""]",[],gsg sanitare
8500,1400,MORE_8500,Leather Lugano / 2204,https://www.more-moebel.de/en/item/oso-easy-chair,"[""https://www.more-moebel.de/upload/items/174/oso-easy-chair-photo_l.jpg"", ""https://www.more-moebel.de/upload/ph/794/file_url.jpg"", ""https://www.more-moebel.de/upload/ph/795/file_url.jpg"", ""https://www.more-moebel.de/upload/ph/796/file_url.jpg""]",[],more mobilier
8501,1400,MORE_8501,Linara / 98 / truffle,https://www.more-moebel.de/en/item/oso-easy-chair,"[""https://www.more-moebel.de/upload/items/174/oso-easy-chair-photo_l.jpg"", ""https://www.more-moebel.de/upload/ph/794/file_url.jpg"", ""https://www.more-moebel.de/upload/ph/795/file_url.jpg"", ""https://www.more-moebel.de/upload/ph/796/file_url.jpg""]",[],more mobilier
8502,1400,MORE_8502,Leather Lugano / 0509,https://www.more-moebel.de/en/item/oso-easy-chair,"[""https://www.more-moebel.de/upload/items/174/oso-easy-chair-photo_l.jpg"", ""https://www.more-moebel.de/upload/ph/794/file_url.jpg"", ""https://www.more-moebel.de/upload/ph/795/file_url.jpg"", ""https://www.more-moebel.de/upload/ph/796/file_url.jpg""]",[],more mobilier
8503,1400,MORE_8503,Linara / 192 / chinchilla,https://www.more-moebel.de/en/item/oso-easy-chair,"[""https://www.more-moebel.de/upload/items/174/oso-easy-chair-photo_l.jpg"", ""https://www.more-moebel.de/upload/ph/794/file_url.jpg"", ""https://www.more-moebel.de/upload/ph/795/file_url.jpg"", ""https://www.more-moebel.de/upload/ph/796/file_url.jpg""]",[],more mobilier
8504,1400,MORE_8504,Leather Lugano / 2594,https://www.more-moebel.de/en/item/oso-easy-chair,"[""https://www.more-moebel.de/upload/items/174/oso-easy-chair-photo_l.jpg"", ""https://www.more-moebel.de/upload/ph/794/file_url.jpg"", ""https://www.more-moebel.de/upload/ph/795/file_url.jpg"", ""https://www.more-moebel.de/upload/ph/796/file_url.jpg""]",[],more mobilier
8505,1400,MORE_8505,Linara / 197 / gris,https://www.more-moebel.de/en/item/oso-easy-chair,"[""https://www.more-moebel.de/upload/items/174/oso-easy-chair-photo_l.jpg"", ""https://www.more-moebel.de/upload/ph/794/file_url.jpg"", ""https://www.more-moebel.de/upload/ph/795/file_url.jpg"", ""https://www.more-moebel.de/upload/ph/796/file_url.jpg""]",[],more mobilier
8506,1400,MORE_8506,Leather Orta / 3654,https://www.more-moebel.de/en/item/oso-easy-chair,"[""https://www.more-moebel.de/upload/items/174/oso-easy-chair-photo_l.jpg"", ""https://www.more-moebel.de/upload/ph/794/file_url.jpg"", ""https://www.more-moebel.de/upload/ph/795/file_url.jpg"", ""https://www.more-moebel.de/upload/ph/796/file_url.jpg""]",[],more mobilier
8507,1400,MORE_8507,Linara / 210 / feathergrey,https://www.more-moebel.de/en/item/oso-easy-chair,"[""https://www.more-moebel.de/upload/items/174/oso-easy-chair-photo_l.jpg"", ""https://www.more-moebel.de/upload/ph/794/file_url.jpg"", ""https://www.more-moebel.de/upload/ph/795/file_url.jpg"", ""https://www.more-moebel.de/upload/ph/796/file_url.jpg""]",[],more mobilier
8508,1400,MORE_8508,Leather Orta / 2159,https://www.more-moebel.de/en/item/oso-easy-chair,"[""https://www.more-moebel.de/upload/items/174/oso-easy-chair-photo_l.jpg"", ""https://www.more-moebel.de/upload/ph/794/file_url.jpg"", ""https://www.more-moebel.de/upload/ph/795/file_url.jpg"", ""https://www.more-moebel.de/upload/ph/796/file_url.jpg""]",[],more mobilier
8509,1400,MORE_8509,Rami / 6810,https://www.more-moebel.de/en/item/oso-easy-chair,"[""https://www.more-moebel.de/upload/items/174/oso-easy-chair-photo_l.jpg"", ""https://www.more-moebel.de/upload/ph/794/file_url.jpg"", ""https://www.more-moebel.de/upload/ph/795/file_url.jpg"", ""https://www.more-moebel.de/upload/ph/796/file_url.jpg""]",[],more mobilier
8510,1400,MORE_8510,leather Orta / 2491,https://www.more-moebel.de/en/item/oso-easy-chair,"[""https://www.more-moebel.de/upload/items/174/oso-easy-chair-photo_l.jpg"", ""https://www.more-moebel.de/upload/ph/794/file_url.jpg"", ""https://www.more-moebel.de/upload/ph/795/file_url.jpg"", ""https://www.more-moebel.de/upload/ph/796/file_url.jpg""]",[],more mobilier
8511,1400,MORE_8511,Clunis / 05,https://www.more-moebel.de/en/item/oso-easy-chair,"[""https://www.more-moebel.de/upload/items/174/oso-easy-chair-photo_l.jpg"", ""https://www.more-moebel.de/upload/ph/794/file_url.jpg"", ""https://www.more-moebel.de/upload/ph/795/file_url.jpg"", ""https://www.more-moebel.de/upload/ph/796/file_url.jpg""]",[],more mobilier
8512,1400,MORE_8512,Leather Orta / 1431,https://www.more-moebel.de/en/item/oso-easy-chair,"[""https://www.more-moebel.de/upload/items/174/oso-easy-chair-photo_l.jpg"", ""https://www.more-moebel.de/upload/ph/794/file_url.jpg"", ""https://www.more-moebel.de/upload/ph/795/file_url.jpg"", ""https://www.more-moebel.de/upload/ph/796/file_url.jpg""]",[],more mobilier
8513,1400,MORE_8513,Gent / 02,https://www.more-moebel.de/en/item/oso-easy-chair,"[""https://www.more-moebel.de/upload/items/174/oso-easy-chair-photo_l.jpg"", ""https://www.more-moebel.de/upload/ph/794/file_url.jpg"", ""https://www.more-moebel.de/upload/ph/795/file_url.jpg"", ""https://www.more-moebel.de/upload/ph/796/file_url.jpg""]",[],more mobilier
8514,1401,MORE_8514,Leather Lugano / 2204,https://www.more-moebel.de/en/item/sova-lounge-chair,"[""https://www.more-moebel.de/upload/items/138/sova-lounge-chair-new-photo_l.jpg"", ""https://www.more-moebel.de/upload/ph/623/file_url.jpg"", ""https://www.more-moebel.de/upload/ph/624/file_url.jpg"", ""https://www.more-moebel.de/upload/ph/625/file_url.jpg"", ""https://www.more-moebel.de/upload/ph/626/file_url.jpg""]",[],more mobilier
8515,1401,MORE_8515,Linara / 98 / truffle,https://www.more-moebel.de/en/item/sova-lounge-chair,"[""https://www.more-moebel.de/upload/items/138/sova-lounge-chair-new-photo_l.jpg"", ""https://www.more-moebel.de/upload/ph/623/file_url.jpg"", ""https://www.more-moebel.de/upload/ph/624/file_url.jpg"", ""https://www.more-moebel.de/upload/ph/625/file_url.jpg"", ""https://www.more-moebel.de/upload/ph/626/file_url.jpg""]",[],more mobilier
8516,1401,MORE_8516,Leather Lugano / 0509,https://www.more-moebel.de/en/item/sova-lounge-chair,"[""https://www.more-moebel.de/upload/items/138/sova-lounge-chair-new-photo_l.jpg"", ""https://www.more-moebel.de/upload/ph/623/file_url.jpg"", ""https://www.more-moebel.de/upload/ph/624/file_url.jpg"", ""https://www.more-moebel.de/upload/ph/625/file_url.jpg"", ""https://www.more-moebel.de/upload/ph/626/file_url.jpg""]",[],more mobilier
8517,1401,MORE_8517,Linara / 192 / chinchilla,https://www.more-moebel.de/en/item/sova-lounge-chair,"[""https://www.more-moebel.de/upload/items/138/sova-lounge-chair-new-photo_l.jpg"", ""https://www.more-moebel.de/upload/ph/623/file_url.jpg"", ""https://www.more-moebel.de/upload/ph/624/file_url.jpg"", ""https://www.more-moebel.de/upload/ph/625/file_url.jpg"", ""https://www.more-moebel.de/upload/ph/626/file_url.jpg""]",[],more mobilier
8518,1401,MORE_8518,Leather Lugano / 2594,https://www.more-moebel.de/en/item/sova-lounge-chair,"[""https://www.more-moebel.de/upload/items/138/sova-lounge-chair-new-photo_l.jpg"", ""https://www.more-moebel.de/upload/ph/623/file_url.jpg"", ""https://www.more-moebel.de/upload/ph/624/file_url.jpg"", ""https://www.more-moebel.de/upload/ph/625/file_url.jpg"", ""https://www.more-moebel.de/upload/ph/626/file_url.jpg""]",[],more mobilier
8519,1401,MORE_8519,Linara / 197 / gris,https://www.more-moebel.de/en/item/sova-lounge-chair,"[""https://www.more-moebel.de/upload/items/138/sova-lounge-chair-new-photo_l.jpg"", ""https://www.more-moebel.de/upload/ph/623/file_url.jpg"", ""https://www.more-moebel.de/upload/ph/624/file_url.jpg"", ""https://www.more-moebel.de/upload/ph/625/file_url.jpg"", ""https://www.more-moebel.de/upload/ph/626/file_url.jpg""]",[],more mobilier
8520,1401,MORE_8520,Leather Orta / 3654,https://www.more-moebel.de/en/item/sova-lounge-chair,"[""https://www.more-moebel.de/upload/items/138/sova-lounge-chair-new-photo_l.jpg"", ""https://www.more-moebel.de/upload/ph/623/file_url.jpg"", ""https://www.more-moebel.de/upload/ph/624/file_url.jpg"", ""https://www.more-moebel.de/upload/ph/625/file_url.jpg"", ""https://www.more-moebel.de/upload/ph/626/file_url.jpg""]",[],more mobilier
8521,1401,MORE_8521,Linara / 210 / feathergrey,https://www.more-moebel.de/en/item/sova-lounge-chair,"[""https://www.more-moebel.de/upload/items/138/sova-lounge-chair-new-photo_l.jpg"", ""https://www.more-moebel.de/upload/ph/623/file_url.jpg"", ""https://www.more-moebel.de/upload/ph/624/file_url.jpg"", ""https://www.more-moebel.de/upload/ph/625/file_url.jpg"", ""https://www.more-moebel.de/upload/ph/626/file_url.jpg""]",[],more mobilier
8522,1401,MORE_8522,Leather Orta / 2159,https://www.more-moebel.de/en/item/sova-lounge-chair,"[""https://www.more-moebel.de/upload/items/138/sova-lounge-chair-new-photo_l.jpg"", ""https://www.more-moebel.de/upload/ph/623/file_url.jpg"", ""https://www.more-moebel.de/upload/ph/624/file_url.jpg"", ""https://www.more-moebel.de/upload/ph/625/file_url.jpg"", ""https://www.more-moebel.de/upload/ph/626/file_url.jpg""]",[],more mobilier
8523,1401,MORE_8523,Rami / 6810,https://www.more-moebel.de/en/item/sova-lounge-chair,"[""https://www.more-moebel.de/upload/items/138/sova-lounge-chair-new-photo_l.jpg"", ""https://www.more-moebel.de/upload/ph/623/file_url.jpg"", ""https://www.more-moebel.de/upload/ph/624/file_url.jpg"", ""https://www.more-moebel.de/upload/ph/625/file_url.jpg"", ""https://www.more-moebel.de/upload/ph/626/file_url.jpg""]",[],more mobilier
8524,1401,MORE_8524,leather Orta / 2491,https://www.more-moebel.de/en/item/sova-lounge-chair,"[""https://www.more-moebel.de/upload/items/138/sova-lounge-chair-new-photo_l.jpg"", ""https://www.more-moebel.de/upload/ph/623/file_url.jpg"", ""https://www.more-moebel.de/upload/ph/624/file_url.jpg"", ""https://www.more-moebel.de/upload/ph/625/file_url.jpg"", ""https://www.more-moebel.de/upload/ph/626/file_url.jpg""]",[],more mobilier
8525,1401,MORE_8525,Clunis / 05,https://www.more-moebel.de/en/item/sova-lounge-chair,"[""https://www.more-moebel.de/upload/items/138/sova-lounge-chair-new-photo_l.jpg"", ""https://www.more-moebel.de/upload/ph/623/file_url.jpg"", ""https://www.more-moebel.de/upload/ph/624/file_url.jpg"", ""https://www.more-moebel.de/upload/ph/625/file_url.jpg"", ""https://www.more-moebel.de/upload/ph/626/file_url.jpg""]",[],more mobilier
8526,1401,MORE_8526,Leather Orta / 1431,https://www.more-moebel.de/en/item/sova-lounge-chair,"[""https://www.more-moebel.de/upload/items/138/sova-lounge-chair-new-photo_l.jpg"", ""https://www.more-moebel.de/upload/ph/623/file_url.jpg"", ""https://www.more-moebel.de/upload/ph/624/file_url.jpg"", ""https://www.more-moebel.de/upload/ph/625/file_url.jpg"", ""https://www.more-moebel.de/upload/ph/626/file_url.jpg""]",[],more mobilier
8527,1401,MORE_8527,Gent / 02,https://www.more-moebel.de/en/item/sova-lounge-chair,"[""https://www.more-moebel.de/upload/items/138/sova-lounge-chair-new-photo_l.jpg"", ""https://www.more-moebel.de/upload/ph/623/file_url.jpg"", ""https://www.more-moebel.de/upload/ph/624/file_url.jpg"", ""https://www.more-moebel.de/upload/ph/625/file_url.jpg"", ""https://www.more-moebel.de/upload/ph/626/file_url.jpg""]",[],more mobilier
8528,1402,MORE_8528,Leather Lugano / 2204,https://www.more-moebel.de/en/item/sova-chaise-longue,"[""https://www.more-moebel.de/upload/items/137/sova-chaise-longue-new-photo_l.jpg"", ""https://www.more-moebel.de/upload/ph/614/file_url.jpg"", ""https://www.more-moebel.de/upload/ph/612/file_url.jpg"", ""https://www.more-moebel.de/upload/ph/613/file_url.jpg"", ""https://www.more-moebel.de/upload/ph/608/file_url.jpg""]",[],more mobilier
8529,1402,MORE_8529,Linara / 98 / truffle,https://www.more-moebel.de/en/item/sova-chaise-longue,"[""https://www.more-moebel.de/upload/items/137/sova-chaise-longue-new-photo_l.jpg"", ""https://www.more-moebel.de/upload/ph/614/file_url.jpg"", ""https://www.more-moebel.de/upload/ph/612/file_url.jpg"", ""https://www.more-moebel.de/upload/ph/613/file_url.jpg"", ""https://www.more-moebel.de/upload/ph/608/file_url.jpg""]",[],more mobilier
8530,1402,MORE_8530,Leather Lugano / 0509,https://www.more-moebel.de/en/item/sova-chaise-longue,"[""https://www.more-moebel.de/upload/items/137/sova-chaise-longue-new-photo_l.jpg"", ""https://www.more-moebel.de/upload/ph/614/file_url.jpg"", ""https://www.more-moebel.de/upload/ph/612/file_url.jpg"", ""https://www.more-moebel.de/upload/ph/613/file_url.jpg"", ""https://www.more-moebel.de/upload/ph/608/file_url.jpg""]",[],more mobilier
8531,1402,MORE_8531,Linara / 192 / chinchilla,https://www.more-moebel.de/en/item/sova-chaise-longue,"[""https://www.more-moebel.de/upload/items/137/sova-chaise-longue-new-photo_l.jpg"", ""https://www.more-moebel.de/upload/ph/614/file_url.jpg"", ""https://www.more-moebel.de/upload/ph/612/file_url.jpg"", ""https://www.more-moebel.de/upload/ph/613/file_url.jpg"", ""https://www.more-moebel.de/upload/ph/608/file_url.jpg""]",[],more mobilier
8532,1402,MORE_8532,Leather Lugano / 2594,https://www.more-moebel.de/en/item/sova-chaise-longue,"[""https://www.more-moebel.de/upload/items/137/sova-chaise-longue-new-photo_l.jpg"", ""https://www.more-moebel.de/upload/ph/614/file_url.jpg"", ""https://www.more-moebel.de/upload/ph/612/file_url.jpg"", ""https://www.more-moebel.de/upload/ph/613/file_url.jpg"", ""https://www.more-moebel.de/upload/ph/608/file_url.jpg""]",[],more mobilier
8533,1402,MORE_8533,Linara / 197 / gris,https://www.more-moebel.de/en/item/sova-chaise-longue,"[""https://www.more-moebel.de/upload/items/137/sova-chaise-longue-new-photo_l.jpg"", ""https://www.more-moebel.de/upload/ph/614/file_url.jpg"", ""https://www.more-moebel.de/upload/ph/612/file_url.jpg"", ""https://www.more-moebel.de/upload/ph/613/file_url.jpg"", ""https://www.more-moebel.de/upload/ph/608/file_url.jpg""]",[],more mobilier
8534,1402,MORE_8534,Leather Orta / 3654,https://www.more-moebel.de/en/item/sova-chaise-longue,"[""https://www.more-moebel.de/upload/items/137/sova-chaise-longue-new-photo_l.jpg"", ""https://www.more-moebel.de/upload/ph/614/file_url.jpg"", ""https://www.more-moebel.de/upload/ph/612/file_url.jpg"", ""https://www.more-moebel.de/upload/ph/613/file_url.jpg"", ""https://www.more-moebel.de/upload/ph/608/file_url.jpg""]",[],more mobilier
8535,1402,MORE_8535,Linara / 210 / feathergrey,https://www.more-moebel.de/en/item/sova-chaise-longue,"[""https://www.more-moebel.de/upload/items/137/sova-chaise-longue-new-photo_l.jpg"", ""https://www.more-moebel.de/upload/ph/614/file_url.jpg"", ""https://www.more-moebel.de/upload/ph/612/file_url.jpg"", ""https://www.more-moebel.de/upload/ph/613/file_url.jpg"", ""https://www.more-moebel.de/upload/ph/608/file_url.jpg""]",[],more mobilier
8536,1402,MORE_8536,Leather Orta / 2159,https://www.more-moebel.de/en/item/sova-chaise-longue,"[""https://www.more-moebel.de/upload/items/137/sova-chaise-longue-new-photo_l.jpg"", ""https://www.more-moebel.de/upload/ph/614/file_url.jpg"", ""https://www.more-moebel.de/upload/ph/612/file_url.jpg"", ""https://www.more-moebel.de/upload/ph/613/file_url.jpg"", ""https://www.more-moebel.de/upload/ph/608/file_url.jpg""]",[],more mobilier
8537,1402,MORE_8537,Rami / 6810,https://www.more-moebel.de/en/item/sova-chaise-longue,"[""https://www.more-moebel.de/upload/items/137/sova-chaise-longue-new-photo_l.jpg"", ""https://www.more-moebel.de/upload/ph/614/file_url.jpg"", ""https://www.more-moebel.de/upload/ph/612/file_url.jpg"", ""https://www.more-moebel.de/upload/ph/613/file_url.jpg"", ""https://www.more-moebel.de/upload/ph/608/file_url.jpg""]",[],more mobilier
8538,1402,MORE_8538,leather Orta / 2491,https://www.more-moebel.de/en/item/sova-chaise-longue,"[""https://www.more-moebel.de/upload/items/137/sova-chaise-longue-new-photo_l.jpg"", ""https://www.more-moebel.de/upload/ph/614/file_url.jpg"", ""https://www.more-moebel.de/upload/ph/612/file_url.jpg"", ""https://www.more-moebel.de/upload/ph/613/file_url.jpg"", ""https://www.more-moebel.de/upload/ph/608/file_url.jpg""]",[],more mobilier
8539,1402,MORE_8539,Clunis / 05,https://www.more-moebel.de/en/item/sova-chaise-longue,"[""https://www.more-moebel.de/upload/items/137/sova-chaise-longue-new-photo_l.jpg"", ""https://www.more-moebel.de/upload/ph/614/file_url.jpg"", ""https://www.more-moebel.de/upload/ph/612/file_url.jpg"", ""https://www.more-moebel.de/upload/ph/613/file_url.jpg"", ""https://www.more-moebel.de/upload/ph/608/file_url.jpg""]",[],more mobilier
8540,1402,MORE_8540,Leather Orta / 1431,https://www.more-moebel.de/en/item/sova-chaise-longue,"[""https://www.more-moebel.de/upload/items/137/sova-chaise-longue-new-photo_l.jpg"", ""https://www.more-moebel.de/upload/ph/614/file_url.jpg"", ""https://www.more-moebel.de/upload/ph/612/file_url.jpg"", ""https://www.more-moebel.de/upload/ph/613/file_url.jpg"", ""https://www.more-moebel.de/upload/ph/608/file_url.jpg""]",[],more mobilier
8541,1402,MORE_8541,Gent / 02,https://www.more-moebel.de/en/item/sova-chaise-longue,"[""https://www.more-moebel.de/upload/items/137/sova-chaise-longue-new-photo_l.jpg"", ""https://www.more-moebel.de/upload/ph/614/file_url.jpg"", ""https://www.more-moebel.de/upload/ph/612/file_url.jpg"", ""https://www.more-moebel.de/upload/ph/613/file_url.jpg"", ""https://www.more-moebel.de/upload/ph/608/file_url.jpg""]",[],more mobilier
8542,1403,MORE_8542,Leather Lugano / 2204,https://www.more-moebel.de/en/item/onda-dining-sofa,"[""https://www.more-moebel.de/upload/items/194/onda-dining-sofa-photo_l.jpg"", ""https://www.more-moebel.de/upload/ph/878/file_url.jpg"", ""https://www.more-moebel.de/upload/ph/877/file_url.jpg""]",[],more mobilier
8543,1403,MORE_8543,Linara / 98 / truffle,https://www.more-moebel.de/en/item/onda-dining-sofa,"[""https://www.more-moebel.de/upload/items/194/onda-dining-sofa-photo_l.jpg"", ""https://www.more-moebel.de/upload/ph/878/file_url.jpg"", ""https://www.more-moebel.de/upload/ph/877/file_url.jpg""]",[],more mobilier
8544,1403,MORE_8544,Leather Lugano / 0509,https://www.more-moebel.de/en/item/onda-dining-sofa,"[""https://www.more-moebel.de/upload/items/194/onda-dining-sofa-photo_l.jpg"", ""https://www.more-moebel.de/upload/ph/878/file_url.jpg"", ""https://www.more-moebel.de/upload/ph/877/file_url.jpg""]",[],more mobilier
8545,1403,MORE_8545,Linara / 192 / chinchilla,https://www.more-moebel.de/en/item/onda-dining-sofa,"[""https://www.more-moebel.de/upload/items/194/onda-dining-sofa-photo_l.jpg"", ""https://www.more-moebel.de/upload/ph/878/file_url.jpg"", ""https://www.more-moebel.de/upload/ph/877/file_url.jpg""]",[],more mobilier
8546,1403,MORE_8546,Leather Lugano / 2594,https://www.more-moebel.de/en/item/onda-dining-sofa,"[""https://www.more-moebel.de/upload/items/194/onda-dining-sofa-photo_l.jpg"", ""https://www.more-moebel.de/upload/ph/878/file_url.jpg"", ""https://www.more-moebel.de/upload/ph/877/file_url.jpg""]",[],more mobilier
8547,1403,MORE_8547,Linara / 197 / gris,https://www.more-moebel.de/en/item/onda-dining-sofa,"[""https://www.more-moebel.de/upload/items/194/onda-dining-sofa-photo_l.jpg"", ""https://www.more-moebel.de/upload/ph/878/file_url.jpg"", ""https://www.more-moebel.de/upload/ph/877/file_url.jpg""]",[],more mobilier
8548,1403,MORE_8548,Leather Orta / 3654,https://www.more-moebel.de/en/item/onda-dining-sofa,"[""https://www.more-moebel.de/upload/items/194/onda-dining-sofa-photo_l.jpg"", ""https://www.more-moebel.de/upload/ph/878/file_url.jpg"", ""https://www.more-moebel.de/upload/ph/877/file_url.jpg""]",[],more mobilier
8549,1403,MORE_8549,Linara / 210 / feathergrey,https://www.more-moebel.de/en/item/onda-dining-sofa,"[""https://www.more-moebel.de/upload/items/194/onda-dining-sofa-photo_l.jpg"", ""https://www.more-moebel.de/upload/ph/878/file_url.jpg"", ""https://www.more-moebel.de/upload/ph/877/file_url.jpg""]",[],more mobilier
8550,1403,MORE_8550,Leather Orta / 2159,https://www.more-moebel.de/en/item/onda-dining-sofa,"[""https://www.more-moebel.de/upload/items/194/onda-dining-sofa-photo_l.jpg"", ""https://www.more-moebel.de/upload/ph/878/file_url.jpg"", ""https://www.more-moebel.de/upload/ph/877/file_url.jpg""]",[],more mobilier
8551,1403,MORE_8551,Rami / 6810,https://www.more-moebel.de/en/item/onda-dining-sofa,"[""https://www.more-moebel.de/upload/items/194/onda-dining-sofa-photo_l.jpg"", ""https://www.more-moebel.de/upload/ph/878/file_url.jpg"", ""https://www.more-moebel.de/upload/ph/877/file_url.jpg""]",[],more mobilier
8552,1403,MORE_8552,leather Orta / 2491,https://www.more-moebel.de/en/item/onda-dining-sofa,"[""https://www.more-moebel.de/upload/items/194/onda-dining-sofa-photo_l.jpg"", ""https://www.more-moebel.de/upload/ph/878/file_url.jpg"", ""https://www.more-moebel.de/upload/ph/877/file_url.jpg""]",[],more mobilier
8553,1403,MORE_8553,Clunis / 05,https://www.more-moebel.de/en/item/onda-dining-sofa,"[""https://www.more-moebel.de/upload/items/194/onda-dining-sofa-photo_l.jpg"", ""https://www.more-moebel.de/upload/ph/878/file_url.jpg"", ""https://www.more-moebel.de/upload/ph/877/file_url.jpg""]",[],more mobilier
8554,1403,MORE_8554,Leather Orta / 1431,https://www.more-moebel.de/en/item/onda-dining-sofa,"[""https://www.more-moebel.de/upload/items/194/onda-dining-sofa-photo_l.jpg"", ""https://www.more-moebel.de/upload/ph/878/file_url.jpg"", ""https://www.more-moebel.de/upload/ph/877/file_url.jpg""]",[],more mobilier
8555,1403,MORE_8555,Gent / 02,https://www.more-moebel.de/en/item/onda-dining-sofa,"[""https://www.more-moebel.de/upload/items/194/onda-dining-sofa-photo_l.jpg"", ""https://www.more-moebel.de/upload/ph/878/file_url.jpg"", ""https://www.more-moebel.de/upload/ph/877/file_url.jpg""]",[],more mobilier
8556,1404,MORE_8556,steel / brushed - anthracite,https://www.more-moebel.de/en/item/lax-daybed,"[""https://www.more-moebel.de/upload/items/67/lax-daybed-photo_l.png"", ""https://www.more-moebel.de/upload/ph/751/file_url.png"", ""https://www.more-moebel.de/upload/ph/752/file_url.png""]",[],more mobilier
8557,1404,MORE_8557,Leather Lugano / 2204,https://www.more-moebel.de/en/item/lax-daybed,"[""https://www.more-moebel.de/upload/items/67/lax-daybed-photo_l.png"", ""https://www.more-moebel.de/upload/ph/751/file_url.png"", ""https://www.more-moebel.de/upload/ph/752/file_url.png""]",[],more mobilier
8558,1404,MORE_8558,Linara / 98 / truffle,https://www.more-moebel.de/en/item/lax-daybed,"[""https://www.more-moebel.de/upload/items/67/lax-daybed-photo_l.png"", ""https://www.more-moebel.de/upload/ph/751/file_url.png"", ""https://www.more-moebel.de/upload/ph/752/file_url.png""]",[],more mobilier
8559,1404,MORE_8559,steel / brushed - tobacco-brown,https://www.more-moebel.de/en/item/lax-daybed,"[""https://www.more-moebel.de/upload/items/67/lax-daybed-photo_l.png"", ""https://www.more-moebel.de/upload/ph/751/file_url.png"", ""https://www.more-moebel.de/upload/ph/752/file_url.png""]",[],more mobilier
8560,1404,MORE_8560,Leather Lugano / 0509,https://www.more-moebel.de/en/item/lax-daybed,"[""https://www.more-moebel.de/upload/items/67/lax-daybed-photo_l.png"", ""https://www.more-moebel.de/upload/ph/751/file_url.png"", ""https://www.more-moebel.de/upload/ph/752/file_url.png""]",[],more mobilier
8561,1404,MORE_8561,Linara / 192 / chinchilla,https://www.more-moebel.de/en/item/lax-daybed,"[""https://www.more-moebel.de/upload/items/67/lax-daybed-photo_l.png"", ""https://www.more-moebel.de/upload/ph/751/file_url.png"", ""https://www.more-moebel.de/upload/ph/752/file_url.png""]",[],more mobilier
8562,1404,MORE_8562,Leather Lugano / 2594,https://www.more-moebel.de/en/item/lax-daybed,"[""https://www.more-moebel.de/upload/items/67/lax-daybed-photo_l.png"", ""https://www.more-moebel.de/upload/ph/751/file_url.png"", ""https://www.more-moebel.de/upload/ph/752/file_url.png""]",[],more mobilier
8563,1404,MORE_8563,Linara / 197 / gris,https://www.more-moebel.de/en/item/lax-daybed,"[""https://www.more-moebel.de/upload/items/67/lax-daybed-photo_l.png"", ""https://www.more-moebel.de/upload/ph/751/file_url.png"", ""https://www.more-moebel.de/upload/ph/752/file_url.png""]",[],more mobilier
8564,1404,MORE_8564,Leather Orta / 3654,https://www.more-moebel.de/en/item/lax-daybed,"[""https://www.more-moebel.de/upload/items/67/lax-daybed-photo_l.png"", ""https://www.more-moebel.de/upload/ph/751/file_url.png"", ""https://www.more-moebel.de/upload/ph/752/file_url.png""]",[],more mobilier
8565,1404,MORE_8565,Linara / 210 / feathergrey,https://www.more-moebel.de/en/item/lax-daybed,"[""https://www.more-moebel.de/upload/items/67/lax-daybed-photo_l.png"", ""https://www.more-moebel.de/upload/ph/751/file_url.png"", ""https://www.more-moebel.de/upload/ph/752/file_url.png""]",[],more mobilier
8566,1404,MORE_8566,Leather Orta / 2159,https://www.more-moebel.de/en/item/lax-daybed,"[""https://www.more-moebel.de/upload/items/67/lax-daybed-photo_l.png"", ""https://www.more-moebel.de/upload/ph/751/file_url.png"", ""https://www.more-moebel.de/upload/ph/752/file_url.png""]",[],more mobilier
8567,1404,MORE_8567,Rami / 6810,https://www.more-moebel.de/en/item/lax-daybed,"[""https://www.more-moebel.de/upload/items/67/lax-daybed-photo_l.png"", ""https://www.more-moebel.de/upload/ph/751/file_url.png"", ""https://www.more-moebel.de/upload/ph/752/file_url.png""]",[],more mobilier
8568,1404,MORE_8568,leather Orta / 2491,https://www.more-moebel.de/en/item/lax-daybed,"[""https://www.more-moebel.de/upload/items/67/lax-daybed-photo_l.png"", ""https://www.more-moebel.de/upload/ph/751/file_url.png"", ""https://www.more-moebel.de/upload/ph/752/file_url.png""]",[],more mobilier
8569,1404,MORE_8569,Clunis / 05,https://www.more-moebel.de/en/item/lax-daybed,"[""https://www.more-moebel.de/upload/items/67/lax-daybed-photo_l.png"", ""https://www.more-moebel.de/upload/ph/751/file_url.png"", ""https://www.more-moebel.de/upload/ph/752/file_url.png""]",[],more mobilier
8570,1404,MORE_8570,Leather Orta / 1431,https://www.more-moebel.de/en/item/lax-daybed,"[""https://www.more-moebel.de/upload/items/67/lax-daybed-photo_l.png"", ""https://www.more-moebel.de/upload/ph/751/file_url.png"", ""https://www.more-moebel.de/upload/ph/752/file_url.png""]",[],more mobilier
8571,1404,MORE_8571,Gent / 02,https://www.more-moebel.de/en/item/lax-daybed,"[""https://www.more-moebel.de/upload/items/67/lax-daybed-photo_l.png"", ""https://www.more-moebel.de/upload/ph/751/file_url.png"", ""https://www.more-moebel.de/upload/ph/752/file_url.png""]",[],more mobilier
8572,1405,MORE_8572,Natural walnut,https://www.more-moebel.de/en/item/luz-cushion-armrests,"[""https://www.more-moebel.de/upload/items/123/luz-chair-photo_l.jpg"", ""https://www.more-moebel.de/upload/ph/559/file_url.jpg"", ""https://www.more-moebel.de/upload/ph/553/file_url.jpg"", ""https://www.more-moebel.de/upload/ph/554/file_url.jpg"", ""https://www.more-moebel.de/upload/ph/565/file_url.jpg""]",[],more mobilier
8573,1405,MORE_8573,Leather Lugano / 2204,https://www.more-moebel.de/en/item/luz-cushion-armrests,"[""https://www.more-moebel.de/upload/items/123/luz-chair-photo_l.jpg"", ""https://www.more-moebel.de/upload/ph/559/file_url.jpg"", ""https://www.more-moebel.de/upload/ph/553/file_url.jpg"", ""https://www.more-moebel.de/upload/ph/554/file_url.jpg"", ""https://www.more-moebel.de/upload/ph/565/file_url.jpg""]",[],more mobilier
8574,1405,MORE_8574,Flash / 9843 / steel,https://www.more-moebel.de/en/item/luz-cushion-armrests,"[""https://www.more-moebel.de/upload/items/123/luz-chair-photo_l.jpg"", ""https://www.more-moebel.de/upload/ph/559/file_url.jpg"", ""https://www.more-moebel.de/upload/ph/553/file_url.jpg"", ""https://www.more-moebel.de/upload/ph/554/file_url.jpg"", ""https://www.more-moebel.de/upload/ph/565/file_url.jpg""]",[],more mobilier
8575,1405,MORE_8575,Oak Black,https://www.more-moebel.de/en/item/luz-cushion-armrests,"[""https://www.more-moebel.de/upload/items/123/luz-chair-photo_l.jpg"", ""https://www.more-moebel.de/upload/ph/559/file_url.jpg"", ""https://www.more-moebel.de/upload/ph/553/file_url.jpg"", ""https://www.more-moebel.de/upload/ph/554/file_url.jpg"", ""https://www.more-moebel.de/upload/ph/565/file_url.jpg""]",[],more mobilier
8576,1405,MORE_8576,Leather Lugano / 0509,https://www.more-moebel.de/en/item/luz-cushion-armrests,"[""https://www.more-moebel.de/upload/items/123/luz-chair-photo_l.jpg"", ""https://www.more-moebel.de/upload/ph/559/file_url.jpg"", ""https://www.more-moebel.de/upload/ph/553/file_url.jpg"", ""https://www.more-moebel.de/upload/ph/554/file_url.jpg"", ""https://www.more-moebel.de/upload/ph/565/file_url.jpg""]",[],more mobilier
8577,1405,MORE_8577,Loop / 02 / graphite,https://www.more-moebel.de/en/item/luz-cushion-armrests,"[""https://www.more-moebel.de/upload/items/123/luz-chair-photo_l.jpg"", ""https://www.more-moebel.de/upload/ph/559/file_url.jpg"", ""https://www.more-moebel.de/upload/ph/553/file_url.jpg"", ""https://www.more-moebel.de/upload/ph/554/file_url.jpg"", ""https://www.more-moebel.de/upload/ph/565/file_url.jpg""]",[],more mobilier
8578,1405,MORE_8578,Leather Lugano / 2594,https://www.more-moebel.de/en/item/luz-cushion-armrests,"[""https://www.more-moebel.de/upload/items/123/luz-chair-photo_l.jpg"", ""https://www.more-moebel.de/upload/ph/559/file_url.jpg"", ""https://www.more-moebel.de/upload/ph/553/file_url.jpg"", ""https://www.more-moebel.de/upload/ph/554/file_url.jpg"", ""https://www.more-moebel.de/upload/ph/565/file_url.jpg""]",[],more mobilier
8579,1405,MORE_8579,Loop / 01 / carbon grey,https://www.more-moebel.de/en/item/luz-cushion-armrests,"[""https://www.more-moebel.de/upload/items/123/luz-chair-photo_l.jpg"", ""https://www.more-moebel.de/upload/ph/559/file_url.jpg"", ""https://www.more-moebel.de/upload/ph/553/file_url.jpg"", ""https://www.more-moebel.de/upload/ph/554/file_url.jpg"", ""https://www.more-moebel.de/upload/ph/565/file_url.jpg""]",[],more mobilier
8580,1405,MORE_8580,Leather Orta / 3654,https://www.more-moebel.de/en/item/luz-cushion-armrests,"[""https://www.more-moebel.de/upload/items/123/luz-chair-photo_l.jpg"", ""https://www.more-moebel.de/upload/ph/559/file_url.jpg"", ""https://www.more-moebel.de/upload/ph/553/file_url.jpg"", ""https://www.more-moebel.de/upload/ph/554/file_url.jpg"", ""https://www.more-moebel.de/upload/ph/565/file_url.jpg""]",[],more mobilier
8581,1405,MORE_8581,Loop / 36 / olive,https://www.more-moebel.de/en/item/luz-cushion-armrests,"[""https://www.more-moebel.de/upload/items/123/luz-chair-photo_l.jpg"", ""https://www.more-moebel.de/upload/ph/559/file_url.jpg"", ""https://www.more-moebel.de/upload/ph/553/file_url.jpg"", ""https://www.more-moebel.de/upload/ph/554/file_url.jpg"", ""https://www.more-moebel.de/upload/ph/565/file_url.jpg""]",[],more mobilier
8582,1405,MORE_8582,Leather Orta / 2159,https://www.more-moebel.de/en/item/luz-cushion-armrests,"[""https://www.more-moebel.de/upload/items/123/luz-chair-photo_l.jpg"", ""https://www.more-moebel.de/upload/ph/559/file_url.jpg"", ""https://www.more-moebel.de/upload/ph/553/file_url.jpg"", ""https://www.more-moebel.de/upload/ph/554/file_url.jpg"", ""https://www.more-moebel.de/upload/ph/565/file_url.jpg""]",[],more mobilier
8583,1405,MORE_8583,Jette / 17,https://www.more-moebel.de/en/item/luz-cushion-armrests,"[""https://www.more-moebel.de/upload/items/123/luz-chair-photo_l.jpg"", ""https://www.more-moebel.de/upload/ph/559/file_url.jpg"", ""https://www.more-moebel.de/upload/ph/553/file_url.jpg"", ""https://www.more-moebel.de/upload/ph/554/file_url.jpg"", ""https://www.more-moebel.de/upload/ph/565/file_url.jpg""]",[],more mobilier
8584,1405,MORE_8584,leather Orta / 2491,https://www.more-moebel.de/en/item/luz-cushion-armrests,"[""https://www.more-moebel.de/upload/items/123/luz-chair-photo_l.jpg"", ""https://www.more-moebel.de/upload/ph/559/file_url.jpg"", ""https://www.more-moebel.de/upload/ph/553/file_url.jpg"", ""https://www.more-moebel.de/upload/ph/554/file_url.jpg"", ""https://www.more-moebel.de/upload/ph/565/file_url.jpg""]",[],more mobilier
8585,1405,MORE_8585,Rami / 6972,https://www.more-moebel.de/en/item/luz-cushion-armrests,"[""https://www.more-moebel.de/upload/items/123/luz-chair-photo_l.jpg"", ""https://www.more-moebel.de/upload/ph/559/file_url.jpg"", ""https://www.more-moebel.de/upload/ph/553/file_url.jpg"", ""https://www.more-moebel.de/upload/ph/554/file_url.jpg"", ""https://www.more-moebel.de/upload/ph/565/file_url.jpg""]",[],more mobilier
8586,1405,MORE_8586,Leather Orta / 1431,https://www.more-moebel.de/en/item/luz-cushion-armrests,"[""https://www.more-moebel.de/upload/items/123/luz-chair-photo_l.jpg"", ""https://www.more-moebel.de/upload/ph/559/file_url.jpg"", ""https://www.more-moebel.de/upload/ph/553/file_url.jpg"", ""https://www.more-moebel.de/upload/ph/554/file_url.jpg"", ""https://www.more-moebel.de/upload/ph/565/file_url.jpg""]",[],more mobilier
8587,1405,MORE_8587,Rami / 3072,https://www.more-moebel.de/en/item/luz-cushion-armrests,"[""https://www.more-moebel.de/upload/items/123/luz-chair-photo_l.jpg"", ""https://www.more-moebel.de/upload/ph/559/file_url.jpg"", ""https://www.more-moebel.de/upload/ph/553/file_url.jpg"", ""https://www.more-moebel.de/upload/ph/554/file_url.jpg"", ""https://www.more-moebel.de/upload/ph/565/file_url.jpg""]",[],more mobilier
8588,1406,MORE_8588,Leather Lugano / 2204,https://www.more-moebel.de/en/item/yan-chair,"[""https://www.more-moebel.de/upload/items/169/yan-chair-photo_l.jpg"", ""https://www.more-moebel.de/upload/ph/779/file_url.jpg"", ""https://www.more-moebel.de/upload/ph/780/file_url.jpg"", ""https://www.more-moebel.de/upload/ph/781/file_url.jpg"", ""https://www.more-moebel.de/upload/ph/783/file_url.jpg"", ""https://www.more-moebel.de/upload/ph/782/file_url.jpg""]",[],more mobilier
8589,1406,MORE_8589,Flash / 9843 / steel,https://www.more-moebel.de/en/item/yan-chair,"[""https://www.more-moebel.de/upload/items/169/yan-chair-photo_l.jpg"", ""https://www.more-moebel.de/upload/ph/779/file_url.jpg"", ""https://www.more-moebel.de/upload/ph/780/file_url.jpg"", ""https://www.more-moebel.de/upload/ph/781/file_url.jpg"", ""https://www.more-moebel.de/upload/ph/783/file_url.jpg"", ""https://www.more-moebel.de/upload/ph/782/file_url.jpg""]",[],more mobilier
8590,1406,MORE_8590,Leather Lugano / 0509,https://www.more-moebel.de/en/item/yan-chair,"[""https://www.more-moebel.de/upload/items/169/yan-chair-photo_l.jpg"", ""https://www.more-moebel.de/upload/ph/779/file_url.jpg"", ""https://www.more-moebel.de/upload/ph/780/file_url.jpg"", ""https://www.more-moebel.de/upload/ph/781/file_url.jpg"", ""https://www.more-moebel.de/upload/ph/783/file_url.jpg"", ""https://www.more-moebel.de/upload/ph/782/file_url.jpg""]",[],more mobilier
8591,1406,MORE_8591,Loop / 02 / graphite,https://www.more-moebel.de/en/item/yan-chair,"[""https://www.more-moebel.de/upload/items/169/yan-chair-photo_l.jpg"", ""https://www.more-moebel.de/upload/ph/779/file_url.jpg"", ""https://www.more-moebel.de/upload/ph/780/file_url.jpg"", ""https://www.more-moebel.de/upload/ph/781/file_url.jpg"", ""https://www.more-moebel.de/upload/ph/783/file_url.jpg"", ""https://www.more-moebel.de/upload/ph/782/file_url.jpg""]",[],more mobilier
8592,1406,MORE_8592,Leather Lugano / 2594,https://www.more-moebel.de/en/item/yan-chair,"[""https://www.more-moebel.de/upload/items/169/yan-chair-photo_l.jpg"", ""https://www.more-moebel.de/upload/ph/779/file_url.jpg"", ""https://www.more-moebel.de/upload/ph/780/file_url.jpg"", ""https://www.more-moebel.de/upload/ph/781/file_url.jpg"", ""https://www.more-moebel.de/upload/ph/783/file_url.jpg"", ""https://www.more-moebel.de/upload/ph/782/file_url.jpg""]",[],more mobilier
8593,1406,MORE_8593,Loop / 01 / carbon grey,https://www.more-moebel.de/en/item/yan-chair,"[""https://www.more-moebel.de/upload/items/169/yan-chair-photo_l.jpg"", ""https://www.more-moebel.de/upload/ph/779/file_url.jpg"", ""https://www.more-moebel.de/upload/ph/780/file_url.jpg"", ""https://www.more-moebel.de/upload/ph/781/file_url.jpg"", ""https://www.more-moebel.de/upload/ph/783/file_url.jpg"", ""https://www.more-moebel.de/upload/ph/782/file_url.jpg""]",[],more mobilier
8594,1406,MORE_8594,Leather Orta / 3654,https://www.more-moebel.de/en/item/yan-chair,"[""https://www.more-moebel.de/upload/items/169/yan-chair-photo_l.jpg"", ""https://www.more-moebel.de/upload/ph/779/file_url.jpg"", ""https://www.more-moebel.de/upload/ph/780/file_url.jpg"", ""https://www.more-moebel.de/upload/ph/781/file_url.jpg"", ""https://www.more-moebel.de/upload/ph/783/file_url.jpg"", ""https://www.more-moebel.de/upload/ph/782/file_url.jpg""]",[],more mobilier
8595,1406,MORE_8595,Loop / 36 / olive,https://www.more-moebel.de/en/item/yan-chair,"[""https://www.more-moebel.de/upload/items/169/yan-chair-photo_l.jpg"", ""https://www.more-moebel.de/upload/ph/779/file_url.jpg"", ""https://www.more-moebel.de/upload/ph/780/file_url.jpg"", ""https://www.more-moebel.de/upload/ph/781/file_url.jpg"", ""https://www.more-moebel.de/upload/ph/783/file_url.jpg"", ""https://www.more-moebel.de/upload/ph/782/file_url.jpg""]",[],more mobilier
8596,1406,MORE_8596,Leather Orta / 2159,https://www.more-moebel.de/en/item/yan-chair,"[""https://www.more-moebel.de/upload/items/169/yan-chair-photo_l.jpg"", ""https://www.more-moebel.de/upload/ph/779/file_url.jpg"", ""https://www.more-moebel.de/upload/ph/780/file_url.jpg"", ""https://www.more-moebel.de/upload/ph/781/file_url.jpg"", ""https://www.more-moebel.de/upload/ph/783/file_url.jpg"", ""https://www.more-moebel.de/upload/ph/782/file_url.jpg""]",[],more mobilier
8597,1406,MORE_8597,Jette / 17,https://www.more-moebel.de/en/item/yan-chair,"[""https://www.more-moebel.de/upload/items/169/yan-chair-photo_l.jpg"", ""https://www.more-moebel.de/upload/ph/779/file_url.jpg"", ""https://www.more-moebel.de/upload/ph/780/file_url.jpg"", ""https://www.more-moebel.de/upload/ph/781/file_url.jpg"", ""https://www.more-moebel.de/upload/ph/783/file_url.jpg"", ""https://www.more-moebel.de/upload/ph/782/file_url.jpg""]",[],more mobilier
8598,1406,MORE_8598,leather Orta / 2491,https://www.more-moebel.de/en/item/yan-chair,"[""https://www.more-moebel.de/upload/items/169/yan-chair-photo_l.jpg"", ""https://www.more-moebel.de/upload/ph/779/file_url.jpg"", ""https://www.more-moebel.de/upload/ph/780/file_url.jpg"", ""https://www.more-moebel.de/upload/ph/781/file_url.jpg"", ""https://www.more-moebel.de/upload/ph/783/file_url.jpg"", ""https://www.more-moebel.de/upload/ph/782/file_url.jpg""]",[],more mobilier
8599,1406,MORE_8599,Rami / 6972,https://www.more-moebel.de/en/item/yan-chair,"[""https://www.more-moebel.de/upload/items/169/yan-chair-photo_l.jpg"", ""https://www.more-moebel.de/upload/ph/779/file_url.jpg"", ""https://www.more-moebel.de/upload/ph/780/file_url.jpg"", ""https://www.more-moebel.de/upload/ph/781/file_url.jpg"", ""https://www.more-moebel.de/upload/ph/783/file_url.jpg"", ""https://www.more-moebel.de/upload/ph/782/file_url.jpg""]",[],more mobilier
8600,1406,MORE_8600,Leather Orta / 1431,https://www.more-moebel.de/en/item/yan-chair,"[""https://www.more-moebel.de/upload/items/169/yan-chair-photo_l.jpg"", ""https://www.more-moebel.de/upload/ph/779/file_url.jpg"", ""https://www.more-moebel.de/upload/ph/780/file_url.jpg"", ""https://www.more-moebel.de/upload/ph/781/file_url.jpg"", ""https://www.more-moebel.de/upload/ph/783/file_url.jpg"", ""https://www.more-moebel.de/upload/ph/782/file_url.jpg""]",[],more mobilier
8601,1406,MORE_8601,Rami / 3072,https://www.more-moebel.de/en/item/yan-chair,"[""https://www.more-moebel.de/upload/items/169/yan-chair-photo_l.jpg"", ""https://www.more-moebel.de/upload/ph/779/file_url.jpg"", ""https://www.more-moebel.de/upload/ph/780/file_url.jpg"", ""https://www.more-moebel.de/upload/ph/781/file_url.jpg"", ""https://www.more-moebel.de/upload/ph/783/file_url.jpg"", ""https://www.more-moebel.de/upload/ph/782/file_url.jpg""]",[],more mobilier
8602,1407,MORE_8602,Leather Lugano / 2204,https://www.more-moebel.de/en/item/oso-upholstered-chair,"[""https://www.more-moebel.de/upload/items/173/file_photo_l.jpg"", ""https://www.more-moebel.de/upload/ph/791/file_url.jpg"", ""https://www.more-moebel.de/upload/ph/792/file_url.jpg"", ""https://www.more-moebel.de/upload/ph/793/file_url.jpg""]",[],more mobilier
8603,1407,MORE_8603,Flash / 9843 / steel,https://www.more-moebel.de/en/item/oso-upholstered-chair,"[""https://www.more-moebel.de/upload/items/173/file_photo_l.jpg"", ""https://www.more-moebel.de/upload/ph/791/file_url.jpg"", ""https://www.more-moebel.de/upload/ph/792/file_url.jpg"", ""https://www.more-moebel.de/upload/ph/793/file_url.jpg""]",[],more mobilier
8604,1407,MORE_8604,Leather Lugano / 0509,https://www.more-moebel.de/en/item/oso-upholstered-chair,"[""https://www.more-moebel.de/upload/items/173/file_photo_l.jpg"", ""https://www.more-moebel.de/upload/ph/791/file_url.jpg"", ""https://www.more-moebel.de/upload/ph/792/file_url.jpg"", ""https://www.more-moebel.de/upload/ph/793/file_url.jpg""]",[],more mobilier
8605,1407,MORE_8605,Loop / 02 / graphite,https://www.more-moebel.de/en/item/oso-upholstered-chair,"[""https://www.more-moebel.de/upload/items/173/file_photo_l.jpg"", ""https://www.more-moebel.de/upload/ph/791/file_url.jpg"", ""https://www.more-moebel.de/upload/ph/792/file_url.jpg"", ""https://www.more-moebel.de/upload/ph/793/file_url.jpg""]",[],more mobilier
8606,1407,MORE_8606,Leather Lugano / 2594,https://www.more-moebel.de/en/item/oso-upholstered-chair,"[""https://www.more-moebel.de/upload/items/173/file_photo_l.jpg"", ""https://www.more-moebel.de/upload/ph/791/file_url.jpg"", ""https://www.more-moebel.de/upload/ph/792/file_url.jpg"", ""https://www.more-moebel.de/upload/ph/793/file_url.jpg""]",[],more mobilier
8607,1407,MORE_8607,Loop / 01 / carbon grey,https://www.more-moebel.de/en/item/oso-upholstered-chair,"[""https://www.more-moebel.de/upload/items/173/file_photo_l.jpg"", ""https://www.more-moebel.de/upload/ph/791/file_url.jpg"", ""https://www.more-moebel.de/upload/ph/792/file_url.jpg"", ""https://www.more-moebel.de/upload/ph/793/file_url.jpg""]",[],more mobilier
8608,1407,MORE_8608,Leather Orta / 3654,https://www.more-moebel.de/en/item/oso-upholstered-chair,"[""https://www.more-moebel.de/upload/items/173/file_photo_l.jpg"", ""https://www.more-moebel.de/upload/ph/791/file_url.jpg"", ""https://www.more-moebel.de/upload/ph/792/file_url.jpg"", ""https://www.more-moebel.de/upload/ph/793/file_url.jpg""]",[],more mobilier
8609,1407,MORE_8609,Loop / 36 / olive,https://www.more-moebel.de/en/item/oso-upholstered-chair,"[""https://www.more-moebel.de/upload/items/173/file_photo_l.jpg"", ""https://www.more-moebel.de/upload/ph/791/file_url.jpg"", ""https://www.more-moebel.de/upload/ph/792/file_url.jpg"", ""https://www.more-moebel.de/upload/ph/793/file_url.jpg""]",[],more mobilier
8610,1407,MORE_8610,Leather Orta / 2159,https://www.more-moebel.de/en/item/oso-upholstered-chair,"[""https://www.more-moebel.de/upload/items/173/file_photo_l.jpg"", ""https://www.more-moebel.de/upload/ph/791/file_url.jpg"", ""https://www.more-moebel.de/upload/ph/792/file_url.jpg"", ""https://www.more-moebel.de/upload/ph/793/file_url.jpg""]",[],more mobilier
8611,1407,MORE_8611,Jette / 17,https://www.more-moebel.de/en/item/oso-upholstered-chair,"[""https://www.more-moebel.de/upload/items/173/file_photo_l.jpg"", ""https://www.more-moebel.de/upload/ph/791/file_url.jpg"", ""https://www.more-moebel.de/upload/ph/792/file_url.jpg"", ""https://www.more-moebel.de/upload/ph/793/file_url.jpg""]",[],more mobilier
8612,1407,MORE_8612,leather Orta / 2491,https://www.more-moebel.de/en/item/oso-upholstered-chair,"[""https://www.more-moebel.de/upload/items/173/file_photo_l.jpg"", ""https://www.more-moebel.de/upload/ph/791/file_url.jpg"", ""https://www.more-moebel.de/upload/ph/792/file_url.jpg"", ""https://www.more-moebel.de/upload/ph/793/file_url.jpg""]",[],more mobilier
8613,1407,MORE_8613,Rami / 6972,https://www.more-moebel.de/en/item/oso-upholstered-chair,"[""https://www.more-moebel.de/upload/items/173/file_photo_l.jpg"", ""https://www.more-moebel.de/upload/ph/791/file_url.jpg"", ""https://www.more-moebel.de/upload/ph/792/file_url.jpg"", ""https://www.more-moebel.de/upload/ph/793/file_url.jpg""]",[],more mobilier
8614,1407,MORE_8614,Leather Orta / 1431,https://www.more-moebel.de/en/item/oso-upholstered-chair,"[""https://www.more-moebel.de/upload/items/173/file_photo_l.jpg"", ""https://www.more-moebel.de/upload/ph/791/file_url.jpg"", ""https://www.more-moebel.de/upload/ph/792/file_url.jpg"", ""https://www.more-moebel.de/upload/ph/793/file_url.jpg""]",[],more mobilier
8615,1407,MORE_8615,Rami / 3072,https://www.more-moebel.de/en/item/oso-upholstered-chair,"[""https://www.more-moebel.de/upload/items/173/file_photo_l.jpg"", ""https://www.more-moebel.de/upload/ph/791/file_url.jpg"", ""https://www.more-moebel.de/upload/ph/792/file_url.jpg"", ""https://www.more-moebel.de/upload/ph/793/file_url.jpg""]",[],more mobilier
8616,1408,MORE_8616,Oak Light,https://www.more-moebel.de/en/item/oso-table,"[""https://www.more-moebel.de/upload/items/170/file_photo_l.jpg"", ""https://www.more-moebel.de/upload/ph/786/file_url.jpg"", ""https://www.more-moebel.de/upload/ph/788/file_url.jpg"", ""https://www.more-moebel.de/upload/ph/787/file_url.jpg""]",[],more mobilier
8617,1408,MORE_8617,Oak Sand,https://www.more-moebel.de/en/item/oso-table,"[""https://www.more-moebel.de/upload/items/170/file_photo_l.jpg"", ""https://www.more-moebel.de/upload/ph/786/file_url.jpg"", ""https://www.more-moebel.de/upload/ph/788/file_url.jpg"", ""https://www.more-moebel.de/upload/ph/787/file_url.jpg""]",[],more mobilier
8618,1408,MORE_8618,Oak Taupe,https://www.more-moebel.de/en/item/oso-table,"[""https://www.more-moebel.de/upload/items/170/file_photo_l.jpg"", ""https://www.more-moebel.de/upload/ph/786/file_url.jpg"", ""https://www.more-moebel.de/upload/ph/788/file_url.jpg"", ""https://www.more-moebel.de/upload/ph/787/file_url.jpg""]",[],more mobilier
8619,1408,MORE_8619,Oak Basalt,https://www.more-moebel.de/en/item/oso-table,"[""https://www.more-moebel.de/upload/items/170/file_photo_l.jpg"", ""https://www.more-moebel.de/upload/ph/786/file_url.jpg"", ""https://www.more-moebel.de/upload/ph/788/file_url.jpg"", ""https://www.more-moebel.de/upload/ph/787/file_url.jpg""]",[],more mobilier
8620,1408,MORE_8620,Oak Graphit,https://www.more-moebel.de/en/item/oso-table,"[""https://www.more-moebel.de/upload/items/170/file_photo_l.jpg"", ""https://www.more-moebel.de/upload/ph/786/file_url.jpg"", ""https://www.more-moebel.de/upload/ph/788/file_url.jpg"", ""https://www.more-moebel.de/upload/ph/787/file_url.jpg""]",[],more mobilier
8621,1408,MORE_8621,Smoked Oak,https://www.more-moebel.de/en/item/oso-table,"[""https://www.more-moebel.de/upload/items/170/file_photo_l.jpg"", ""https://www.more-moebel.de/upload/ph/786/file_url.jpg"", ""https://www.more-moebel.de/upload/ph/788/file_url.jpg"", ""https://www.more-moebel.de/upload/ph/787/file_url.jpg""]",[],more mobilier
8622,1409,MORE_8622,Oak Light,https://www.more-moebel.de/en/item/cut-table,"[""https://www.more-moebel.de/upload/items/151/cut-table-photo_l.png"", ""https://www.more-moebel.de/upload/ph/760/file_url.jpg"", ""https://www.more-moebel.de/upload/ph/761/file_url.jpg"", ""https://www.more-moebel.de/upload/ph/694/file_url.jpg""]",[],more mobilier
8623,1409,MORE_8623,Oak Sand,https://www.more-moebel.de/en/item/cut-table,"[""https://www.more-moebel.de/upload/items/151/cut-table-photo_l.png"", ""https://www.more-moebel.de/upload/ph/760/file_url.jpg"", ""https://www.more-moebel.de/upload/ph/761/file_url.jpg"", ""https://www.more-moebel.de/upload/ph/694/file_url.jpg""]",[],more mobilier
8624,1409,MORE_8624,Oak Taupe,https://www.more-moebel.de/en/item/cut-table,"[""https://www.more-moebel.de/upload/items/151/cut-table-photo_l.png"", ""https://www.more-moebel.de/upload/ph/760/file_url.jpg"", ""https://www.more-moebel.de/upload/ph/761/file_url.jpg"", ""https://www.more-moebel.de/upload/ph/694/file_url.jpg""]",[],more mobilier
8625,1409,MORE_8625,Oak Basalt,https://www.more-moebel.de/en/item/cut-table,"[""https://www.more-moebel.de/upload/items/151/cut-table-photo_l.png"", ""https://www.more-moebel.de/upload/ph/760/file_url.jpg"", ""https://www.more-moebel.de/upload/ph/761/file_url.jpg"", ""https://www.more-moebel.de/upload/ph/694/file_url.jpg""]",[],more mobilier
8626,1409,MORE_8626,Oak Graphit,https://www.more-moebel.de/en/item/cut-table,"[""https://www.more-moebel.de/upload/items/151/cut-table-photo_l.png"", ""https://www.more-moebel.de/upload/ph/760/file_url.jpg"", ""https://www.more-moebel.de/upload/ph/761/file_url.jpg"", ""https://www.more-moebel.de/upload/ph/694/file_url.jpg""]",[],more mobilier
8627,1409,MORE_8627,Smoked Oak,https://www.more-moebel.de/en/item/cut-table,"[""https://www.more-moebel.de/upload/items/151/cut-table-photo_l.png"", ""https://www.more-moebel.de/upload/ph/760/file_url.jpg"", ""https://www.more-moebel.de/upload/ph/761/file_url.jpg"", ""https://www.more-moebel.de/upload/ph/694/file_url.jpg""]",[],more mobilier
8628,1410,MORE_8628,Oak Light,https://www.more-moebel.de/en/item/eeva-table,"[""https://www.more-moebel.de/upload/items/180/eeva-table-photo_l.jpg"", ""https://www.more-moebel.de/upload/ph/816/file_url.gif"", ""https://www.more-moebel.de/upload/ph/812/file_url.jpg"", ""https://www.more-moebel.de/upload/ph/813/file_url.jpg"", ""https://www.more-moebel.de/upload/ph/814/file_url.jpg""]",[],more mobilier
8629,1410,MORE_8629,Oak Sand,https://www.more-moebel.de/en/item/eeva-table,"[""https://www.more-moebel.de/upload/items/180/eeva-table-photo_l.jpg"", ""https://www.more-moebel.de/upload/ph/816/file_url.gif"", ""https://www.more-moebel.de/upload/ph/812/file_url.jpg"", ""https://www.more-moebel.de/upload/ph/813/file_url.jpg"", ""https://www.more-moebel.de/upload/ph/814/file_url.jpg""]",[],more mobilier
8630,1410,MORE_8630,Oak Taupe,https://www.more-moebel.de/en/item/eeva-table,"[""https://www.more-moebel.de/upload/items/180/eeva-table-photo_l.jpg"", ""https://www.more-moebel.de/upload/ph/816/file_url.gif"", ""https://www.more-moebel.de/upload/ph/812/file_url.jpg"", ""https://www.more-moebel.de/upload/ph/813/file_url.jpg"", ""https://www.more-moebel.de/upload/ph/814/file_url.jpg""]",[],more mobilier
8631,1410,MORE_8631,Oak Basalt,https://www.more-moebel.de/en/item/eeva-table,"[""https://www.more-moebel.de/upload/items/180/eeva-table-photo_l.jpg"", ""https://www.more-moebel.de/upload/ph/816/file_url.gif"", ""https://www.more-moebel.de/upload/ph/812/file_url.jpg"", ""https://www.more-moebel.de/upload/ph/813/file_url.jpg"", ""https://www.more-moebel.de/upload/ph/814/file_url.jpg""]",[],more mobilier
8632,1410,MORE_8632,Oak Graphit,https://www.more-moebel.de/en/item/eeva-table,"[""https://www.more-moebel.de/upload/items/180/eeva-table-photo_l.jpg"", ""https://www.more-moebel.de/upload/ph/816/file_url.gif"", ""https://www.more-moebel.de/upload/ph/812/file_url.jpg"", ""https://www.more-moebel.de/upload/ph/813/file_url.jpg"", ""https://www.more-moebel.de/upload/ph/814/file_url.jpg""]",[],more mobilier
8633,1410,MORE_8633,Smoked Oak,https://www.more-moebel.de/en/item/eeva-table,"[""https://www.more-moebel.de/upload/items/180/eeva-table-photo_l.jpg"", ""https://www.more-moebel.de/upload/ph/816/file_url.gif"", ""https://www.more-moebel.de/upload/ph/812/file_url.jpg"", ""https://www.more-moebel.de/upload/ph/813/file_url.jpg"", ""https://www.more-moebel.de/upload/ph/814/file_url.jpg""]",[],more mobilier
8634,1411,MORE_8634,Oak Light,https://www.more-moebel.de/en/item/nil-table,"[""https://www.more-moebel.de/upload/items/111/nil-table-photo_l.png"", ""https://www.more-moebel.de/upload/ph/649/file_url.jpg"", ""https://www.more-moebel.de/upload/ph/507/file_url.jpg"", ""https://www.more-moebel.de/upload/ph/508/file_url.jpg"", ""https://www.more-moebel.de/upload/ph/648/file_url.jpg"", ""https://www.more-moebel.de/upload/ph/650/file_url.jpg"", ""https://www.more-moebel.de/upload/ph/531/file_url.jpg"", ""https://www.more-moebel.de/upload/ph/532/file_url.jpg"", ""https://www.more-moebel.de/upload/ph/533/file_url.jpg""]",[],more mobilier
8635,1411,MORE_8635,Oak Sand,https://www.more-moebel.de/en/item/nil-table,"[""https://www.more-moebel.de/upload/items/111/nil-table-photo_l.png"", ""https://www.more-moebel.de/upload/ph/649/file_url.jpg"", ""https://www.more-moebel.de/upload/ph/507/file_url.jpg"", ""https://www.more-moebel.de/upload/ph/508/file_url.jpg"", ""https://www.more-moebel.de/upload/ph/648/file_url.jpg"", ""https://www.more-moebel.de/upload/ph/650/file_url.jpg"", ""https://www.more-moebel.de/upload/ph/531/file_url.jpg"", ""https://www.more-moebel.de/upload/ph/532/file_url.jpg"", ""https://www.more-moebel.de/upload/ph/533/file_url.jpg""]",[],more mobilier
8636,1411,MORE_8636,Oak Taupe,https://www.more-moebel.de/en/item/nil-table,"[""https://www.more-moebel.de/upload/items/111/nil-table-photo_l.png"", ""https://www.more-moebel.de/upload/ph/649/file_url.jpg"", ""https://www.more-moebel.de/upload/ph/507/file_url.jpg"", ""https://www.more-moebel.de/upload/ph/508/file_url.jpg"", ""https://www.more-moebel.de/upload/ph/648/file_url.jpg"", ""https://www.more-moebel.de/upload/ph/650/file_url.jpg"", ""https://www.more-moebel.de/upload/ph/531/file_url.jpg"", ""https://www.more-moebel.de/upload/ph/532/file_url.jpg"", ""https://www.more-moebel.de/upload/ph/533/file_url.jpg""]",[],more mobilier
8637,1411,MORE_8637,Oak Basalt,https://www.more-moebel.de/en/item/nil-table,"[""https://www.more-moebel.de/upload/items/111/nil-table-photo_l.png"", ""https://www.more-moebel.de/upload/ph/649/file_url.jpg"", ""https://www.more-moebel.de/upload/ph/507/file_url.jpg"", ""https://www.more-moebel.de/upload/ph/508/file_url.jpg"", ""https://www.more-moebel.de/upload/ph/648/file_url.jpg"", ""https://www.more-moebel.de/upload/ph/650/file_url.jpg"", ""https://www.more-moebel.de/upload/ph/531/file_url.jpg"", ""https://www.more-moebel.de/upload/ph/532/file_url.jpg"", ""https://www.more-moebel.de/upload/ph/533/file_url.jpg""]",[],more mobilier
8638,1411,MORE_8638,Oak Graphit,https://www.more-moebel.de/en/item/nil-table,"[""https://www.more-moebel.de/upload/items/111/nil-table-photo_l.png"", ""https://www.more-moebel.de/upload/ph/649/file_url.jpg"", ""https://www.more-moebel.de/upload/ph/507/file_url.jpg"", ""https://www.more-moebel.de/upload/ph/508/file_url.jpg"", ""https://www.more-moebel.de/upload/ph/648/file_url.jpg"", ""https://www.more-moebel.de/upload/ph/650/file_url.jpg"", ""https://www.more-moebel.de/upload/ph/531/file_url.jpg"", ""https://www.more-moebel.de/upload/ph/532/file_url.jpg"", ""https://www.more-moebel.de/upload/ph/533/file_url.jpg""]",[],more mobilier
8639,1411,MORE_8639,Smoked Oak,https://www.more-moebel.de/en/item/nil-table,"[""https://www.more-moebel.de/upload/items/111/nil-table-photo_l.png"", ""https://www.more-moebel.de/upload/ph/649/file_url.jpg"", ""https://www.more-moebel.de/upload/ph/507/file_url.jpg"", ""https://www.more-moebel.de/upload/ph/508/file_url.jpg"", ""https://www.more-moebel.de/upload/ph/648/file_url.jpg"", ""https://www.more-moebel.de/upload/ph/650/file_url.jpg"", ""https://www.more-moebel.de/upload/ph/531/file_url.jpg"", ""https://www.more-moebel.de/upload/ph/532/file_url.jpg"", ""https://www.more-moebel.de/upload/ph/533/file_url.jpg""]",[],more mobilier
8640,1412,MORE_8640,Oak Light,https://www.more-moebel.de/en/item/cut-table-round,"[""https://www.more-moebel.de/upload/items/153/cut-table-round-photo_l.jpg"", ""https://www.more-moebel.de/upload/ph/784/file_url.jpg"", ""https://www.more-moebel.de/upload/ph/708/file_url.jpg"", ""https://www.more-moebel.de/upload/ph/709/file_url.jpg""]",[],more mobilier
8641,1412,MORE_8641,Oak Sand,https://www.more-moebel.de/en/item/cut-table-round,"[""https://www.more-moebel.de/upload/items/153/cut-table-round-photo_l.jpg"", ""https://www.more-moebel.de/upload/ph/784/file_url.jpg"", ""https://www.more-moebel.de/upload/ph/708/file_url.jpg"", ""https://www.more-moebel.de/upload/ph/709/file_url.jpg""]",[],more mobilier
8642,1412,MORE_8642,Oak Taupe,https://www.more-moebel.de/en/item/cut-table-round,"[""https://www.more-moebel.de/upload/items/153/cut-table-round-photo_l.jpg"", ""https://www.more-moebel.de/upload/ph/784/file_url.jpg"", ""https://www.more-moebel.de/upload/ph/708/file_url.jpg"", ""https://www.more-moebel.de/upload/ph/709/file_url.jpg""]",[],more mobilier
8643,1412,MORE_8643,Oak Basalt,https://www.more-moebel.de/en/item/cut-table-round,"[""https://www.more-moebel.de/upload/items/153/cut-table-round-photo_l.jpg"", ""https://www.more-moebel.de/upload/ph/784/file_url.jpg"", ""https://www.more-moebel.de/upload/ph/708/file_url.jpg"", ""https://www.more-moebel.de/upload/ph/709/file_url.jpg""]",[],more mobilier
8644,1412,MORE_8644,Oak Graphit,https://www.more-moebel.de/en/item/cut-table-round,"[""https://www.more-moebel.de/upload/items/153/cut-table-round-photo_l.jpg"", ""https://www.more-moebel.de/upload/ph/784/file_url.jpg"", ""https://www.more-moebel.de/upload/ph/708/file_url.jpg"", ""https://www.more-moebel.de/upload/ph/709/file_url.jpg""]",[],more mobilier
8645,1412,MORE_8645,Smoked Oak,https://www.more-moebel.de/en/item/cut-table-round,"[""https://www.more-moebel.de/upload/items/153/cut-table-round-photo_l.jpg"", ""https://www.more-moebel.de/upload/ph/784/file_url.jpg"", ""https://www.more-moebel.de/upload/ph/708/file_url.jpg"", ""https://www.more-moebel.de/upload/ph/709/file_url.jpg""]",[],more mobilier
8646,1413,MORE_8646,Oak Light,https://www.more-moebel.de/en/item/cut-coffee-table,"[""https://www.more-moebel.de/upload/items/154/cut-coffee-table-photo_l.jpg"", ""https://www.more-moebel.de/upload/ph/716/file_url.jpg"", ""https://www.more-moebel.de/upload/ph/717/file_url.jpg""]",[],more mobilier
8647,1413,MORE_8647,Oak Sand,https://www.more-moebel.de/en/item/cut-coffee-table,"[""https://www.more-moebel.de/upload/items/154/cut-coffee-table-photo_l.jpg"", ""https://www.more-moebel.de/upload/ph/716/file_url.jpg"", ""https://www.more-moebel.de/upload/ph/717/file_url.jpg""]",[],more mobilier
8648,1413,MORE_8648,Oak Taupe,https://www.more-moebel.de/en/item/cut-coffee-table,"[""https://www.more-moebel.de/upload/items/154/cut-coffee-table-photo_l.jpg"", ""https://www.more-moebel.de/upload/ph/716/file_url.jpg"", ""https://www.more-moebel.de/upload/ph/717/file_url.jpg""]",[],more mobilier
8649,1413,MORE_8649,Oak Basalt,https://www.more-moebel.de/en/item/cut-coffee-table,"[""https://www.more-moebel.de/upload/items/154/cut-coffee-table-photo_l.jpg"", ""https://www.more-moebel.de/upload/ph/716/file_url.jpg"", ""https://www.more-moebel.de/upload/ph/717/file_url.jpg""]",[],more mobilier
8650,1413,MORE_8650,Oak Graphit,https://www.more-moebel.de/en/item/cut-coffee-table,"[""https://www.more-moebel.de/upload/items/154/cut-coffee-table-photo_l.jpg"", ""https://www.more-moebel.de/upload/ph/716/file_url.jpg"", ""https://www.more-moebel.de/upload/ph/717/file_url.jpg""]",[],more mobilier
8651,1413,MORE_8651,Smoked Oak,https://www.more-moebel.de/en/item/cut-coffee-table,"[""https://www.more-moebel.de/upload/items/154/cut-coffee-table-photo_l.jpg"", ""https://www.more-moebel.de/upload/ph/716/file_url.jpg"", ""https://www.more-moebel.de/upload/ph/717/file_url.jpg""]",[],more mobilier
8652,1414,MORE_8652,Oak Light,https://www.more-moebel.de/en/item/sova-bed,"[""https://www.more-moebel.de/upload/items/95/sova-bed-photo_l.jpg"", ""https://www.more-moebel.de/upload/ph/443/file_url.jpg"", ""https://www.more-moebel.de/upload/ph/442/file_url.jpg"", ""https://www.more-moebel.de/upload/ph/444/file_url.jpg"", ""https://www.more-moebel.de/upload/ph/445/file_url.jpg"", ""https://www.more-moebel.de/upload/ph/452/file_url.jpg""]",[],more mobilier
8653,1414,MORE_8653,Leather Lugano / 2204,https://www.more-moebel.de/en/item/sova-bed,"[""https://www.more-moebel.de/upload/items/95/sova-bed-photo_l.jpg"", ""https://www.more-moebel.de/upload/ph/443/file_url.jpg"", ""https://www.more-moebel.de/upload/ph/442/file_url.jpg"", ""https://www.more-moebel.de/upload/ph/444/file_url.jpg"", ""https://www.more-moebel.de/upload/ph/445/file_url.jpg"", ""https://www.more-moebel.de/upload/ph/452/file_url.jpg""]",[],more mobilier
8654,1414,MORE_8654,Flash / 9843 / steel,https://www.more-moebel.de/en/item/sova-bed,"[""https://www.more-moebel.de/upload/items/95/sova-bed-photo_l.jpg"", ""https://www.more-moebel.de/upload/ph/443/file_url.jpg"", ""https://www.more-moebel.de/upload/ph/442/file_url.jpg"", ""https://www.more-moebel.de/upload/ph/444/file_url.jpg"", ""https://www.more-moebel.de/upload/ph/445/file_url.jpg"", ""https://www.more-moebel.de/upload/ph/452/file_url.jpg""]",[],more mobilier
8655,1414,MORE_8655,Oak Sand,https://www.more-moebel.de/en/item/sova-bed,"[""https://www.more-moebel.de/upload/items/95/sova-bed-photo_l.jpg"", ""https://www.more-moebel.de/upload/ph/443/file_url.jpg"", ""https://www.more-moebel.de/upload/ph/442/file_url.jpg"", ""https://www.more-moebel.de/upload/ph/444/file_url.jpg"", ""https://www.more-moebel.de/upload/ph/445/file_url.jpg"", ""https://www.more-moebel.de/upload/ph/452/file_url.jpg""]",[],more mobilier
8656,1414,MORE_8656,Leather Lugano / 0509,https://www.more-moebel.de/en/item/sova-bed,"[""https://www.more-moebel.de/upload/items/95/sova-bed-photo_l.jpg"", ""https://www.more-moebel.de/upload/ph/443/file_url.jpg"", ""https://www.more-moebel.de/upload/ph/442/file_url.jpg"", ""https://www.more-moebel.de/upload/ph/444/file_url.jpg"", ""https://www.more-moebel.de/upload/ph/445/file_url.jpg"", ""https://www.more-moebel.de/upload/ph/452/file_url.jpg""]",[],more mobilier
8657,1414,MORE_8657,Loop / 02 / graphite,https://www.more-moebel.de/en/item/sova-bed,"[""https://www.more-moebel.de/upload/items/95/sova-bed-photo_l.jpg"", ""https://www.more-moebel.de/upload/ph/443/file_url.jpg"", ""https://www.more-moebel.de/upload/ph/442/file_url.jpg"", ""https://www.more-moebel.de/upload/ph/444/file_url.jpg"", ""https://www.more-moebel.de/upload/ph/445/file_url.jpg"", ""https://www.more-moebel.de/upload/ph/452/file_url.jpg""]",[],more mobilier
8658,1414,MORE_8658,Oak Taupe,https://www.more-moebel.de/en/item/sova-bed,"[""https://www.more-moebel.de/upload/items/95/sova-bed-photo_l.jpg"", ""https://www.more-moebel.de/upload/ph/443/file_url.jpg"", ""https://www.more-moebel.de/upload/ph/442/file_url.jpg"", ""https://www.more-moebel.de/upload/ph/444/file_url.jpg"", ""https://www.more-moebel.de/upload/ph/445/file_url.jpg"", ""https://www.more-moebel.de/upload/ph/452/file_url.jpg""]",[],more mobilier
8659,1414,MORE_8659,Leather Lugano / 2594,https://www.more-moebel.de/en/item/sova-bed,"[""https://www.more-moebel.de/upload/items/95/sova-bed-photo_l.jpg"", ""https://www.more-moebel.de/upload/ph/443/file_url.jpg"", ""https://www.more-moebel.de/upload/ph/442/file_url.jpg"", ""https://www.more-moebel.de/upload/ph/444/file_url.jpg"", ""https://www.more-moebel.de/upload/ph/445/file_url.jpg"", ""https://www.more-moebel.de/upload/ph/452/file_url.jpg""]",[],more mobilier
8660,1414,MORE_8660,Loop / 01 / carbon grey,https://www.more-moebel.de/en/item/sova-bed,"[""https://www.more-moebel.de/upload/items/95/sova-bed-photo_l.jpg"", ""https://www.more-moebel.de/upload/ph/443/file_url.jpg"", ""https://www.more-moebel.de/upload/ph/442/file_url.jpg"", ""https://www.more-moebel.de/upload/ph/444/file_url.jpg"", ""https://www.more-moebel.de/upload/ph/445/file_url.jpg"", ""https://www.more-moebel.de/upload/ph/452/file_url.jpg""]",[],more mobilier
8661,1414,MORE_8661,Oak Basalt,https://www.more-moebel.de/en/item/sova-bed,"[""https://www.more-moebel.de/upload/items/95/sova-bed-photo_l.jpg"", ""https://www.more-moebel.de/upload/ph/443/file_url.jpg"", ""https://www.more-moebel.de/upload/ph/442/file_url.jpg"", ""https://www.more-moebel.de/upload/ph/444/file_url.jpg"", ""https://www.more-moebel.de/upload/ph/445/file_url.jpg"", ""https://www.more-moebel.de/upload/ph/452/file_url.jpg""]",[],more mobilier
8662,1414,MORE_8662,Leather Orta / 3654,https://www.more-moebel.de/en/item/sova-bed,"[""https://www.more-moebel.de/upload/items/95/sova-bed-photo_l.jpg"", ""https://www.more-moebel.de/upload/ph/443/file_url.jpg"", ""https://www.more-moebel.de/upload/ph/442/file_url.jpg"", ""https://www.more-moebel.de/upload/ph/444/file_url.jpg"", ""https://www.more-moebel.de/upload/ph/445/file_url.jpg"", ""https://www.more-moebel.de/upload/ph/452/file_url.jpg""]",[],more mobilier
8663,1414,MORE_8663,Loop / 36 / olive,https://www.more-moebel.de/en/item/sova-bed,"[""https://www.more-moebel.de/upload/items/95/sova-bed-photo_l.jpg"", ""https://www.more-moebel.de/upload/ph/443/file_url.jpg"", ""https://www.more-moebel.de/upload/ph/442/file_url.jpg"", ""https://www.more-moebel.de/upload/ph/444/file_url.jpg"", ""https://www.more-moebel.de/upload/ph/445/file_url.jpg"", ""https://www.more-moebel.de/upload/ph/452/file_url.jpg""]",[],more mobilier
8664,1414,MORE_8664,Oak Graphit,https://www.more-moebel.de/en/item/sova-bed,"[""https://www.more-moebel.de/upload/items/95/sova-bed-photo_l.jpg"", ""https://www.more-moebel.de/upload/ph/443/file_url.jpg"", ""https://www.more-moebel.de/upload/ph/442/file_url.jpg"", ""https://www.more-moebel.de/upload/ph/444/file_url.jpg"", ""https://www.more-moebel.de/upload/ph/445/file_url.jpg"", ""https://www.more-moebel.de/upload/ph/452/file_url.jpg""]",[],more mobilier
8665,1414,MORE_8665,Leather Orta / 2159,https://www.more-moebel.de/en/item/sova-bed,"[""https://www.more-moebel.de/upload/items/95/sova-bed-photo_l.jpg"", ""https://www.more-moebel.de/upload/ph/443/file_url.jpg"", ""https://www.more-moebel.de/upload/ph/442/file_url.jpg"", ""https://www.more-moebel.de/upload/ph/444/file_url.jpg"", ""https://www.more-moebel.de/upload/ph/445/file_url.jpg"", ""https://www.more-moebel.de/upload/ph/452/file_url.jpg""]",[],more mobilier
8666,1414,MORE_8666,Jette / 17,https://www.more-moebel.de/en/item/sova-bed,"[""https://www.more-moebel.de/upload/items/95/sova-bed-photo_l.jpg"", ""https://www.more-moebel.de/upload/ph/443/file_url.jpg"", ""https://www.more-moebel.de/upload/ph/442/file_url.jpg"", ""https://www.more-moebel.de/upload/ph/444/file_url.jpg"", ""https://www.more-moebel.de/upload/ph/445/file_url.jpg"", ""https://www.more-moebel.de/upload/ph/452/file_url.jpg""]",[],more mobilier
8667,1414,MORE_8667,Smoked Oak,https://www.more-moebel.de/en/item/sova-bed,"[""https://www.more-moebel.de/upload/items/95/sova-bed-photo_l.jpg"", ""https://www.more-moebel.de/upload/ph/443/file_url.jpg"", ""https://www.more-moebel.de/upload/ph/442/file_url.jpg"", ""https://www.more-moebel.de/upload/ph/444/file_url.jpg"", ""https://www.more-moebel.de/upload/ph/445/file_url.jpg"", ""https://www.more-moebel.de/upload/ph/452/file_url.jpg""]",[],more mobilier
8668,1414,MORE_8668,leather Orta / 2491,https://www.more-moebel.de/en/item/sova-bed,"[""https://www.more-moebel.de/upload/items/95/sova-bed-photo_l.jpg"", ""https://www.more-moebel.de/upload/ph/443/file_url.jpg"", ""https://www.more-moebel.de/upload/ph/442/file_url.jpg"", ""https://www.more-moebel.de/upload/ph/444/file_url.jpg"", ""https://www.more-moebel.de/upload/ph/445/file_url.jpg"", ""https://www.more-moebel.de/upload/ph/452/file_url.jpg""]",[],more mobilier
8669,1414,MORE_8669,Rami / 6972,https://www.more-moebel.de/en/item/sova-bed,"[""https://www.more-moebel.de/upload/items/95/sova-bed-photo_l.jpg"", ""https://www.more-moebel.de/upload/ph/443/file_url.jpg"", ""https://www.more-moebel.de/upload/ph/442/file_url.jpg"", ""https://www.more-moebel.de/upload/ph/444/file_url.jpg"", ""https://www.more-moebel.de/upload/ph/445/file_url.jpg"", ""https://www.more-moebel.de/upload/ph/452/file_url.jpg""]",[],more mobilier
8670,1414,MORE_8670,Natural walnut,https://www.more-moebel.de/en/item/sova-bed,"[""https://www.more-moebel.de/upload/items/95/sova-bed-photo_l.jpg"", ""https://www.more-moebel.de/upload/ph/443/file_url.jpg"", ""https://www.more-moebel.de/upload/ph/442/file_url.jpg"", ""https://www.more-moebel.de/upload/ph/444/file_url.jpg"", ""https://www.more-moebel.de/upload/ph/445/file_url.jpg"", ""https://www.more-moebel.de/upload/ph/452/file_url.jpg""]",[],more mobilier
8671,1414,MORE_8671,Leather Orta / 1431,https://www.more-moebel.de/en/item/sova-bed,"[""https://www.more-moebel.de/upload/items/95/sova-bed-photo_l.jpg"", ""https://www.more-moebel.de/upload/ph/443/file_url.jpg"", ""https://www.more-moebel.de/upload/ph/442/file_url.jpg"", ""https://www.more-moebel.de/upload/ph/444/file_url.jpg"", ""https://www.more-moebel.de/upload/ph/445/file_url.jpg"", ""https://www.more-moebel.de/upload/ph/452/file_url.jpg""]",[],more mobilier
8672,1414,MORE_8672,Rami / 3072,https://www.more-moebel.de/en/item/sova-bed,"[""https://www.more-moebel.de/upload/items/95/sova-bed-photo_l.jpg"", ""https://www.more-moebel.de/upload/ph/443/file_url.jpg"", ""https://www.more-moebel.de/upload/ph/442/file_url.jpg"", ""https://www.more-moebel.de/upload/ph/444/file_url.jpg"", ""https://www.more-moebel.de/upload/ph/445/file_url.jpg"", ""https://www.more-moebel.de/upload/ph/452/file_url.jpg""]",[],more mobilier
8673,1415,MORE_8673,steel / anthracite,https://www.more-moebel.de/en/item/nova-bed,"[""https://www.more-moebel.de/upload/items/81/nova-bed-photo_l.jpg"", ""https://www.more-moebel.de/upload/ph/479/file_url.jpg"", ""https://www.more-moebel.de/upload/ph/264/file_url.jpg"", ""https://www.more-moebel.de/upload/ph/351/file_url.jpg"", ""https://www.more-moebel.de/upload/ph/467/file_url.jpg"", ""https://www.more-moebel.de/upload/ph/585/file_url.jpg""]",[],more mobilier
8674,1415,MORE_8674,Leather Lugano / 2204,https://www.more-moebel.de/en/item/nova-bed,"[""https://www.more-moebel.de/upload/items/81/nova-bed-photo_l.jpg"", ""https://www.more-moebel.de/upload/ph/479/file_url.jpg"", ""https://www.more-moebel.de/upload/ph/264/file_url.jpg"", ""https://www.more-moebel.de/upload/ph/351/file_url.jpg"", ""https://www.more-moebel.de/upload/ph/467/file_url.jpg"", ""https://www.more-moebel.de/upload/ph/585/file_url.jpg""]",[],more mobilier
8675,1415,MORE_8675,Flash / 9843 / steel,https://www.more-moebel.de/en/item/nova-bed,"[""https://www.more-moebel.de/upload/items/81/nova-bed-photo_l.jpg"", ""https://www.more-moebel.de/upload/ph/479/file_url.jpg"", ""https://www.more-moebel.de/upload/ph/264/file_url.jpg"", ""https://www.more-moebel.de/upload/ph/351/file_url.jpg"", ""https://www.more-moebel.de/upload/ph/467/file_url.jpg"", ""https://www.more-moebel.de/upload/ph/585/file_url.jpg""]",[],more mobilier
8676,1415,MORE_8676,Aluminium anodised,https://www.more-moebel.de/en/item/nova-bed,"[""https://www.more-moebel.de/upload/items/81/nova-bed-photo_l.jpg"", ""https://www.more-moebel.de/upload/ph/479/file_url.jpg"", ""https://www.more-moebel.de/upload/ph/264/file_url.jpg"", ""https://www.more-moebel.de/upload/ph/351/file_url.jpg"", ""https://www.more-moebel.de/upload/ph/467/file_url.jpg"", ""https://www.more-moebel.de/upload/ph/585/file_url.jpg""]",[],more mobilier
8677,1415,MORE_8677,Leather Lugano / 0509,https://www.more-moebel.de/en/item/nova-bed,"[""https://www.more-moebel.de/upload/items/81/nova-bed-photo_l.jpg"", ""https://www.more-moebel.de/upload/ph/479/file_url.jpg"", ""https://www.more-moebel.de/upload/ph/264/file_url.jpg"", ""https://www.more-moebel.de/upload/ph/351/file_url.jpg"", ""https://www.more-moebel.de/upload/ph/467/file_url.jpg"", ""https://www.more-moebel.de/upload/ph/585/file_url.jpg""]",[],more mobilier
8678,1415,MORE_8678,Loop / 02 / graphite,https://www.more-moebel.de/en/item/nova-bed,"[""https://www.more-moebel.de/upload/items/81/nova-bed-photo_l.jpg"", ""https://www.more-moebel.de/upload/ph/479/file_url.jpg"", ""https://www.more-moebel.de/upload/ph/264/file_url.jpg"", ""https://www.more-moebel.de/upload/ph/351/file_url.jpg"", ""https://www.more-moebel.de/upload/ph/467/file_url.jpg"", ""https://www.more-moebel.de/upload/ph/585/file_url.jpg""]",[],more mobilier
8679,1415,MORE_8679,Leather Lugano / 2594,https://www.more-moebel.de/en/item/nova-bed,"[""https://www.more-moebel.de/upload/items/81/nova-bed-photo_l.jpg"", ""https://www.more-moebel.de/upload/ph/479/file_url.jpg"", ""https://www.more-moebel.de/upload/ph/264/file_url.jpg"", ""https://www.more-moebel.de/upload/ph/351/file_url.jpg"", ""https://www.more-moebel.de/upload/ph/467/file_url.jpg"", ""https://www.more-moebel.de/upload/ph/585/file_url.jpg""]",[],more mobilier
8680,1415,MORE_8680,Loop / 01 / carbon grey,https://www.more-moebel.de/en/item/nova-bed,"[""https://www.more-moebel.de/upload/items/81/nova-bed-photo_l.jpg"", ""https://www.more-moebel.de/upload/ph/479/file_url.jpg"", ""https://www.more-moebel.de/upload/ph/264/file_url.jpg"", ""https://www.more-moebel.de/upload/ph/351/file_url.jpg"", ""https://www.more-moebel.de/upload/ph/467/file_url.jpg"", ""https://www.more-moebel.de/upload/ph/585/file_url.jpg""]",[],more mobilier
8681,1415,MORE_8681,Leather Orta / 3654,https://www.more-moebel.de/en/item/nova-bed,"[""https://www.more-moebel.de/upload/items/81/nova-bed-photo_l.jpg"", ""https://www.more-moebel.de/upload/ph/479/file_url.jpg"", ""https://www.more-moebel.de/upload/ph/264/file_url.jpg"", ""https://www.more-moebel.de/upload/ph/351/file_url.jpg"", ""https://www.more-moebel.de/upload/ph/467/file_url.jpg"", ""https://www.more-moebel.de/upload/ph/585/file_url.jpg""]",[],more mobilier
8682,1415,MORE_8682,Loop / 36 / olive,https://www.more-moebel.de/en/item/nova-bed,"[""https://www.more-moebel.de/upload/items/81/nova-bed-photo_l.jpg"", ""https://www.more-moebel.de/upload/ph/479/file_url.jpg"", ""https://www.more-moebel.de/upload/ph/264/file_url.jpg"", ""https://www.more-moebel.de/upload/ph/351/file_url.jpg"", ""https://www.more-moebel.de/upload/ph/467/file_url.jpg"", ""https://www.more-moebel.de/upload/ph/585/file_url.jpg""]",[],more mobilier
8683,1415,MORE_8683,Leather Orta / 2159,https://www.more-moebel.de/en/item/nova-bed,"[""https://www.more-moebel.de/upload/items/81/nova-bed-photo_l.jpg"", ""https://www.more-moebel.de/upload/ph/479/file_url.jpg"", ""https://www.more-moebel.de/upload/ph/264/file_url.jpg"", ""https://www.more-moebel.de/upload/ph/351/file_url.jpg"", ""https://www.more-moebel.de/upload/ph/467/file_url.jpg"", ""https://www.more-moebel.de/upload/ph/585/file_url.jpg""]",[],more mobilier
8684,1415,MORE_8684,Jette / 17,https://www.more-moebel.de/en/item/nova-bed,"[""https://www.more-moebel.de/upload/items/81/nova-bed-photo_l.jpg"", ""https://www.more-moebel.de/upload/ph/479/file_url.jpg"", ""https://www.more-moebel.de/upload/ph/264/file_url.jpg"", ""https://www.more-moebel.de/upload/ph/351/file_url.jpg"", ""https://www.more-moebel.de/upload/ph/467/file_url.jpg"", ""https://www.more-moebel.de/upload/ph/585/file_url.jpg""]",[],more mobilier
8685,1415,MORE_8685,leather Orta / 2491,https://www.more-moebel.de/en/item/nova-bed,"[""https://www.more-moebel.de/upload/items/81/nova-bed-photo_l.jpg"", ""https://www.more-moebel.de/upload/ph/479/file_url.jpg"", ""https://www.more-moebel.de/upload/ph/264/file_url.jpg"", ""https://www.more-moebel.de/upload/ph/351/file_url.jpg"", ""https://www.more-moebel.de/upload/ph/467/file_url.jpg"", ""https://www.more-moebel.de/upload/ph/585/file_url.jpg""]",[],more mobilier
8686,1415,MORE_8686,Rami / 6972,https://www.more-moebel.de/en/item/nova-bed,"[""https://www.more-moebel.de/upload/items/81/nova-bed-photo_l.jpg"", ""https://www.more-moebel.de/upload/ph/479/file_url.jpg"", ""https://www.more-moebel.de/upload/ph/264/file_url.jpg"", ""https://www.more-moebel.de/upload/ph/351/file_url.jpg"", ""https://www.more-moebel.de/upload/ph/467/file_url.jpg"", ""https://www.more-moebel.de/upload/ph/585/file_url.jpg""]",[],more mobilier
8687,1415,MORE_8687,Leather Orta / 1431,https://www.more-moebel.de/en/item/nova-bed,"[""https://www.more-moebel.de/upload/items/81/nova-bed-photo_l.jpg"", ""https://www.more-moebel.de/upload/ph/479/file_url.jpg"", ""https://www.more-moebel.de/upload/ph/264/file_url.jpg"", ""https://www.more-moebel.de/upload/ph/351/file_url.jpg"", ""https://www.more-moebel.de/upload/ph/467/file_url.jpg"", ""https://www.more-moebel.de/upload/ph/585/file_url.jpg""]",[],more mobilier
8688,1415,MORE_8688,Rami / 3072,https://www.more-moebel.de/en/item/nova-bed,"[""https://www.more-moebel.de/upload/items/81/nova-bed-photo_l.jpg"", ""https://www.more-moebel.de/upload/ph/479/file_url.jpg"", ""https://www.more-moebel.de/upload/ph/264/file_url.jpg"", ""https://www.more-moebel.de/upload/ph/351/file_url.jpg"", ""https://www.more-moebel.de/upload/ph/467/file_url.jpg"", ""https://www.more-moebel.de/upload/ph/585/file_url.jpg""]",[],more mobilier
9000,1500,ROSA_60-191 DMPW,Desert Mix,https://rosasplendiani.it/en/prodotti/poltrone/poltrona-amalfi/,"[""https://rosasplendiani.it/wp-content/uploads/2023/12/DSC04104-Modifica-1.jpg"", ""https://rosasplendiani.it/wp-content/uploads/2023/12/DSC04103-Modifica-1.jpg"", ""https://rosasplendiani.it/wp-content/uploads/2023/12/desert-mix-rope-detail-macro.jpg"", ""https://rosasplendiani.it/wp-content/uploads/2023/12/rope-pearl-white-detail.jpg"", ""https://rosasplendiani.it/wp-content/uploads/2023/12/DSC04102-Modifica-1.jpg"", ""https://rosasplendiani.it/wp-content/uploads/2023/12/rope-pearl-white-detail-macro.jpg"", ""https://rosasplendiani.it/wp-content/uploads/2023/12/DSC04113-Modifica-1.jpg"", ""https://rosasplendiani.it/wp-content/uploads/2023/12/DSC00085-Modifica-1.jpg"", ""https://rosasplendiani.it/wp-content/uploads/2023/12/DSC00082-Modifica-1.jpg""]",[],rosa splendiani mobilier
9001,1500,ROSA_9001,Pearl White,https://rosasplendiani.it/en/prodotti/poltrone/poltrona-amalfi/,"[""https://rosasplendiani.it/wp-content/uploads/2023/12/DSC04104-Modifica-1.jpg"", ""https://rosasplendiani.it/wp-content/uploads/2023/12/DSC04103-Modifica-1.jpg"", ""https://rosasplendiani.it/wp-content/uploads/2023/12/desert-mix-rope-detail-macro.jpg"", ""https://rosasplendiani.it/wp-content/uploads/2023/12/rope-pearl-white-detail.jpg"", ""https://rosasplendiani.it/wp-content/uploads/2023/12/DSC04102-Modifica-1.jpg"", ""https://rosasplendiani.it/wp-content/uploads/2023/12/rope-pearl-white-detail-macro.jpg"", ""https://rosasplendiani.it/wp-content/uploads/2023/12/DSC04113-Modifica-1.jpg"", ""https://rosasplendiani.it/wp-content/uploads/2023/12/DSC00085-Modifica-1.jpg"", ""https://rosasplendiani.it/wp-content/uploads/2023/12/DSC00082-Modifica-1.jpg""]",[],rosa splendiani mobilier
9002,1501,ROSA_60-201 DMPW,Desert Mix,https://rosasplendiani.it/en/prodotti/poltrone/poltrona-dakota/,"[""https://rosasplendiani.it/wp-content/uploads/2023/12/DSC01060-Modifica-1.jpg"", ""https://rosasplendiani.it/wp-content/uploads/2023/12/DSC01045.jpg"", ""https://rosasplendiani.it/wp-content/uploads/2023/12/dakota-dettaglio-intreccio-corda-new-version-scaled.jpg"", ""https://rosasplendiani.it/wp-content/uploads/2023/11/DSC01043.jpg"", ""https://rosasplendiani.it/wp-content/uploads/2022/08/DSC01097.jpg"", ""https://rosasplendiani.it/wp-content/uploads/2023/12/DSC01052-Modifica-2-copia-1.jpg""]",[],rosa splendiani mobilier
9003,1501,ROSA_9003,Pearl White,https://rosasplendiani.it/en/prodotti/poltrone/poltrona-dakota/,"[""https://rosasplendiani.it/wp-content/uploads/2023/12/DSC01060-Modifica-1.jpg"", ""https://rosasplendiani.it/wp-content/uploads/2023/12/DSC01045.jpg"", ""https://rosasplendiani.it/wp-content/uploads/2023/12/dakota-dettaglio-intreccio-corda-new-version-scaled.jpg"", ""https://rosasplendiani.it/wp-content/uploads/2023/11/DSC01043.jpg"", ""https://rosasplendiani.it/wp-content/uploads/2022/08/DSC01097.jpg"", ""https://rosasplendiani.it/wp-content/uploads/2023/12/DSC01052-Modifica-2-copia-1.jpg""]",[],rosa splendiani mobilier
9004,1502,ROSA_60-181,Sunproof Sand,https://rosasplendiani.it/en/prodotti/poltrone/poltrona-gilda/,"[""https://rosasplendiani.it/wp-content/uploads/2022/08/DSC01088.jpg"", ""https://rosasplendiani.it/wp-content/uploads/2020/12/gilda-poltrona-top-view-1.jpg"", ""https://rosasplendiani.it/wp-content/uploads/2022/08/DSC01087-Modifica.jpg"", ""https://rosasplendiani.it/wp-content/uploads/2022/08/DSC01089.jpg"", ""https://rosasplendiani.it/wp-content/uploads/2020/12/gilda-poltrona-side-su-fondale-nero-1.jpg"", ""https://rosasplendiani.it/wp-content/uploads/2020/12/gilda-sunproof-dettaglio-corda-outdoor-1.jpg"", ""https://rosasplendiani.it/wp-content/uploads/2022/08/DSC01079.jpg"", ""https://rosasplendiani.it/wp-content/uploads/2020/12/gilda-detail-intreccio-2-1.jpg""]",[],rosa splendiani mobilier
9005,1502,ROSA_9005,Sunproof Sand,https://rosasplendiani.it/en/prodotti/poltrone/poltrona-gilda/,"[""https://rosasplendiani.it/wp-content/uploads/2022/08/DSC01088.jpg"", ""https://rosasplendiani.it/wp-content/uploads/2020/12/gilda-poltrona-top-view-1.jpg"", ""https://rosasplendiani.it/wp-content/uploads/2022/08/DSC01087-Modifica.jpg"", ""https://rosasplendiani.it/wp-content/uploads/2022/08/DSC01089.jpg"", ""https://rosasplendiani.it/wp-content/uploads/2020/12/gilda-poltrona-side-su-fondale-nero-1.jpg"", ""https://rosasplendiani.it/wp-content/uploads/2020/12/gilda-sunproof-dettaglio-corda-outdoor-1.jpg"", ""https://rosasplendiani.it/wp-content/uploads/2022/08/DSC01079.jpg"", ""https://rosasplendiani.it/wp-content/uploads/2020/12/gilda-detail-intreccio-2-1.jpg""]",[],rosa splendiani mobilier
9006,1503,ROSA_60-255,Rope - Off White,https://rosasplendiani.it/en/prodotti/sedie/poltroncina-zante/,"[""https://rosasplendiani.it/wp-content/uploads/2020/12/zante-poltrocine-ambient.jpg"", ""https://rosasplendiani.it/wp-content/uploads/2020/12/zante-poltrocina-side-su-fondale.jpg"", ""https://rosasplendiani.it/wp-content/uploads/2020/12/zante-poltrocina-back-su-fondale.jpg"", ""https://rosasplendiani.it/wp-content/uploads/2020/12/zante-poltroncina-relax-per-outdoor.jpg"", ""https://rosasplendiani.it/wp-content/uploads/2020/12/zante-baldacchino-poltroncine-ambient.jpg"", ""https://rosasplendiani.it/wp-content/uploads/2021/11/zante-lounge-set-2.jpg"", ""https://rosasplendiani.it/wp-content/uploads/2021/09/Orto-Verticale5-ridef.-rit.jpg""]",[],rosa splendiani mobilier
9007,1503,ROSA_9007,Rope - Cappuccino,https://rosasplendiani.it/en/prodotti/sedie/poltroncina-zante/,"[""https://rosasplendiani.it/wp-content/uploads/2020/12/zante-poltrocine-ambient.jpg"", ""https://rosasplendiani.it/wp-content/uploads/2020/12/zante-poltrocina-side-su-fondale.jpg"", ""https://rosasplendiani.it/wp-content/uploads/2020/12/zante-poltrocina-back-su-fondale.jpg"", ""https://rosasplendiani.it/wp-content/uploads/2020/12/zante-poltroncina-relax-per-outdoor.jpg"", ""https://rosasplendiani.it/wp-content/uploads/2020/12/zante-baldacchino-poltroncine-ambient.jpg"", ""https://rosasplendiani.it/wp-content/uploads/2021/11/zante-lounge-set-2.jpg"", ""https://rosasplendiani.it/wp-content/uploads/2021/09/Orto-Verticale5-ridef.-rit.jpg""]",[],rosa splendiani mobilier
9008,1504,60-192 DMPW,Desert Mix,https://rosasplendiani.it/en/prodotti/divani/divano-amalfi/,"[""https://rosasplendiani.it/wp-content/uploads/2023/12/DSC04108-Modifica-1-1.jpg"", ""https://rosasplendiani.it/wp-content/uploads/2025/01/Amalfi-Pearl-White-7.jpg"", ""https://rosasplendiani.it/wp-content/uploads/2025/01/Amalfi-Pearl-White-11.jpg"", ""https://rosasplendiani.it/wp-content/uploads/2023/12/DSC04109-Modifica-1-scaled.jpg"", ""https://rosasplendiani.it/wp-content/uploads/2025/01/Amalfi-Pearl-White-15.jpg"", ""https://rosasplendiani.it/wp-content/uploads/2023/12/DSC00085-Modifica-1.jpg"", ""https://rosasplendiani.it/wp-content/uploads/2023/12/desert-mix-rope-detail-macro.jpg"", ""https://rosasplendiani.it/wp-content/uploads/2023/12/rope-pearl-white-detail-macro.jpg"", ""https://rosasplendiani.it/wp-content/uploads/2023/12/DSC04113-Modifica-1.jpg"", ""https://rosasplendiani.it/wp-content/uploads/2025/01/Amalfi-Pearl-White-17.jpg""]",[],rosa splendiani mobilier
9009,1504,ROSA_9009,Pearl White,https://rosasplendiani.it/en/prodotti/divani/divano-amalfi/,"[""https://rosasplendiani.it/wp-content/uploads/2023/12/DSC04108-Modifica-1-1.jpg"", ""https://rosasplendiani.it/wp-content/uploads/2025/01/Amalfi-Pearl-White-7.jpg"", ""https://rosasplendiani.it/wp-content/uploads/2025/01/Amalfi-Pearl-White-11.jpg"", ""https://rosasplendiani.it/wp-content/uploads/2023/12/DSC04109-Modifica-1-scaled.jpg"", ""https://rosasplendiani.it/wp-content/uploads/2025/01/Amalfi-Pearl-White-15.jpg"", ""https://rosasplendiani.it/wp-content/uploads/2023/12/DSC00085-Modifica-1.jpg"", ""https://rosasplendiani.it/wp-content/uploads/2023/12/desert-mix-rope-detail-macro.jpg"", ""https://rosasplendiani.it/wp-content/uploads/2023/12/rope-pearl-white-detail-macro.jpg"", ""https://rosasplendiani.it/wp-content/uploads/2023/12/DSC04113-Modifica-1.jpg"", ""https://rosasplendiani.it/wp-content/uploads/2025/01/Amalfi-Pearl-White-17.jpg""]",[],rosa splendiani mobilier
9010,1505,60-203 DMPW,Desert Mix,https://rosasplendiani.it/en/prodotti/divani/divano-dakota/,"[""https://rosasplendiani.it/wp-content/uploads/2023/11/DSC01040.jpg"", ""https://rosasplendiani.it/wp-content/uploads/2023/11/DSC01047.jpg"", ""https://rosasplendiani.it/wp-content/uploads/2023/12/DSC01056-Modifica-copia-1.jpg"", ""https://rosasplendiani.it/wp-content/uploads/2023/12/DSC01052-Modifica-2-copia-1.jpg"", ""https://rosasplendiani.it/wp-content/uploads/2023/12/dakota-dettaglio-intreccio-corda-new-version-scaled.jpg"", ""https://rosasplendiani.it/wp-content/uploads/2023/11/DSC01038.jpg"", ""https://rosasplendiani.it/wp-content/uploads/2023/11/DSC01041.jpg""]",[],rosa splendiani mobilier
9011,1505,ROSA_9011,Pearl White,https://rosasplendiani.it/en/prodotti/divani/divano-dakota/,"[""https://rosasplendiani.it/wp-content/uploads/2023/11/DSC01040.jpg"", ""https://rosasplendiani.it/wp-content/uploads/2023/11/DSC01047.jpg"", ""https://rosasplendiani.it/wp-content/uploads/2023/12/DSC01056-Modifica-copia-1.jpg"", ""https://rosasplendiani.it/wp-content/uploads/2023/12/DSC01052-Modifica-2-copia-1.jpg"", ""https://rosasplendiani.it/wp-content/uploads/2023/12/dakota-dettaglio-intreccio-corda-new-version-scaled.jpg"", ""https://rosasplendiani.it/wp-content/uploads/2023/11/DSC01038.jpg"", ""https://rosasplendiani.it/wp-content/uploads/2023/11/DSC01041.jpg""]",[],rosa splendiani mobilier
9012,1506,60-183,Sunproof Sand,https://rosasplendiani.it/en/prodotti/divani/divano-tre-posti-gilda/,"[""https://rosasplendiani.it/wp-content/uploads/2020/12/gilda-divano-3-posti-tavolino-front-1.jpg"", ""https://rosasplendiani.it/wp-content/uploads/2020/12/gilda-3-posti-divano-sfondo-bianco-detail-1.jpg"", ""https://rosasplendiani.it/wp-content/uploads/2020/12/gilda-2-posti-divano-outdoor-1.jpg"", ""https://rosasplendiani.it/wp-content/uploads/2020/12/gilda-2-posti-divano-dettaglio-2-1.jpg"", ""https://rosasplendiani.it/wp-content/uploads/2020/12/gilda-sunproof-dettaglio-corda-outdoor.jpg""]",[],rosa splendiani mobilier
9013,1507,60-301,MODUL SIMPLU 90x90 / Desert Mix / GREY,https://rosasplendiani.it/en/prodotti/divani-modulari/divano-bahia-modulare/,"[""https://rosasplendiani.it/wp-content/uploads/2023/11/bahia-quadrato-ridef-1.jpg"", ""https://rosasplendiani.it/wp-content/uploads/2023/11/bahia-composizione-alto-1.jpg"", ""https://rosasplendiani.it/wp-content/uploads/2023/11/bahia-quadrato-ridef-2.jpg"", ""https://rosasplendiani.it/wp-content/uploads/2023/11/angolo-bahia-back-1.jpg"", ""https://rosasplendiani.it/wp-content/uploads/2023/11/bahia-5.jpg"", ""https://rosasplendiani.it/wp-content/uploads/2023/11/bahia-4-1.jpg"", ""https://rosasplendiani.it/wp-content/uploads/2023/11/bahia-4.jpg"", ""https://rosasplendiani.it/wp-content/uploads/2023/11/bahia-post-g.jpg"", ""https://rosasplendiani.it/wp-content/uploads/2023/11/bahia-post-e.jpg"", ""https://rosasplendiani.it/wp-content/uploads/2023/11/bahia-post-d.jpg"", ""https://rosasplendiani.it/wp-content/uploads/2023/11/bahia-post-c.jpg"", ""https://rosasplendiani.it/wp-content/uploads/2023/11/bahia-post-d3-scaled.jpg""]",[],rosa splendiani mobilier
9014,1507,60-303,Modul de colț 180×90,https://rosasplendiani.it/en/prodotti/divani-modulari/divano-bahia-modulare/,"[""https://rosasplendiani.it/wp-content/uploads/2023/11/bahia-quadrato-ridef-1.jpg"", ""https://rosasplendiani.it/wp-content/uploads/2023/11/bahia-composizione-alto-1.jpg"", ""https://rosasplendiani.it/wp-content/uploads/2023/11/bahia-quadrato-ridef-2.jpg"", ""https://rosasplendiani.it/wp-content/uploads/2023/11/angolo-bahia-back-1.jpg"", ""https://rosasplendiani.it/wp-content/uploads/2023/11/bahia-5.jpg"", ""https://rosasplendiani.it/wp-content/uploads/2023/11/bahia-4-1.jpg"", ""https://rosasplendiani.it/wp-content/uploads/2023/11/bahia-4.jpg"", ""https://rosasplendiani.it/wp-content/uploads/2023/11/bahia-post-g.jpg"", ""https://rosasplendiani.it/wp-content/uploads/2023/11/bahia-post-e.jpg"", ""https://rosasplendiani.it/wp-content/uploads/2023/11/bahia-post-d.jpg"", ""https://rosasplendiani.it/wp-content/uploads/2023/11/bahia-post-c.jpg"", ""https://rosasplendiani.it/wp-content/uploads/2023/11/bahia-post-d3-scaled.jpg""]",[],rosa splendiani mobilier
9015,1507,60-302,Modul dublu 180x90,https://rosasplendiani.it/en/prodotti/divani-modulari/divano-bahia-modulare/,"[""https://rosasplendiani.it/wp-content/uploads/2023/11/bahia-quadrato-ridef-1.jpg"", ""https://rosasplendiani.it/wp-content/uploads/2023/11/bahia-composizione-alto-1.jpg"", ""https://rosasplendiani.it/wp-content/uploads/2023/11/bahia-quadrato-ridef-2.jpg"", ""https://rosasplendiani.it/wp-content/uploads/2023/11/angolo-bahia-back-1.jpg"", ""https://rosasplendiani.it/wp-content/uploads/2023/11/bahia-5.jpg"", ""https://rosasplendiani.it/wp-content/uploads/2023/11/bahia-4-1.jpg"", ""https://rosasplendiani.it/wp-content/uploads/2023/11/bahia-4.jpg"", ""https://rosasplendiani.it/wp-content/uploads/2023/11/bahia-post-g.jpg"", ""https://rosasplendiani.it/wp-content/uploads/2023/11/bahia-post-e.jpg"", ""https://rosasplendiani.it/wp-content/uploads/2023/11/bahia-post-d.jpg"", ""https://rosasplendiani.it/wp-content/uploads/2023/11/bahia-post-c.jpg"", ""https://rosasplendiani.it/wp-content/uploads/2023/11/bahia-post-d3-scaled.jpg""]",[],rosa splendiani mobilier
9016,1507,60-304CU,Set spătar și perne decorative,https://rosasplendiani.it/en/prodotti/divani-modulari/divano-bahia-modulare/,"[""https://rosasplendiani.it/wp-content/uploads/2023/11/bahia-quadrato-ridef-1.jpg"", ""https://rosasplendiani.it/wp-content/uploads/2023/11/bahia-composizione-alto-1.jpg"", ""https://rosasplendiani.it/wp-content/uploads/2023/11/bahia-quadrato-ridef-2.jpg"", ""https://rosasplendiani.it/wp-content/uploads/2023/11/angolo-bahia-back-1.jpg"", ""https://rosasplendiani.it/wp-content/uploads/2023/11/bahia-5.jpg"", ""https://rosasplendiani.it/wp-content/uploads/2023/11/bahia-4-1.jpg"", ""https://rosasplendiani.it/wp-content/uploads/2023/11/bahia-4.jpg"", ""https://rosasplendiani.it/wp-content/uploads/2023/11/bahia-post-g.jpg"", ""https://rosasplendiani.it/wp-content/uploads/2023/11/bahia-post-e.jpg"", ""https://rosasplendiani.it/wp-content/uploads/2023/11/bahia-post-d.jpg"", ""https://rosasplendiani.it/wp-content/uploads/2023/11/bahia-post-c.jpg"", ""https://rosasplendiani.it/wp-content/uploads/2023/11/bahia-post-d3-scaled.jpg""]",[],rosa splendiani mobilier
9017,1507,60-30 DMGY,Spătar din aluminiu împletit cu frânghie,https://rosasplendiani.it/en/prodotti/divani-modulari/divano-bahia-modulare/,"[""https://rosasplendiani.it/wp-content/uploads/2023/11/bahia-quadrato-ridef-1.jpg"", ""https://rosasplendiani.it/wp-content/uploads/2023/11/bahia-composizione-alto-1.jpg"", ""https://rosasplendiani.it/wp-content/uploads/2023/11/bahia-quadrato-ridef-2.jpg"", ""https://rosasplendiani.it/wp-content/uploads/2023/11/angolo-bahia-back-1.jpg"", ""https://rosasplendiani.it/wp-content/uploads/2023/11/bahia-5.jpg"", ""https://rosasplendiani.it/wp-content/uploads/2023/11/bahia-4-1.jpg"", ""https://rosasplendiani.it/wp-content/uploads/2023/11/bahia-4.jpg"", ""https://rosasplendiani.it/wp-content/uploads/2023/11/bahia-post-g.jpg"", ""https://rosasplendiani.it/wp-content/uploads/2023/11/bahia-post-e.jpg"", ""https://rosasplendiani.it/wp-content/uploads/2023/11/bahia-post-d.jpg"", ""https://rosasplendiani.it/wp-content/uploads/2023/11/bahia-post-c.jpg"", ""https://rosasplendiani.it/wp-content/uploads/2023/11/bahia-post-d3-scaled.jpg""]",[],rosa splendiani mobilier
9018,1508,80-100,MODUL SIMPLU 70 x 90,https://rosasplendiani.it/en/prodotti/divani/divano-modulare-tosca/,"[""https://rosasplendiani.it/wp-content/uploads/2021/11/tosca-modular-sofa-outdoor-single-element.jpg"", ""https://rosasplendiani.it/wp-content/uploads/2021/10/tosca-outdoor-sofa-modular-2.jpg"", ""https://rosasplendiani.it/wp-content/uploads/2021/10/tosca-outdoor-sofa-modular-detail-water-repellency.jpg"", ""https://rosasplendiani.it/wp-content/uploads/2021/10/tosca-outdoor-sofa-modular-detail-water-repellent.jpg"", ""https://rosasplendiani.it/wp-content/uploads/2021/10/tosca-outdoor-sofa-modular-detail-2-side.jpg"", ""https://rosasplendiani.it/wp-content/uploads/2021/10/tosca-outdoor-sofa-modular-detail-blue.jpg"", ""https://rosasplendiani.it/wp-content/uploads/2021/10/tosca-outdoor-sofa-modular-5.jpg"", ""https://rosasplendiani.it/wp-content/uploads/2021/10/tosca-outdoor-sofa-modular-4.jpg""]",[],rosa splendiani mobilier
9019,1508,80-101,Modul de colț 90 x 90,https://rosasplendiani.it/en/prodotti/divani/divano-modulare-tosca/,"[""https://rosasplendiani.it/wp-content/uploads/2021/11/tosca-modular-sofa-outdoor-corner-element-standard.jpg"", ""https://rosasplendiani.it/wp-content/uploads/2021/10/tosca-outdoor-sofa-modular-2.jpg"", ""https://rosasplendiani.it/wp-content/uploads/2021/10/tosca-outdoor-sofa-modular-detail-water-repellency.jpg"", ""https://rosasplendiani.it/wp-content/uploads/2021/10/tosca-outdoor-sofa-modular-detail-water-repellent.jpg"", ""https://rosasplendiani.it/wp-content/uploads/2021/10/tosca-outdoor-sofa-modular-detail-2-side.jpg"", ""https://rosasplendiani.it/wp-content/uploads/2021/10/tosca-outdoor-sofa-modular-detail-blue.jpg"", ""https://rosasplendiani.it/wp-content/uploads/2021/10/tosca-outdoor-sofa-modular-5.jpg"", ""https://rosasplendiani.it/wp-content/uploads/2021/10/tosca-outdoor-sofa-modular-4.jpg""]",[],rosa splendiani mobilier
9020,1508,80-102,Modul dublu 140 x 90,https://rosasplendiani.it/en/prodotti/divani/divano-modulare-tosca/,"[""https://rosasplendiani.it/wp-content/uploads/2021/11/tosca-modular-sofa-outdoor-double-element.jpg"", ""https://rosasplendiani.it/wp-content/uploads/2021/10/tosca-outdoor-sofa-modular-2.jpg"", ""https://rosasplendiani.it/wp-content/uploads/2021/10/tosca-outdoor-sofa-modular-detail-water-repellency.jpg"", ""https://rosasplendiani.it/wp-content/uploads/2021/10/tosca-outdoor-sofa-modular-detail-water-repellent.jpg"", ""https://rosasplendiani.it/wp-content/uploads/2021/10/tosca-outdoor-sofa-modular-detail-2-side.jpg"", ""https://rosasplendiani.it/wp-content/uploads/2021/10/tosca-outdoor-sofa-modular-detail-blue.jpg"", ""https://rosasplendiani.it/wp-content/uploads/2021/10/tosca-outdoor-sofa-modular-5.jpg"", ""https://rosasplendiani.it/wp-content/uploads/2021/10/tosca-outdoor-sofa-modular-4.jpg""]",[],rosa splendiani mobilier
9021,1508,80-103,Modul de colț mare 115 x 115,https://rosasplendiani.it/en/prodotti/divani/divano-modulare-tosca/,"[""https://rosasplendiani.it/wp-content/uploads/2021/11/tosca-modular-sofa-outdoor-corner-element-big.jpg"", ""https://rosasplendiani.it/wp-content/uploads/2021/10/tosca-outdoor-sofa-modular-2.jpg"", ""https://rosasplendiani.it/wp-content/uploads/2021/10/tosca-outdoor-sofa-modular-detail-water-repellency.jpg"", ""https://rosasplendiani.it/wp-content/uploads/2021/10/tosca-outdoor-sofa-modular-detail-water-repellent.jpg"", ""https://rosasplendiani.it/wp-content/uploads/2021/10/tosca-outdoor-sofa-modular-detail-2-side.jpg"", ""https://rosasplendiani.it/wp-content/uploads/2021/10/tosca-outdoor-sofa-modular-detail-blue.jpg"", ""https://rosasplendiani.it/wp-content/uploads/2021/10/tosca-outdoor-sofa-modular-5.jpg"", ""https://rosasplendiani.it/wp-content/uploads/2021/10/tosca-outdoor-sofa-modular-4.jpg""]",[],rosa splendiani mobilier
9022,1508,80-104,Modul puf 70 x 90,https://rosasplendiani.it/en/prodotti/divani/divano-modulare-tosca/,"[""https://rosasplendiani.it/wp-content/uploads/2021/11/tosca-modular-sofa-outdoor-single-pouff-element.jpg"", ""https://rosasplendiani.it/wp-content/uploads/2021/10/tosca-outdoor-sofa-modular-2.jpg"", ""https://rosasplendiani.it/wp-content/uploads/2021/10/tosca-outdoor-sofa-modular-detail-water-repellency.jpg"", ""https://rosasplendiani.it/wp-content/uploads/2021/10/tosca-outdoor-sofa-modular-detail-water-repellent.jpg"", ""https://rosasplendiani.it/wp-content/uploads/2021/10/tosca-outdoor-sofa-modular-detail-2-side.jpg"", ""https://rosasplendiani.it/wp-content/uploads/2021/10/tosca-outdoor-sofa-modular-detail-blue.jpg"", ""https://rosasplendiani.it/wp-content/uploads/2021/10/tosca-outdoor-sofa-modular-5.jpg"", ""https://rosasplendiani.it/wp-content/uploads/2021/10/tosca-outdoor-sofa-modular-4.jpg""]",[],rosa splendiani mobilier
9023,1508,80-105,modul puf rotund 80,https://rosasplendiani.it/en/prodotti/divani/divano-modulare-tosca/,"[""https://rosasplendiani.it/wp-content/uploads/2021/11/tosca-modular-sofa-outdoor-pouff-round-diam-80-h-40.jpg"", ""https://rosasplendiani.it/wp-content/uploads/2021/10/tosca-outdoor-sofa-modular-2.jpg"", ""https://rosasplendiani.it/wp-content/uploads/2021/10/tosca-outdoor-sofa-modular-detail-water-repellency.jpg"", ""https://rosasplendiani.it/wp-content/uploads/2021/10/tosca-outdoor-sofa-modular-detail-water-repellent.jpg"", ""https://rosasplendiani.it/wp-content/uploads/2021/10/tosca-outdoor-sofa-modular-detail-2-side.jpg"", ""https://rosasplendiani.it/wp-content/uploads/2021/10/tosca-outdoor-sofa-modular-detail-blue.jpg"", ""https://rosasplendiani.it/wp-content/uploads/2021/10/tosca-outdoor-sofa-modular-5.jpg"", ""https://rosasplendiani.it/wp-content/uploads/2021/10/tosca-outdoor-sofa-modular-4.jpg""]",[],rosa splendiani mobilier
9024,1508,80-105-9024,modul puf rotund 50,https://rosasplendiani.it/en/prodotti/divani/divano-modulare-tosca/,"[""https://rosasplendiani.it/wp-content/uploads/2021/11/tosca-modular-sofa-outdoor-pouff-round-diam-50-h-55.jpg"", ""https://rosasplendiani.it/wp-content/uploads/2021/10/tosca-outdoor-sofa-modular-2.jpg"", ""https://rosasplendiani.it/wp-content/uploads/2021/10/tosca-outdoor-sofa-modular-detail-water-repellency.jpg"", ""https://rosasplendiani.it/wp-content/uploads/2021/10/tosca-outdoor-sofa-modular-detail-water-repellent.jpg"", ""https://rosasplendiani.it/wp-content/uploads/2021/10/tosca-outdoor-sofa-modular-detail-2-side.jpg"", ""https://rosasplendiani.it/wp-content/uploads/2021/10/tosca-outdoor-sofa-modular-detail-blue.jpg"", ""https://rosasplendiani.it/wp-content/uploads/2021/10/tosca-outdoor-sofa-modular-5.jpg"", ""https://rosasplendiani.it/wp-content/uploads/2021/10/tosca-outdoor-sofa-modular-4.jpg""]",[],rosa splendiani mobilier
9025,1509,60-195,Desert Mix,https://rosasplendiani.it/en/prodotti/divani/divano-modulare-tosca/,"[""https://rosasplendiani.it/wp-content/uploads/2021/10/tosca-outdoor-sofa-modular-2.jpg"", ""https://rosasplendiani.it/wp-content/uploads/2021/10/tosca-outdoor-sofa-modular-detail-water-repellency.jpg"", ""https://rosasplendiani.it/wp-content/uploads/2021/10/tosca-outdoor-sofa-modular-detail-water-repellent.jpg"", ""https://rosasplendiani.it/wp-content/uploads/2021/10/tosca-outdoor-sofa-modular-detail-2-side.jpg"", ""https://rosasplendiani.it/wp-content/uploads/2021/10/tosca-outdoor-sofa-modular-detail-blue.jpg"", ""https://rosasplendiani.it/wp-content/uploads/2021/10/tosca-outdoor-sofa-modular-5.jpg"", ""https://rosasplendiani.it/wp-content/uploads/2021/10/tosca-outdoor-sofa-modular-4.jpg""]",[],rosa splendiani mobilier
9026,1509,ROSA_9026,Pearl White,https://rosasplendiani.it/en/prodotti/divani/divano-modulare-tosca/,"[""https://rosasplendiani.it/wp-content/uploads/2021/10/tosca-outdoor-sofa-modular-2.jpg"", ""https://rosasplendiani.it/wp-content/uploads/2021/10/tosca-outdoor-sofa-modular-detail-water-repellency.jpg"", ""https://rosasplendiani.it/wp-content/uploads/2021/10/tosca-outdoor-sofa-modular-detail-water-repellent.jpg"", ""https://rosasplendiani.it/wp-content/uploads/2021/10/tosca-outdoor-sofa-modular-detail-2-side.jpg"", ""https://rosasplendiani.it/wp-content/uploads/2021/10/tosca-outdoor-sofa-modular-detail-blue.jpg"", ""https://rosasplendiani.it/wp-content/uploads/2021/10/tosca-outdoor-sofa-modular-5.jpg"", ""https://rosasplendiani.it/wp-content/uploads/2021/10/tosca-outdoor-sofa-modular-4.jpg""]",[],rosa splendiani mobilier
9027,1510,60-205,Desert Mix,https://rosasplendiani.it/en/prodotti/sedie/poltroncina-dakota/,"[""https://rosasplendiani.it/wp-content/uploads/2023/12/DSC01064-Modifica-1.jpg"", ""https://rosasplendiani.it/wp-content/uploads/2023/12/DSC00073-Modifica-1.jpg"", ""https://rosasplendiani.it/wp-content/uploads/2023/11/DSC01099.jpg"", ""https://rosasplendiani.it/wp-content/uploads/2023/11/DSC01095-Modifica.jpg"", ""https://rosasplendiani.it/wp-content/uploads/2023/12/DSC01066-Modifica-2.jpg"", ""https://rosasplendiani.it/wp-content/uploads/2023/12/DSC00076-Modifica-1.jpg"", ""https://rosasplendiani.it/wp-content/uploads/2023/11/DSC01047.jpg"", ""https://rosasplendiani.it/wp-content/uploads/2023/11/tavolo-rodi-ambient-con-poltroncine-dakota-e-separe.jpg"", ""https://rosasplendiani.it/wp-content/uploads/2023/11/DSC01109-Modifica.jpg"", ""https://rosasplendiani.it/wp-content/uploads/2022/01/java-dakota-details.jpg"", ""https://rosasplendiani.it/wp-content/uploads/2022/01/lounge-set-manhattan-dakota-java-table.jpg"", ""https://rosasplendiani.it/wp-content/uploads/2022/01/java-table-full-teak-hanging-egg.jpg"", ""https://rosasplendiani.it/wp-content/uploads/2022/01/java-table-full-teak-hanging-egg-java-sofa-outdoor.jpg"", ""https://rosasplendiani.it/wp-content/uploads/2022/01/java-table-ceramic-top-detail-dakota-chair.jpg""]",[],rosa splendiani mobilier
9028,1510,ROSA_9028,Pearl White,https://rosasplendiani.it/en/prodotti/sedie/poltroncina-dakota/,"[""https://rosasplendiani.it/wp-content/uploads/2023/12/DSC01064-Modifica-1.jpg"", ""https://rosasplendiani.it/wp-content/uploads/2023/12/DSC00073-Modifica-1.jpg"", ""https://rosasplendiani.it/wp-content/uploads/2023/11/DSC01099.jpg"", ""https://rosasplendiani.it/wp-content/uploads/2023/11/DSC01095-Modifica.jpg"", ""https://rosasplendiani.it/wp-content/uploads/2023/12/DSC01066-Modifica-2.jpg"", ""https://rosasplendiani.it/wp-content/uploads/2023/12/DSC00076-Modifica-1.jpg"", ""https://rosasplendiani.it/wp-content/uploads/2023/11/DSC01047.jpg"", ""https://rosasplendiani.it/wp-content/uploads/2023/11/tavolo-rodi-ambient-con-poltroncine-dakota-e-separe.jpg"", ""https://rosasplendiani.it/wp-content/uploads/2023/11/DSC01109-Modifica.jpg"", ""https://rosasplendiani.it/wp-content/uploads/2022/01/java-dakota-details.jpg"", ""https://rosasplendiani.it/wp-content/uploads/2022/01/lounge-set-manhattan-dakota-java-table.jpg"", ""https://rosasplendiani.it/wp-content/uploads/2022/01/java-table-full-teak-hanging-egg.jpg"", ""https://rosasplendiani.it/wp-content/uploads/2022/01/java-table-full-teak-hanging-egg-java-sofa-outdoor.jpg"", ""https://rosasplendiani.it/wp-content/uploads/2022/01/java-table-ceramic-top-detail-dakota-chair.jpg""]",[],rosa splendiani mobilier
9029,1510,ROSA_9029,Java Brown,https://rosasplendiani.it/en/prodotti/sedie/poltroncina-dakota/,"[""https://rosasplendiani.it/wp-content/uploads/2023/12/DSC01064-Modifica-1.jpg"", ""https://rosasplendiani.it/wp-content/uploads/2023/12/DSC00073-Modifica-1.jpg"", ""https://rosasplendiani.it/wp-content/uploads/2023/11/DSC01099.jpg"", ""https://rosasplendiani.it/wp-content/uploads/2023/11/DSC01095-Modifica.jpg"", ""https://rosasplendiani.it/wp-content/uploads/2023/12/DSC01066-Modifica-2.jpg"", ""https://rosasplendiani.it/wp-content/uploads/2023/12/DSC00076-Modifica-1.jpg"", ""https://rosasplendiani.it/wp-content/uploads/2023/11/DSC01047.jpg"", ""https://rosasplendiani.it/wp-content/uploads/2023/11/tavolo-rodi-ambient-con-poltroncine-dakota-e-separe.jpg"", ""https://rosasplendiani.it/wp-content/uploads/2023/11/DSC01109-Modifica.jpg"", ""https://rosasplendiani.it/wp-content/uploads/2022/01/java-dakota-details.jpg"", ""https://rosasplendiani.it/wp-content/uploads/2022/01/lounge-set-manhattan-dakota-java-table.jpg"", ""https://rosasplendiani.it/wp-content/uploads/2022/01/java-table-full-teak-hanging-egg.jpg"", ""https://rosasplendiani.it/wp-content/uploads/2022/01/java-table-full-teak-hanging-egg-java-sofa-outdoor.jpg"", ""https://rosasplendiani.it/wp-content/uploads/2022/01/java-table-ceramic-top-detail-dakota-chair.jpg""]",[],rosa splendiani mobilier
9030,1511,60-126,Sunproof Sand,https://rosasplendiani.it/en/prodotti/sedie/sedia-gilda/,"[""https://rosasplendiani.it/wp-content/uploads/2020/12/gilda-sedia-con-braccioli-per-esterno-side-1.jpg"", ""https://rosasplendiani.it/wp-content/uploads/2020/12/gilda-sedia-con-braccioli-per-esterno-side-lat-1.jpg"", ""https://rosasplendiani.it/wp-content/uploads/2020/12/sedia-gilda-design-per-esterno.jpg"", ""https://rosasplendiani.it/wp-content/uploads/2020/12/tavolo-semiovale-teak-riciclato-sedia-gilda-corda-sunproof.jpg"", ""https://rosasplendiani.it/wp-content/uploads/2020/12/arizona-tavolo-ovale-front-con-sedie-gilda-1.jpg""]",[],rosa splendiani mobilier
9031,1512,80-X112BT,Standard,https://rosasplendiani.it/en/prodotti/sedie/sedia-lidia/,"[""https://rosasplendiani.it/wp-content/uploads/2025/03/sedia-lidia-side.jpg"", ""https://rosasplendiani.it/wp-content/uploads/2025/03/sedia-loren-detail-3.jpg"", ""https://rosasplendiani.it/wp-content/uploads/2025/03/sedia-lidia-back.jpg"", ""https://rosasplendiani.it/wp-content/uploads/2025/03/sedia-lidia-detail-2.jpg"", ""https://rosasplendiani.it/wp-content/uploads/2025/03/sedia-lidia-detail.jpg"", ""https://rosasplendiani.it/wp-content/uploads/2025/03/sedia-lidia-detail-4.jpg"", ""https://rosasplendiani.it/wp-content/uploads/2025/03/sedia-lidia-detail-3.jpg""]",[],rosa splendiani mobilier
9032,1513,70-JP20,Natural Teak,https://rosasplendiani.it/en/prodotti/tavoli/tavolo-juniper/,"[""https://rosasplendiani.it/wp-content/uploads/2021/05/juniper-extension-table-brushed-teak-juniper-chairs.jpg"", ""https://rosasplendiani.it/wp-content/uploads/2021/12/juniper-table-teak-garden-outdoor-juniper-teakwood-chair.jpg"", ""https://rosasplendiani.it/wp-content/uploads/2021/05/juniper-extension-table-brushed-teak.jpg"", ""https://rosasplendiani.it/wp-content/uploads/2021/12/juniper-table-teak-garden-outdoor-juniper-teakwood-chair-ambient.jpg"", ""https://rosasplendiani.it/wp-content/uploads/2021/05/juniper-extension-table-brushed-teak-juniper-chairs-front-detail.jpg"", ""https://rosasplendiani.it/wp-content/uploads/2021/05/juniper-extension-table-brushed-teak-detail.jpg"", ""https://rosasplendiani.it/wp-content/uploads/2021/05/juniper-extension-table-brushed-teak-detail-2.jpg"", ""https://rosasplendiani.it/wp-content/uploads/2021/12/juniper-table-teakwood-chair-detail.jpg""]",[],rosa splendiani mobilier
9033,1514,60-206 DMPW,Desert Mix,https://rosasplendiani.it/en/prodotti/lettini/lettino-dakota/,"[""https://rosasplendiani.it/wp-content/uploads/2023/12/dakota-lettino-pearl-white-1.jpg"", ""https://rosasplendiani.it/wp-content/uploads/2023/12/dakota-lettino-desert-mix-1x1-1.jpg"", ""https://rosasplendiani.it/wp-content/uploads/2023/12/dakota-lettino-desert-mix-ridef-rect.jpg"", ""https://rosasplendiani.it/wp-content/uploads/2023/12/dakota-lettino-con-cuscino-alto-scaled.jpg"", ""https://rosasplendiani.it/wp-content/uploads/2023/12/desert-mix-rope-detail.jpg"", ""https://rosasplendiani.it/wp-content/uploads/2023/12/rope-pearl-white-detail-macro.jpg"", ""https://rosasplendiani.it/wp-content/uploads/2023/11/dakota-lettino-pearl-white-scaled.jpg"", ""https://rosasplendiani.it/wp-content/uploads/2023/11/DSC01047.jpg"", ""https://rosasplendiani.it/wp-content/uploads/2023/12/dakota-macro-braid-detail.jpg"", ""https://rosasplendiani.it/wp-content/uploads/2024/04/dakota-dettaglio-lettino-scaled.jpg""]",[],rosa splendiani mobilier
9034,1514,ROSA_9034,Pearl White,https://rosasplendiani.it/en/prodotti/lettini/lettino-dakota/,"[""https://rosasplendiani.it/wp-content/uploads/2023/12/dakota-lettino-pearl-white-1.jpg"", ""https://rosasplendiani.it/wp-content/uploads/2023/12/dakota-lettino-desert-mix-1x1-1.jpg"", ""https://rosasplendiani.it/wp-content/uploads/2023/12/dakota-lettino-desert-mix-ridef-rect.jpg"", ""https://rosasplendiani.it/wp-content/uploads/2023/12/dakota-lettino-con-cuscino-alto-scaled.jpg"", ""https://rosasplendiani.it/wp-content/uploads/2023/12/desert-mix-rope-detail.jpg"", ""https://rosasplendiani.it/wp-content/uploads/2023/12/rope-pearl-white-detail-macro.jpg"", ""https://rosasplendiani.it/wp-content/uploads/2023/11/dakota-lettino-pearl-white-scaled.jpg"", ""https://rosasplendiani.it/wp-content/uploads/2023/11/DSC01047.jpg"", ""https://rosasplendiani.it/wp-content/uploads/2023/12/dakota-macro-braid-detail.jpg"", ""https://rosasplendiani.it/wp-content/uploads/2024/04/dakota-dettaglio-lettino-scaled.jpg""]",[],rosa splendiani mobilier
9035,1515,TT-126,Natural Teak,https://rosasplendiani.it/en/prodotti/lettini/lettino-melvin-in-teak-2/,"[""https://rosasplendiani.it/wp-content/uploads/2020/12/melvin-lettino-in-teak-design-onda-1.jpg"", ""https://rosasplendiani.it/wp-content/uploads/2020/12/melvin-lettino-side-view-1.jpg"", ""https://rosasplendiani.it/wp-content/uploads/2020/12/melvin-lettino-in-teak-design-onda-2-1.jpg"", ""https://rosasplendiani.it/wp-content/uploads/2020/12/melvin-lettino-in-teak-design-onda-4.jpg"", ""https://rosasplendiani.it/wp-content/uploads/2019/04/TT-126-Lettino-Melvin-in-teak-ridef..jpg""]",[],rosa splendiani mobilier
9036,1516,60-204,Natural Teak,https://rosasplendiani.it/en/prodotti/tavolini/tavolino-dakota/,"[""https://rosasplendiani.it/wp-content/uploads/2020/12/dakota-divano-ajva-brown-front-1.jpg"", ""https://rosasplendiani.it/wp-content/uploads/2020/12/dakota-salotto-java-brown-4-pezzi-1.jpg"", ""https://rosasplendiani.it/wp-content/uploads/2020/12/dakota-salotto-java-brown-1.jpg"", ""https://rosasplendiani.it/wp-content/uploads/2020/12/dakota-salotto-ambient-bianco-stone-1.jpg"", ""https://rosasplendiani.it/wp-content/uploads/2020/12/dakota-tavolino-teak-naturale-1.jpg""]",[],rosa splendiani mobilier
9500,1600,SAN_9500,BG Brushed gold,https://sanycces.es/en/product/loop-k-3/,"[""https://sanycces.es/wp-content/uploads/2024/05/179zkiAeCMIJ-cI6gLuLmIhYWUZk25Y0K.jpg"", ""https://sanycces.es/wp-content/uploads/2021/02/LOOP-K-MONOMANDO-LAVABO-NB-1.jpg"", ""https://sanycces.es/wp-content/uploads/2021/02/LOOP-K-MONOMANDO-LAVABO-NB-2.jpg""]","[""https://sanycces.es/wp-content/uploads/2021/02/MNO011_FTC.png""]",sanycces
9501,1600,SAN_9501,BM Black matt,https://sanycces.es/en/product/loop-k-3/,"[""https://sanycces.es/wp-content/uploads/2024/05/179zkiAeCMIJ-cI6gLuLmIhYWUZk25Y0K.jpg"", ""https://sanycces.es/wp-content/uploads/2021/02/LOOP-K-MONOMANDO-LAVABO-NB-1.jpg"", ""https://sanycces.es/wp-content/uploads/2021/02/LOOP-K-MONOMANDO-LAVABO-NB-2.jpg""]","[""https://sanycces.es/wp-content/uploads/2021/02/MNO011_FTC.png""]",sanycces
9502,1600,SAN_9502,CR Chrome plate,https://sanycces.es/en/product/loop-k-3/,"[""https://sanycces.es/wp-content/uploads/2024/05/179zkiAeCMIJ-cI6gLuLmIhYWUZk25Y0K.jpg"", ""https://sanycces.es/wp-content/uploads/2021/02/LOOP-K-MONOMANDO-LAVABO-NB-1.jpg"", ""https://sanycces.es/wp-content/uploads/2021/02/LOOP-K-MONOMANDO-LAVABO-NB-2.jpg""]","[""https://sanycces.es/wp-content/uploads/2021/02/MNO011_FTC.png""]",sanycces
9503,1600,SAN_9503,MG Metal gun,https://sanycces.es/en/product/loop-k-3/,"[""https://sanycces.es/wp-content/uploads/2024/05/179zkiAeCMIJ-cI6gLuLmIhYWUZk25Y0K.jpg"", ""https://sanycces.es/wp-content/uploads/2021/02/LOOP-K-MONOMANDO-LAVABO-NB-1.jpg"", ""https://sanycces.es/wp-content/uploads/2021/02/LOOP-K-MONOMANDO-LAVABO-NB-2.jpg""]","[""https://sanycces.es/wp-content/uploads/2021/02/MNO011_FTC.png""]",sanycces
9504,1600,SAN_9504,NB Nickel brushed,https://sanycces.es/en/product/loop-k-3/,"[""https://sanycces.es/wp-content/uploads/2024/05/179zkiAeCMIJ-cI6gLuLmIhYWUZk25Y0K.jpg"", ""https://sanycces.es/wp-content/uploads/2021/02/LOOP-K-MONOMANDO-LAVABO-NB-1.jpg"", ""https://sanycces.es/wp-content/uploads/2021/02/LOOP-K-MONOMANDO-LAVABO-NB-2.jpg""]","[""https://sanycces.es/wp-content/uploads/2021/02/MNO011_FTC.png""]",sanycces
9505,1600,SAN_9505,RG Brushed rose gold,https://sanycces.es/en/product/loop-k-3/,"[""https://sanycces.es/wp-content/uploads/2024/05/179zkiAeCMIJ-cI6gLuLmIhYWUZk25Y0K.jpg"", ""https://sanycces.es/wp-content/uploads/2021/02/LOOP-K-MONOMANDO-LAVABO-NB-1.jpg"", ""https://sanycces.es/wp-content/uploads/2021/02/LOOP-K-MONOMANDO-LAVABO-NB-2.jpg""]","[""https://sanycces.es/wp-content/uploads/2021/02/MNO011_FTC.png""]",sanycces
9506,1601,SAN_9506,BG Brushed gold,https://sanycces.es/en/product/loop-k-4/,"[""https://sanycces.es/wp-content/uploads/2024/05/179lCCOteES-omw6pZhe2mw5GhHOBp2OY.jpg"", ""https://sanycces.es/wp-content/uploads/2021/02/02_-PRESENTACION-LOOP-BG.jpg"", ""https://sanycces.es/wp-content/uploads/2021/02/LOOP-MOOD-05-Caldera-contrast-OR-A.jpg""]","[""https://sanycces.es/wp-content/uploads/2021/02/MOA011_FTC.png""]",sanycces
9507,1601,SAN_9507,BM Black matt,https://sanycces.es/en/product/loop-k-4/,"[""https://sanycces.es/wp-content/uploads/2024/05/179lCCOteES-omw6pZhe2mw5GhHOBp2OY.jpg"", ""https://sanycces.es/wp-content/uploads/2021/02/02_-PRESENTACION-LOOP-BG.jpg"", ""https://sanycces.es/wp-content/uploads/2021/02/LOOP-MOOD-05-Caldera-contrast-OR-A.jpg""]","[""https://sanycces.es/wp-content/uploads/2021/02/MOA011_FTC.png""]",sanycces
9508,1601,SAN_9508,CR Chrome plate,https://sanycces.es/en/product/loop-k-4/,"[""https://sanycces.es/wp-content/uploads/2024/05/179lCCOteES-omw6pZhe2mw5GhHOBp2OY.jpg"", ""https://sanycces.es/wp-content/uploads/2021/02/02_-PRESENTACION-LOOP-BG.jpg"", ""https://sanycces.es/wp-content/uploads/2021/02/LOOP-MOOD-05-Caldera-contrast-OR-A.jpg""]","[""https://sanycces.es/wp-content/uploads/2021/02/MOA011_FTC.png""]",sanycces
9509,1601,SAN_9509,MG Metal gun,https://sanycces.es/en/product/loop-k-4/,"[""https://sanycces.es/wp-content/uploads/2024/05/179lCCOteES-omw6pZhe2mw5GhHOBp2OY.jpg"", ""https://sanycces.es/wp-content/uploads/2021/02/02_-PRESENTACION-LOOP-BG.jpg"", ""https://sanycces.es/wp-content/uploads/2021/02/LOOP-MOOD-05-Caldera-contrast-OR-A.jpg""]","[""https://sanycces.es/wp-content/uploads/2021/02/MOA011_FTC.png""]",sanycces
9510,1601,SAN_9510,NB Nickel brushed,https://sanycces.es/en/product/loop-k-4/,"[""https://sanycces.es/wp-content/uploads/2024/05/179lCCOteES-omw6pZhe2mw5GhHOBp2OY.jpg"", ""https://sanycces.es/wp-content/uploads/2021/02/02_-PRESENTACION-LOOP-BG.jpg"", ""https://sanycces.es/wp-content/uploads/2021/02/LOOP-MOOD-05-Caldera-contrast-OR-A.jpg""]","[""https://sanycces.es/wp-content/uploads/2021/02/MOA011_FTC.png""]",sanycces
9511,1601,SAN_9511,RG Brushed rose gold,https://sanycces.es/en/product/loop-k-4/,"[""https://sanycces.es/wp-content/uploads/2024/05/179lCCOteES-omw6pZhe2mw5GhHOBp2OY.jpg"", ""https://sanycces.es/wp-content/uploads/2021/02/02_-PRESENTACION-LOOP-BG.jpg"", ""https://sanycces.es/wp-content/uploads/2021/02/LOOP-MOOD-05-Caldera-contrast-OR-A.jpg""]","[""https://sanycces.es/wp-content/uploads/2021/02/MOA011_FTC.png""]",sanycces
9512,1602,SAN_9512,NB Nickel brushed,https://sanycces.es/en/product/pool_monomando_lavabo/,"[""https://sanycces.es/wp-content/uploads/2026/04/SANYCCES_POOL_MONOMANDO-LAVABO.png"", ""https://sanycces.es/wp-content/uploads/2026/04/SANYCCES_POOL_MONOMANDO-LAVABO-RM.png"", ""https://sanycces.es/wp-content/uploads/2026/04/SANYCCES-POOL_MONOMANDO-DE-LAVABO_6.jpg"", ""https://sanycces.es/wp-content/uploads/2026/04/SANYCCES-POOL_MONOMANDO-DE-LAVABO_7.jpg"", ""https://sanycces.es/wp-content/uploads/2026/04/SANYCCES-POOL_MONOMANDO-DE-LAVABO_1.jpg"", ""https://sanycces.es/wp-content/uploads/2026/04/SANYCCES-POOL_MONOMANDO-DE-LAVABO_2.jpg"", ""https://sanycces.es/wp-content/uploads/2026/04/SANYCCES-POOL_MONOMANDO-DE-LAVABO_3.jpg"", ""https://sanycces.es/wp-content/uploads/2026/04/SANYCCES-POOL_MONOMANDO-DE-LAVABO_4.jpg"", ""https://sanycces.es/wp-content/uploads/2026/04/SANYCCES-POOL_MONOMANDO-DE-LAVABO_5.jpg""]","[""https://sanycces.es/wp-content/uploads/2026/04/FAUCETS_POOL_2026-1.png""]",sanycces
9513,1602,SAN_9513,RM Raw metal,https://sanycces.es/en/product/pool_monomando_lavabo/,"[""https://sanycces.es/wp-content/uploads/2026/04/SANYCCES_POOL_MONOMANDO-LAVABO.png"", ""https://sanycces.es/wp-content/uploads/2026/04/SANYCCES_POOL_MONOMANDO-LAVABO-RM.png"", ""https://sanycces.es/wp-content/uploads/2026/04/SANYCCES-POOL_MONOMANDO-DE-LAVABO_6.jpg"", ""https://sanycces.es/wp-content/uploads/2026/04/SANYCCES-POOL_MONOMANDO-DE-LAVABO_7.jpg"", ""https://sanycces.es/wp-content/uploads/2026/04/SANYCCES-POOL_MONOMANDO-DE-LAVABO_1.jpg"", ""https://sanycces.es/wp-content/uploads/2026/04/SANYCCES-POOL_MONOMANDO-DE-LAVABO_2.jpg"", ""https://sanycces.es/wp-content/uploads/2026/04/SANYCCES-POOL_MONOMANDO-DE-LAVABO_3.jpg"", ""https://sanycces.es/wp-content/uploads/2026/04/SANYCCES-POOL_MONOMANDO-DE-LAVABO_4.jpg"", ""https://sanycces.es/wp-content/uploads/2026/04/SANYCCES-POOL_MONOMANDO-DE-LAVABO_5.jpg""]","[""https://sanycces.es/wp-content/uploads/2026/04/FAUCETS_POOL_2026-1.png""]",sanycces
9514,1603,SAN_9514,NB Nickel brushed,https://sanycces.es/en/product/pool_monomando_alto_lavabo/,"[""https://sanycces.es/wp-content/uploads/2026/04/SANYCCES_POOL_MONOMANDO-LAVABO-ALTO.png"", ""https://sanycces.es/wp-content/uploads/2026/04/SANYCCES_POOL_MONOMANDO-LAVABO-ALTO-RM.png"", ""https://sanycces.es/wp-content/uploads/2026/04/SANYCCES-POOL_MONOMANDO-ALTO-DE-LAVABO_1.jpg"", ""https://sanycces.es/wp-content/uploads/2026/04/SANYCCES-POOL_MONOMANDO-ALTO-DE-LAVABO_2.jpg"", ""https://sanycces.es/wp-content/uploads/2026/04/SANYCCES-POOL_MONOMANDO-ALTO-DE-LAVABO_3.jpg"", ""https://sanycces.es/wp-content/uploads/2026/04/SANYCCES-POOL_MONOMANDO-ALTO-DE-LAVABO_4.jpg""]","[""https://sanycces.es/wp-content/uploads/2021/02/MOA001.png""]",sanycces
9515,1603,SAN_9515,RM Raw metal,https://sanycces.es/en/product/pool_monomando_alto_lavabo/,"[""https://sanycces.es/wp-content/uploads/2026/04/SANYCCES_POOL_MONOMANDO-LAVABO-ALTO.png"", ""https://sanycces.es/wp-content/uploads/2026/04/SANYCCES_POOL_MONOMANDO-LAVABO-ALTO-RM.png"", ""https://sanycces.es/wp-content/uploads/2026/04/SANYCCES-POOL_MONOMANDO-ALTO-DE-LAVABO_1.jpg"", ""https://sanycces.es/wp-content/uploads/2026/04/SANYCCES-POOL_MONOMANDO-ALTO-DE-LAVABO_2.jpg"", ""https://sanycces.es/wp-content/uploads/2026/04/SANYCCES-POOL_MONOMANDO-ALTO-DE-LAVABO_3.jpg"", ""https://sanycces.es/wp-content/uploads/2026/04/SANYCCES-POOL_MONOMANDO-ALTO-DE-LAVABO_4.jpg""]","[""https://sanycces.es/wp-content/uploads/2021/02/MOA001.png""]",sanycces
9516,1604,SAN_9516,BG Brushed gold,https://sanycces.es/en/product/loop-k-6/,"[""https://sanycces.es/wp-content/uploads/2024/05/177Y4StqQW5xtRDnWOZkl9lZqKbrCrDtK.jpg"", ""https://sanycces.es/wp-content/uploads/2021/02/MEN011R18CRCR-scaled.jpg""]","[""https://sanycces.es/wp-content/uploads/2021/02/MEN011R14-18_CAT.png""]",sanycces
9517,1604,SAN_9517,BM Black matt,https://sanycces.es/en/product/loop-k-6/,"[""https://sanycces.es/wp-content/uploads/2024/05/177Y4StqQW5xtRDnWOZkl9lZqKbrCrDtK.jpg"", ""https://sanycces.es/wp-content/uploads/2021/02/MEN011R18CRCR-scaled.jpg""]","[""https://sanycces.es/wp-content/uploads/2021/02/MEN011R14-18_CAT.png""]",sanycces
9518,1604,SAN_9518,CR Chrome plate,https://sanycces.es/en/product/loop-k-6/,"[""https://sanycces.es/wp-content/uploads/2024/05/177Y4StqQW5xtRDnWOZkl9lZqKbrCrDtK.jpg"", ""https://sanycces.es/wp-content/uploads/2021/02/MEN011R18CRCR-scaled.jpg""]","[""https://sanycces.es/wp-content/uploads/2021/02/MEN011R14-18_CAT.png""]",sanycces
9519,1604,SAN_9519,MG Metal gun,https://sanycces.es/en/product/loop-k-6/,"[""https://sanycces.es/wp-content/uploads/2024/05/177Y4StqQW5xtRDnWOZkl9lZqKbrCrDtK.jpg"", ""https://sanycces.es/wp-content/uploads/2021/02/MEN011R18CRCR-scaled.jpg""]","[""https://sanycces.es/wp-content/uploads/2021/02/MEN011R14-18_CAT.png""]",sanycces
9520,1604,SAN_9520,NB Nickel brushed,https://sanycces.es/en/product/loop-k-6/,"[""https://sanycces.es/wp-content/uploads/2024/05/177Y4StqQW5xtRDnWOZkl9lZqKbrCrDtK.jpg"", ""https://sanycces.es/wp-content/uploads/2021/02/MEN011R18CRCR-scaled.jpg""]","[""https://sanycces.es/wp-content/uploads/2021/02/MEN011R14-18_CAT.png""]",sanycces
9521,1604,SAN_9521,RG Brushed rose gold,https://sanycces.es/en/product/loop-k-6/,"[""https://sanycces.es/wp-content/uploads/2024/05/177Y4StqQW5xtRDnWOZkl9lZqKbrCrDtK.jpg"", ""https://sanycces.es/wp-content/uploads/2021/02/MEN011R18CRCR-scaled.jpg""]","[""https://sanycces.es/wp-content/uploads/2021/02/MEN011R14-18_CAT.png""]",sanycces
9522,1605,SAN_9522,NB Nickel brushed,https://sanycces.es/en/product/pool-2/,"[""https://sanycces.es/wp-content/uploads/2026/04/SANYCCES_POOL_MONOMANDO-MURAL.png"", ""https://sanycces.es/wp-content/uploads/2026/04/SANYCCES_POOL_MONOMANDO-MURAL-rm.png"", ""https://sanycces.es/wp-content/uploads/2026/04/SANYCCES-POOL_MONOMANDO-LAVABO_MURAL_2.jpg"", ""https://sanycces.es/wp-content/uploads/2026/04/SANYCCES-POOL_MONOMANDO-LAVABO_MURAL_6.jpg"", ""https://sanycces.es/wp-content/uploads/2026/04/SANYCCES-POOL_MONOMANDO-LAVABO_MURAL_7.jpg"", ""https://sanycces.es/wp-content/uploads/2026/04/SANYCCES-POOL_MONOMANDO-LAVABO_MURAL_8.jpg"", ""https://sanycces.es/wp-content/uploads/2026/04/SANYCCES-POOL_MONOMANDO-LAVABO_MURAL_9.jpg"", ""https://sanycces.es/wp-content/uploads/2026/04/SANYCCES-POOL_MONOMANDO-LAVABO_MURAL_1.jpg""]","[""https://sanycces.es/wp-content/uploads/2026/04/MEN006SSR.png""]",sanycces
9523,1605,SAN_9523,RM Raw metal,https://sanycces.es/en/product/pool-2/,"[""https://sanycces.es/wp-content/uploads/2026/04/SANYCCES_POOL_MONOMANDO-MURAL.png"", ""https://sanycces.es/wp-content/uploads/2026/04/SANYCCES_POOL_MONOMANDO-MURAL-rm.png"", ""https://sanycces.es/wp-content/uploads/2026/04/SANYCCES-POOL_MONOMANDO-LAVABO_MURAL_2.jpg"", ""https://sanycces.es/wp-content/uploads/2026/04/SANYCCES-POOL_MONOMANDO-LAVABO_MURAL_6.jpg"", ""https://sanycces.es/wp-content/uploads/2026/04/SANYCCES-POOL_MONOMANDO-LAVABO_MURAL_7.jpg"", ""https://sanycces.es/wp-content/uploads/2026/04/SANYCCES-POOL_MONOMANDO-LAVABO_MURAL_8.jpg"", ""https://sanycces.es/wp-content/uploads/2026/04/SANYCCES-POOL_MONOMANDO-LAVABO_MURAL_9.jpg"", ""https://sanycces.es/wp-content/uploads/2026/04/SANYCCES-POOL_MONOMANDO-LAVABO_MURAL_1.jpg""]","[""https://sanycces.es/wp-content/uploads/2026/04/MEN006SSR.png""]",sanycces
9524,1606,SAN_9524,BG Brushed gold,https://sanycces.es/en/product/loop-10/,"[""https://sanycces.es/wp-content/uploads/2024/05/16brep9Do-_bS9jYDGGpxJXG0f_8dWmEs.jpg"", ""https://sanycces.es/wp-content/uploads/2025/01/1QjBz4-nd0vCa9hIR_GBWEAN72v2daWCn.jpg"", ""https://sanycces.es/wp-content/uploads/2025/01/1Qt0RyQCHwHTSAGrHuU3ghzplDQCXYPRt.jpg"", ""https://sanycces.es/wp-content/uploads/2025/01/1Qf_9BFjhTJy9G7xPwNa1FEXTsdwbdgk9.jpg"", ""https://sanycces.es/wp-content/uploads/2025/01/1Q_2C3ovAcbZkrCyeYpHoYhRrEE5KVZd2.jpg"", ""https://sanycces.es/wp-content/uploads/2025/01/1Qun8O4Ie4kKucnQw2cFBiIPRk9kTH6am.jpg"", ""https://sanycces.es/wp-content/uploads/2025/01/1QZE2xMxrFBF7gEDOMvvmLEEO7A5ViLpp.jpg""]","[""https://sanycces.es/wp-content/uploads/2021/02/MEX001_0.5_TFC.png""]",sanycces
9525,1606,SAN_9525,BM Black matt,https://sanycces.es/en/product/loop-10/,"[""https://sanycces.es/wp-content/uploads/2024/05/16brep9Do-_bS9jYDGGpxJXG0f_8dWmEs.jpg"", ""https://sanycces.es/wp-content/uploads/2025/01/1QjBz4-nd0vCa9hIR_GBWEAN72v2daWCn.jpg"", ""https://sanycces.es/wp-content/uploads/2025/01/1Qt0RyQCHwHTSAGrHuU3ghzplDQCXYPRt.jpg"", ""https://sanycces.es/wp-content/uploads/2025/01/1Qf_9BFjhTJy9G7xPwNa1FEXTsdwbdgk9.jpg"", ""https://sanycces.es/wp-content/uploads/2025/01/1Q_2C3ovAcbZkrCyeYpHoYhRrEE5KVZd2.jpg"", ""https://sanycces.es/wp-content/uploads/2025/01/1Qun8O4Ie4kKucnQw2cFBiIPRk9kTH6am.jpg"", ""https://sanycces.es/wp-content/uploads/2025/01/1QZE2xMxrFBF7gEDOMvvmLEEO7A5ViLpp.jpg""]","[""https://sanycces.es/wp-content/uploads/2021/02/MEX001_0.5_TFC.png""]",sanycces
9526,1606,SAN_9526,CR Chrome plate,https://sanycces.es/en/product/loop-10/,"[""https://sanycces.es/wp-content/uploads/2024/05/16brep9Do-_bS9jYDGGpxJXG0f_8dWmEs.jpg"", ""https://sanycces.es/wp-content/uploads/2025/01/1QjBz4-nd0vCa9hIR_GBWEAN72v2daWCn.jpg"", ""https://sanycces.es/wp-content/uploads/2025/01/1Qt0RyQCHwHTSAGrHuU3ghzplDQCXYPRt.jpg"", ""https://sanycces.es/wp-content/uploads/2025/01/1Qf_9BFjhTJy9G7xPwNa1FEXTsdwbdgk9.jpg"", ""https://sanycces.es/wp-content/uploads/2025/01/1Q_2C3ovAcbZkrCyeYpHoYhRrEE5KVZd2.jpg"", ""https://sanycces.es/wp-content/uploads/2025/01/1Qun8O4Ie4kKucnQw2cFBiIPRk9kTH6am.jpg"", ""https://sanycces.es/wp-content/uploads/2025/01/1QZE2xMxrFBF7gEDOMvvmLEEO7A5ViLpp.jpg""]","[""https://sanycces.es/wp-content/uploads/2021/02/MEX001_0.5_TFC.png""]",sanycces
9527,1606,SAN_9527,MG Metal gun,https://sanycces.es/en/product/loop-10/,"[""https://sanycces.es/wp-content/uploads/2024/05/16brep9Do-_bS9jYDGGpxJXG0f_8dWmEs.jpg"", ""https://sanycces.es/wp-content/uploads/2025/01/1QjBz4-nd0vCa9hIR_GBWEAN72v2daWCn.jpg"", ""https://sanycces.es/wp-content/uploads/2025/01/1Qt0RyQCHwHTSAGrHuU3ghzplDQCXYPRt.jpg"", ""https://sanycces.es/wp-content/uploads/2025/01/1Qf_9BFjhTJy9G7xPwNa1FEXTsdwbdgk9.jpg"", ""https://sanycces.es/wp-content/uploads/2025/01/1Q_2C3ovAcbZkrCyeYpHoYhRrEE5KVZd2.jpg"", ""https://sanycces.es/wp-content/uploads/2025/01/1Qun8O4Ie4kKucnQw2cFBiIPRk9kTH6am.jpg"", ""https://sanycces.es/wp-content/uploads/2025/01/1QZE2xMxrFBF7gEDOMvvmLEEO7A5ViLpp.jpg""]","[""https://sanycces.es/wp-content/uploads/2021/02/MEX001_0.5_TFC.png""]",sanycces
9528,1606,SAN_9528,NB Nickel brushed,https://sanycces.es/en/product/loop-10/,"[""https://sanycces.es/wp-content/uploads/2024/05/16brep9Do-_bS9jYDGGpxJXG0f_8dWmEs.jpg"", ""https://sanycces.es/wp-content/uploads/2025/01/1QjBz4-nd0vCa9hIR_GBWEAN72v2daWCn.jpg"", ""https://sanycces.es/wp-content/uploads/2025/01/1Qt0RyQCHwHTSAGrHuU3ghzplDQCXYPRt.jpg"", ""https://sanycces.es/wp-content/uploads/2025/01/1Qf_9BFjhTJy9G7xPwNa1FEXTsdwbdgk9.jpg"", ""https://sanycces.es/wp-content/uploads/2025/01/1Q_2C3ovAcbZkrCyeYpHoYhRrEE5KVZd2.jpg"", ""https://sanycces.es/wp-content/uploads/2025/01/1Qun8O4Ie4kKucnQw2cFBiIPRk9kTH6am.jpg"", ""https://sanycces.es/wp-content/uploads/2025/01/1QZE2xMxrFBF7gEDOMvvmLEEO7A5ViLpp.jpg""]","[""https://sanycces.es/wp-content/uploads/2021/02/MEX001_0.5_TFC.png""]",sanycces
9529,1606,SAN_9529,RG Brushed rose gold,https://sanycces.es/en/product/loop-10/,"[""https://sanycces.es/wp-content/uploads/2024/05/16brep9Do-_bS9jYDGGpxJXG0f_8dWmEs.jpg"", ""https://sanycces.es/wp-content/uploads/2025/01/1QjBz4-nd0vCa9hIR_GBWEAN72v2daWCn.jpg"", ""https://sanycces.es/wp-content/uploads/2025/01/1Qt0RyQCHwHTSAGrHuU3ghzplDQCXYPRt.jpg"", ""https://sanycces.es/wp-content/uploads/2025/01/1Qf_9BFjhTJy9G7xPwNa1FEXTsdwbdgk9.jpg"", ""https://sanycces.es/wp-content/uploads/2025/01/1Q_2C3ovAcbZkrCyeYpHoYhRrEE5KVZd2.jpg"", ""https://sanycces.es/wp-content/uploads/2025/01/1Qun8O4Ie4kKucnQw2cFBiIPRk9kTH6am.jpg"", ""https://sanycces.es/wp-content/uploads/2025/01/1QZE2xMxrFBF7gEDOMvvmLEEO7A5ViLpp.jpg""]","[""https://sanycces.es/wp-content/uploads/2021/02/MEX001_0.5_TFC.png""]",sanycces
9530,1607,SAN_9530,NB Nickel brushed,https://sanycces.es/en/product/pool-3/,"[""https://sanycces.es/wp-content/uploads/2026/04/SANYCCES_POOL_MONOMANDO-LAVABO-EXENTO.png"", ""https://sanycces.es/wp-content/uploads/2026/04/SANYCCES_POOL_MONOMANDO-LAVABO-EXENTO-RM.png"", ""https://sanycces.es/wp-content/uploads/2026/04/SANYCCES-POOL_MONOMANDO-ALTO-DE-LAVABO_2-1.jpg"", ""https://sanycces.es/wp-content/uploads/2026/04/SANYCCES-POOL_MONOMANDO-EXENTO-DE-LAVABO_1.jpg"", ""https://sanycces.es/wp-content/uploads/2026/04/SANYCCES-POOL_MONOMANDO-EXENTO-DE-LAVABO_2.jpg"", ""https://sanycces.es/wp-content/uploads/2026/04/SANYCCES-POOL_MONOMANDO-EXENTO-DE-LAVABO_3.jpg"", ""https://sanycces.es/wp-content/uploads/2026/04/SANYCCES-POOL_MONOMANDO-EXENTO-DE-LAVABO_4.jpg"", ""https://sanycces.es/wp-content/uploads/2026/04/SANYCCES-POOL_MONOMANDO-EXENTO-DE-LAVABO_5.jpg"", ""https://sanycces.es/wp-content/uploads/2026/04/SANYCCES-POOL_MONOMANDO-EXENTO-DE-LAVABO_6.jpg"", ""https://sanycces.es/wp-content/uploads/2026/04/SANYCCES-POOL_MONOMANDO-EXENTO-DE-LAVABO_7.jpg""]","[""https://sanycces.es/wp-content/uploads/2026/04/MEX006SS.png""]",sanycces
9531,1607,SAN_9531,RM Raw metal,https://sanycces.es/en/product/pool-3/,"[""https://sanycces.es/wp-content/uploads/2026/04/SANYCCES_POOL_MONOMANDO-LAVABO-EXENTO.png"", ""https://sanycces.es/wp-content/uploads/2026/04/SANYCCES_POOL_MONOMANDO-LAVABO-EXENTO-RM.png"", ""https://sanycces.es/wp-content/uploads/2026/04/SANYCCES-POOL_MONOMANDO-ALTO-DE-LAVABO_2-1.jpg"", ""https://sanycces.es/wp-content/uploads/2026/04/SANYCCES-POOL_MONOMANDO-EXENTO-DE-LAVABO_1.jpg"", ""https://sanycces.es/wp-content/uploads/2026/04/SANYCCES-POOL_MONOMANDO-EXENTO-DE-LAVABO_2.jpg"", ""https://sanycces.es/wp-content/uploads/2026/04/SANYCCES-POOL_MONOMANDO-EXENTO-DE-LAVABO_3.jpg"", ""https://sanycces.es/wp-content/uploads/2026/04/SANYCCES-POOL_MONOMANDO-EXENTO-DE-LAVABO_4.jpg"", ""https://sanycces.es/wp-content/uploads/2026/04/SANYCCES-POOL_MONOMANDO-EXENTO-DE-LAVABO_5.jpg"", ""https://sanycces.es/wp-content/uploads/2026/04/SANYCCES-POOL_MONOMANDO-EXENTO-DE-LAVABO_6.jpg"", ""https://sanycces.es/wp-content/uploads/2026/04/SANYCCES-POOL_MONOMANDO-EXENTO-DE-LAVABO_7.jpg""]","[""https://sanycces.es/wp-content/uploads/2026/04/MEX006SS.png""]",sanycces
9532,1608,SAN_9532,BG Brushed gold,https://sanycces.es/en/product/loop-7/,"[""https://sanycces.es/wp-content/uploads/2024/05/16d2z17owD2gnjuVxj0hzG-FoPmS8u7au.jpg"", ""https://sanycces.es/wp-content/uploads/2025/01/1PjgCR_7INS-zOFLE_uLIm22wuxxcq4sd.jpg"", ""https://sanycces.es/wp-content/uploads/2025/01/1PlVbIDTElnpZOnxav72zTXne-d40fgH6.jpg"", ""https://sanycces.es/wp-content/uploads/2025/01/1PhuEMYg-A0Ot0tAg2IdrBBcIc4sncykO.jpg"", ""https://sanycces.es/wp-content/uploads/2025/01/1PeKS6BBozY0lWAEVFVJd3slVb-bNFAZ2.jpg"", ""https://sanycces.es/wp-content/uploads/2025/01/1PlwIfWT4SLTnRx20QwF0bnZhsF-hu52o.jpg"", ""https://sanycces.es/wp-content/uploads/2025/01/1PdCLNUz_zFkTwrZY9w8cPD-jNK1bxEqh.jpg""]","[""https://sanycces.es/wp-content/uploads/2021/02/MBD001_FTC.png""]",sanycces
9533,1608,SAN_9533,BM Black matt,https://sanycces.es/en/product/loop-7/,"[""https://sanycces.es/wp-content/uploads/2024/05/16d2z17owD2gnjuVxj0hzG-FoPmS8u7au.jpg"", ""https://sanycces.es/wp-content/uploads/2025/01/1PjgCR_7INS-zOFLE_uLIm22wuxxcq4sd.jpg"", ""https://sanycces.es/wp-content/uploads/2025/01/1PlVbIDTElnpZOnxav72zTXne-d40fgH6.jpg"", ""https://sanycces.es/wp-content/uploads/2025/01/1PhuEMYg-A0Ot0tAg2IdrBBcIc4sncykO.jpg"", ""https://sanycces.es/wp-content/uploads/2025/01/1PeKS6BBozY0lWAEVFVJd3slVb-bNFAZ2.jpg"", ""https://sanycces.es/wp-content/uploads/2025/01/1PlwIfWT4SLTnRx20QwF0bnZhsF-hu52o.jpg"", ""https://sanycces.es/wp-content/uploads/2025/01/1PdCLNUz_zFkTwrZY9w8cPD-jNK1bxEqh.jpg""]","[""https://sanycces.es/wp-content/uploads/2021/02/MBD001_FTC.png""]",sanycces
9534,1608,SAN_9534,CR Chrome plate,https://sanycces.es/en/product/loop-7/,"[""https://sanycces.es/wp-content/uploads/2024/05/16d2z17owD2gnjuVxj0hzG-FoPmS8u7au.jpg"", ""https://sanycces.es/wp-content/uploads/2025/01/1PjgCR_7INS-zOFLE_uLIm22wuxxcq4sd.jpg"", ""https://sanycces.es/wp-content/uploads/2025/01/1PlVbIDTElnpZOnxav72zTXne-d40fgH6.jpg"", ""https://sanycces.es/wp-content/uploads/2025/01/1PhuEMYg-A0Ot0tAg2IdrBBcIc4sncykO.jpg"", ""https://sanycces.es/wp-content/uploads/2025/01/1PeKS6BBozY0lWAEVFVJd3slVb-bNFAZ2.jpg"", ""https://sanycces.es/wp-content/uploads/2025/01/1PlwIfWT4SLTnRx20QwF0bnZhsF-hu52o.jpg"", ""https://sanycces.es/wp-content/uploads/2025/01/1PdCLNUz_zFkTwrZY9w8cPD-jNK1bxEqh.jpg""]","[""https://sanycces.es/wp-content/uploads/2021/02/MBD001_FTC.png""]",sanycces
9535,1608,SAN_9535,MG Metal gun,https://sanycces.es/en/product/loop-7/,"[""https://sanycces.es/wp-content/uploads/2024/05/16d2z17owD2gnjuVxj0hzG-FoPmS8u7au.jpg"", ""https://sanycces.es/wp-content/uploads/2025/01/1PjgCR_7INS-zOFLE_uLIm22wuxxcq4sd.jpg"", ""https://sanycces.es/wp-content/uploads/2025/01/1PlVbIDTElnpZOnxav72zTXne-d40fgH6.jpg"", ""https://sanycces.es/wp-content/uploads/2025/01/1PhuEMYg-A0Ot0tAg2IdrBBcIc4sncykO.jpg"", ""https://sanycces.es/wp-content/uploads/2025/01/1PeKS6BBozY0lWAEVFVJd3slVb-bNFAZ2.jpg"", ""https://sanycces.es/wp-content/uploads/2025/01/1PlwIfWT4SLTnRx20QwF0bnZhsF-hu52o.jpg"", ""https://sanycces.es/wp-content/uploads/2025/01/1PdCLNUz_zFkTwrZY9w8cPD-jNK1bxEqh.jpg""]","[""https://sanycces.es/wp-content/uploads/2021/02/MBD001_FTC.png""]",sanycces
9536,1608,SAN_9536,NB Nickel brushed,https://sanycces.es/en/product/loop-7/,"[""https://sanycces.es/wp-content/uploads/2024/05/16d2z17owD2gnjuVxj0hzG-FoPmS8u7au.jpg"", ""https://sanycces.es/wp-content/uploads/2025/01/1PjgCR_7INS-zOFLE_uLIm22wuxxcq4sd.jpg"", ""https://sanycces.es/wp-content/uploads/2025/01/1PlVbIDTElnpZOnxav72zTXne-d40fgH6.jpg"", ""https://sanycces.es/wp-content/uploads/2025/01/1PhuEMYg-A0Ot0tAg2IdrBBcIc4sncykO.jpg"", ""https://sanycces.es/wp-content/uploads/2025/01/1PeKS6BBozY0lWAEVFVJd3slVb-bNFAZ2.jpg"", ""https://sanycces.es/wp-content/uploads/2025/01/1PlwIfWT4SLTnRx20QwF0bnZhsF-hu52o.jpg"", ""https://sanycces.es/wp-content/uploads/2025/01/1PdCLNUz_zFkTwrZY9w8cPD-jNK1bxEqh.jpg""]","[""https://sanycces.es/wp-content/uploads/2021/02/MBD001_FTC.png""]",sanycces
9537,1608,SAN_9537,RG Brushed rose gold,https://sanycces.es/en/product/loop-7/,"[""https://sanycces.es/wp-content/uploads/2024/05/16d2z17owD2gnjuVxj0hzG-FoPmS8u7au.jpg"", ""https://sanycces.es/wp-content/uploads/2025/01/1PjgCR_7INS-zOFLE_uLIm22wuxxcq4sd.jpg"", ""https://sanycces.es/wp-content/uploads/2025/01/1PlVbIDTElnpZOnxav72zTXne-d40fgH6.jpg"", ""https://sanycces.es/wp-content/uploads/2025/01/1PhuEMYg-A0Ot0tAg2IdrBBcIc4sncykO.jpg"", ""https://sanycces.es/wp-content/uploads/2025/01/1PeKS6BBozY0lWAEVFVJd3slVb-bNFAZ2.jpg"", ""https://sanycces.es/wp-content/uploads/2025/01/1PlwIfWT4SLTnRx20QwF0bnZhsF-hu52o.jpg"", ""https://sanycces.es/wp-content/uploads/2025/01/1PdCLNUz_zFkTwrZY9w8cPD-jNK1bxEqh.jpg""]","[""https://sanycces.es/wp-content/uploads/2021/02/MBD001_FTC.png""]",sanycces
9538,1609,SAN_9538,NB Nickel brushed,https://sanycces.es/en/product/pool_bidet_mixer/,"[""https://sanycces.es/wp-content/uploads/2026/04/SANYCCES_POOL_MONOMANDO-BIDET.png"", ""https://sanycces.es/wp-content/uploads/2026/04/SANYCCES_POOL_MONOMANDO-BIDET-rm.png"", ""https://sanycces.es/wp-content/uploads/2026/04/SANYCCES-POOL_MONOMANDO-DE-BIDET_1.jpg"", ""https://sanycces.es/wp-content/uploads/2026/04/SANYCCES-POOL_MONOMANDO-DE-BIDET_2.jpg"", ""https://sanycces.es/wp-content/uploads/2026/04/SANYCCES-POOL_MONOMANDO-DE-BIDET_3.jpg"", ""https://sanycces.es/wp-content/uploads/2026/04/SANYCCES-POOL_MONOMANDO-DE-BIDET_4.jpg""]","[""https://sanycces.es/wp-content/uploads/2026/04/MBD006SS.png""]",sanycces
9539,1609,SAN_9539,RM Raw metal,https://sanycces.es/en/product/pool_bidet_mixer/,"[""https://sanycces.es/wp-content/uploads/2026/04/SANYCCES_POOL_MONOMANDO-BIDET.png"", ""https://sanycces.es/wp-content/uploads/2026/04/SANYCCES_POOL_MONOMANDO-BIDET-rm.png"", ""https://sanycces.es/wp-content/uploads/2026/04/SANYCCES-POOL_MONOMANDO-DE-BIDET_1.jpg"", ""https://sanycces.es/wp-content/uploads/2026/04/SANYCCES-POOL_MONOMANDO-DE-BIDET_2.jpg"", ""https://sanycces.es/wp-content/uploads/2026/04/SANYCCES-POOL_MONOMANDO-DE-BIDET_3.jpg"", ""https://sanycces.es/wp-content/uploads/2026/04/SANYCCES-POOL_MONOMANDO-DE-BIDET_4.jpg""]","[""https://sanycces.es/wp-content/uploads/2026/04/MBD006SS.png""]",sanycces
9540,1610,SAN_9540,BG Brushed gold,https://sanycces.es/en/product/loop-19/,"[""https://sanycces.es/wp-content/uploads/2024/05/16bcnogrLkilo_llLGB6Bz9ZKMACfL75Z.jpg"", ""https://sanycces.es/wp-content/uploads/2025/01/1RWXjNHVAPPr2GoVVaidJhdFMPxqaVVRc.jpg"", ""https://sanycces.es/wp-content/uploads/2025/01/1R_ksTJaT33enmeKfDXHWNrvmOR36dOBP.jpg"", ""https://sanycces.es/wp-content/uploads/2025/01/1RSuhIwur2v-Zrwkay6zx2qaZFXCahuDG.jpg"", ""https://sanycces.es/wp-content/uploads/2025/01/1Quusxv0sJpE_fvSNrYtkpr3l07AkS1kB.jpg"", ""https://sanycces.es/wp-content/uploads/2025/01/1RPB3YOYzOE1K_Nv4CN4IHCwbV8OQs5pP.jpg"", ""https://sanycces.es/wp-content/uploads/2025/01/1Rq0JLxosDhRbYkB50tReudBcHK9iGvw-.jpg"", ""https://sanycces.es/wp-content/uploads/2025/01/1RMaRJXP9LuC2jfAmgvmcg53OOASk-pTu.jpg""]","[""https://sanycces.es/wp-content/uploads/2021/02/WCSH001_FTC.png""]",sanycces
9541,1610,SAN_9541,BM Black matt,https://sanycces.es/en/product/loop-19/,"[""https://sanycces.es/wp-content/uploads/2024/05/16bcnogrLkilo_llLGB6Bz9ZKMACfL75Z.jpg"", ""https://sanycces.es/wp-content/uploads/2025/01/1RWXjNHVAPPr2GoVVaidJhdFMPxqaVVRc.jpg"", ""https://sanycces.es/wp-content/uploads/2025/01/1R_ksTJaT33enmeKfDXHWNrvmOR36dOBP.jpg"", ""https://sanycces.es/wp-content/uploads/2025/01/1RSuhIwur2v-Zrwkay6zx2qaZFXCahuDG.jpg"", ""https://sanycces.es/wp-content/uploads/2025/01/1Quusxv0sJpE_fvSNrYtkpr3l07AkS1kB.jpg"", ""https://sanycces.es/wp-content/uploads/2025/01/1RPB3YOYzOE1K_Nv4CN4IHCwbV8OQs5pP.jpg"", ""https://sanycces.es/wp-content/uploads/2025/01/1Rq0JLxosDhRbYkB50tReudBcHK9iGvw-.jpg"", ""https://sanycces.es/wp-content/uploads/2025/01/1RMaRJXP9LuC2jfAmgvmcg53OOASk-pTu.jpg""]","[""https://sanycces.es/wp-content/uploads/2021/02/WCSH001_FTC.png""]",sanycces
9542,1610,SAN_9542,CR Chrome plate,https://sanycces.es/en/product/loop-19/,"[""https://sanycces.es/wp-content/uploads/2024/05/16bcnogrLkilo_llLGB6Bz9ZKMACfL75Z.jpg"", ""https://sanycces.es/wp-content/uploads/2025/01/1RWXjNHVAPPr2GoVVaidJhdFMPxqaVVRc.jpg"", ""https://sanycces.es/wp-content/uploads/2025/01/1R_ksTJaT33enmeKfDXHWNrvmOR36dOBP.jpg"", ""https://sanycces.es/wp-content/uploads/2025/01/1RSuhIwur2v-Zrwkay6zx2qaZFXCahuDG.jpg"", ""https://sanycces.es/wp-content/uploads/2025/01/1Quusxv0sJpE_fvSNrYtkpr3l07AkS1kB.jpg"", ""https://sanycces.es/wp-content/uploads/2025/01/1RPB3YOYzOE1K_Nv4CN4IHCwbV8OQs5pP.jpg"", ""https://sanycces.es/wp-content/uploads/2025/01/1Rq0JLxosDhRbYkB50tReudBcHK9iGvw-.jpg"", ""https://sanycces.es/wp-content/uploads/2025/01/1RMaRJXP9LuC2jfAmgvmcg53OOASk-pTu.jpg""]","[""https://sanycces.es/wp-content/uploads/2021/02/WCSH001_FTC.png""]",sanycces
9543,1610,SAN_9543,MG Metal gun,https://sanycces.es/en/product/loop-19/,"[""https://sanycces.es/wp-content/uploads/2024/05/16bcnogrLkilo_llLGB6Bz9ZKMACfL75Z.jpg"", ""https://sanycces.es/wp-content/uploads/2025/01/1RWXjNHVAPPr2GoVVaidJhdFMPxqaVVRc.jpg"", ""https://sanycces.es/wp-content/uploads/2025/01/1R_ksTJaT33enmeKfDXHWNrvmOR36dOBP.jpg"", ""https://sanycces.es/wp-content/uploads/2025/01/1RSuhIwur2v-Zrwkay6zx2qaZFXCahuDG.jpg"", ""https://sanycces.es/wp-content/uploads/2025/01/1Quusxv0sJpE_fvSNrYtkpr3l07AkS1kB.jpg"", ""https://sanycces.es/wp-content/uploads/2025/01/1RPB3YOYzOE1K_Nv4CN4IHCwbV8OQs5pP.jpg"", ""https://sanycces.es/wp-content/uploads/2025/01/1Rq0JLxosDhRbYkB50tReudBcHK9iGvw-.jpg"", ""https://sanycces.es/wp-content/uploads/2025/01/1RMaRJXP9LuC2jfAmgvmcg53OOASk-pTu.jpg""]","[""https://sanycces.es/wp-content/uploads/2021/02/WCSH001_FTC.png""]",sanycces
9544,1610,SAN_9544,NB Nickel brushed,https://sanycces.es/en/product/loop-19/,"[""https://sanycces.es/wp-content/uploads/2024/05/16bcnogrLkilo_llLGB6Bz9ZKMACfL75Z.jpg"", ""https://sanycces.es/wp-content/uploads/2025/01/1RWXjNHVAPPr2GoVVaidJhdFMPxqaVVRc.jpg"", ""https://sanycces.es/wp-content/uploads/2025/01/1R_ksTJaT33enmeKfDXHWNrvmOR36dOBP.jpg"", ""https://sanycces.es/wp-content/uploads/2025/01/1RSuhIwur2v-Zrwkay6zx2qaZFXCahuDG.jpg"", ""https://sanycces.es/wp-content/uploads/2025/01/1Quusxv0sJpE_fvSNrYtkpr3l07AkS1kB.jpg"", ""https://sanycces.es/wp-content/uploads/2025/01/1RPB3YOYzOE1K_Nv4CN4IHCwbV8OQs5pP.jpg"", ""https://sanycces.es/wp-content/uploads/2025/01/1Rq0JLxosDhRbYkB50tReudBcHK9iGvw-.jpg"", ""https://sanycces.es/wp-content/uploads/2025/01/1RMaRJXP9LuC2jfAmgvmcg53OOASk-pTu.jpg""]","[""https://sanycces.es/wp-content/uploads/2021/02/WCSH001_FTC.png""]",sanycces
9545,1610,SAN_9545,RG Brushed rose gold,https://sanycces.es/en/product/loop-19/,"[""https://sanycces.es/wp-content/uploads/2024/05/16bcnogrLkilo_llLGB6Bz9ZKMACfL75Z.jpg"", ""https://sanycces.es/wp-content/uploads/2025/01/1RWXjNHVAPPr2GoVVaidJhdFMPxqaVVRc.jpg"", ""https://sanycces.es/wp-content/uploads/2025/01/1R_ksTJaT33enmeKfDXHWNrvmOR36dOBP.jpg"", ""https://sanycces.es/wp-content/uploads/2025/01/1RSuhIwur2v-Zrwkay6zx2qaZFXCahuDG.jpg"", ""https://sanycces.es/wp-content/uploads/2025/01/1Quusxv0sJpE_fvSNrYtkpr3l07AkS1kB.jpg"", ""https://sanycces.es/wp-content/uploads/2025/01/1RPB3YOYzOE1K_Nv4CN4IHCwbV8OQs5pP.jpg"", ""https://sanycces.es/wp-content/uploads/2025/01/1Rq0JLxosDhRbYkB50tReudBcHK9iGvw-.jpg"", ""https://sanycces.es/wp-content/uploads/2025/01/1RMaRJXP9LuC2jfAmgvmcg53OOASk-pTu.jpg""]","[""https://sanycces.es/wp-content/uploads/2021/02/WCSH001_FTC.png""]",sanycces
9546,1611,SAN_9546,BG Brushed gold,https://sanycces.es/en/product/loop-k-13/,"[""https://sanycces.es/wp-content/uploads/2024/05/17ALeDjZETBeXSpYos6WaXXUbR6dFKdhM.jpg"", ""https://sanycces.es/wp-content/uploads/2021/02/LOOP-COLUMNA-DE-DUCHA-MONOMANDO-NB.jpg"", ""https://sanycces.es/wp-content/uploads/2021/02/DETALLE-LOOP-COLUMNA-DE-DUCHA-MONOMANDO-NB.jpg"", ""https://sanycces.es/wp-content/uploads/2021/02/LOOP-BARRA-DE-DUCHA-DESLIZANTE-DETALLE-BG-2.jpg""]","[""https://sanycces.es/wp-content/uploads/2021/02/COMO011_0.5_FTC.png""]",sanycces
9547,1611,SAN_9547,BM Black matt,https://sanycces.es/en/product/loop-k-13/,"[""https://sanycces.es/wp-content/uploads/2024/05/17ALeDjZETBeXSpYos6WaXXUbR6dFKdhM.jpg"", ""https://sanycces.es/wp-content/uploads/2021/02/LOOP-COLUMNA-DE-DUCHA-MONOMANDO-NB.jpg"", ""https://sanycces.es/wp-content/uploads/2021/02/DETALLE-LOOP-COLUMNA-DE-DUCHA-MONOMANDO-NB.jpg"", ""https://sanycces.es/wp-content/uploads/2021/02/LOOP-BARRA-DE-DUCHA-DESLIZANTE-DETALLE-BG-2.jpg""]","[""https://sanycces.es/wp-content/uploads/2021/02/COMO011_0.5_FTC.png""]",sanycces
9548,1611,SAN_9548,CR Chrome plate,https://sanycces.es/en/product/loop-k-13/,"[""https://sanycces.es/wp-content/uploads/2024/05/17ALeDjZETBeXSpYos6WaXXUbR6dFKdhM.jpg"", ""https://sanycces.es/wp-content/uploads/2021/02/LOOP-COLUMNA-DE-DUCHA-MONOMANDO-NB.jpg"", ""https://sanycces.es/wp-content/uploads/2021/02/DETALLE-LOOP-COLUMNA-DE-DUCHA-MONOMANDO-NB.jpg"", ""https://sanycces.es/wp-content/uploads/2021/02/LOOP-BARRA-DE-DUCHA-DESLIZANTE-DETALLE-BG-2.jpg""]","[""https://sanycces.es/wp-content/uploads/2021/02/COMO011_0.5_FTC.png""]",sanycces
9549,1611,SAN_9549,MG Metal gun,https://sanycces.es/en/product/loop-k-13/,"[""https://sanycces.es/wp-content/uploads/2024/05/17ALeDjZETBeXSpYos6WaXXUbR6dFKdhM.jpg"", ""https://sanycces.es/wp-content/uploads/2021/02/LOOP-COLUMNA-DE-DUCHA-MONOMANDO-NB.jpg"", ""https://sanycces.es/wp-content/uploads/2021/02/DETALLE-LOOP-COLUMNA-DE-DUCHA-MONOMANDO-NB.jpg"", ""https://sanycces.es/wp-content/uploads/2021/02/LOOP-BARRA-DE-DUCHA-DESLIZANTE-DETALLE-BG-2.jpg""]","[""https://sanycces.es/wp-content/uploads/2021/02/COMO011_0.5_FTC.png""]",sanycces
9550,1611,SAN_9550,NB Nickel brushed,https://sanycces.es/en/product/loop-k-13/,"[""https://sanycces.es/wp-content/uploads/2024/05/17ALeDjZETBeXSpYos6WaXXUbR6dFKdhM.jpg"", ""https://sanycces.es/wp-content/uploads/2021/02/LOOP-COLUMNA-DE-DUCHA-MONOMANDO-NB.jpg"", ""https://sanycces.es/wp-content/uploads/2021/02/DETALLE-LOOP-COLUMNA-DE-DUCHA-MONOMANDO-NB.jpg"", ""https://sanycces.es/wp-content/uploads/2021/02/LOOP-BARRA-DE-DUCHA-DESLIZANTE-DETALLE-BG-2.jpg""]","[""https://sanycces.es/wp-content/uploads/2021/02/COMO011_0.5_FTC.png""]",sanycces
9551,1611,SAN_9551,RG Brushed rose gold,https://sanycces.es/en/product/loop-k-13/,"[""https://sanycces.es/wp-content/uploads/2024/05/17ALeDjZETBeXSpYos6WaXXUbR6dFKdhM.jpg"", ""https://sanycces.es/wp-content/uploads/2021/02/LOOP-COLUMNA-DE-DUCHA-MONOMANDO-NB.jpg"", ""https://sanycces.es/wp-content/uploads/2021/02/DETALLE-LOOP-COLUMNA-DE-DUCHA-MONOMANDO-NB.jpg"", ""https://sanycces.es/wp-content/uploads/2021/02/LOOP-BARRA-DE-DUCHA-DESLIZANTE-DETALLE-BG-2.jpg""]","[""https://sanycces.es/wp-content/uploads/2021/02/COMO011_0.5_FTC.png""]",sanycces
9552,1612,SAN_9552,NB Nickel brushed,https://sanycces.es/en/product/pool_mixer-shower-column/,"[""https://sanycces.es/wp-content/uploads/2026/04/SANYCCES_POOL_COLUMNA-DE-DUCHA-MONOMANDO.png"", ""https://sanycces.es/wp-content/uploads/2026/04/SANYCCES_POOL_COLUMNA-DE-DUCHA-MONOMANDO-RM.png"", ""https://sanycces.es/wp-content/uploads/2026/04/SANYCCES-Pool-COMO_4.jpg"", ""https://sanycces.es/wp-content/uploads/2026/04/SANYCCES-Pool-COMO_1.jpg"", ""https://sanycces.es/wp-content/uploads/2026/04/SANYCCES-Pool-COMO_2.jpg"", ""https://sanycces.es/wp-content/uploads/2026/04/SANYCCES-Pool-COMO_3.jpg"", ""https://sanycces.es/wp-content/uploads/2026/04/SANYCCES-Pool-COMO_5.jpg"", ""https://sanycces.es/wp-content/uploads/2026/04/SANYCCES-Pool-COMO_6.jpg"", ""https://sanycces.es/wp-content/uploads/2026/04/SANYCCES-Pool-COTE_2.jpg"", ""https://sanycces.es/wp-content/uploads/2026/04/SANYCCES-Pool-COTE_5.jpg"", ""https://sanycces.es/wp-content/uploads/2026/04/SANYCCES-Pool-COTE_7.jpg""]","[""https://sanycces.es/wp-content/uploads/2026/04/COMO006SS.png""]",sanycces
9553,1612,SAN_9553,RM Raw metal,https://sanycces.es/en/product/pool_mixer-shower-column/,"[""https://sanycces.es/wp-content/uploads/2026/04/SANYCCES_POOL_COLUMNA-DE-DUCHA-MONOMANDO.png"", ""https://sanycces.es/wp-content/uploads/2026/04/SANYCCES_POOL_COLUMNA-DE-DUCHA-MONOMANDO-RM.png"", ""https://sanycces.es/wp-content/uploads/2026/04/SANYCCES-Pool-COMO_4.jpg"", ""https://sanycces.es/wp-content/uploads/2026/04/SANYCCES-Pool-COMO_1.jpg"", ""https://sanycces.es/wp-content/uploads/2026/04/SANYCCES-Pool-COMO_2.jpg"", ""https://sanycces.es/wp-content/uploads/2026/04/SANYCCES-Pool-COMO_3.jpg"", ""https://sanycces.es/wp-content/uploads/2026/04/SANYCCES-Pool-COMO_5.jpg"", ""https://sanycces.es/wp-content/uploads/2026/04/SANYCCES-Pool-COMO_6.jpg"", ""https://sanycces.es/wp-content/uploads/2026/04/SANYCCES-Pool-COTE_2.jpg"", ""https://sanycces.es/wp-content/uploads/2026/04/SANYCCES-Pool-COTE_5.jpg"", ""https://sanycces.es/wp-content/uploads/2026/04/SANYCCES-Pool-COTE_7.jpg""]","[""https://sanycces.es/wp-content/uploads/2026/04/COMO006SS.png""]",sanycces
9554,1613,SAN_9554,BG Brushed gold,https://sanycces.es/en/product/loop-23/,"[""https://sanycces.es/wp-content/uploads/2024/06/16xRXEqnFUzgb5sRWACywleM0fgEuRQZD.jpg"", ""https://sanycces.es/wp-content/uploads/2024/06/1HOMMQhesJ3xoGd4ZjgWG_YQvrVx2kFyL.jpg"", ""https://sanycces.es/wp-content/uploads/2024/06/1HPaSnteDqtplEXG0zkekEwFr0AEm8my6.jpg"", ""https://sanycces.es/wp-content/uploads/2025/01/1TZM6ytjLGoxCQhG1AfG8zqb8hA6OuNzr.jpg"", ""https://sanycces.es/wp-content/uploads/2025/01/1T_aJL3dVmIa8vY2_J9MoUG7QAD0z_5Ig.jpg"", ""https://sanycces.es/wp-content/uploads/2025/01/1TZ4u3ZczK-ZiyTIOBzzTc6jWFiqP1N39.jpg"", ""https://sanycces.es/wp-content/uploads/2025/01/1TQztcY6BrOEjSJQXEV3NzPRnXqvzyk8H.jpg"", ""https://sanycces.es/wp-content/uploads/2025/01/1Tbaklr-qeguGTvmNuyaHUN56Ua6NbdOQ.jpg"", ""https://sanycces.es/wp-content/uploads/2025/01/1TQUbSg31wnPXN4AkUxDpM_H-UsxWRZ-q.jpg""]","[""https://sanycces.es/wp-content/uploads/2024/06/1HOCvzUO7zqRlC-MvLt7Id_bt1sOJpB4C.jpg""]",sanycces
9555,1613,SAN_9555,BM Black matt,https://sanycces.es/en/product/loop-23/,"[""https://sanycces.es/wp-content/uploads/2024/06/16xRXEqnFUzgb5sRWACywleM0fgEuRQZD.jpg"", ""https://sanycces.es/wp-content/uploads/2024/06/1HOMMQhesJ3xoGd4ZjgWG_YQvrVx2kFyL.jpg"", ""https://sanycces.es/wp-content/uploads/2024/06/1HPaSnteDqtplEXG0zkekEwFr0AEm8my6.jpg"", ""https://sanycces.es/wp-content/uploads/2025/01/1TZM6ytjLGoxCQhG1AfG8zqb8hA6OuNzr.jpg"", ""https://sanycces.es/wp-content/uploads/2025/01/1T_aJL3dVmIa8vY2_J9MoUG7QAD0z_5Ig.jpg"", ""https://sanycces.es/wp-content/uploads/2025/01/1TZ4u3ZczK-ZiyTIOBzzTc6jWFiqP1N39.jpg"", ""https://sanycces.es/wp-content/uploads/2025/01/1TQztcY6BrOEjSJQXEV3NzPRnXqvzyk8H.jpg"", ""https://sanycces.es/wp-content/uploads/2025/01/1Tbaklr-qeguGTvmNuyaHUN56Ua6NbdOQ.jpg"", ""https://sanycces.es/wp-content/uploads/2025/01/1TQUbSg31wnPXN4AkUxDpM_H-UsxWRZ-q.jpg""]","[""https://sanycces.es/wp-content/uploads/2024/06/1HOCvzUO7zqRlC-MvLt7Id_bt1sOJpB4C.jpg""]",sanycces
9556,1613,SAN_9556,CR Chrome plate,https://sanycces.es/en/product/loop-23/,"[""https://sanycces.es/wp-content/uploads/2024/06/16xRXEqnFUzgb5sRWACywleM0fgEuRQZD.jpg"", ""https://sanycces.es/wp-content/uploads/2024/06/1HOMMQhesJ3xoGd4ZjgWG_YQvrVx2kFyL.jpg"", ""https://sanycces.es/wp-content/uploads/2024/06/1HPaSnteDqtplEXG0zkekEwFr0AEm8my6.jpg"", ""https://sanycces.es/wp-content/uploads/2025/01/1TZM6ytjLGoxCQhG1AfG8zqb8hA6OuNzr.jpg"", ""https://sanycces.es/wp-content/uploads/2025/01/1T_aJL3dVmIa8vY2_J9MoUG7QAD0z_5Ig.jpg"", ""https://sanycces.es/wp-content/uploads/2025/01/1TZ4u3ZczK-ZiyTIOBzzTc6jWFiqP1N39.jpg"", ""https://sanycces.es/wp-content/uploads/2025/01/1TQztcY6BrOEjSJQXEV3NzPRnXqvzyk8H.jpg"", ""https://sanycces.es/wp-content/uploads/2025/01/1Tbaklr-qeguGTvmNuyaHUN56Ua6NbdOQ.jpg"", ""https://sanycces.es/wp-content/uploads/2025/01/1TQUbSg31wnPXN4AkUxDpM_H-UsxWRZ-q.jpg""]","[""https://sanycces.es/wp-content/uploads/2024/06/1HOCvzUO7zqRlC-MvLt7Id_bt1sOJpB4C.jpg""]",sanycces
9557,1613,SAN_9557,MG Metal gun,https://sanycces.es/en/product/loop-23/,"[""https://sanycces.es/wp-content/uploads/2024/06/16xRXEqnFUzgb5sRWACywleM0fgEuRQZD.jpg"", ""https://sanycces.es/wp-content/uploads/2024/06/1HOMMQhesJ3xoGd4ZjgWG_YQvrVx2kFyL.jpg"", ""https://sanycces.es/wp-content/uploads/2024/06/1HPaSnteDqtplEXG0zkekEwFr0AEm8my6.jpg"", ""https://sanycces.es/wp-content/uploads/2025/01/1TZM6ytjLGoxCQhG1AfG8zqb8hA6OuNzr.jpg"", ""https://sanycces.es/wp-content/uploads/2025/01/1T_aJL3dVmIa8vY2_J9MoUG7QAD0z_5Ig.jpg"", ""https://sanycces.es/wp-content/uploads/2025/01/1TZ4u3ZczK-ZiyTIOBzzTc6jWFiqP1N39.jpg"", ""https://sanycces.es/wp-content/uploads/2025/01/1TQztcY6BrOEjSJQXEV3NzPRnXqvzyk8H.jpg"", ""https://sanycces.es/wp-content/uploads/2025/01/1Tbaklr-qeguGTvmNuyaHUN56Ua6NbdOQ.jpg"", ""https://sanycces.es/wp-content/uploads/2025/01/1TQUbSg31wnPXN4AkUxDpM_H-UsxWRZ-q.jpg""]","[""https://sanycces.es/wp-content/uploads/2024/06/1HOCvzUO7zqRlC-MvLt7Id_bt1sOJpB4C.jpg""]",sanycces
9558,1613,SAN_9558,NB Nickel brushed,https://sanycces.es/en/product/loop-23/,"[""https://sanycces.es/wp-content/uploads/2024/06/16xRXEqnFUzgb5sRWACywleM0fgEuRQZD.jpg"", ""https://sanycces.es/wp-content/uploads/2024/06/1HOMMQhesJ3xoGd4ZjgWG_YQvrVx2kFyL.jpg"", ""https://sanycces.es/wp-content/uploads/2024/06/1HPaSnteDqtplEXG0zkekEwFr0AEm8my6.jpg"", ""https://sanycces.es/wp-content/uploads/2025/01/1TZM6ytjLGoxCQhG1AfG8zqb8hA6OuNzr.jpg"", ""https://sanycces.es/wp-content/uploads/2025/01/1T_aJL3dVmIa8vY2_J9MoUG7QAD0z_5Ig.jpg"", ""https://sanycces.es/wp-content/uploads/2025/01/1TZ4u3ZczK-ZiyTIOBzzTc6jWFiqP1N39.jpg"", ""https://sanycces.es/wp-content/uploads/2025/01/1TQztcY6BrOEjSJQXEV3NzPRnXqvzyk8H.jpg"", ""https://sanycces.es/wp-content/uploads/2025/01/1Tbaklr-qeguGTvmNuyaHUN56Ua6NbdOQ.jpg"", ""https://sanycces.es/wp-content/uploads/2025/01/1TQUbSg31wnPXN4AkUxDpM_H-UsxWRZ-q.jpg""]","[""https://sanycces.es/wp-content/uploads/2024/06/1HOCvzUO7zqRlC-MvLt7Id_bt1sOJpB4C.jpg""]",sanycces
9559,1613,SAN_9559,RG Brushed rose gold,https://sanycces.es/en/product/loop-23/,"[""https://sanycces.es/wp-content/uploads/2024/06/16xRXEqnFUzgb5sRWACywleM0fgEuRQZD.jpg"", ""https://sanycces.es/wp-content/uploads/2024/06/1HOMMQhesJ3xoGd4ZjgWG_YQvrVx2kFyL.jpg"", ""https://sanycces.es/wp-content/uploads/2024/06/1HPaSnteDqtplEXG0zkekEwFr0AEm8my6.jpg"", ""https://sanycces.es/wp-content/uploads/2025/01/1TZM6ytjLGoxCQhG1AfG8zqb8hA6OuNzr.jpg"", ""https://sanycces.es/wp-content/uploads/2025/01/1T_aJL3dVmIa8vY2_J9MoUG7QAD0z_5Ig.jpg"", ""https://sanycces.es/wp-content/uploads/2025/01/1TZ4u3ZczK-ZiyTIOBzzTc6jWFiqP1N39.jpg"", ""https://sanycces.es/wp-content/uploads/2025/01/1TQztcY6BrOEjSJQXEV3NzPRnXqvzyk8H.jpg"", ""https://sanycces.es/wp-content/uploads/2025/01/1Tbaklr-qeguGTvmNuyaHUN56Ua6NbdOQ.jpg"", ""https://sanycces.es/wp-content/uploads/2025/01/1TQUbSg31wnPXN4AkUxDpM_H-UsxWRZ-q.jpg""]","[""https://sanycces.es/wp-content/uploads/2024/06/1HOCvzUO7zqRlC-MvLt7Id_bt1sOJpB4C.jpg""]",sanycces
9560,1614,SAN_9560,NB Nickel brushed,https://sanycces.es/en/product/pool-horizontal_wall-mounted-_thermostatic_shower_mixer_2-3_ways/,"[""https://sanycces.es/wp-content/uploads/2026/04/SANYCCES_POOL_TERMOSTATICO-DE-DUCHA-MURAL.png"", ""https://sanycces.es/wp-content/uploads/2026/04/SANYCCES_POOL_TERMOSTATICO-DE-DUCHA-MURAL-rm.png"", ""https://sanycces.es/wp-content/uploads/2026/04/SANYCCES-POOL_ENCASTRE_HORIZONTAL_DUCHA_2-1.jpg"", ""https://sanycces.es/wp-content/uploads/2026/04/SANYCCES-POOL_CANO_BANERA_1.jpg"", ""https://sanycces.es/wp-content/uploads/2026/04/SANYCCES-POOL_CANO_BANERA_2.jpg"", ""https://sanycces.es/wp-content/uploads/2026/04/SANYCCES-POOL_ENCASTRE_HORIZONTAL_DUCHA_1-1.jpg"", ""https://sanycces.es/wp-content/uploads/2026/04/SANYCCES-POOL_ENCASTRE_HORIZONTAL_DUCHA_3-1.jpg"", ""https://sanycces.es/wp-content/uploads/2026/04/SANYCCES-POOL_ENCASTRE_HORIZONTAL_DUCHA_6.jpg""]","[""https://sanycces.es/wp-content/uploads/2026/04/TH2D006SS.png""]",sanycces
9561,1614,SAN_9561,RM Raw metal,https://sanycces.es/en/product/pool-horizontal_wall-mounted-_thermostatic_shower_mixer_2-3_ways/,"[""https://sanycces.es/wp-content/uploads/2026/04/SANYCCES_POOL_TERMOSTATICO-DE-DUCHA-MURAL.png"", ""https://sanycces.es/wp-content/uploads/2026/04/SANYCCES_POOL_TERMOSTATICO-DE-DUCHA-MURAL-rm.png"", ""https://sanycces.es/wp-content/uploads/2026/04/SANYCCES-POOL_ENCASTRE_HORIZONTAL_DUCHA_2-1.jpg"", ""https://sanycces.es/wp-content/uploads/2026/04/SANYCCES-POOL_CANO_BANERA_1.jpg"", ""https://sanycces.es/wp-content/uploads/2026/04/SANYCCES-POOL_CANO_BANERA_2.jpg"", ""https://sanycces.es/wp-content/uploads/2026/04/SANYCCES-POOL_ENCASTRE_HORIZONTAL_DUCHA_1-1.jpg"", ""https://sanycces.es/wp-content/uploads/2026/04/SANYCCES-POOL_ENCASTRE_HORIZONTAL_DUCHA_3-1.jpg"", ""https://sanycces.es/wp-content/uploads/2026/04/SANYCCES-POOL_ENCASTRE_HORIZONTAL_DUCHA_6.jpg""]","[""https://sanycces.es/wp-content/uploads/2026/04/TH2D006SS.png""]",sanycces
9562,1615,SAN_9562,NB Nickel brushed,https://sanycces.es/en/product/pool_freestanding_bathtub_faucet/,"[""https://sanycces.es/wp-content/uploads/2026/04/SANYCCES_POOL_MONOMANDO-BANARA-EXENTO.png"", ""https://sanycces.es/wp-content/uploads/2026/04/SANYCCES-POOL_GRIFERIA-_PIE_BANERA_1.jpg"", ""https://sanycces.es/wp-content/uploads/2026/04/SANYCCES-POOL_GRIFERIA-_PIE_BANERA_4.jpg"", ""https://sanycces.es/wp-content/uploads/2026/04/SANYCCES-POOL_GRIFERIA-_PIE_BANERA_5.jpg"", ""https://sanycces.es/wp-content/uploads/2026/04/SANYCCES-POOL_GRIFERIA-_PIE_BANERA_2.jpg"", ""https://sanycces.es/wp-content/uploads/2026/04/SANYCCES_POOL_MONOMANDO-BANARA-EXENTO-RM.png"", ""https://sanycces.es/wp-content/uploads/2026/04/SANYCCES-POOL_GRIFERIA-_PIE_BANERA76.jpg"", ""https://sanycces.es/wp-content/uploads/2026/04/SANYCCES-POOL_GRIFERIA-_PIE_BANERA-8.jpg"", ""https://sanycces.es/wp-content/uploads/2026/04/SANYCCES-POOL_GRIFERIA-_PIE_BANERA_6.jpg"", ""https://sanycces.es/wp-content/uploads/2026/04/SANYCCES-POOL_GRIFERIA-_PIE_BANERA_3.jpg""]","[""https://sanycces.es/wp-content/uploads/2026/04/BNEX006SS.png""]",sanycces
9563,1615,SAN_9563,RM Raw metal,https://sanycces.es/en/product/pool_freestanding_bathtub_faucet/,"[""https://sanycces.es/wp-content/uploads/2026/04/SANYCCES_POOL_MONOMANDO-BANARA-EXENTO.png"", ""https://sanycces.es/wp-content/uploads/2026/04/SANYCCES-POOL_GRIFERIA-_PIE_BANERA_1.jpg"", ""https://sanycces.es/wp-content/uploads/2026/04/SANYCCES-POOL_GRIFERIA-_PIE_BANERA_4.jpg"", ""https://sanycces.es/wp-content/uploads/2026/04/SANYCCES-POOL_GRIFERIA-_PIE_BANERA_5.jpg"", ""https://sanycces.es/wp-content/uploads/2026/04/SANYCCES-POOL_GRIFERIA-_PIE_BANERA_2.jpg"", ""https://sanycces.es/wp-content/uploads/2026/04/SANYCCES_POOL_MONOMANDO-BANARA-EXENTO-RM.png"", ""https://sanycces.es/wp-content/uploads/2026/04/SANYCCES-POOL_GRIFERIA-_PIE_BANERA76.jpg"", ""https://sanycces.es/wp-content/uploads/2026/04/SANYCCES-POOL_GRIFERIA-_PIE_BANERA-8.jpg"", ""https://sanycces.es/wp-content/uploads/2026/04/SANYCCES-POOL_GRIFERIA-_PIE_BANERA_6.jpg"", ""https://sanycces.es/wp-content/uploads/2026/04/SANYCCES-POOL_GRIFERIA-_PIE_BANERA_3.jpg""]","[""https://sanycces.es/wp-content/uploads/2026/04/BNEX006SS.png""]",sanycces
9564,1616,SAN_9564,BG Brushed gold,https://sanycces.es/en/product/loop-11/,"[""https://sanycces.es/wp-content/uploads/2024/05/16ayzgLgaiEfGH0PX2VR09dJBaceQiVaV.jpg"", ""https://sanycces.es/wp-content/uploads/2021/02/DETALLE-LOOP-GRIFERNIA-EXENTA-PARA-BANERA-BM.jpg"", ""https://sanycces.es/wp-content/uploads/2021/02/LOOP-GRIFERNIA-EXENTA-PARA-BANERA-BM.jpg"", ""https://sanycces.es/wp-content/uploads/2021/03/GR-NORA-BLACK-A1.jpg"", ""https://sanycces.es/wp-content/uploads/2021/03/GR-NORA-A1-1.jpg"", ""https://sanycces.es/wp-content/uploads/2025/01/1S9Gl9cQBY-OJQKFS46n1R6tOc-SfowyW.jpg"", ""https://sanycces.es/wp-content/uploads/2025/01/1SAO1xbG3ZELd4np21ilL4QGonZc5VK0Q.jpg"", ""https://sanycces.es/wp-content/uploads/2025/01/1RwB0saukO2FMv5FlJSIyhDV1uBIS6J4P.jpg"", ""https://sanycces.es/wp-content/uploads/2025/01/1SFAYpCmRtqjFe8G280NrSlpovBxvD-Io.jpg"", ""https://sanycces.es/wp-content/uploads/2025/01/1RvNalGlNQYnRtGuV39iLFKQ4414pNqp9.jpg"", ""https://sanycces.es/wp-content/uploads/2025/01/1S5gXC3g0asx8pKj-exFK1kEgyUpeVyNK.jpg""]","[""https://sanycces.es/wp-content/uploads/2021/02/BNEX001_0.5_FTC.png""]",sanycces
9565,1616,SAN_9565,BM Black matt,https://sanycces.es/en/product/loop-11/,"[""https://sanycces.es/wp-content/uploads/2024/05/16ayzgLgaiEfGH0PX2VR09dJBaceQiVaV.jpg"", ""https://sanycces.es/wp-content/uploads/2021/02/DETALLE-LOOP-GRIFERNIA-EXENTA-PARA-BANERA-BM.jpg"", ""https://sanycces.es/wp-content/uploads/2021/02/LOOP-GRIFERNIA-EXENTA-PARA-BANERA-BM.jpg"", ""https://sanycces.es/wp-content/uploads/2021/03/GR-NORA-BLACK-A1.jpg"", ""https://sanycces.es/wp-content/uploads/2021/03/GR-NORA-A1-1.jpg"", ""https://sanycces.es/wp-content/uploads/2025/01/1S9Gl9cQBY-OJQKFS46n1R6tOc-SfowyW.jpg"", ""https://sanycces.es/wp-content/uploads/2025/01/1SAO1xbG3ZELd4np21ilL4QGonZc5VK0Q.jpg"", ""https://sanycces.es/wp-content/uploads/2025/01/1RwB0saukO2FMv5FlJSIyhDV1uBIS6J4P.jpg"", ""https://sanycces.es/wp-content/uploads/2025/01/1SFAYpCmRtqjFe8G280NrSlpovBxvD-Io.jpg"", ""https://sanycces.es/wp-content/uploads/2025/01/1RvNalGlNQYnRtGuV39iLFKQ4414pNqp9.jpg"", ""https://sanycces.es/wp-content/uploads/2025/01/1S5gXC3g0asx8pKj-exFK1kEgyUpeVyNK.jpg""]","[""https://sanycces.es/wp-content/uploads/2021/02/BNEX001_0.5_FTC.png""]",sanycces
9566,1616,SAN_9566,CR Chrome plate,https://sanycces.es/en/product/loop-11/,"[""https://sanycces.es/wp-content/uploads/2024/05/16ayzgLgaiEfGH0PX2VR09dJBaceQiVaV.jpg"", ""https://sanycces.es/wp-content/uploads/2021/02/DETALLE-LOOP-GRIFERNIA-EXENTA-PARA-BANERA-BM.jpg"", ""https://sanycces.es/wp-content/uploads/2021/02/LOOP-GRIFERNIA-EXENTA-PARA-BANERA-BM.jpg"", ""https://sanycces.es/wp-content/uploads/2021/03/GR-NORA-BLACK-A1.jpg"", ""https://sanycces.es/wp-content/uploads/2021/03/GR-NORA-A1-1.jpg"", ""https://sanycces.es/wp-content/uploads/2025/01/1S9Gl9cQBY-OJQKFS46n1R6tOc-SfowyW.jpg"", ""https://sanycces.es/wp-content/uploads/2025/01/1SAO1xbG3ZELd4np21ilL4QGonZc5VK0Q.jpg"", ""https://sanycces.es/wp-content/uploads/2025/01/1RwB0saukO2FMv5FlJSIyhDV1uBIS6J4P.jpg"", ""https://sanycces.es/wp-content/uploads/2025/01/1SFAYpCmRtqjFe8G280NrSlpovBxvD-Io.jpg"", ""https://sanycces.es/wp-content/uploads/2025/01/1RvNalGlNQYnRtGuV39iLFKQ4414pNqp9.jpg"", ""https://sanycces.es/wp-content/uploads/2025/01/1S5gXC3g0asx8pKj-exFK1kEgyUpeVyNK.jpg""]","[""https://sanycces.es/wp-content/uploads/2021/02/BNEX001_0.5_FTC.png""]",sanycces
9567,1616,SAN_9567,MG Metal gun,https://sanycces.es/en/product/loop-11/,"[""https://sanycces.es/wp-content/uploads/2024/05/16ayzgLgaiEfGH0PX2VR09dJBaceQiVaV.jpg"", ""https://sanycces.es/wp-content/uploads/2021/02/DETALLE-LOOP-GRIFERNIA-EXENTA-PARA-BANERA-BM.jpg"", ""https://sanycces.es/wp-content/uploads/2021/02/LOOP-GRIFERNIA-EXENTA-PARA-BANERA-BM.jpg"", ""https://sanycces.es/wp-content/uploads/2021/03/GR-NORA-BLACK-A1.jpg"", ""https://sanycces.es/wp-content/uploads/2021/03/GR-NORA-A1-1.jpg"", ""https://sanycces.es/wp-content/uploads/2025/01/1S9Gl9cQBY-OJQKFS46n1R6tOc-SfowyW.jpg"", ""https://sanycces.es/wp-content/uploads/2025/01/1SAO1xbG3ZELd4np21ilL4QGonZc5VK0Q.jpg"", ""https://sanycces.es/wp-content/uploads/2025/01/1RwB0saukO2FMv5FlJSIyhDV1uBIS6J4P.jpg"", ""https://sanycces.es/wp-content/uploads/2025/01/1SFAYpCmRtqjFe8G280NrSlpovBxvD-Io.jpg"", ""https://sanycces.es/wp-content/uploads/2025/01/1RvNalGlNQYnRtGuV39iLFKQ4414pNqp9.jpg"", ""https://sanycces.es/wp-content/uploads/2025/01/1S5gXC3g0asx8pKj-exFK1kEgyUpeVyNK.jpg""]","[""https://sanycces.es/wp-content/uploads/2021/02/BNEX001_0.5_FTC.png""]",sanycces
9568,1616,SAN_9568,NB Nickel brushed,https://sanycces.es/en/product/loop-11/,"[""https://sanycces.es/wp-content/uploads/2024/05/16ayzgLgaiEfGH0PX2VR09dJBaceQiVaV.jpg"", ""https://sanycces.es/wp-content/uploads/2021/02/DETALLE-LOOP-GRIFERNIA-EXENTA-PARA-BANERA-BM.jpg"", ""https://sanycces.es/wp-content/uploads/2021/02/LOOP-GRIFERNIA-EXENTA-PARA-BANERA-BM.jpg"", ""https://sanycces.es/wp-content/uploads/2021/03/GR-NORA-BLACK-A1.jpg"", ""https://sanycces.es/wp-content/uploads/2021/03/GR-NORA-A1-1.jpg"", ""https://sanycces.es/wp-content/uploads/2025/01/1S9Gl9cQBY-OJQKFS46n1R6tOc-SfowyW.jpg"", ""https://sanycces.es/wp-content/uploads/2025/01/1SAO1xbG3ZELd4np21ilL4QGonZc5VK0Q.jpg"", ""https://sanycces.es/wp-content/uploads/2025/01/1RwB0saukO2FMv5FlJSIyhDV1uBIS6J4P.jpg"", ""https://sanycces.es/wp-content/uploads/2025/01/1SFAYpCmRtqjFe8G280NrSlpovBxvD-Io.jpg"", ""https://sanycces.es/wp-content/uploads/2025/01/1RvNalGlNQYnRtGuV39iLFKQ4414pNqp9.jpg"", ""https://sanycces.es/wp-content/uploads/2025/01/1S5gXC3g0asx8pKj-exFK1kEgyUpeVyNK.jpg""]","[""https://sanycces.es/wp-content/uploads/2021/02/BNEX001_0.5_FTC.png""]",sanycces
9569,1616,SAN_9569,RG Brushed rose gold,https://sanycces.es/en/product/loop-11/,"[""https://sanycces.es/wp-content/uploads/2024/05/16ayzgLgaiEfGH0PX2VR09dJBaceQiVaV.jpg"", ""https://sanycces.es/wp-content/uploads/2021/02/DETALLE-LOOP-GRIFERNIA-EXENTA-PARA-BANERA-BM.jpg"", ""https://sanycces.es/wp-content/uploads/2021/02/LOOP-GRIFERNIA-EXENTA-PARA-BANERA-BM.jpg"", ""https://sanycces.es/wp-content/uploads/2021/03/GR-NORA-BLACK-A1.jpg"", ""https://sanycces.es/wp-content/uploads/2021/03/GR-NORA-A1-1.jpg"", ""https://sanycces.es/wp-content/uploads/2025/01/1S9Gl9cQBY-OJQKFS46n1R6tOc-SfowyW.jpg"", ""https://sanycces.es/wp-content/uploads/2025/01/1SAO1xbG3ZELd4np21ilL4QGonZc5VK0Q.jpg"", ""https://sanycces.es/wp-content/uploads/2025/01/1RwB0saukO2FMv5FlJSIyhDV1uBIS6J4P.jpg"", ""https://sanycces.es/wp-content/uploads/2025/01/1SFAYpCmRtqjFe8G280NrSlpovBxvD-Io.jpg"", ""https://sanycces.es/wp-content/uploads/2025/01/1RvNalGlNQYnRtGuV39iLFKQ4414pNqp9.jpg"", ""https://sanycces.es/wp-content/uploads/2025/01/1S5gXC3g0asx8pKj-exFK1kEgyUpeVyNK.jpg""]","[""https://sanycces.es/wp-content/uploads/2021/02/BNEX001_0.5_FTC.png""]",sanycces
9570,1617,SAN_9570,NB Nickel brushed,https://sanycces.es/en/product/pool_deckmounted_mixer_bathtub/,"[""https://sanycces.es/wp-content/uploads/2026/04/SANYCCES_POOL_GRIFERIA-BORDE-BANERA.png"", ""https://sanycces.es/wp-content/uploads/2026/04/SANYCCES_POOL_GRIFERIA-BORDE-BANERA-RM.png"", ""https://sanycces.es/wp-content/uploads/2026/04/SANYCCES-POOL_MONOMANDO-BORDE_BANERA_3.jpg"", ""https://sanycces.es/wp-content/uploads/2026/04/SANYCCES-POOL_MONOMANDO-BORDE_BANERA_11.jpg"", ""https://sanycces.es/wp-content/uploads/2026/04/SANYCCES-POOL_MONOMANDO-BORDE_BANERA_2.jpg"", ""https://sanycces.es/wp-content/uploads/2026/04/SANYCCES-POOL_MONOMANDO-BORDE_BANERA_1.jpg"", ""https://sanycces.es/wp-content/uploads/2026/04/SANYCCES-POOL_MONOMANDO-BORDE_BANERA_4.jpg"", ""https://sanycces.es/wp-content/uploads/2026/04/SANYCCES-POOL_MONOMANDO-BORDE_BANERA_5.jpg"", ""https://sanycces.es/wp-content/uploads/2026/04/SANYCCES-POOL_MONOMANDO-BORDE_BANERA_56.jpg"", ""https://sanycces.es/wp-content/uploads/2026/04/SANYCCES-POOL_MONOMANDO-BORDE_BANERA_6.jpg"", ""https://sanycces.es/wp-content/uploads/2026/04/SANYCCES-POOL_MONOMANDO-BORDE_BANERA_7.jpg"", ""https://sanycces.es/wp-content/uploads/2026/04/SANYCCES-POOL_MONOMANDO-BORDE_BANERA_8.jpg"", ""https://sanycces.es/wp-content/uploads/2026/04/SANYCCES-POOL_MONOMANDO-BORDE_BANERA_12.jpg"", ""https://sanycces.es/wp-content/uploads/2026/04/SANYCCES-POOL_MONOMANDO-BORDE_BANERA_10.jpg"", ""https://sanycces.es/wp-content/uploads/2026/04/SANYCCES-POOL_MONOMANDO-BORDE_BANERA_9.jpg""]","[""https://sanycces.es/wp-content/uploads/2021/02/BNBB001_FTC-0721-02-1-449x595.png""]",sanycces
9571,1617,SAN_9571,RM Raw metal,https://sanycces.es/en/product/pool_deckmounted_mixer_bathtub/,"[""https://sanycces.es/wp-content/uploads/2026/04/SANYCCES_POOL_GRIFERIA-BORDE-BANERA.png"", ""https://sanycces.es/wp-content/uploads/2026/04/SANYCCES_POOL_GRIFERIA-BORDE-BANERA-RM.png"", ""https://sanycces.es/wp-content/uploads/2026/04/SANYCCES-POOL_MONOMANDO-BORDE_BANERA_3.jpg"", ""https://sanycces.es/wp-content/uploads/2026/04/SANYCCES-POOL_MONOMANDO-BORDE_BANERA_11.jpg"", ""https://sanycces.es/wp-content/uploads/2026/04/SANYCCES-POOL_MONOMANDO-BORDE_BANERA_2.jpg"", ""https://sanycces.es/wp-content/uploads/2026/04/SANYCCES-POOL_MONOMANDO-BORDE_BANERA_1.jpg"", ""https://sanycces.es/wp-content/uploads/2026/04/SANYCCES-POOL_MONOMANDO-BORDE_BANERA_4.jpg"", ""https://sanycces.es/wp-content/uploads/2026/04/SANYCCES-POOL_MONOMANDO-BORDE_BANERA_5.jpg"", ""https://sanycces.es/wp-content/uploads/2026/04/SANYCCES-POOL_MONOMANDO-BORDE_BANERA_56.jpg"", ""https://sanycces.es/wp-content/uploads/2026/04/SANYCCES-POOL_MONOMANDO-BORDE_BANERA_6.jpg"", ""https://sanycces.es/wp-content/uploads/2026/04/SANYCCES-POOL_MONOMANDO-BORDE_BANERA_7.jpg"", ""https://sanycces.es/wp-content/uploads/2026/04/SANYCCES-POOL_MONOMANDO-BORDE_BANERA_8.jpg"", ""https://sanycces.es/wp-content/uploads/2026/04/SANYCCES-POOL_MONOMANDO-BORDE_BANERA_12.jpg"", ""https://sanycces.es/wp-content/uploads/2026/04/SANYCCES-POOL_MONOMANDO-BORDE_BANERA_10.jpg"", ""https://sanycces.es/wp-content/uploads/2026/04/SANYCCES-POOL_MONOMANDO-BORDE_BANERA_9.jpg""]","[""https://sanycces.es/wp-content/uploads/2021/02/BNBB001_FTC-0721-02-1-449x595.png""]",sanycces
9572,1618,SAN_9572,Black matt,https://sanycces.es/en/product/franc/,"[""https://sanycces.es/wp-content/uploads/2025/09/FRANC-WC-WM.png"", ""https://sanycces.es/wp-content/uploads/2025/09/FRANC-WC-WG.png"", ""https://sanycces.es/wp-content/uploads/2025/09/FRANC-WC-BM.png"", ""https://sanycces.es/wp-content/uploads/2025/09/SANYCCES_FRANC_VORTEX.jpg"", ""https://sanycces.es/wp-content/uploads/2025/09/SANYCCES_FRANC_WG.jpg"", ""https://sanycces.es/wp-content/uploads/2025/09/SANYCCES_FRANC_WG_2.jpg""]","[""https://sanycces.es/wp-content/uploads/2025/09/WCM50454-FRANC-INODORO-MURAL.png""]",sanycces
9573,1618,SAN_9573,White gloss,https://sanycces.es/en/product/franc/,"[""https://sanycces.es/wp-content/uploads/2025/09/FRANC-WC-WM.png"", ""https://sanycces.es/wp-content/uploads/2025/09/FRANC-WC-WG.png"", ""https://sanycces.es/wp-content/uploads/2025/09/FRANC-WC-BM.png"", ""https://sanycces.es/wp-content/uploads/2025/09/SANYCCES_FRANC_VORTEX.jpg"", ""https://sanycces.es/wp-content/uploads/2025/09/SANYCCES_FRANC_WG.jpg"", ""https://sanycces.es/wp-content/uploads/2025/09/SANYCCES_FRANC_WG_2.jpg""]","[""https://sanycces.es/wp-content/uploads/2025/09/WCM50454-FRANC-INODORO-MURAL.png""]",sanycces
9574,1618,SAN_9574,White matt,https://sanycces.es/en/product/franc/,"[""https://sanycces.es/wp-content/uploads/2025/09/FRANC-WC-WM.png"", ""https://sanycces.es/wp-content/uploads/2025/09/FRANC-WC-WG.png"", ""https://sanycces.es/wp-content/uploads/2025/09/FRANC-WC-BM.png"", ""https://sanycces.es/wp-content/uploads/2025/09/SANYCCES_FRANC_VORTEX.jpg"", ""https://sanycces.es/wp-content/uploads/2025/09/SANYCCES_FRANC_WG.jpg"", ""https://sanycces.es/wp-content/uploads/2025/09/SANYCCES_FRANC_WG_2.jpg""]","[""https://sanycces.es/wp-content/uploads/2025/09/WCM50454-FRANC-INODORO-MURAL.png""]",sanycces
9575,1619,SAN_9575,Black matt,https://sanycces.es/en/product/arc/,"[""https://sanycces.es/wp-content/uploads/2024/05/18HLmoEUONADehRb06tuZBYGsUMDvDghw.jpg"", ""https://sanycces.es/wp-content/uploads/2024/04/12IIP1R17912E94IZkbkrfi2NLKFTXWKi.jpg"", ""https://sanycces.es/wp-content/uploads/2024/04/12JJRNpntwQqR66NHVjMwisxih8HJ8aPY.jpg"", ""https://sanycces.es/wp-content/uploads/2024/04/12JdWmi0DqTPxZRfu-NzdNUnFzquqbBW8.jpg"", ""https://sanycces.es/wp-content/uploads/2024/04/12JvD2Ll6rHjOcMtQ_FLMVp8XRYmGXXII.jpg""]","[""https://sanycces.es/wp-content/uploads/2023/06/WHTP00503..jpg""]",sanycces
9576,1619,SAN_9576,White gloss,https://sanycces.es/en/product/arc/,"[""https://sanycces.es/wp-content/uploads/2024/05/18HLmoEUONADehRb06tuZBYGsUMDvDghw.jpg"", ""https://sanycces.es/wp-content/uploads/2024/04/12IIP1R17912E94IZkbkrfi2NLKFTXWKi.jpg"", ""https://sanycces.es/wp-content/uploads/2024/04/12JJRNpntwQqR66NHVjMwisxih8HJ8aPY.jpg"", ""https://sanycces.es/wp-content/uploads/2024/04/12JdWmi0DqTPxZRfu-NzdNUnFzquqbBW8.jpg"", ""https://sanycces.es/wp-content/uploads/2024/04/12JvD2Ll6rHjOcMtQ_FLMVp8XRYmGXXII.jpg""]","[""https://sanycces.es/wp-content/uploads/2023/06/WHTP00503..jpg""]",sanycces
9577,1619,SAN_9577,White matt,https://sanycces.es/en/product/arc/,"[""https://sanycces.es/wp-content/uploads/2024/05/18HLmoEUONADehRb06tuZBYGsUMDvDghw.jpg"", ""https://sanycces.es/wp-content/uploads/2024/04/12IIP1R17912E94IZkbkrfi2NLKFTXWKi.jpg"", ""https://sanycces.es/wp-content/uploads/2024/04/12JJRNpntwQqR66NHVjMwisxih8HJ8aPY.jpg"", ""https://sanycces.es/wp-content/uploads/2024/04/12JdWmi0DqTPxZRfu-NzdNUnFzquqbBW8.jpg"", ""https://sanycces.es/wp-content/uploads/2024/04/12JvD2Ll6rHjOcMtQ_FLMVp8XRYmGXXII.jpg""]","[""https://sanycces.es/wp-content/uploads/2023/06/WHTP00503..jpg""]",sanycces
9578,1620,SAN_9578,Black matt,https://sanycces.es/en/product/arc-4/,"[""https://sanycces.es/wp-content/uploads/2024/05/18Hc_jLg6KZW9DhmaiYqCzk3EgsNwsLdM.jpg"", ""https://sanycces.es/wp-content/uploads/2024/04/12M7AXMKfK1GqmUqk-ASD0tXqhyx02Fw4.jpg"", ""https://sanycces.es/wp-content/uploads/2024/04/12LWPoaq-GhTRxmbuNOwmKCWcTE_-he2X.jpg"", ""https://sanycces.es/wp-content/uploads/2024/04/12MdYpio_0R_ryZosvUs9TOFDckHQ7F1U.jpg""]","[""https://sanycces.es/wp-content/uploads/2023/06/FSB00503..jpg""]",sanycces
9579,1620,SAN_9579,White gloss,https://sanycces.es/en/product/arc-4/,"[""https://sanycces.es/wp-content/uploads/2024/05/18Hc_jLg6KZW9DhmaiYqCzk3EgsNwsLdM.jpg"", ""https://sanycces.es/wp-content/uploads/2024/04/12M7AXMKfK1GqmUqk-ASD0tXqhyx02Fw4.jpg"", ""https://sanycces.es/wp-content/uploads/2024/04/12LWPoaq-GhTRxmbuNOwmKCWcTE_-he2X.jpg"", ""https://sanycces.es/wp-content/uploads/2024/04/12MdYpio_0R_ryZosvUs9TOFDckHQ7F1U.jpg""]","[""https://sanycces.es/wp-content/uploads/2023/06/FSB00503..jpg""]",sanycces
9580,1620,SAN_9580,White matt,https://sanycces.es/en/product/arc-4/,"[""https://sanycces.es/wp-content/uploads/2024/05/18Hc_jLg6KZW9DhmaiYqCzk3EgsNwsLdM.jpg"", ""https://sanycces.es/wp-content/uploads/2024/04/12M7AXMKfK1GqmUqk-ASD0tXqhyx02Fw4.jpg"", ""https://sanycces.es/wp-content/uploads/2024/04/12LWPoaq-GhTRxmbuNOwmKCWcTE_-he2X.jpg"", ""https://sanycces.es/wp-content/uploads/2024/04/12MdYpio_0R_ryZosvUs9TOFDckHQ7F1U.jpg""]","[""https://sanycces.es/wp-content/uploads/2023/06/FSB00503..jpg""]",sanycces
9581,1621,SAN_9581,Black matt,https://sanycces.es/en/product/franc-bdm/,"[""https://sanycces.es/wp-content/uploads/2025/09/FRANC-BT-WG.png"", ""https://sanycces.es/wp-content/uploads/2025/09/SANYCCES_FRANC_WG_2.jpg"", ""https://sanycces.es/wp-content/uploads/2025/09/SANYCCES_FRANC_WG.jpg"", ""https://sanycces.es/wp-content/uploads/2025/09/FRANC-BT-WM.png"", ""https://sanycces.es/wp-content/uploads/2025/09/FRANC-BT-BM.png""]","[""https://sanycces.es/wp-content/uploads/2025/09/BDM50454-FRANC-BIDE-MURAL.png""]",sanycces
9582,1621,SAN_9582,White gloss,https://sanycces.es/en/product/franc-bdm/,"[""https://sanycces.es/wp-content/uploads/2025/09/FRANC-BT-WG.png"", ""https://sanycces.es/wp-content/uploads/2025/09/SANYCCES_FRANC_WG_2.jpg"", ""https://sanycces.es/wp-content/uploads/2025/09/SANYCCES_FRANC_WG.jpg"", ""https://sanycces.es/wp-content/uploads/2025/09/FRANC-BT-WM.png"", ""https://sanycces.es/wp-content/uploads/2025/09/FRANC-BT-BM.png""]","[""https://sanycces.es/wp-content/uploads/2025/09/BDM50454-FRANC-BIDE-MURAL.png""]",sanycces
9583,1621,SAN_9583,White matt,https://sanycces.es/en/product/franc-bdm/,"[""https://sanycces.es/wp-content/uploads/2025/09/FRANC-BT-WG.png"", ""https://sanycces.es/wp-content/uploads/2025/09/SANYCCES_FRANC_WG_2.jpg"", ""https://sanycces.es/wp-content/uploads/2025/09/SANYCCES_FRANC_WG.jpg"", ""https://sanycces.es/wp-content/uploads/2025/09/FRANC-BT-WM.png"", ""https://sanycces.es/wp-content/uploads/2025/09/FRANC-BT-BM.png""]","[""https://sanycces.es/wp-content/uploads/2025/09/BDM50454-FRANC-BIDE-MURAL.png""]",sanycces
9584,1622,SAN_9584,Black matt,https://sanycces.es/en/product/arc-2/,"[""https://sanycces.es/wp-content/uploads/2024/05/18H9T4nDlwMcWiPvtTComsY3SaikOVHeQ.jpg"", ""https://sanycces.es/wp-content/uploads/2024/04/12IIP1R17912E94IZkbkrfi2NLKFTXWKi.jpg"", ""https://sanycces.es/wp-content/uploads/2024/04/12JJRNpntwQqR66NHVjMwisxih8HJ8aPY.jpg"", ""https://sanycces.es/wp-content/uploads/2024/04/12JdWmi0DqTPxZRfu-NzdNUnFzquqbBW8.jpg"", ""https://sanycces.es/wp-content/uploads/2024/04/12JvD2Ll6rHjOcMtQ_FLMVp8XRYmGXXII.jpg""]","[""https://sanycces.es/wp-content/uploads/2023/06/WHB00503..jpg""]",sanycces
9585,1622,SAN_9585,White gloss,https://sanycces.es/en/product/arc-2/,"[""https://sanycces.es/wp-content/uploads/2024/05/18H9T4nDlwMcWiPvtTComsY3SaikOVHeQ.jpg"", ""https://sanycces.es/wp-content/uploads/2024/04/12IIP1R17912E94IZkbkrfi2NLKFTXWKi.jpg"", ""https://sanycces.es/wp-content/uploads/2024/04/12JJRNpntwQqR66NHVjMwisxih8HJ8aPY.jpg"", ""https://sanycces.es/wp-content/uploads/2024/04/12JdWmi0DqTPxZRfu-NzdNUnFzquqbBW8.jpg"", ""https://sanycces.es/wp-content/uploads/2024/04/12JvD2Ll6rHjOcMtQ_FLMVp8XRYmGXXII.jpg""]","[""https://sanycces.es/wp-content/uploads/2023/06/WHB00503..jpg""]",sanycces
9586,1622,SAN_9586,White matt,https://sanycces.es/en/product/arc-2/,"[""https://sanycces.es/wp-content/uploads/2024/05/18H9T4nDlwMcWiPvtTComsY3SaikOVHeQ.jpg"", ""https://sanycces.es/wp-content/uploads/2024/04/12IIP1R17912E94IZkbkrfi2NLKFTXWKi.jpg"", ""https://sanycces.es/wp-content/uploads/2024/04/12JJRNpntwQqR66NHVjMwisxih8HJ8aPY.jpg"", ""https://sanycces.es/wp-content/uploads/2024/04/12JdWmi0DqTPxZRfu-NzdNUnFzquqbBW8.jpg"", ""https://sanycces.es/wp-content/uploads/2024/04/12JvD2Ll6rHjOcMtQ_FLMVp8XRYmGXXII.jpg""]","[""https://sanycces.es/wp-content/uploads/2023/06/WHB00503..jpg""]",sanycces
9587,1623,SAN_9587,Black matt,https://sanycces.es/en/product/arc-4/,"[""https://sanycces.es/wp-content/uploads/2024/05/18Hc_jLg6KZW9DhmaiYqCzk3EgsNwsLdM.jpg"", ""https://sanycces.es/wp-content/uploads/2024/04/12M7AXMKfK1GqmUqk-ASD0tXqhyx02Fw4.jpg"", ""https://sanycces.es/wp-content/uploads/2024/04/12LWPoaq-GhTRxmbuNOwmKCWcTE_-he2X.jpg"", ""https://sanycces.es/wp-content/uploads/2024/04/12MdYpio_0R_ryZosvUs9TOFDckHQ7F1U.jpg""]","[""https://sanycces.es/wp-content/uploads/2023/06/FSB00503..jpg""]",sanycces
9588,1623,SAN_9588,White gloss,https://sanycces.es/en/product/arc-4/,"[""https://sanycces.es/wp-content/uploads/2024/05/18Hc_jLg6KZW9DhmaiYqCzk3EgsNwsLdM.jpg"", ""https://sanycces.es/wp-content/uploads/2024/04/12M7AXMKfK1GqmUqk-ASD0tXqhyx02Fw4.jpg"", ""https://sanycces.es/wp-content/uploads/2024/04/12LWPoaq-GhTRxmbuNOwmKCWcTE_-he2X.jpg"", ""https://sanycces.es/wp-content/uploads/2024/04/12MdYpio_0R_ryZosvUs9TOFDckHQ7F1U.jpg""]","[""https://sanycces.es/wp-content/uploads/2023/06/FSB00503..jpg""]",sanycces
9589,1623,SAN_9589,White matt,https://sanycces.es/en/product/arc-4/,"[""https://sanycces.es/wp-content/uploads/2024/05/18Hc_jLg6KZW9DhmaiYqCzk3EgsNwsLdM.jpg"", ""https://sanycces.es/wp-content/uploads/2024/04/12M7AXMKfK1GqmUqk-ASD0tXqhyx02Fw4.jpg"", ""https://sanycces.es/wp-content/uploads/2024/04/12LWPoaq-GhTRxmbuNOwmKCWcTE_-he2X.jpg"", ""https://sanycces.es/wp-content/uploads/2024/04/12MdYpio_0R_ryZosvUs9TOFDckHQ7F1U.jpg""]","[""https://sanycces.es/wp-content/uploads/2023/06/FSB00503..jpg""]",sanycces
9590,1624,SAN_9590,Carrara Marble,https://sanycces.es/en/product/duna-basin/,"[""https://sanycces.es/wp-content/uploads/2024/04/12gQ_XoNXGRfq_0j4eMNnsJb-wco5SOBh.jpg"", ""https://sanycces.es/wp-content/uploads/2024/04/12cQ-MD9TVKKEysbhJkGu03227vf7yqub.jpg"", ""https://sanycces.es/wp-content/uploads/2024/04/12dBh0URQYbh_aHkxz6rV5zzD8LiCZscl.jpg"", ""https://sanycces.es/wp-content/uploads/2024/04/12ZuX88_b31EyXeVjkM_2x_HYHkU0ITPz.jpg"", ""https://sanycces.es/wp-content/uploads/2024/04/12Z3zU23bNhOkoy8j7cprc-YiRJ_4T_H8.jpg"", ""https://sanycces.es/wp-content/uploads/2024/04/12_Xv28qX9Ku3QWX13xDvWyTkdln-v9cz.jpg"", ""https://sanycces.es/wp-content/uploads/2024/04/12emEZpygFS3Qw7InYXNHv9a0qX3n6gVN.jpg"", ""https://sanycces.es/wp-content/uploads/2024/04/12gcyI8PHenOXDb1lT7hk-x24Beo1awaV.jpg""]","[""https://sanycces.es/wp-content/uploads/2024/04/12XueuddopgTwf8UA4ndZJQRmq4XImeJo.jpg""]",sanycces
9591,1624,SAN_9591,Marquina Marble,https://sanycces.es/en/product/duna-basin/,"[""https://sanycces.es/wp-content/uploads/2024/04/12gQ_XoNXGRfq_0j4eMNnsJb-wco5SOBh.jpg"", ""https://sanycces.es/wp-content/uploads/2024/04/12cQ-MD9TVKKEysbhJkGu03227vf7yqub.jpg"", ""https://sanycces.es/wp-content/uploads/2024/04/12dBh0URQYbh_aHkxz6rV5zzD8LiCZscl.jpg"", ""https://sanycces.es/wp-content/uploads/2024/04/12ZuX88_b31EyXeVjkM_2x_HYHkU0ITPz.jpg"", ""https://sanycces.es/wp-content/uploads/2024/04/12Z3zU23bNhOkoy8j7cprc-YiRJ_4T_H8.jpg"", ""https://sanycces.es/wp-content/uploads/2024/04/12_Xv28qX9Ku3QWX13xDvWyTkdln-v9cz.jpg"", ""https://sanycces.es/wp-content/uploads/2024/04/12emEZpygFS3Qw7InYXNHv9a0qX3n6gVN.jpg"", ""https://sanycces.es/wp-content/uploads/2024/04/12gcyI8PHenOXDb1lT7hk-x24Beo1awaV.jpg""]","[""https://sanycces.es/wp-content/uploads/2024/04/12XueuddopgTwf8UA4ndZJQRmq4XImeJo.jpg""]",sanycces
9592,1624,SAN_9592,Pietra Grey Stone,https://sanycces.es/en/product/duna-basin/,"[""https://sanycces.es/wp-content/uploads/2024/04/12gQ_XoNXGRfq_0j4eMNnsJb-wco5SOBh.jpg"", ""https://sanycces.es/wp-content/uploads/2024/04/12cQ-MD9TVKKEysbhJkGu03227vf7yqub.jpg"", ""https://sanycces.es/wp-content/uploads/2024/04/12dBh0URQYbh_aHkxz6rV5zzD8LiCZscl.jpg"", ""https://sanycces.es/wp-content/uploads/2024/04/12ZuX88_b31EyXeVjkM_2x_HYHkU0ITPz.jpg"", ""https://sanycces.es/wp-content/uploads/2024/04/12Z3zU23bNhOkoy8j7cprc-YiRJ_4T_H8.jpg"", ""https://sanycces.es/wp-content/uploads/2024/04/12_Xv28qX9Ku3QWX13xDvWyTkdln-v9cz.jpg"", ""https://sanycces.es/wp-content/uploads/2024/04/12emEZpygFS3Qw7InYXNHv9a0qX3n6gVN.jpg"", ""https://sanycces.es/wp-content/uploads/2024/04/12gcyI8PHenOXDb1lT7hk-x24Beo1awaV.jpg""]","[""https://sanycces.es/wp-content/uploads/2024/04/12XueuddopgTwf8UA4ndZJQRmq4XImeJo.jpg""]",sanycces
9593,1624,SAN_9593,White matt,https://sanycces.es/en/product/duna-basin/,"[""https://sanycces.es/wp-content/uploads/2024/04/12gQ_XoNXGRfq_0j4eMNnsJb-wco5SOBh.jpg"", ""https://sanycces.es/wp-content/uploads/2024/04/12cQ-MD9TVKKEysbhJkGu03227vf7yqub.jpg"", ""https://sanycces.es/wp-content/uploads/2024/04/12dBh0URQYbh_aHkxz6rV5zzD8LiCZscl.jpg"", ""https://sanycces.es/wp-content/uploads/2024/04/12ZuX88_b31EyXeVjkM_2x_HYHkU0ITPz.jpg"", ""https://sanycces.es/wp-content/uploads/2024/04/12Z3zU23bNhOkoy8j7cprc-YiRJ_4T_H8.jpg"", ""https://sanycces.es/wp-content/uploads/2024/04/12_Xv28qX9Ku3QWX13xDvWyTkdln-v9cz.jpg"", ""https://sanycces.es/wp-content/uploads/2024/04/12emEZpygFS3Qw7InYXNHv9a0qX3n6gVN.jpg"", ""https://sanycces.es/wp-content/uploads/2024/04/12gcyI8PHenOXDb1lT7hk-x24Beo1awaV.jpg""]","[""https://sanycces.es/wp-content/uploads/2024/04/12XueuddopgTwf8UA4ndZJQRmq4XImeJo.jpg""]",sanycces
9594,1625,SAN_9594,Carrara Marble,https://sanycces.es/en/product/oasis-3/,"[""https://sanycces.es/wp-content/uploads/2024/10/1L7LP2d1R6dQ7ifSei05gTFAcbEH5R9nO.jpg"", ""https://sanycces.es/wp-content/uploads/2025/03/iF_DesignAward_2025.png"", ""https://sanycces.es/wp-content/uploads/2024/10/1L8L3xMOME3e3RSihk3xJlavnUl4yVP32.jpg"", ""https://sanycces.es/wp-content/uploads/2024/10/1L5b-i17313vTUogQnYU8m7Xdn_9kCUFA.jpg"", ""https://sanycces.es/wp-content/uploads/2024/10/1L7KULbK5QhtniWGLCXDtA7YU99bcH4kh.jpg"", ""https://sanycces.es/wp-content/uploads/2024/10/1L-m1wV3brmH31yxkf2ir9EoBU_AEV2TA.jpg"", ""https://sanycces.es/wp-content/uploads/2024/10/1LF-ErwvD04zV4UOl-GVgJ1Xc46zNq62c.jpg"", ""https://sanycces.es/wp-content/uploads/2024/10/1LLJYIpBGEjD_pEUy6eLIbu0GKQMcG2qi.jpg"", ""https://sanycces.es/wp-content/uploads/2024/10/1LLFiu1W40RFBUnVDwxiYVyarvNcGtS6L.jpg"", ""https://sanycces.es/wp-content/uploads/2024/10/1-aB8f_ax65Uedkv4BJW803ohBfuosMDV.jpg"", ""https://sanycces.es/wp-content/uploads/2024/10/1-WylgX8Ctw3VTjvZ82oJgiBNjm69B9qe.jpg"", ""https://sanycces.es/wp-content/uploads/2024/10/1-UEZVab0Rzmu6DyavoeeLt5ch-WDbAPw.jpg""]","[""https://sanycces.es/wp-content/uploads/2024/10/1KwHf9aFKiNEOoy5KsSSDJxRGfE2fMdFZ.jpg""]",sanycces
9595,1625,SAN_9595,Marquina Marble,https://sanycces.es/en/product/oasis-3/,"[""https://sanycces.es/wp-content/uploads/2024/10/1L7LP2d1R6dQ7ifSei05gTFAcbEH5R9nO.jpg"", ""https://sanycces.es/wp-content/uploads/2025/03/iF_DesignAward_2025.png"", ""https://sanycces.es/wp-content/uploads/2024/10/1L8L3xMOME3e3RSihk3xJlavnUl4yVP32.jpg"", ""https://sanycces.es/wp-content/uploads/2024/10/1L5b-i17313vTUogQnYU8m7Xdn_9kCUFA.jpg"", ""https://sanycces.es/wp-content/uploads/2024/10/1L7KULbK5QhtniWGLCXDtA7YU99bcH4kh.jpg"", ""https://sanycces.es/wp-content/uploads/2024/10/1L-m1wV3brmH31yxkf2ir9EoBU_AEV2TA.jpg"", ""https://sanycces.es/wp-content/uploads/2024/10/1LF-ErwvD04zV4UOl-GVgJ1Xc46zNq62c.jpg"", ""https://sanycces.es/wp-content/uploads/2024/10/1LLJYIpBGEjD_pEUy6eLIbu0GKQMcG2qi.jpg"", ""https://sanycces.es/wp-content/uploads/2024/10/1LLFiu1W40RFBUnVDwxiYVyarvNcGtS6L.jpg"", ""https://sanycces.es/wp-content/uploads/2024/10/1-aB8f_ax65Uedkv4BJW803ohBfuosMDV.jpg"", ""https://sanycces.es/wp-content/uploads/2024/10/1-WylgX8Ctw3VTjvZ82oJgiBNjm69B9qe.jpg"", ""https://sanycces.es/wp-content/uploads/2024/10/1-UEZVab0Rzmu6DyavoeeLt5ch-WDbAPw.jpg""]","[""https://sanycces.es/wp-content/uploads/2024/10/1KwHf9aFKiNEOoy5KsSSDJxRGfE2fMdFZ.jpg""]",sanycces
9596,1625,SAN_9596,Pietra Grey Stone,https://sanycces.es/en/product/oasis-3/,"[""https://sanycces.es/wp-content/uploads/2024/10/1L7LP2d1R6dQ7ifSei05gTFAcbEH5R9nO.jpg"", ""https://sanycces.es/wp-content/uploads/2025/03/iF_DesignAward_2025.png"", ""https://sanycces.es/wp-content/uploads/2024/10/1L8L3xMOME3e3RSihk3xJlavnUl4yVP32.jpg"", ""https://sanycces.es/wp-content/uploads/2024/10/1L5b-i17313vTUogQnYU8m7Xdn_9kCUFA.jpg"", ""https://sanycces.es/wp-content/uploads/2024/10/1L7KULbK5QhtniWGLCXDtA7YU99bcH4kh.jpg"", ""https://sanycces.es/wp-content/uploads/2024/10/1L-m1wV3brmH31yxkf2ir9EoBU_AEV2TA.jpg"", ""https://sanycces.es/wp-content/uploads/2024/10/1LF-ErwvD04zV4UOl-GVgJ1Xc46zNq62c.jpg"", ""https://sanycces.es/wp-content/uploads/2024/10/1LLJYIpBGEjD_pEUy6eLIbu0GKQMcG2qi.jpg"", ""https://sanycces.es/wp-content/uploads/2024/10/1LLFiu1W40RFBUnVDwxiYVyarvNcGtS6L.jpg"", ""https://sanycces.es/wp-content/uploads/2024/10/1-aB8f_ax65Uedkv4BJW803ohBfuosMDV.jpg"", ""https://sanycces.es/wp-content/uploads/2024/10/1-WylgX8Ctw3VTjvZ82oJgiBNjm69B9qe.jpg"", ""https://sanycces.es/wp-content/uploads/2024/10/1-UEZVab0Rzmu6DyavoeeLt5ch-WDbAPw.jpg""]","[""https://sanycces.es/wp-content/uploads/2024/10/1KwHf9aFKiNEOoy5KsSSDJxRGfE2fMdFZ.jpg""]",sanycces
9597,1625,SAN_9597,White matt,https://sanycces.es/en/product/oasis-3/,"[""https://sanycces.es/wp-content/uploads/2024/10/1L7LP2d1R6dQ7ifSei05gTFAcbEH5R9nO.jpg"", ""https://sanycces.es/wp-content/uploads/2025/03/iF_DesignAward_2025.png"", ""https://sanycces.es/wp-content/uploads/2024/10/1L8L3xMOME3e3RSihk3xJlavnUl4yVP32.jpg"", ""https://sanycces.es/wp-content/uploads/2024/10/1L5b-i17313vTUogQnYU8m7Xdn_9kCUFA.jpg"", ""https://sanycces.es/wp-content/uploads/2024/10/1L7KULbK5QhtniWGLCXDtA7YU99bcH4kh.jpg"", ""https://sanycces.es/wp-content/uploads/2024/10/1L-m1wV3brmH31yxkf2ir9EoBU_AEV2TA.jpg"", ""https://sanycces.es/wp-content/uploads/2024/10/1LF-ErwvD04zV4UOl-GVgJ1Xc46zNq62c.jpg"", ""https://sanycces.es/wp-content/uploads/2024/10/1LLJYIpBGEjD_pEUy6eLIbu0GKQMcG2qi.jpg"", ""https://sanycces.es/wp-content/uploads/2024/10/1LLFiu1W40RFBUnVDwxiYVyarvNcGtS6L.jpg"", ""https://sanycces.es/wp-content/uploads/2024/10/1-aB8f_ax65Uedkv4BJW803ohBfuosMDV.jpg"", ""https://sanycces.es/wp-content/uploads/2024/10/1-WylgX8Ctw3VTjvZ82oJgiBNjm69B9qe.jpg"", ""https://sanycces.es/wp-content/uploads/2024/10/1-UEZVab0Rzmu6DyavoeeLt5ch-WDbAPw.jpg""]","[""https://sanycces.es/wp-content/uploads/2024/10/1KwHf9aFKiNEOoy5KsSSDJxRGfE2fMdFZ.jpg""]",sanycces
9598,1626,SAN_9598,Carrara Marble,https://sanycces.es/en/product/oasis-semipedestal/,"[""https://sanycces.es/wp-content/uploads/2024/10/1Ko_FmnQCiL607S1AcN0tWbfvOORcKXs1.jpg"", ""https://sanycces.es/wp-content/uploads/2024/10/1KpvKDfV08ZRmCcu8Ss614jDAQLJtG3LQ.jpg"", ""https://sanycces.es/wp-content/uploads/2024/10/1LKR-Mk3E1H8NsZYXS-dB6gqpCeBEd8LD.jpg""]","[""https://sanycces.es/wp-content/uploads/2024/10/1KvSy1H3IdVufuyTLImgUP0BaptHsLjkX.jpg""]",sanycces
9599,1626,SAN_9599,Marquina Marble,https://sanycces.es/en/product/oasis-semipedestal/,"[""https://sanycces.es/wp-content/uploads/2024/10/1Ko_FmnQCiL607S1AcN0tWbfvOORcKXs1.jpg"", ""https://sanycces.es/wp-content/uploads/2024/10/1KpvKDfV08ZRmCcu8Ss614jDAQLJtG3LQ.jpg"", ""https://sanycces.es/wp-content/uploads/2024/10/1LKR-Mk3E1H8NsZYXS-dB6gqpCeBEd8LD.jpg""]","[""https://sanycces.es/wp-content/uploads/2024/10/1KvSy1H3IdVufuyTLImgUP0BaptHsLjkX.jpg""]",sanycces
9600,1626,SAN_9600,Pietra Grey Stone,https://sanycces.es/en/product/oasis-semipedestal/,"[""https://sanycces.es/wp-content/uploads/2024/10/1Ko_FmnQCiL607S1AcN0tWbfvOORcKXs1.jpg"", ""https://sanycces.es/wp-content/uploads/2024/10/1KpvKDfV08ZRmCcu8Ss614jDAQLJtG3LQ.jpg"", ""https://sanycces.es/wp-content/uploads/2024/10/1LKR-Mk3E1H8NsZYXS-dB6gqpCeBEd8LD.jpg""]","[""https://sanycces.es/wp-content/uploads/2024/10/1KvSy1H3IdVufuyTLImgUP0BaptHsLjkX.jpg""]",sanycces
9601,1626,SAN_9601,White matt,https://sanycces.es/en/product/oasis-semipedestal/,"[""https://sanycces.es/wp-content/uploads/2024/10/1Ko_FmnQCiL607S1AcN0tWbfvOORcKXs1.jpg"", ""https://sanycces.es/wp-content/uploads/2024/10/1KpvKDfV08ZRmCcu8Ss614jDAQLJtG3LQ.jpg"", ""https://sanycces.es/wp-content/uploads/2024/10/1LKR-Mk3E1H8NsZYXS-dB6gqpCeBEd8LD.jpg""]","[""https://sanycces.es/wp-content/uploads/2024/10/1KvSy1H3IdVufuyTLImgUP0BaptHsLjkX.jpg""]",sanycces
9602,1627,SAN_9602,White gloss,https://sanycces.es/en/product/tempo-2/,"[""https://sanycces.es/wp-content/uploads/2024/04/13BfWisBlUa9mGCjrt1KHIztuLkjVUgg4.jpg"", ""https://sanycces.es/wp-content/uploads/2024/12/LV-TEMPO_3_Lavabo.jpg"", ""https://sanycces.es/wp-content/uploads/2024/11/SANYCCES_TEMPO_1.jpg"", ""https://sanycces.es/wp-content/uploads/2024/11/SANYCCES_TEMPO_5.jpg"", ""https://sanycces.es/wp-content/uploads/2024/11/SANYCCES_TEMPO_3.jpg"", ""https://sanycces.es/wp-content/uploads/2024/12/SANICCES_LAVABO_TEMPO_1.jpg"", ""https://sanycces.es/wp-content/uploads/2024/12/SANICCES_LAVABO_TEMPO_2.jpg"", ""https://sanycces.es/wp-content/uploads/2024/12/SANICCES_LAVABO_TEMPO_3.jpg"", ""https://sanycces.es/wp-content/uploads/2024/12/SANICCES_LAVABO_TEMPO_4.jpg"", ""https://sanycces.es/wp-content/uploads/2024/12/SANICCES_LAVABO_TEMPO_8.jpg"", ""https://sanycces.es/wp-content/uploads/2024/12/SANICCES_LAVABO_TEMPO_7.jpg"", ""https://sanycces.es/wp-content/uploads/2024/12/SANICCES_LAVABO_TEMPO_5.jpg"", ""https://sanycces.es/wp-content/uploads/2024/12/SANICCES_LAVABO_TEMPO_6.jpg"", ""https://sanycces.es/wp-content/uploads/2024/12/SANICCES_LAVABO_TEMPO_9.jpg"", ""https://sanycces.es/wp-content/uploads/2024/12/SANYCCES-LAVABO_TEMPO_3.jpg"", ""https://sanycces.es/wp-content/uploads/2024/12/SANYCCES-LAVABO_TEMPO.jpg"", ""https://sanycces.es/wp-content/uploads/2024/11/TEMPO_8.jpg"", ""https://sanycces.es/wp-content/uploads/2024/12/SANYCCES-LAVABO_TEMPO_2.jpg""]","[""https://sanycces.es/wp-content/uploads/2022/07/TEMPO-DRAWINGS-e1658143103168.jpg""]",sanycces
9603,1627,SAN_9603,White matt,https://sanycces.es/en/product/tempo-2/,"[""https://sanycces.es/wp-content/uploads/2024/04/13BfWisBlUa9mGCjrt1KHIztuLkjVUgg4.jpg"", ""https://sanycces.es/wp-content/uploads/2024/12/LV-TEMPO_3_Lavabo.jpg"", ""https://sanycces.es/wp-content/uploads/2024/11/SANYCCES_TEMPO_1.jpg"", ""https://sanycces.es/wp-content/uploads/2024/11/SANYCCES_TEMPO_5.jpg"", ""https://sanycces.es/wp-content/uploads/2024/11/SANYCCES_TEMPO_3.jpg"", ""https://sanycces.es/wp-content/uploads/2024/12/SANICCES_LAVABO_TEMPO_1.jpg"", ""https://sanycces.es/wp-content/uploads/2024/12/SANICCES_LAVABO_TEMPO_2.jpg"", ""https://sanycces.es/wp-content/uploads/2024/12/SANICCES_LAVABO_TEMPO_3.jpg"", ""https://sanycces.es/wp-content/uploads/2024/12/SANICCES_LAVABO_TEMPO_4.jpg"", ""https://sanycces.es/wp-content/uploads/2024/12/SANICCES_LAVABO_TEMPO_8.jpg"", ""https://sanycces.es/wp-content/uploads/2024/12/SANICCES_LAVABO_TEMPO_7.jpg"", ""https://sanycces.es/wp-content/uploads/2024/12/SANICCES_LAVABO_TEMPO_5.jpg"", ""https://sanycces.es/wp-content/uploads/2024/12/SANICCES_LAVABO_TEMPO_6.jpg"", ""https://sanycces.es/wp-content/uploads/2024/12/SANICCES_LAVABO_TEMPO_9.jpg"", ""https://sanycces.es/wp-content/uploads/2024/12/SANYCCES-LAVABO_TEMPO_3.jpg"", ""https://sanycces.es/wp-content/uploads/2024/12/SANYCCES-LAVABO_TEMPO.jpg"", ""https://sanycces.es/wp-content/uploads/2024/11/TEMPO_8.jpg"", ""https://sanycces.es/wp-content/uploads/2024/12/SANYCCES-LAVABO_TEMPO_2.jpg""]","[""https://sanycces.es/wp-content/uploads/2022/07/TEMPO-DRAWINGS-e1658143103168.jpg""]",sanycces
9604,1628,SAN_9604,White matt,https://sanycces.es/en/product/circo-joy/,"[""https://sanycces.es/wp-content/uploads/2024/11/SANYCCES-CIRCO_JOY_LAVABO_15.jpg"", ""https://sanycces.es/wp-content/uploads/2024/11/SANYCCES-CIRCO_JOY_LAVABO_9.jpg"", ""https://sanycces.es/wp-content/uploads/2024/11/SANYCCES-CIRCO_JOY_LAVABO_5.jpg"", ""https://sanycces.es/wp-content/uploads/2024/11/SANYCCES-CIRCO_JOY_LAVABO_1.jpg"", ""https://sanycces.es/wp-content/uploads/2024/11/SANYCCES-CIRCO_JOY_LAVABO_14.jpg"", ""https://sanycces.es/wp-content/uploads/2024/11/SANYCCES-CIRCO_JOY_LAVABO_3.jpg"", ""https://sanycces.es/wp-content/uploads/2024/11/SANYCCES-CIRCO_JOY_LAVABO_2.jpg"", ""https://sanycces.es/wp-content/uploads/2024/11/SANYCCES-Calma-2025-100612.jpg"", ""https://sanycces.es/wp-content/uploads/2024/11/SANYCCES-CIRCO_JOY_LAVABO_8.jpg"", ""https://sanycces.es/wp-content/uploads/2024/11/SANYCCES-CIRCO_JOY_LAVABO_4.jpg"", ""https://sanycces.es/wp-content/uploads/2024/11/SANYCCES-CIRCO_JOY_LAVABO_11.jpg"", ""https://sanycces.es/wp-content/uploads/2024/11/SANYCCES-CIRCO_JOY_LAVABO_7.jpg"", ""https://sanycces.es/wp-content/uploads/2024/11/SANYCCES-Calma-2025-100590.jpg"", ""https://sanycces.es/wp-content/uploads/2024/11/SANYCCES-Calma-2025-100589.jpg"", ""https://sanycces.es/wp-content/uploads/2024/11/SANYCCES-Calma-2025-100588.jpg"", ""https://sanycces.es/wp-content/uploads/2024/11/SANYCCES-CIRCO_JOY_LAVABO_12.jpg"", ""https://sanycces.es/wp-content/uploads/2024/11/SANYCCES-CIRCO_JOY_LAVABO_6.jpg"", ""https://sanycces.es/wp-content/uploads/2024/11/SANYCCES-CIRCO_JOY_LAVABO_13.jpg"", ""https://sanycces.es/wp-content/uploads/2024/11/SANYCCES_CIRCO-BM-BANDEJAS-MADERA.jpg"", ""https://sanycces.es/wp-content/uploads/2024/11/SANYCCES_CIRCO-BM-BANDEJAS-MADERA_2.jpg"", ""https://sanycces.es/wp-content/uploads/2024/11/SANYCCES_CIRCO-BM-BANDEJAS-MADERA-frontal-det-1.jpg"", ""https://sanycces.es/wp-content/uploads/2024/11/SANYCCES_CIRCO-BM-BANDEJAS-MADERA-frontal-det-2.jpg"", ""https://sanycces.es/wp-content/uploads/2024/11/SANYCCES_CIRCO-SANYCOAT-BANDEJAS-MADERA.jpg""]","[""https://sanycces.es/wp-content/uploads/2024/04/16EwSpH3dhSOLGUlev1g1F5ZiSD-YDVsA.jpg""]",sanycces
9605,1628,SAN_9605,Standard,https://sanycces.es/en/product/circo-joy/,"[""https://sanycces.es/wp-content/uploads/2024/11/SANYCCES-CIRCO_JOY_LAVABO_15.jpg"", ""https://sanycces.es/wp-content/uploads/2024/11/SANYCCES-CIRCO_JOY_LAVABO_9.jpg"", ""https://sanycces.es/wp-content/uploads/2024/11/SANYCCES-CIRCO_JOY_LAVABO_5.jpg"", ""https://sanycces.es/wp-content/uploads/2024/11/SANYCCES-CIRCO_JOY_LAVABO_1.jpg"", ""https://sanycces.es/wp-content/uploads/2024/11/SANYCCES-CIRCO_JOY_LAVABO_14.jpg"", ""https://sanycces.es/wp-content/uploads/2024/11/SANYCCES-CIRCO_JOY_LAVABO_3.jpg"", ""https://sanycces.es/wp-content/uploads/2024/11/SANYCCES-CIRCO_JOY_LAVABO_2.jpg"", ""https://sanycces.es/wp-content/uploads/2024/11/SANYCCES-Calma-2025-100612.jpg"", ""https://sanycces.es/wp-content/uploads/2024/11/SANYCCES-CIRCO_JOY_LAVABO_8.jpg"", ""https://sanycces.es/wp-content/uploads/2024/11/SANYCCES-CIRCO_JOY_LAVABO_4.jpg"", ""https://sanycces.es/wp-content/uploads/2024/11/SANYCCES-CIRCO_JOY_LAVABO_11.jpg"", ""https://sanycces.es/wp-content/uploads/2024/11/SANYCCES-CIRCO_JOY_LAVABO_7.jpg"", ""https://sanycces.es/wp-content/uploads/2024/11/SANYCCES-Calma-2025-100590.jpg"", ""https://sanycces.es/wp-content/uploads/2024/11/SANYCCES-Calma-2025-100589.jpg"", ""https://sanycces.es/wp-content/uploads/2024/11/SANYCCES-Calma-2025-100588.jpg"", ""https://sanycces.es/wp-content/uploads/2024/11/SANYCCES-CIRCO_JOY_LAVABO_12.jpg"", ""https://sanycces.es/wp-content/uploads/2024/11/SANYCCES-CIRCO_JOY_LAVABO_6.jpg"", ""https://sanycces.es/wp-content/uploads/2024/11/SANYCCES-CIRCO_JOY_LAVABO_13.jpg"", ""https://sanycces.es/wp-content/uploads/2024/11/SANYCCES_CIRCO-BM-BANDEJAS-MADERA.jpg"", ""https://sanycces.es/wp-content/uploads/2024/11/SANYCCES_CIRCO-BM-BANDEJAS-MADERA_2.jpg"", ""https://sanycces.es/wp-content/uploads/2024/11/SANYCCES_CIRCO-BM-BANDEJAS-MADERA-frontal-det-1.jpg"", ""https://sanycces.es/wp-content/uploads/2024/11/SANYCCES_CIRCO-BM-BANDEJAS-MADERA-frontal-det-2.jpg"", ""https://sanycces.es/wp-content/uploads/2024/11/SANYCCES_CIRCO-SANYCOAT-BANDEJAS-MADERA.jpg""]","[""https://sanycces.es/wp-content/uploads/2024/04/16EwSpH3dhSOLGUlev1g1F5ZiSD-YDVsA.jpg""]",sanycces
9606,1629,SAN_9606,White matt,https://sanycces.es/en/product/cuadra-joy/,"[""https://sanycces.es/wp-content/uploads/2024/11/SANYCCES-CUADRA_JOY_11.jpg"", ""https://sanycces.es/wp-content/uploads/2024/11/SANYCCES-CUADRA_JOY_2.jpg"", ""https://sanycces.es/wp-content/uploads/2024/11/SANYCCES-CUADRA_JOY_9.jpg"", ""https://sanycces.es/wp-content/uploads/2024/11/SANYCCES-CUADRA_JOY_1.jpg"", ""https://sanycces.es/wp-content/uploads/2024/11/SANYCCES-CUADRA_JOY_4.jpg"", ""https://sanycces.es/wp-content/uploads/2024/11/SANYCCES-CUADRA_JOY_3.jpg"", ""https://sanycces.es/wp-content/uploads/2024/11/SANYCCES-CUADRA_JOY_5.jpg"", ""https://sanycces.es/wp-content/uploads/2024/11/SANYCCES-CUADRA_JOY_8.jpg"", ""https://sanycces.es/wp-content/uploads/2024/11/SANYCCES-CUADRA_JOY_7.jpg"", ""https://sanycces.es/wp-content/uploads/2024/11/SANYCCES-CUADRA_JOY_6.jpg"", ""https://sanycces.es/wp-content/uploads/2024/11/SANYCCES-CUADRA_JOY_10.jpg"", ""https://sanycces.es/wp-content/uploads/2024/11/SANYCCES_CUADRA-BM-BANDEJAS-BM-1.jpg"", ""https://sanycces.es/wp-content/uploads/2024/11/sanycces_CUADRA-BM-BANDEJAS-Bm.jpg""]","[""https://sanycces.es/wp-content/uploads/2024/04/16BhX_iq8x-UeVNu0f3ADaKhTBEeT3s98.jpg""]",sanycces
9607,1629,SAN_9607,Standard,https://sanycces.es/en/product/cuadra-joy/,"[""https://sanycces.es/wp-content/uploads/2024/11/SANYCCES-CUADRA_JOY_11.jpg"", ""https://sanycces.es/wp-content/uploads/2024/11/SANYCCES-CUADRA_JOY_2.jpg"", ""https://sanycces.es/wp-content/uploads/2024/11/SANYCCES-CUADRA_JOY_9.jpg"", ""https://sanycces.es/wp-content/uploads/2024/11/SANYCCES-CUADRA_JOY_1.jpg"", ""https://sanycces.es/wp-content/uploads/2024/11/SANYCCES-CUADRA_JOY_4.jpg"", ""https://sanycces.es/wp-content/uploads/2024/11/SANYCCES-CUADRA_JOY_3.jpg"", ""https://sanycces.es/wp-content/uploads/2024/11/SANYCCES-CUADRA_JOY_5.jpg"", ""https://sanycces.es/wp-content/uploads/2024/11/SANYCCES-CUADRA_JOY_8.jpg"", ""https://sanycces.es/wp-content/uploads/2024/11/SANYCCES-CUADRA_JOY_7.jpg"", ""https://sanycces.es/wp-content/uploads/2024/11/SANYCCES-CUADRA_JOY_6.jpg"", ""https://sanycces.es/wp-content/uploads/2024/11/SANYCCES-CUADRA_JOY_10.jpg"", ""https://sanycces.es/wp-content/uploads/2024/11/SANYCCES_CUADRA-BM-BANDEJAS-BM-1.jpg"", ""https://sanycces.es/wp-content/uploads/2024/11/sanycces_CUADRA-BM-BANDEJAS-Bm.jpg""]","[""https://sanycces.es/wp-content/uploads/2024/04/16BhX_iq8x-UeVNu0f3ADaKhTBEeT3s98.jpg""]",sanycces
9608,1630,SAN_9608,White matt,https://sanycces.es/en/product/duna-bathtub-freestanding-170/,"[""https://sanycces.es/wp-content/uploads/2024/04/10BFJzeO0QYviUlgO2ZChdTZUAKVF7pwz.jpg"", ""https://sanycces.es/wp-content/uploads/2024/04/10DNMoDCe22yZMtnnTBYZAIXdSxkv6CBu.jpg"", ""https://sanycces.es/wp-content/uploads/2024/04/10DgE3gIEmFm78vS3JfARXopRyjmmCdfS.jpg"", ""https://sanycces.es/wp-content/uploads/2024/04/10Bd9XvUi7wP1WiUtB7RAyZwBy5jEFFUN.jpg"", ""https://sanycces.es/wp-content/uploads/2024/04/10DWfkBT9oVMDABEuVy1eR7JmZaXERBQQ.jpg"", ""https://sanycces.es/wp-content/uploads/2024/04/10Cz-UwZNABm1GbBwfG0nR79CyN8drFFE.jpg"", ""https://sanycces.es/wp-content/uploads/2024/04/10CwhvVPy100brf2ZCIQIOWcqldZCLDxg.jpg"", ""https://sanycces.es/wp-content/uploads/2024/04/10CgoF865NJ1qtsb16tVKSqR-RGy5D29O.jpg"", ""https://sanycces.es/wp-content/uploads/2024/04/10CcHQuldOqeGl_Zj0v1TQ9QuYCwUOBET.jpg"", ""https://sanycces.es/wp-content/uploads/2024/04/10BKs-NxYaJ5zLtzQjczW7EdghDJ74EGb.jpg""]","[""https://sanycces.es/wp-content/uploads/2024/04/10AJqRTOh-gEfMB92D5tffgwClEuC6NCs.jpg""]",sanycces
9609,1631,SAN_9609,White matt,https://sanycces.es/en/product/duna-ofuro/,"[""https://sanycces.es/wp-content/uploads/2024/04/10DObYi-n4hQhd5uG6VeQh8dy6cWF7tu_.jpg"", ""https://sanycces.es/wp-content/uploads/2024/04/130vQ2st4ZdHiKmaE3cuK0ZalXJKND6vT.jpg"", ""https://sanycces.es/wp-content/uploads/2024/04/13-vAkNtMVKuW9VmMRc1S-U72Gt-qM8kN.jpg"", ""https://sanycces.es/wp-content/uploads/2024/04/10BSvk61SKP6j6635TBykMo0Jvtaw_DuL.jpg"", ""https://sanycces.es/wp-content/uploads/2024/04/133yQFbJf8xUJaKwV6t5O2wm0bVNzShCP.jpg"", ""https://sanycces.es/wp-content/uploads/2024/04/131Z95T6Fsietup-6NabSYJrsULvhaGaJ.jpg"", ""https://sanycces.es/wp-content/uploads/2024/04/1310dw_IZw2r0h5_3GwiCr3au3KBXS-4-.jpg"", ""https://sanycces.es/wp-content/uploads/2024/04/134D5MpxPQg0qrW1Bj8PCT5g1Ciz78wnF.jpg""]","[""https://sanycces.es/wp-content/uploads/2024/04/13-s_BDmdMXa9MWLfPZSbTatb-WZ7YvRd.jpg""]",sanycces
9610,1632,SAN_9610,White gloss,https://sanycces.es/en/product/tempo/,"[""https://sanycces.es/wp-content/uploads/2022/01/TEMPO_1.jpg"", ""https://sanycces.es/wp-content/uploads/2024/11/SANYCCES_TEMPO_2.jpg"", ""https://sanycces.es/wp-content/uploads/2024/11/SANYCCES_TEMPO_4.jpg"", ""https://sanycces.es/wp-content/uploads/2024/11/TEMPO_1.jpg"", ""https://sanycces.es/wp-content/uploads/2024/11/TEMPO_2.jpg"", ""https://sanycces.es/wp-content/uploads/2024/11/TEMPO_3.jpg"", ""https://sanycces.es/wp-content/uploads/2024/11/TEMPO_4.jpg"", ""https://sanycces.es/wp-content/uploads/2024/11/TEMPO_5.jpg"", ""https://sanycces.es/wp-content/uploads/2024/11/TEMPO_7.jpg"", ""https://sanycces.es/wp-content/uploads/2024/11/TEMPO_6.jpg"", ""https://sanycces.es/wp-content/uploads/2024/11/TEMPO_8.jpg""]","[""https://sanycces.es/wp-content/uploads/2022/01/TEMPO-MEDIDAS.png""]",sanycces
9611,1632,SAN_9611,White matt,https://sanycces.es/en/product/tempo/,"[""https://sanycces.es/wp-content/uploads/2022/01/TEMPO_1.jpg"", ""https://sanycces.es/wp-content/uploads/2024/11/SANYCCES_TEMPO_2.jpg"", ""https://sanycces.es/wp-content/uploads/2024/11/SANYCCES_TEMPO_4.jpg"", ""https://sanycces.es/wp-content/uploads/2024/11/TEMPO_1.jpg"", ""https://sanycces.es/wp-content/uploads/2024/11/TEMPO_2.jpg"", ""https://sanycces.es/wp-content/uploads/2024/11/TEMPO_3.jpg"", ""https://sanycces.es/wp-content/uploads/2024/11/TEMPO_4.jpg"", ""https://sanycces.es/wp-content/uploads/2024/11/TEMPO_5.jpg"", ""https://sanycces.es/wp-content/uploads/2024/11/TEMPO_7.jpg"", ""https://sanycces.es/wp-content/uploads/2024/11/TEMPO_6.jpg"", ""https://sanycces.es/wp-content/uploads/2024/11/TEMPO_8.jpg""]","[""https://sanycces.es/wp-content/uploads/2022/01/TEMPO-MEDIDAS.png""]",sanycces
9612,1633,SAN_9612,White gloss,https://sanycces.es/en/product/arc-8/,"[""https://sanycces.es/wp-content/uploads/2026/04/SANYCCES_ARC_BATHTUB_2.jpg"", ""https://sanycces.es/wp-content/uploads/2026/04/SANYCCES_ARC_BATHTUB_14.jpg""]","[""https://sanycces.es/wp-content/uploads/2026/04/SANYCCES_ARC_BATHTUB_130.png""]",sanycces
9613,1633,SAN_9613,White matt,https://sanycces.es/en/product/arc-8/,"[""https://sanycces.es/wp-content/uploads/2026/04/SANYCCES_ARC_BATHTUB_2.jpg"", ""https://sanycces.es/wp-content/uploads/2026/04/SANYCCES_ARC_BATHTUB_14.jpg""]","[""https://sanycces.es/wp-content/uploads/2026/04/SANYCCES_ARC_BATHTUB_130.png""]",sanycces
9614,1634,SAN_9614,White matt,https://sanycces.es/en/product/oasis/,"[""https://sanycces.es/wp-content/uploads/2024/10/1Kt_AVOSIz5MbMnmRHgTajusyiY47I3KY.jpg"", ""https://sanycces.es/wp-content/uploads/2024/10/1KtrnsVsfzLSoEI-MF6PPZo3feVUNBPLQ.jpg"", ""https://sanycces.es/wp-content/uploads/2024/10/1KuMBYW_ABT5tQ6jVPhHKpHdNFfosCZ8D.jpg"", ""https://sanycces.es/wp-content/uploads/2024/10/1KtWXf0UOSGE9dKw8c-USV-lK3cTd4G4h.jpg"", ""https://sanycces.es/wp-content/uploads/2024/11/1KskvriFktVh5N7JXDobFdDy8NT5zEPXa.jpg"", ""https://sanycces.es/wp-content/uploads/2024/10/1Ktheh4OoXZB6Hti5Xls0NoiF4JzAk3qO.jpg"", ""https://sanycces.es/wp-content/uploads/2024/10/1KnOaCXdekp_44xWI4xFWPOnVn7p-Pzdh.jpg"", ""https://sanycces.es/wp-content/uploads/2024/10/1KnXTuKw0JRHbGwaKe7C-iSWA9_exQ18Y.jpg"", ""https://sanycces.es/wp-content/uploads/2024/10/1Km6hBjy31k6TlqYKlwksGXh9QQnis4XZ.jpg""]","[""https://sanycces.es/wp-content/uploads/2024/10/1KwSMOKQDOJ3drC3SO26HOh4lAkLGExXY.jpg""]",sanycces
9615,1635,SAN_9615,White gloss,https://sanycces.es/en/product/calma/,"[""https://sanycces.es/wp-content/uploads/2022/01/CALMA_1.jpg"", ""https://sanycces.es/wp-content/uploads/2024/11/CALMA_1.jpg"", ""https://sanycces.es/wp-content/uploads/2024/11/CALMA_2.jpg"", ""https://sanycces.es/wp-content/uploads/2024/11/SANYCCES-Calma-10.jpg"", ""https://sanycces.es/wp-content/uploads/2024/11/SANYCCES-Calma-13.jpg"", ""https://sanycces.es/wp-content/uploads/2024/11/CALMA_6.jpg"", ""https://sanycces.es/wp-content/uploads/2024/11/CALMA_4.jpg"", ""https://sanycces.es/wp-content/uploads/2024/11/CALMA_5.jpg"", ""https://sanycces.es/wp-content/uploads/2024/11/SANYCCES-Calma-12.jpg"", ""https://sanycces.es/wp-content/uploads/2024/11/CALMA_7.jpg"", ""https://sanycces.es/wp-content/uploads/2024/11/CALMA_3.jpg"", ""https://sanycces.es/wp-content/uploads/2024/11/SANYCCES-Calma-11.jpg"", ""https://sanycces.es/wp-content/uploads/2024/11/SANYCCES-Calma-15.jpg"", ""https://sanycces.es/wp-content/uploads/2024/11/SANYCCES-Calma-1.jpg"", ""https://sanycces.es/wp-content/uploads/2024/11/SANYCCES-Calma-3.jpg"", ""https://sanycces.es/wp-content/uploads/2024/11/SANYCCES-Calma-2.jpg"", ""https://sanycces.es/wp-content/uploads/2024/11/SANYCCES-Calma-4.jpg"", ""https://sanycces.es/wp-content/uploads/2024/11/SANYCCES-Calma-5.jpg"", ""https://sanycces.es/wp-content/uploads/2024/11/SANYCCES-Calma-7.jpg"", ""https://sanycces.es/wp-content/uploads/2024/11/SANYCCES-Calma-6.jpg"", ""https://sanycces.es/wp-content/uploads/2024/11/SANYCCES-Calma-14.jpg"", ""https://sanycces.es/wp-content/uploads/2024/11/SANYCCES-Calma-8.jpg"", ""https://sanycces.es/wp-content/uploads/2024/11/SANYCCES-Calma-9.jpg""]","[""https://sanycces.es/wp-content/uploads/2024/05/16YAa8zlQi7F3n2JlpPNMun33id-1E6aA.jpg""]",sanycces
9616,1635,SAN_9616,White matt,https://sanycces.es/en/product/calma/,"[""https://sanycces.es/wp-content/uploads/2022/01/CALMA_1.jpg"", ""https://sanycces.es/wp-content/uploads/2024/11/CALMA_1.jpg"", ""https://sanycces.es/wp-content/uploads/2024/11/CALMA_2.jpg"", ""https://sanycces.es/wp-content/uploads/2024/11/SANYCCES-Calma-10.jpg"", ""https://sanycces.es/wp-content/uploads/2024/11/SANYCCES-Calma-13.jpg"", ""https://sanycces.es/wp-content/uploads/2024/11/CALMA_6.jpg"", ""https://sanycces.es/wp-content/uploads/2024/11/CALMA_4.jpg"", ""https://sanycces.es/wp-content/uploads/2024/11/CALMA_5.jpg"", ""https://sanycces.es/wp-content/uploads/2024/11/SANYCCES-Calma-12.jpg"", ""https://sanycces.es/wp-content/uploads/2024/11/CALMA_7.jpg"", ""https://sanycces.es/wp-content/uploads/2024/11/CALMA_3.jpg"", ""https://sanycces.es/wp-content/uploads/2024/11/SANYCCES-Calma-11.jpg"", ""https://sanycces.es/wp-content/uploads/2024/11/SANYCCES-Calma-15.jpg"", ""https://sanycces.es/wp-content/uploads/2024/11/SANYCCES-Calma-1.jpg"", ""https://sanycces.es/wp-content/uploads/2024/11/SANYCCES-Calma-3.jpg"", ""https://sanycces.es/wp-content/uploads/2024/11/SANYCCES-Calma-2.jpg"", ""https://sanycces.es/wp-content/uploads/2024/11/SANYCCES-Calma-4.jpg"", ""https://sanycces.es/wp-content/uploads/2024/11/SANYCCES-Calma-5.jpg"", ""https://sanycces.es/wp-content/uploads/2024/11/SANYCCES-Calma-7.jpg"", ""https://sanycces.es/wp-content/uploads/2024/11/SANYCCES-Calma-6.jpg"", ""https://sanycces.es/wp-content/uploads/2024/11/SANYCCES-Calma-14.jpg"", ""https://sanycces.es/wp-content/uploads/2024/11/SANYCCES-Calma-8.jpg"", ""https://sanycces.es/wp-content/uploads/2024/11/SANYCCES-Calma-9.jpg""]","[""https://sanycces.es/wp-content/uploads/2024/05/16YAa8zlQi7F3n2JlpPNMun33id-1E6aA.jpg""]",sanycces
9617,1636,SAN_9617,White matt,https://sanycces.es/en/product/duna-pedestal-exento/,"[""https://sanycces.es/wp-content/uploads/2024/04/12mjXWjrZPrmRYETNsW0BjOH1mAKLqyjD.jpg"", ""https://sanycces.es/wp-content/uploads/2024/04/12mSAlwc7OZabP7m-GFclg9AvaunmES4d.jpg"", ""https://sanycces.es/wp-content/uploads/2024/04/12m04MiSP2ECYx8fg1945JYNBqjmrnnhP.jpg"", ""https://sanycces.es/wp-content/uploads/2024/04/12rSSrm3QUMVQIKv38C7WscTA75t2xPPO.jpg"", ""https://sanycces.es/wp-content/uploads/2024/04/12rGWXre5j4L2DOyDRrVn8aoNTOM3pnEk.jpg"", ""https://sanycces.es/wp-content/uploads/2024/04/12y7z91nCjiTRQ7lnDxZYmtd2Tx3RM0Sh.jpg"", ""https://sanycces.es/wp-content/uploads/2024/04/12nv6-2hMXDlNRx5t1IENT7DF5lks8QgH.jpg"", ""https://sanycces.es/wp-content/uploads/2024/04/12oSLAkhTTZCZzT1wrUFunLcotWoELL9V.jpg"", ""https://sanycces.es/wp-content/uploads/2024/04/12r3WBC2DArGuic49eEB3BBjrhADlDRiZ.jpg""]","[""https://sanycces.es/wp-content/uploads/2024/12/12k3dNv79JPzif-Gg7VWOY9QT_1RCXWZ.jpg""]",sanycces
9618,1636,SAN_9618,Oak,https://sanycces.es/en/product/duna-pedestal-exento/,"[""https://sanycces.es/wp-content/uploads/2024/04/12mjXWjrZPrmRYETNsW0BjOH1mAKLqyjD.jpg"", ""https://sanycces.es/wp-content/uploads/2024/04/12mSAlwc7OZabP7m-GFclg9AvaunmES4d.jpg"", ""https://sanycces.es/wp-content/uploads/2024/04/12m04MiSP2ECYx8fg1945JYNBqjmrnnhP.jpg"", ""https://sanycces.es/wp-content/uploads/2024/04/12rSSrm3QUMVQIKv38C7WscTA75t2xPPO.jpg"", ""https://sanycces.es/wp-content/uploads/2024/04/12rGWXre5j4L2DOyDRrVn8aoNTOM3pnEk.jpg"", ""https://sanycces.es/wp-content/uploads/2024/04/12y7z91nCjiTRQ7lnDxZYmtd2Tx3RM0Sh.jpg"", ""https://sanycces.es/wp-content/uploads/2024/04/12nv6-2hMXDlNRx5t1IENT7DF5lks8QgH.jpg"", ""https://sanycces.es/wp-content/uploads/2024/04/12oSLAkhTTZCZzT1wrUFunLcotWoELL9V.jpg"", ""https://sanycces.es/wp-content/uploads/2024/04/12r3WBC2DArGuic49eEB3BBjrhADlDRiZ.jpg""]","[""https://sanycces.es/wp-content/uploads/2024/12/12k3dNv79JPzif-Gg7VWOY9QT_1RCXWZ.jpg""]",sanycces
9619,1637,SAN_9619,White matt,https://sanycces.es/en/product/oasis-pedestal-exento/,"[""https://sanycces.es/wp-content/uploads/2024/10/1KsTVfIn2ZxkWbu2nl68NXnxS0PhJ7RzA.jpg"", ""https://sanycces.es/wp-content/uploads/2024/10/1L8rR3DPUVMr9QMBTDUpBaKDdVG9I3V2U.jpg"", ""https://sanycces.es/wp-content/uploads/2024/10/1L9Dqc0SxooGTtb9PXzuvaJAnD-gqbrSl.jpg"", ""https://sanycces.es/wp-content/uploads/2024/10/1LBpMAxX2UIWiFfeHZWfeBOH-nKhDwOu9.jpg"", ""https://sanycces.es/wp-content/uploads/2024/10/1LAamJntHB1IoWuGF7rY353eTpQKZEs4J.jpg"", ""https://sanycces.es/wp-content/uploads/2024/10/1Ko0Ui7Xbc1bdkjAkyrhvER-0_e6dfisS.jpg"", ""https://sanycces.es/wp-content/uploads/2024/10/1L9ooS0em8o27iJNXh-BXKSc0yOmOl3wS.jpg"", ""https://sanycces.es/wp-content/uploads/2024/10/1LAKPgTGQaHLdTi-9cyPQunHw64W9Er8d.jpg""]","[""https://sanycces.es/wp-content/uploads/2024/10/1Kw-9g0wlPjAncEy4OaxM-RXfluwzFjez.jpg""]",sanycces
9620,1637,SAN_9620,American walnut,https://sanycces.es/en/product/oasis-pedestal-exento/,"[""https://sanycces.es/wp-content/uploads/2024/10/1KsTVfIn2ZxkWbu2nl68NXnxS0PhJ7RzA.jpg"", ""https://sanycces.es/wp-content/uploads/2024/10/1L8rR3DPUVMr9QMBTDUpBaKDdVG9I3V2U.jpg"", ""https://sanycces.es/wp-content/uploads/2024/10/1L9Dqc0SxooGTtb9PXzuvaJAnD-gqbrSl.jpg"", ""https://sanycces.es/wp-content/uploads/2024/10/1LBpMAxX2UIWiFfeHZWfeBOH-nKhDwOu9.jpg"", ""https://sanycces.es/wp-content/uploads/2024/10/1LAamJntHB1IoWuGF7rY353eTpQKZEs4J.jpg"", ""https://sanycces.es/wp-content/uploads/2024/10/1Ko0Ui7Xbc1bdkjAkyrhvER-0_e6dfisS.jpg"", ""https://sanycces.es/wp-content/uploads/2024/10/1L9ooS0em8o27iJNXh-BXKSc0yOmOl3wS.jpg"", ""https://sanycces.es/wp-content/uploads/2024/10/1LAKPgTGQaHLdTi-9cyPQunHw64W9Er8d.jpg""]","[""https://sanycces.es/wp-content/uploads/2024/10/1Kw-9g0wlPjAncEy4OaxM-RXfluwzFjez.jpg""]",sanycces
9621,1638,SAN_9621,White matt,https://sanycces.es/en/product/oasis-semipedestal-exento/,"[""https://sanycces.es/wp-content/uploads/2024/10/1LH247kiWSE41RSQJEhDyIjQ8J4yHpgp_.jpg"", ""https://sanycces.es/wp-content/uploads/2025/03/iF_DesignAward_2025.png"", ""https://sanycces.es/wp-content/uploads/2024/10/1LGoC_HW_xnoOO57fJCT_0aTeUZ0ZJzs7.jpg"", ""https://sanycces.es/wp-content/uploads/2024/10/1LEwavs6uTZut4LQr3Ne7uJ1-Y3rDwTQj.jpg"", ""https://sanycces.es/wp-content/uploads/2024/10/1LJ22oxr3765tu7cJ6PW3KwwuU6zjHC8X.jpg"", ""https://sanycces.es/wp-content/uploads/2024/10/1Kpkb5GOzR7bSogy6BM0CRg5po209xJ1i.jpg"", ""https://sanycces.es/wp-content/uploads/2024/10/1LJfCXbzjlQkIUVshvizSP9f1378Ye2QO.jpg""]","[""https://sanycces.es/wp-content/uploads/2024/10/1KuXC-vHdr06Y1okHnIQ97EYEL-wtBAvc.jpg""]",sanycces
9622,1638,SAN_9622,Oak wood slats,https://sanycces.es/en/product/oasis-semipedestal-exento/,"[""https://sanycces.es/wp-content/uploads/2024/10/1LH247kiWSE41RSQJEhDyIjQ8J4yHpgp_.jpg"", ""https://sanycces.es/wp-content/uploads/2025/03/iF_DesignAward_2025.png"", ""https://sanycces.es/wp-content/uploads/2024/10/1LGoC_HW_xnoOO57fJCT_0aTeUZ0ZJzs7.jpg"", ""https://sanycces.es/wp-content/uploads/2024/10/1LEwavs6uTZut4LQr3Ne7uJ1-Y3rDwTQj.jpg"", ""https://sanycces.es/wp-content/uploads/2024/10/1LJ22oxr3765tu7cJ6PW3KwwuU6zjHC8X.jpg"", ""https://sanycces.es/wp-content/uploads/2024/10/1Kpkb5GOzR7bSogy6BM0CRg5po209xJ1i.jpg"", ""https://sanycces.es/wp-content/uploads/2024/10/1LJfCXbzjlQkIUVshvizSP9f1378Ye2QO.jpg""]","[""https://sanycces.es/wp-content/uploads/2024/10/1KuXC-vHdr06Y1okHnIQ97EYEL-wtBAvc.jpg""]",sanycces
9623,1639,SAN_9623,Iroko wood,https://sanycces.es/en/product/calma-tray/,"[""https://sanycces.es/wp-content/uploads/2024/04/15_AUnXJMFo1BMzMfujx23eL8ws5NV8jx.jpg"", ""https://sanycces.es/wp-content/uploads/2024/04/15b3Ggt-9ipR38VU-mhW-VQUy56F2_zwN.jpg"", ""https://sanycces.es/wp-content/uploads/2024/04/15ar3A-owAR9DwlBAwDIR7EEwEmfnS0xv.jpg"", ""https://sanycces.es/wp-content/uploads/2024/04/15Zm_5iohKBAAU33mdYKdfirAPvtvKcyE.jpg""]",[],sanycces
9624,1640,SAN_9624,Iroko wood,https://sanycces.es/en/product/gregal/,"[""https://sanycces.es/wp-content/uploads/2024/04/16KvSKta9y6My4drYQa3S_qJUZoQz-Ilv.jpg"", ""https://sanycces.es/wp-content/uploads/2024/04/15XH8uVdRUuSjRQdXCvoi9ahU99hmJ7EK.jpg"", ""https://sanycces.es/wp-content/uploads/2024/04/15ZF_8yqwkNxpJ5yUKWEtc4EhTvrYrAGm.jpg"", ""https://sanycces.es/wp-content/uploads/2024/04/10BFJzeO0QYviUlgO2ZChdTZUAKVF7pwz.jpg"", ""https://sanycces.es/wp-content/uploads/2024/04/10BKs-NxYaJ5zLtzQjczW7EdghDJ74EGb.jpg""]",[],sanycces
9625,1641,SAN_9625,Iroko wood,https://sanycces.es/en/product/mistral/,"[""https://sanycces.es/wp-content/uploads/2024/04/16KNPgha95UHkPPGxqtUOh-rvysZr7tRw.jpg"", ""https://sanycces.es/wp-content/uploads/2024/04/15_iBw17m4daIY53iD_kAMNH9K-QPvoF8.jpg"", ""https://sanycces.es/wp-content/uploads/2024/04/15WtQb41X9mhW0IsXmwpoT8aWTTtvaRp0.jpg"", ""https://sanycces.es/wp-content/uploads/2024/04/15_HviwHMFNZpWbOE2lrYuSN9Q8A6JQQB.jpg""]",[],sanycces
9626,1642,SAN_9626,Black cork,https://sanycces.es/en/product/duna-3/,"[""https://sanycces.es/wp-content/uploads/2024/04/145WrGNFya-WeAvO_gl1C_9NTd4rmiQCH.jpg"", ""https://sanycces.es/wp-content/uploads/2024/04/145gD4Av0xf1xZcl0Rkrr3E3gh9EXAH9T.jpg"", ""https://sanycces.es/wp-content/uploads/2024/04/1476pKL0QNyfODTZ6a63LQuAIx6X9tZuO.jpg"", ""https://sanycces.es/wp-content/uploads/2024/04/146H5U2C-y3r74eMpcjbnLkoOdLoiCxJb.jpg""]","[""https://sanycces.es/wp-content/uploads/2024/04/144iwCPhfrr1e1EY1ti8CWlDVQ-2-F4Q2.jpg""]",sanycces
9627,1643,SAN_9627,blat / Carrara Marble,https://sanycces.es/en/product/isla-alta-isla-baja/,"[""https://sanycces.es/wp-content/uploads/2024/04/13zNwvsPyiAgbSppNuaAzcvW2O7ini8nl.jpg"", ""https://sanycces.es/wp-content/uploads/2024/04/13zdrmrZFh2cIOhyCb6Jiy24GE1ZkzW5w.jpg"", ""https://sanycces.es/wp-content/uploads/2024/04/13vuPR7E-XbphGi_dLoSD9zmrpDoeQLbP.jpg"", ""https://sanycces.es/wp-content/uploads/2024/04/13yPcqBRMtLKI1YoqB4wSsqpcpHKz_KDU.jpg"", ""https://sanycces.es/wp-content/uploads/2024/04/13yXZ1Hxpzs43-zXCL88GGalS8z8Pmt0z.jpg"", ""https://sanycces.es/wp-content/uploads/2024/04/13z-QVwqhzMkwC8vIRxGQgHmMsedrF0e3.jpg"", ""https://sanycces.es/wp-content/uploads/2024/04/13z2kJmeKsSWRJcCT_q-zR1US9_DDUQuv.jpg"", ""https://sanycces.es/wp-content/uploads/2024/04/13zF0O5QdsDpWazBcfOKCv-21xxlbp7cF.jpg"", ""https://sanycces.es/wp-content/uploads/2024/04/13zGWWcYwxNLtj0aSFc8u0WRjJMIEw9Sg.jpg"", ""https://sanycces.es/wp-content/uploads/2024/11/1F3Z1429wHmlP45ryYqw3TuJLTMrZKxbr.jpg""]","[""https://sanycces.es/wp-content/uploads/2024/04/13tD6eliBGwb5fJAkN1iOfbSueiN5ORer.jpg""]",sanycces
9628,1643,SAN_9628,Marquina Marble,https://sanycces.es/en/product/isla-alta-isla-baja/,"[""https://sanycces.es/wp-content/uploads/2024/04/13zNwvsPyiAgbSppNuaAzcvW2O7ini8nl.jpg"", ""https://sanycces.es/wp-content/uploads/2024/04/13zdrmrZFh2cIOhyCb6Jiy24GE1ZkzW5w.jpg"", ""https://sanycces.es/wp-content/uploads/2024/04/13vuPR7E-XbphGi_dLoSD9zmrpDoeQLbP.jpg"", ""https://sanycces.es/wp-content/uploads/2024/04/13yPcqBRMtLKI1YoqB4wSsqpcpHKz_KDU.jpg"", ""https://sanycces.es/wp-content/uploads/2024/04/13yXZ1Hxpzs43-zXCL88GGalS8z8Pmt0z.jpg"", ""https://sanycces.es/wp-content/uploads/2024/04/13z-QVwqhzMkwC8vIRxGQgHmMsedrF0e3.jpg"", ""https://sanycces.es/wp-content/uploads/2024/04/13z2kJmeKsSWRJcCT_q-zR1US9_DDUQuv.jpg"", ""https://sanycces.es/wp-content/uploads/2024/04/13zF0O5QdsDpWazBcfOKCv-21xxlbp7cF.jpg"", ""https://sanycces.es/wp-content/uploads/2024/04/13zGWWcYwxNLtj0aSFc8u0WRjJMIEw9Sg.jpg"", ""https://sanycces.es/wp-content/uploads/2024/11/1F3Z1429wHmlP45ryYqw3TuJLTMrZKxbr.jpg""]","[""https://sanycces.es/wp-content/uploads/2024/04/13tD6eliBGwb5fJAkN1iOfbSueiN5ORer.jpg""]",sanycces
9629,1643,SAN_9629,Pietra Grey Stone,https://sanycces.es/en/product/isla-alta-isla-baja/,"[""https://sanycces.es/wp-content/uploads/2024/04/13zNwvsPyiAgbSppNuaAzcvW2O7ini8nl.jpg"", ""https://sanycces.es/wp-content/uploads/2024/04/13zdrmrZFh2cIOhyCb6Jiy24GE1ZkzW5w.jpg"", ""https://sanycces.es/wp-content/uploads/2024/04/13vuPR7E-XbphGi_dLoSD9zmrpDoeQLbP.jpg"", ""https://sanycces.es/wp-content/uploads/2024/04/13yPcqBRMtLKI1YoqB4wSsqpcpHKz_KDU.jpg"", ""https://sanycces.es/wp-content/uploads/2024/04/13yXZ1Hxpzs43-zXCL88GGalS8z8Pmt0z.jpg"", ""https://sanycces.es/wp-content/uploads/2024/04/13z-QVwqhzMkwC8vIRxGQgHmMsedrF0e3.jpg"", ""https://sanycces.es/wp-content/uploads/2024/04/13z2kJmeKsSWRJcCT_q-zR1US9_DDUQuv.jpg"", ""https://sanycces.es/wp-content/uploads/2024/04/13zF0O5QdsDpWazBcfOKCv-21xxlbp7cF.jpg"", ""https://sanycces.es/wp-content/uploads/2024/04/13zGWWcYwxNLtj0aSFc8u0WRjJMIEw9Sg.jpg"", ""https://sanycces.es/wp-content/uploads/2024/11/1F3Z1429wHmlP45ryYqw3TuJLTMrZKxbr.jpg""]","[""https://sanycces.es/wp-content/uploads/2024/04/13tD6eliBGwb5fJAkN1iOfbSueiN5ORer.jpg""]",sanycces
9630,1643,SAN_9630,Grey,https://sanycces.es/en/product/isla-alta-isla-baja/,"[""https://sanycces.es/wp-content/uploads/2024/04/13zNwvsPyiAgbSppNuaAzcvW2O7ini8nl.jpg"", ""https://sanycces.es/wp-content/uploads/2024/04/13zdrmrZFh2cIOhyCb6Jiy24GE1ZkzW5w.jpg"", ""https://sanycces.es/wp-content/uploads/2024/04/13vuPR7E-XbphGi_dLoSD9zmrpDoeQLbP.jpg"", ""https://sanycces.es/wp-content/uploads/2024/04/13yPcqBRMtLKI1YoqB4wSsqpcpHKz_KDU.jpg"", ""https://sanycces.es/wp-content/uploads/2024/04/13yXZ1Hxpzs43-zXCL88GGalS8z8Pmt0z.jpg"", ""https://sanycces.es/wp-content/uploads/2024/04/13z-QVwqhzMkwC8vIRxGQgHmMsedrF0e3.jpg"", ""https://sanycces.es/wp-content/uploads/2024/04/13z2kJmeKsSWRJcCT_q-zR1US9_DDUQuv.jpg"", ""https://sanycces.es/wp-content/uploads/2024/04/13zF0O5QdsDpWazBcfOKCv-21xxlbp7cF.jpg"", ""https://sanycces.es/wp-content/uploads/2024/04/13zGWWcYwxNLtj0aSFc8u0WRjJMIEw9Sg.jpg"", ""https://sanycces.es/wp-content/uploads/2024/11/1F3Z1429wHmlP45ryYqw3TuJLTMrZKxbr.jpg""]","[""https://sanycces.es/wp-content/uploads/2024/04/13tD6eliBGwb5fJAkN1iOfbSueiN5ORer.jpg""]",sanycces
9631,1643,SAN_9631,Oak,https://sanycces.es/en/product/isla-alta-isla-baja/,"[""https://sanycces.es/wp-content/uploads/2024/04/13zNwvsPyiAgbSppNuaAzcvW2O7ini8nl.jpg"", ""https://sanycces.es/wp-content/uploads/2024/04/13zdrmrZFh2cIOhyCb6Jiy24GE1ZkzW5w.jpg"", ""https://sanycces.es/wp-content/uploads/2024/04/13vuPR7E-XbphGi_dLoSD9zmrpDoeQLbP.jpg"", ""https://sanycces.es/wp-content/uploads/2024/04/13yPcqBRMtLKI1YoqB4wSsqpcpHKz_KDU.jpg"", ""https://sanycces.es/wp-content/uploads/2024/04/13yXZ1Hxpzs43-zXCL88GGalS8z8Pmt0z.jpg"", ""https://sanycces.es/wp-content/uploads/2024/04/13z-QVwqhzMkwC8vIRxGQgHmMsedrF0e3.jpg"", ""https://sanycces.es/wp-content/uploads/2024/04/13z2kJmeKsSWRJcCT_q-zR1US9_DDUQuv.jpg"", ""https://sanycces.es/wp-content/uploads/2024/04/13zF0O5QdsDpWazBcfOKCv-21xxlbp7cF.jpg"", ""https://sanycces.es/wp-content/uploads/2024/04/13zGWWcYwxNLtj0aSFc8u0WRjJMIEw9Sg.jpg"", ""https://sanycces.es/wp-content/uploads/2024/11/1F3Z1429wHmlP45ryYqw3TuJLTMrZKxbr.jpg""]","[""https://sanycces.es/wp-content/uploads/2024/04/13tD6eliBGwb5fJAkN1iOfbSueiN5ORer.jpg""]",sanycces
9632,1643,SAN_9632,Sage green,https://sanycces.es/en/product/isla-alta-isla-baja/,"[""https://sanycces.es/wp-content/uploads/2024/04/13zNwvsPyiAgbSppNuaAzcvW2O7ini8nl.jpg"", ""https://sanycces.es/wp-content/uploads/2024/04/13zdrmrZFh2cIOhyCb6Jiy24GE1ZkzW5w.jpg"", ""https://sanycces.es/wp-content/uploads/2024/04/13vuPR7E-XbphGi_dLoSD9zmrpDoeQLbP.jpg"", ""https://sanycces.es/wp-content/uploads/2024/04/13yPcqBRMtLKI1YoqB4wSsqpcpHKz_KDU.jpg"", ""https://sanycces.es/wp-content/uploads/2024/04/13yXZ1Hxpzs43-zXCL88GGalS8z8Pmt0z.jpg"", ""https://sanycces.es/wp-content/uploads/2024/04/13z-QVwqhzMkwC8vIRxGQgHmMsedrF0e3.jpg"", ""https://sanycces.es/wp-content/uploads/2024/04/13z2kJmeKsSWRJcCT_q-zR1US9_DDUQuv.jpg"", ""https://sanycces.es/wp-content/uploads/2024/04/13zF0O5QdsDpWazBcfOKCv-21xxlbp7cF.jpg"", ""https://sanycces.es/wp-content/uploads/2024/04/13zGWWcYwxNLtj0aSFc8u0WRjJMIEw9Sg.jpg"", ""https://sanycces.es/wp-content/uploads/2024/11/1F3Z1429wHmlP45ryYqw3TuJLTMrZKxbr.jpg""]","[""https://sanycces.es/wp-content/uploads/2024/04/13tD6eliBGwb5fJAkN1iOfbSueiN5ORer.jpg""]",sanycces
9633,1643,SAN_9633,Steel blue,https://sanycces.es/en/product/isla-alta-isla-baja/,"[""https://sanycces.es/wp-content/uploads/2024/04/13zNwvsPyiAgbSppNuaAzcvW2O7ini8nl.jpg"", ""https://sanycces.es/wp-content/uploads/2024/04/13zdrmrZFh2cIOhyCb6Jiy24GE1ZkzW5w.jpg"", ""https://sanycces.es/wp-content/uploads/2024/04/13vuPR7E-XbphGi_dLoSD9zmrpDoeQLbP.jpg"", ""https://sanycces.es/wp-content/uploads/2024/04/13yPcqBRMtLKI1YoqB4wSsqpcpHKz_KDU.jpg"", ""https://sanycces.es/wp-content/uploads/2024/04/13yXZ1Hxpzs43-zXCL88GGalS8z8Pmt0z.jpg"", ""https://sanycces.es/wp-content/uploads/2024/04/13z-QVwqhzMkwC8vIRxGQgHmMsedrF0e3.jpg"", ""https://sanycces.es/wp-content/uploads/2024/04/13z2kJmeKsSWRJcCT_q-zR1US9_DDUQuv.jpg"", ""https://sanycces.es/wp-content/uploads/2024/04/13zF0O5QdsDpWazBcfOKCv-21xxlbp7cF.jpg"", ""https://sanycces.es/wp-content/uploads/2024/04/13zGWWcYwxNLtj0aSFc8u0WRjJMIEw9Sg.jpg"", ""https://sanycces.es/wp-content/uploads/2024/11/1F3Z1429wHmlP45ryYqw3TuJLTMrZKxbr.jpg""]","[""https://sanycces.es/wp-content/uploads/2024/04/13tD6eliBGwb5fJAkN1iOfbSueiN5ORer.jpg""]",sanycces
9634,1643,SAN_9634,Terracotta,https://sanycces.es/en/product/isla-alta-isla-baja/,"[""https://sanycces.es/wp-content/uploads/2024/04/13zNwvsPyiAgbSppNuaAzcvW2O7ini8nl.jpg"", ""https://sanycces.es/wp-content/uploads/2024/04/13zdrmrZFh2cIOhyCb6Jiy24GE1ZkzW5w.jpg"", ""https://sanycces.es/wp-content/uploads/2024/04/13vuPR7E-XbphGi_dLoSD9zmrpDoeQLbP.jpg"", ""https://sanycces.es/wp-content/uploads/2024/04/13yPcqBRMtLKI1YoqB4wSsqpcpHKz_KDU.jpg"", ""https://sanycces.es/wp-content/uploads/2024/04/13yXZ1Hxpzs43-zXCL88GGalS8z8Pmt0z.jpg"", ""https://sanycces.es/wp-content/uploads/2024/04/13z-QVwqhzMkwC8vIRxGQgHmMsedrF0e3.jpg"", ""https://sanycces.es/wp-content/uploads/2024/04/13z2kJmeKsSWRJcCT_q-zR1US9_DDUQuv.jpg"", ""https://sanycces.es/wp-content/uploads/2024/04/13zF0O5QdsDpWazBcfOKCv-21xxlbp7cF.jpg"", ""https://sanycces.es/wp-content/uploads/2024/04/13zGWWcYwxNLtj0aSFc8u0WRjJMIEw9Sg.jpg"", ""https://sanycces.es/wp-content/uploads/2024/11/1F3Z1429wHmlP45ryYqw3TuJLTMrZKxbr.jpg""]","[""https://sanycces.es/wp-content/uploads/2024/04/13tD6eliBGwb5fJAkN1iOfbSueiN5ORer.jpg""]",sanycces
9635,1643,SAN_9635,picior / Grey,https://sanycces.es/en/product/isla-alta-isla-baja/,"[""https://sanycces.es/wp-content/uploads/2024/04/13zNwvsPyiAgbSppNuaAzcvW2O7ini8nl.jpg"", ""https://sanycces.es/wp-content/uploads/2024/04/13zdrmrZFh2cIOhyCb6Jiy24GE1ZkzW5w.jpg"", ""https://sanycces.es/wp-content/uploads/2024/04/13vuPR7E-XbphGi_dLoSD9zmrpDoeQLbP.jpg"", ""https://sanycces.es/wp-content/uploads/2024/04/13yPcqBRMtLKI1YoqB4wSsqpcpHKz_KDU.jpg"", ""https://sanycces.es/wp-content/uploads/2024/04/13yXZ1Hxpzs43-zXCL88GGalS8z8Pmt0z.jpg"", ""https://sanycces.es/wp-content/uploads/2024/04/13z-QVwqhzMkwC8vIRxGQgHmMsedrF0e3.jpg"", ""https://sanycces.es/wp-content/uploads/2024/04/13z2kJmeKsSWRJcCT_q-zR1US9_DDUQuv.jpg"", ""https://sanycces.es/wp-content/uploads/2024/04/13zF0O5QdsDpWazBcfOKCv-21xxlbp7cF.jpg"", ""https://sanycces.es/wp-content/uploads/2024/04/13zGWWcYwxNLtj0aSFc8u0WRjJMIEw9Sg.jpg"", ""https://sanycces.es/wp-content/uploads/2024/11/1F3Z1429wHmlP45ryYqw3TuJLTMrZKxbr.jpg""]","[""https://sanycces.es/wp-content/uploads/2024/04/13tD6eliBGwb5fJAkN1iOfbSueiN5ORer.jpg""]",sanycces
9636,1643,SAN_9636,Sage green,https://sanycces.es/en/product/isla-alta-isla-baja/,"[""https://sanycces.es/wp-content/uploads/2024/04/13zNwvsPyiAgbSppNuaAzcvW2O7ini8nl.jpg"", ""https://sanycces.es/wp-content/uploads/2024/04/13zdrmrZFh2cIOhyCb6Jiy24GE1ZkzW5w.jpg"", ""https://sanycces.es/wp-content/uploads/2024/04/13vuPR7E-XbphGi_dLoSD9zmrpDoeQLbP.jpg"", ""https://sanycces.es/wp-content/uploads/2024/04/13yPcqBRMtLKI1YoqB4wSsqpcpHKz_KDU.jpg"", ""https://sanycces.es/wp-content/uploads/2024/04/13yXZ1Hxpzs43-zXCL88GGalS8z8Pmt0z.jpg"", ""https://sanycces.es/wp-content/uploads/2024/04/13z-QVwqhzMkwC8vIRxGQgHmMsedrF0e3.jpg"", ""https://sanycces.es/wp-content/uploads/2024/04/13z2kJmeKsSWRJcCT_q-zR1US9_DDUQuv.jpg"", ""https://sanycces.es/wp-content/uploads/2024/04/13zF0O5QdsDpWazBcfOKCv-21xxlbp7cF.jpg"", ""https://sanycces.es/wp-content/uploads/2024/04/13zGWWcYwxNLtj0aSFc8u0WRjJMIEw9Sg.jpg"", ""https://sanycces.es/wp-content/uploads/2024/11/1F3Z1429wHmlP45ryYqw3TuJLTMrZKxbr.jpg""]","[""https://sanycces.es/wp-content/uploads/2024/04/13tD6eliBGwb5fJAkN1iOfbSueiN5ORer.jpg""]",sanycces
9637,1643,SAN_9637,Steel blue,https://sanycces.es/en/product/isla-alta-isla-baja/,"[""https://sanycces.es/wp-content/uploads/2024/04/13zNwvsPyiAgbSppNuaAzcvW2O7ini8nl.jpg"", ""https://sanycces.es/wp-content/uploads/2024/04/13zdrmrZFh2cIOhyCb6Jiy24GE1ZkzW5w.jpg"", ""https://sanycces.es/wp-content/uploads/2024/04/13vuPR7E-XbphGi_dLoSD9zmrpDoeQLbP.jpg"", ""https://sanycces.es/wp-content/uploads/2024/04/13yPcqBRMtLKI1YoqB4wSsqpcpHKz_KDU.jpg"", ""https://sanycces.es/wp-content/uploads/2024/04/13yXZ1Hxpzs43-zXCL88GGalS8z8Pmt0z.jpg"", ""https://sanycces.es/wp-content/uploads/2024/04/13z-QVwqhzMkwC8vIRxGQgHmMsedrF0e3.jpg"", ""https://sanycces.es/wp-content/uploads/2024/04/13z2kJmeKsSWRJcCT_q-zR1US9_DDUQuv.jpg"", ""https://sanycces.es/wp-content/uploads/2024/04/13zF0O5QdsDpWazBcfOKCv-21xxlbp7cF.jpg"", ""https://sanycces.es/wp-content/uploads/2024/04/13zGWWcYwxNLtj0aSFc8u0WRjJMIEw9Sg.jpg"", ""https://sanycces.es/wp-content/uploads/2024/11/1F3Z1429wHmlP45ryYqw3TuJLTMrZKxbr.jpg""]","[""https://sanycces.es/wp-content/uploads/2024/04/13tD6eliBGwb5fJAkN1iOfbSueiN5ORer.jpg""]",sanycces
9638,1643,SAN_9638,Terracotta,https://sanycces.es/en/product/isla-alta-isla-baja/,"[""https://sanycces.es/wp-content/uploads/2024/04/13zNwvsPyiAgbSppNuaAzcvW2O7ini8nl.jpg"", ""https://sanycces.es/wp-content/uploads/2024/04/13zdrmrZFh2cIOhyCb6Jiy24GE1ZkzW5w.jpg"", ""https://sanycces.es/wp-content/uploads/2024/04/13vuPR7E-XbphGi_dLoSD9zmrpDoeQLbP.jpg"", ""https://sanycces.es/wp-content/uploads/2024/04/13yPcqBRMtLKI1YoqB4wSsqpcpHKz_KDU.jpg"", ""https://sanycces.es/wp-content/uploads/2024/04/13yXZ1Hxpzs43-zXCL88GGalS8z8Pmt0z.jpg"", ""https://sanycces.es/wp-content/uploads/2024/04/13z-QVwqhzMkwC8vIRxGQgHmMsedrF0e3.jpg"", ""https://sanycces.es/wp-content/uploads/2024/04/13z2kJmeKsSWRJcCT_q-zR1US9_DDUQuv.jpg"", ""https://sanycces.es/wp-content/uploads/2024/04/13zF0O5QdsDpWazBcfOKCv-21xxlbp7cF.jpg"", ""https://sanycces.es/wp-content/uploads/2024/04/13zGWWcYwxNLtj0aSFc8u0WRjJMIEw9Sg.jpg"", ""https://sanycces.es/wp-content/uploads/2024/11/1F3Z1429wHmlP45ryYqw3TuJLTMrZKxbr.jpg""]","[""https://sanycces.es/wp-content/uploads/2024/04/13tD6eliBGwb5fJAkN1iOfbSueiN5ORer.jpg""]",sanycces
9639,1643,SAN_9639,Anthracite,https://sanycces.es/en/product/isla-alta-isla-baja/,"[""https://sanycces.es/wp-content/uploads/2024/04/13zNwvsPyiAgbSppNuaAzcvW2O7ini8nl.jpg"", ""https://sanycces.es/wp-content/uploads/2024/04/13zdrmrZFh2cIOhyCb6Jiy24GE1ZkzW5w.jpg"", ""https://sanycces.es/wp-content/uploads/2024/04/13vuPR7E-XbphGi_dLoSD9zmrpDoeQLbP.jpg"", ""https://sanycces.es/wp-content/uploads/2024/04/13yPcqBRMtLKI1YoqB4wSsqpcpHKz_KDU.jpg"", ""https://sanycces.es/wp-content/uploads/2024/04/13yXZ1Hxpzs43-zXCL88GGalS8z8Pmt0z.jpg"", ""https://sanycces.es/wp-content/uploads/2024/04/13z-QVwqhzMkwC8vIRxGQgHmMsedrF0e3.jpg"", ""https://sanycces.es/wp-content/uploads/2024/04/13z2kJmeKsSWRJcCT_q-zR1US9_DDUQuv.jpg"", ""https://sanycces.es/wp-content/uploads/2024/04/13zF0O5QdsDpWazBcfOKCv-21xxlbp7cF.jpg"", ""https://sanycces.es/wp-content/uploads/2024/04/13zGWWcYwxNLtj0aSFc8u0WRjJMIEw9Sg.jpg"", ""https://sanycces.es/wp-content/uploads/2024/11/1F3Z1429wHmlP45ryYqw3TuJLTMrZKxbr.jpg""]","[""https://sanycces.es/wp-content/uploads/2024/04/13tD6eliBGwb5fJAkN1iOfbSueiN5ORer.jpg""]",sanycces
9640,1644,SAN_9640,Beige nautical textile,https://sanycces.es/en/product/poniente/,"[""https://sanycces.es/wp-content/uploads/2024/04/13zj5xv12tL4UFfNBnEsnb_hAuAX-uRMs.jpg"", ""https://sanycces.es/wp-content/uploads/2024/04/140iQMkcXWpCBYhlTR2YYQNRN8AVPZQbB.jpg"", ""https://sanycces.es/wp-content/uploads/2024/04/141_-aaYuGV5Siucl2Yj1SytGtUShhFMc.jpg"", ""https://sanycces.es/wp-content/uploads/2024/04/1420US1O-g6nIopizD6I6W57V5bOCI0iq.jpg"", ""https://sanycces.es/wp-content/uploads/2024/04/1428s7hn9AgX0pYW42DM6GIYeozp_EejI.jpg""]","[""https://sanycces.es/wp-content/uploads/2024/04/142a2RwDYDyHszLt1sGYs_X8DFwaz2iTB.jpg""]",sanycces
9641,1644,SAN_9641,Iroko wood,https://sanycces.es/en/product/poniente/,"[""https://sanycces.es/wp-content/uploads/2024/04/13zj5xv12tL4UFfNBnEsnb_hAuAX-uRMs.jpg"", ""https://sanycces.es/wp-content/uploads/2024/04/140iQMkcXWpCBYhlTR2YYQNRN8AVPZQbB.jpg"", ""https://sanycces.es/wp-content/uploads/2024/04/141_-aaYuGV5Siucl2Yj1SytGtUShhFMc.jpg"", ""https://sanycces.es/wp-content/uploads/2024/04/1420US1O-g6nIopizD6I6W57V5bOCI0iq.jpg"", ""https://sanycces.es/wp-content/uploads/2024/04/1428s7hn9AgX0pYW42DM6GIYeozp_EejI.jpg""]","[""https://sanycces.es/wp-content/uploads/2024/04/142a2RwDYDyHszLt1sGYs_X8DFwaz2iTB.jpg""]",sanycces
9642,1645,SAN_9642,NB Nickel brushed,https://sanycces.es/en/product/pool-towell-rail-20/,"[""https://sanycces.es/wp-content/uploads/2026/04/SANYCCES-accesorios-Pool_toallero_4.jpg"", ""https://sanycces.es/wp-content/uploads/2026/04/POOL_TOALLERO_20-NB.png"", ""https://sanycces.es/wp-content/uploads/2026/04/SANYCCES-accesorios-Pool_portarrollo_4.jpg"", ""https://sanycces.es/wp-content/uploads/2026/04/POOL_TOALLERO_20_RM.png"", ""https://sanycces.es/wp-content/uploads/2026/04/SANYCCES-accesorios-Pool_portarrollo_3.jpg"", ""https://sanycces.es/wp-content/uploads/2026/04/SANYCCES-accesorios-Pool_toallero_1.jpg"", ""https://sanycces.es/wp-content/uploads/2026/04/SANYCCES-accesorios-Pool_toallero_3.jpg""]","[""https://sanycces.es/wp-content/uploads/2026/04/POOL_TOALLERO_45-60.png""]",sanycces
9643,1645,SAN_9643,RM Raw metal,https://sanycces.es/en/product/pool-towell-rail-20/,"[""https://sanycces.es/wp-content/uploads/2026/04/SANYCCES-accesorios-Pool_toallero_4.jpg"", ""https://sanycces.es/wp-content/uploads/2026/04/POOL_TOALLERO_20-NB.png"", ""https://sanycces.es/wp-content/uploads/2026/04/SANYCCES-accesorios-Pool_portarrollo_4.jpg"", ""https://sanycces.es/wp-content/uploads/2026/04/POOL_TOALLERO_20_RM.png"", ""https://sanycces.es/wp-content/uploads/2026/04/SANYCCES-accesorios-Pool_portarrollo_3.jpg"", ""https://sanycces.es/wp-content/uploads/2026/04/SANYCCES-accesorios-Pool_toallero_1.jpg"", ""https://sanycces.es/wp-content/uploads/2026/04/SANYCCES-accesorios-Pool_toallero_3.jpg""]","[""https://sanycces.es/wp-content/uploads/2026/04/POOL_TOALLERO_45-60.png""]",sanycces
9644,1646,SAN_9644,Carrara Marble,https://sanycces.es/en/product/duna-marble-brush-tumbler/,"[""https://sanycces.es/wp-content/uploads/2024/11/SANYCCES-5-2025-10-0529.jpg"", ""https://sanycces.es/wp-content/uploads/2024/11/SANYCCES-5-2025-10-0526.jpg"", ""https://sanycces.es/wp-content/uploads/2024/11/SANYCCES-5-2025-10-0522.jpg"", ""https://sanycces.es/wp-content/uploads/2024/11/SANYCCES-5-2025-10-0510.jpg"", ""https://sanycces.es/wp-content/uploads/2024/11/SANYCCES-5-2025-10-0532.jpg"", ""https://sanycces.es/wp-content/uploads/2024/11/SANYCCES-5-2025-10-0558.jpg"", ""https://sanycces.es/wp-content/uploads/2024/11/SANYCCES_DUNA_ACCESSORIES_8.jpg"", ""https://sanycces.es/wp-content/uploads/2024/11/SANYCCES_DUNA_ACCESSORIES_3-1.jpg"", ""https://sanycces.es/wp-content/uploads/2024/11/SANYCCES-5-2025-10-0415.jpg"", ""https://sanycces.es/wp-content/uploads/2024/11/SANYCCES_DUNA_ACCESSORIES_5.jpg"", ""https://sanycces.es/wp-content/uploads/2024/11/SANYCCES_DUNA_ACCESSORIES_3.jpg"", ""https://sanycces.es/wp-content/uploads/2024/11/SANYCCES-5-duna_2-1.jpg"", ""https://sanycces.es/wp-content/uploads/2024/11/SANYCCES-5-duna_2.jpg""]","[""https://sanycces.es/wp-content/uploads/2024/10/18MMBP9mhtL2B5kDCaTb4KpW2ZTwcyp9t.jpg""]",sanycces
9645,1646,SAN_9645,Marquina Marble,https://sanycces.es/en/product/duna-marble-brush-tumbler/,"[""https://sanycces.es/wp-content/uploads/2024/11/SANYCCES-5-2025-10-0529.jpg"", ""https://sanycces.es/wp-content/uploads/2024/11/SANYCCES-5-2025-10-0526.jpg"", ""https://sanycces.es/wp-content/uploads/2024/11/SANYCCES-5-2025-10-0522.jpg"", ""https://sanycces.es/wp-content/uploads/2024/11/SANYCCES-5-2025-10-0510.jpg"", ""https://sanycces.es/wp-content/uploads/2024/11/SANYCCES-5-2025-10-0532.jpg"", ""https://sanycces.es/wp-content/uploads/2024/11/SANYCCES-5-2025-10-0558.jpg"", ""https://sanycces.es/wp-content/uploads/2024/11/SANYCCES_DUNA_ACCESSORIES_8.jpg"", ""https://sanycces.es/wp-content/uploads/2024/11/SANYCCES_DUNA_ACCESSORIES_3-1.jpg"", ""https://sanycces.es/wp-content/uploads/2024/11/SANYCCES-5-2025-10-0415.jpg"", ""https://sanycces.es/wp-content/uploads/2024/11/SANYCCES_DUNA_ACCESSORIES_5.jpg"", ""https://sanycces.es/wp-content/uploads/2024/11/SANYCCES_DUNA_ACCESSORIES_3.jpg"", ""https://sanycces.es/wp-content/uploads/2024/11/SANYCCES-5-duna_2-1.jpg"", ""https://sanycces.es/wp-content/uploads/2024/11/SANYCCES-5-duna_2.jpg""]","[""https://sanycces.es/wp-content/uploads/2024/10/18MMBP9mhtL2B5kDCaTb4KpW2ZTwcyp9t.jpg""]",sanycces
9646,1646,SAN_9646,Pietra Grey Stone,https://sanycces.es/en/product/duna-marble-brush-tumbler/,"[""https://sanycces.es/wp-content/uploads/2024/11/SANYCCES-5-2025-10-0529.jpg"", ""https://sanycces.es/wp-content/uploads/2024/11/SANYCCES-5-2025-10-0526.jpg"", ""https://sanycces.es/wp-content/uploads/2024/11/SANYCCES-5-2025-10-0522.jpg"", ""https://sanycces.es/wp-content/uploads/2024/11/SANYCCES-5-2025-10-0510.jpg"", ""https://sanycces.es/wp-content/uploads/2024/11/SANYCCES-5-2025-10-0532.jpg"", ""https://sanycces.es/wp-content/uploads/2024/11/SANYCCES-5-2025-10-0558.jpg"", ""https://sanycces.es/wp-content/uploads/2024/11/SANYCCES_DUNA_ACCESSORIES_8.jpg"", ""https://sanycces.es/wp-content/uploads/2024/11/SANYCCES_DUNA_ACCESSORIES_3-1.jpg"", ""https://sanycces.es/wp-content/uploads/2024/11/SANYCCES-5-2025-10-0415.jpg"", ""https://sanycces.es/wp-content/uploads/2024/11/SANYCCES_DUNA_ACCESSORIES_5.jpg"", ""https://sanycces.es/wp-content/uploads/2024/11/SANYCCES_DUNA_ACCESSORIES_3.jpg"", ""https://sanycces.es/wp-content/uploads/2024/11/SANYCCES-5-duna_2-1.jpg"", ""https://sanycces.es/wp-content/uploads/2024/11/SANYCCES-5-duna_2.jpg""]","[""https://sanycces.es/wp-content/uploads/2024/10/18MMBP9mhtL2B5kDCaTb4KpW2ZTwcyp9t.jpg""]",sanycces
9647,1647,SAN_9647,NB Nickel brushed,https://sanycces.es/en/product/pool-toilet-paper-holder/,"[""https://sanycces.es/wp-content/uploads/2026/04/SANYCCES-accesorios-Pool_portarrollo_7.jpg"", ""https://sanycces.es/wp-content/uploads/2026/04/POOL_PORTARROLLO_NB.png"", ""https://sanycces.es/wp-content/uploads/2026/04/SANYCCES-accesorios-Pool_portarrollo_6.jpg"", ""https://sanycces.es/wp-content/uploads/2026/04/SANYCCES-accesorios-Pool_portarrollo_5.jpg"", ""https://sanycces.es/wp-content/uploads/2026/04/POOL_PORTARROLLO_RM.png"", ""https://sanycces.es/wp-content/uploads/2026/04/SANYCCES-accesorios-Pool_portarrollo_3-1.jpg"", ""https://sanycces.es/wp-content/uploads/2026/04/SANYCCES-accesorios-Pool_portarrollo_4-1.jpg""]","[""https://sanycces.es/wp-content/uploads/2026/04/POOL_PORTARROLLO.png""]",sanycces
9648,1647,SAN_9648,RM Raw metal,https://sanycces.es/en/product/pool-toilet-paper-holder/,"[""https://sanycces.es/wp-content/uploads/2026/04/SANYCCES-accesorios-Pool_portarrollo_7.jpg"", ""https://sanycces.es/wp-content/uploads/2026/04/POOL_PORTARROLLO_NB.png"", ""https://sanycces.es/wp-content/uploads/2026/04/SANYCCES-accesorios-Pool_portarrollo_6.jpg"", ""https://sanycces.es/wp-content/uploads/2026/04/SANYCCES-accesorios-Pool_portarrollo_5.jpg"", ""https://sanycces.es/wp-content/uploads/2026/04/POOL_PORTARROLLO_RM.png"", ""https://sanycces.es/wp-content/uploads/2026/04/SANYCCES-accesorios-Pool_portarrollo_3-1.jpg"", ""https://sanycces.es/wp-content/uploads/2026/04/SANYCCES-accesorios-Pool_portarrollo_4-1.jpg""]","[""https://sanycces.es/wp-content/uploads/2026/04/POOL_PORTARROLLO.png""]",sanycces
9649,1648,SAN_9649,Iroko wood,https://sanycces.es/en/products/,[],[],sanycces
9650,1648,SAN_9650,White matt,https://sanycces.es/en/products/,[],[],sanycces
9651,1649,SAN_9651,Iroko wood,https://sanycces.es/en/product/circo-joy-2/,"[""https://sanycces.es/wp-content/uploads/2024/04/165zpnug3Y5z03Q1-X1R8PIuWxizflXYC.jpg"", ""https://sanycces.es/wp-content/uploads/2024/04/164I7mhQaG47Ruw4j4Mq-8eXUnppDs066.jpg"", ""https://sanycces.es/wp-content/uploads/2024/04/165HE9HXYxuBM7Dj7yNqxSSu0mZWeJvTM.jpg""]",[],sanycces
9652,1649,SAN_9652,White matt,https://sanycces.es/en/product/circo-joy-2/,"[""https://sanycces.es/wp-content/uploads/2024/04/165zpnug3Y5z03Q1-X1R8PIuWxizflXYC.jpg"", ""https://sanycces.es/wp-content/uploads/2024/04/164I7mhQaG47Ruw4j4Mq-8eXUnppDs066.jpg"", ""https://sanycces.es/wp-content/uploads/2024/04/165HE9HXYxuBM7Dj7yNqxSSu0mZWeJvTM.jpg""]",[],sanycces
10000,1700,TI_10000,Standard,https://www.terrazzoitaliano.com/en/portfolio/rio-en/,"[""https://www.terrazzoitaliano.com/wp-content/uploads/2021/08/marmocemento-rio-quadrato.jpg"", ""https://www.terrazzoitaliano.com/wp-content/uploads/2021/08/marmocemento-rio-metro-quadrato.jpg"", ""https://www.terrazzoitaliano.com/wp-content/uploads/2021/08/marmocemento-rio-lastra.jpg""]",[],terrazzo italiano
10001,1701,TI_10001,Standard,https://www.terrazzoitaliano.com/en/portfolio/pescatori-en/,"[""https://www.terrazzoitaliano.com/wp-content/uploads/2021/08/marmocemento-PESCATORI-quadrato.jpg"", ""https://www.terrazzoitaliano.com/wp-content/uploads/2021/08/marmocemento-PESCATORI-METRO-quadrato.jpg"", ""https://www.terrazzoitaliano.com/wp-content/uploads/2021/08/marmocemento-pescatori-lastra.jpg""]",[],terrazzo italiano
10002,1702,TI_10002,Standard,https://www.terrazzoitaliano.com/en/portfolio/calle-en/,"[""https://www.terrazzoitaliano.com/wp-content/uploads/2021/08/marmocemento-calle-zoom-quadrato.jpg"", ""https://www.terrazzoitaliano.com/wp-content/uploads/2021/08/marmocemento-calle-quadrato.jpg"", ""https://www.terrazzoitaliano.com/wp-content/uploads/2021/08/marmocemento-calle-lastra.jpg""]",[],terrazzo italiano
10003,1703,TI_10003,Standard,https://www.terrazzoitaliano.com/en/portfolio/palazzetto-en/,"[""https://www.terrazzoitaliano.com/wp-content/uploads/2021/08/marmocemento-palazzetto-quadrato-1024x1024.png"", ""https://www.terrazzoitaliano.com/wp-content/uploads/2021/08/marmocemento-palazzetto-quadrato.png"", ""https://www.terrazzoitaliano.com/wp-content/uploads/2021/08/marmocemento-palazzetto-quadrato.jpg"", ""https://www.terrazzoitaliano.com/wp-content/uploads/2021/08/marmocemento-palazzetto-lastra.jpg""]",[],terrazzo italiano
10004,1704,TI_10004,Standard,https://www.terrazzoitaliano.com/en/portfolio/museo-en/,"[""https://www.terrazzoitaliano.com/wp-content/uploads/2021/08/marmocemento-MUSEO-ZOOM-quadrato.jpg"", ""https://www.terrazzoitaliano.com/wp-content/uploads/2021/08/marmocemento-MUSEO-quadrato-1.jpg"", ""https://www.terrazzoitaliano.com/wp-content/uploads/2021/08/marmocemento-MUSEO-quadrato.jpg"", ""https://www.terrazzoitaliano.com/wp-content/uploads/2021/08/marmocemento-museo-lastra.jpg""]",[],terrazzo italiano
10005,1705,TI_10005,Standard,https://www.terrazzoitaliano.com/en/portfolio/salepepe-en/,"[""https://www.terrazzoitaliano.com/wp-content/uploads/2021/08/marmocemento-salepepe-zoom-quadrato.jpg"", ""https://www.terrazzoitaliano.com/wp-content/uploads/2021/08/marmocemento-salepep-quadrato.jpg"", ""https://www.terrazzoitaliano.com/wp-content/uploads/2021/08/marmocemento-salepepe-lastra.jpg""]",[],terrazzo italiano
10006,1706,TI_10006,Standard,https://www.terrazzoitaliano.com/en/portfolio/grand-hotel-en/,"[""https://www.terrazzoitaliano.com/wp-content/uploads/2021/08/marmocemento-grandhotel-quadrato-1-1024x1024.png"", ""https://www.terrazzoitaliano.com/wp-content/uploads/2021/08/marmocemento-grandhotel-quadrato-1.png"", ""https://www.terrazzoitaliano.com/wp-content/uploads/2021/08/marmocemento-grandhotel-quadrato.jpg"", ""https://www.terrazzoitaliano.com/wp-content/uploads/2021/08/marmocemento-grandhotel-lastra.jpg""]",[],terrazzo italiano
10007,1707,TI_10007,Standard,https://www.terrazzoitaliano.com/en/portfolio/canale-en/,"[""https://www.terrazzoitaliano.com/wp-content/uploads/2021/08/marmocemento-canale-quadrato-768x768.png"", ""https://www.terrazzoitaliano.com/wp-content/uploads/2021/08/marmocemento-canale-quadrato.png"", ""https://www.terrazzoitaliano.com/wp-content/uploads/2021/08/marmocemento-canale-quadrato.jpg"", ""https://www.terrazzoitaliano.com/wp-content/uploads/2021/08/marmocemento-canale-lastra.jpg""]",[],terrazzo italiano
10008,1708,TI_10008,Standard,https://www.terrazzoitaliano.com/en/portfolio/portici-en/,"[""https://www.terrazzoitaliano.com/wp-content/uploads/2021/08/marmocemento-PORTICI-quadrato.jpg"", ""https://www.terrazzoitaliano.com/wp-content/uploads/2021/08/marmocemento-portici-metro-quadrato.jpg"", ""https://www.terrazzoitaliano.com/wp-content/uploads/2021/08/marmocemento-portici-lastra.jpg""]",[],terrazzo italiano
10009,1709,TI_10009,Standard,https://www.terrazzoitaliano.com/en/portfolio/san-marco-en/,"[""https://www.terrazzoitaliano.com/wp-content/uploads/2021/08/san-marco-zoom-quadrato.jpg"", ""https://www.terrazzoitaliano.com/wp-content/uploads/2021/08/marmocemento-san-marco-metro-quadrato.jpg"", ""https://www.terrazzoitaliano.com/wp-content/uploads/2021/08/marmocemento-sanmarco-lastra.jpg""]",[],terrazzo italiano
10010,1710,TI_10010,Standard,https://www.terrazzoitaliano.com/en/portfolio/aperitivo-en/,"[""https://www.terrazzoitaliano.com/wp-content/uploads/2021/08/marmocemento-APE2-quadrato.jpg"", ""https://www.terrazzoitaliano.com/wp-content/uploads/2021/08/marmocemento-APE-quadrato.jpg"", ""https://www.terrazzoitaliano.com/wp-content/uploads/2021/08/marmocemento-aperitivo-lastra.jpg""]",[],terrazzo italiano
10011,1711,TI_10011,Standard,https://www.terrazzoitaliano.com/en/portfolio/stradella-en/,"[""https://www.terrazzoitaliano.com/wp-content/uploads/2021/07/marmoresina-stradella-quadrato-1.jpg"", ""https://www.terrazzoitaliano.com/wp-content/uploads/2021/07/marmocemento-stradella-zoom.jpg"", ""https://www.terrazzoitaliano.com/wp-content/uploads/2021/07/stradella.jpg"", ""https://www.terrazzoitaliano.com/wp-content/uploads/2021/07/marmoresina-stradella-lastra.jpg""]",[],terrazzo italiano
10012,1712,TI_10012,Standard,https://www.terrazzoitaliano.com/en/portfolio/rialto-en/,"[""https://www.terrazzoitaliano.com/wp-content/uploads/2021/07/marmocemento-Rialto-singleseamless-1024x417.png"", ""https://www.terrazzoitaliano.com/wp-content/uploads/2021/07/marmocemento-Rialto-singleseamless.png"", ""https://www.terrazzoitaliano.com/wp-content/uploads/2021/07/marmocemento-Rialto-zoom.jpg"", ""https://www.terrazzoitaliano.com/wp-content/uploads/2021/07/riaalto.jpg"", ""https://www.terrazzoitaliano.com/wp-content/uploads/2021/07/marmocemento-Rialto-lastra.jpg""]",[],terrazzo italiano
10013,1713,TI_10013,Standard,https://www.terrazzoitaliano.com/en/portfolio/bacaro-en/,"[""https://www.terrazzoitaliano.com/wp-content/uploads/2021/09/marmocemento-bacaro-quadrato-1.jpg"", ""https://www.terrazzoitaliano.com/wp-content/uploads/2021/09/marmocemento-bacaro-quadrato-2.jpg"", ""https://www.terrazzoitaliano.com/wp-content/uploads/2021/09/bacaro-metro.png"", ""https://www.terrazzoitaliano.com/wp-content/uploads/2021/09/marmocemento-bacaro-lastra.png""]",[],terrazzo italiano
10014,1714,TI_10014,Standard,https://www.terrazzoitaliano.com/en/portfolio/punta-en/,"[""https://www.terrazzoitaliano.com/wp-content/uploads/2021/08/marmocemento-PUNTA-quadrato.jpg"", ""https://www.terrazzoitaliano.com/wp-content/uploads/2021/08/marmocemento-PUNTA-metro-quadrato.jpg"", ""https://www.terrazzoitaliano.com/wp-content/uploads/2021/08/marmocemento-punta-lastra.jpg""]",[],terrazzo italiano
10015,1715,TI_10015,Standard,https://www.terrazzoitaliano.com/en/portfolio/dogana-en/,"[""https://www.terrazzoitaliano.com/wp-content/uploads/2021/08/marmocemento-dogana-quadrato-1.jpg"", ""https://www.terrazzoitaliano.com/wp-content/uploads/2021/08/marmocemento-dogana-quadrato.jpg"", ""https://www.terrazzoitaliano.com/wp-content/uploads/2021/08/marmocemento-dogana-lastra.jpg""]",[],terrazzo italiano
10016,1716,TI_10016,Standard,https://www.terrazzoitaliano.com/en/portfolio/maschera-en/,"[""https://www.terrazzoitaliano.com/wp-content/uploads/2019/09/marmocemento-maschera-quadrato-1024x1024.jpg"", ""https://www.terrazzoitaliano.com/wp-content/uploads/2019/09/marmocemento-maschera-quadrato.jpg"", ""https://www.terrazzoitaliano.com/wp-content/uploads/2019/09/maschera.jpg"", ""https://www.terrazzoitaliano.com/wp-content/uploads/2019/09/marmoresina-Rosaura-texture.jpg"", ""https://www.terrazzoitaliano.com/wp-content/uploads/2019/09/marmocemento-maschera-lastra.jpg""]",[],terrazzo italiano
10017,1717,TI_10017,Standard,https://www.terrazzoitaliano.com/en/portfolio/festa-en/,"[""https://www.terrazzoitaliano.com/wp-content/uploads/2021/08/marmocemento-festa-quadrato.jpg"", ""https://www.terrazzoitaliano.com/wp-content/uploads/2021/08/marmocemento-festa-metro-quadrato.jpg"", ""https://www.terrazzoitaliano.com/wp-content/uploads/2021/08/marmocemento-festa-lastra.jpg""]",[],terrazzo italiano
10018,1718,TI_10018,Standard,https://www.terrazzoitaliano.com/en/portfolio/coriandoli-en/,"[""https://www.terrazzoitaliano.com/wp-content/uploads/2021/08/coriandoli-1-1024x1024.png"", ""https://www.terrazzoitaliano.com/wp-content/uploads/2021/08/coriandoli-1.png"", ""https://www.terrazzoitaliano.com/wp-content/uploads/2021/08/coriandoli-1-2.png"", ""https://www.terrazzoitaliano.com/wp-content/uploads/2021/08/marmocemento-coriandoli-metro-1-1.png"", ""https://www.terrazzoitaliano.com/wp-content/uploads/2021/08/marmocemento-coridandoli-lastra-1.jpg""]",[],terrazzo italiano
10019,1719,TI_10019,Standard,https://www.terrazzoitaliano.com/en/portfolio/greppo-en/,"[""https://www.terrazzoitaliano.com/wp-content/uploads/2022/11/greppo-1.jpg"", ""https://www.terrazzoitaliano.com/wp-content/uploads/2022/11/marmocemento-greppo-zoom.jpg"", ""https://www.terrazzoitaliano.com/wp-content/uploads/2022/11/marmocemento-greppo-metro.jpg"", ""https://www.terrazzoitaliano.com/wp-content/uploads/2022/11/marmocemento-greppo-lastra-1.jpg""]",[],terrazzo italiano
10020,1720,TI_10020,Standard,https://www.terrazzoitaliano.com/en/portfolio/smeraldo-en/,"[""https://www.terrazzoitaliano.com/wp-content/uploads/2021/08/marmocemento-smeraldo-quadrato-zoom.jpg"", ""https://www.terrazzoitaliano.com/wp-content/uploads/2021/08/marmocemento-smeraldo-quadrato.jpg"", ""https://www.terrazzoitaliano.com/wp-content/uploads/2021/08/marmoresina-arsenale-lastra-1.jpg""]",[],terrazzo italiano
10021,1721,TI_10021,Standard,https://www.terrazzoitaliano.com/en/portfolio/confetti-en/,"[""https://www.terrazzoitaliano.com/wp-content/uploads/2021/08/marmoresina-confetti-quadrato-1024x1024.jpg"", ""https://www.terrazzoitaliano.com/wp-content/uploads/2021/08/marmoresina-confetti-quadrato.jpg"", ""https://www.terrazzoitaliano.com/wp-content/uploads/2021/08/confetti-metro.jpg"", ""https://www.terrazzoitaliano.com/wp-content/uploads/2021/08/marmoresina-confetti-lastra.jpg""]",[],terrazzo italiano
10022,1722,TI_10022,Standard,https://www.terrazzoitaliano.com/en/portfolio/doge-en/,"[""https://www.terrazzoitaliano.com/wp-content/uploads/2021/08/marmoresina-Doge-quadrato.jpg"", ""https://www.terrazzoitaliano.com/wp-content/uploads/2021/08/doge-zoom.jpg"", ""https://www.terrazzoitaliano.com/wp-content/uploads/2021/08/doge-metro.jpg"", ""https://www.terrazzoitaliano.com/wp-content/uploads/2021/08/marmoresina-Doge-lastra.jpg""]",[],terrazzo italiano
10023,1723,TI_10023,Standard,https://www.terrazzoitaliano.com/en/portfolio/fior-di-pesco-en/,"[""https://www.terrazzoitaliano.com/wp-content/uploads/2021/07/marmoresina-fiordipesco-quadrato.jpg"", ""https://www.terrazzoitaliano.com/wp-content/uploads/2021/08/fiordipesco.jpg"", ""https://www.terrazzoitaliano.com/wp-content/uploads/2021/08/fiordipesco-metro.jpg"", ""https://www.terrazzoitaliano.com/wp-content/uploads/2021/08/marmoresina-fiordipesco-lastra-1-1.jpg""]",[],terrazzo italiano
10024,1724,TI_10024,Standard,https://www.terrazzoitaliano.com/en/portfolio/laguna-en/,"[""https://www.terrazzoitaliano.com/wp-content/uploads/2021/07/marmoresina-Laguna-quadrato-1024x1024.jpg"", ""https://www.terrazzoitaliano.com/wp-content/uploads/2021/07/marmoresina-Laguna-quadrato.jpg"", ""https://www.terrazzoitaliano.com/wp-content/uploads/2021/08/laguna-zoom-1.jpg"", ""https://www.terrazzoitaliano.com/wp-content/uploads/2021/08/laguna-metro.jpg"", ""https://www.terrazzoitaliano.com/wp-content/uploads/2021/08/marmoresina-Laguna-lastra.jpg""]",[],terrazzo italiano
10025,1725,TI_10025,Standard,https://www.terrazzoitaliano.com/en/portfolio/moretta-en/,"[""https://www.terrazzoitaliano.com/wp-content/uploads/2021/08/marmoresina-Moretta-quadrato.jpg"", ""https://www.terrazzoitaliano.com/wp-content/uploads/2021/08/moretta-zoom.jpg"", ""https://www.terrazzoitaliano.com/wp-content/uploads/2021/08/moretta-metro.jpg"", ""https://www.terrazzoitaliano.com/wp-content/uploads/2021/08/marmoresina-Moretta-lastra.jpg""]",[],terrazzo italiano
10500,1800,UNI_10500,American Elm oiled / varnished,https://unikolegno.it/prodotti/tris/?lang=en,"[""https://unikolegno.it/wp-content/uploads/2023/04/uk_olmo-am_oliato-verniciato.jpg"", ""https://unikolegno.it/wp-content/uploads/2023/04/Unk_collezioni_tris.jpg"", ""https://unikolegno.it/wp-content/uploads/2023/04/Unk_collezioni_tris-2.jpg"", ""https://unikolegno.it/wp-content/uploads/2023/04/Unk_collezioni_tris-3.jpg""]","[""https://unikolegno.it/wp-content/uploads/2023/04/unk_collezioni_tris_scheda.png""]",unikolegno
10501,1800,UNI_10501,Elite Oak varnished Bruges,https://unikolegno.it/prodotti/tris/?lang=en,"[""https://unikolegno.it/wp-content/uploads/2023/05/uk_rovere_elite_verniciato_bruges.jpg"", ""https://unikolegno.it/wp-content/uploads/2023/04/Unk_collezioni_tris.jpg"", ""https://unikolegno.it/wp-content/uploads/2023/04/Unk_collezioni_tris-2.jpg"", ""https://unikolegno.it/wp-content/uploads/2023/04/Unk_collezioni_tris-3.jpg""]","[""https://unikolegno.it/wp-content/uploads/2023/04/unk_collezioni_tris_scheda.png""]",unikolegno
10502,1800,UNI_10502,American Walnut varnished E-Matt,https://unikolegno.it/prodotti/tris/?lang=en,"[""https://unikolegno.it/wp-content/uploads/2023/04/r-t-comm-175.jpg"", ""https://unikolegno.it/wp-content/uploads/2023/04/Unk_collezioni_tris.jpg"", ""https://unikolegno.it/wp-content/uploads/2023/04/Unk_collezioni_tris-2.jpg"", ""https://unikolegno.it/wp-content/uploads/2023/04/Unk_collezioni_tris-3.jpg""]","[""https://unikolegno.it/wp-content/uploads/2023/04/unk_collezioni_tris_scheda.png""]",unikolegno
10503,1801,UNI_10503,Oak varnished Light,https://unikolegno.it/prodotti/four/?lang=en,"[""https://unikolegno.it/wp-content/uploads/2023/05/uk_rovere_verniciato_light.jpg"", ""https://unikolegno.it/wp-content/uploads/2023/04/Unk_collezioni_Four.jpg"", ""https://unikolegno.it/wp-content/uploads/2023/04/Unk_collezioni_Four-2.jpg"", ""https://unikolegno.it/wp-content/uploads/2023/04/Unk_collezioni_Four-3.jpg""]","[""https://unikolegno.it/wp-content/uploads/2023/04/unk_collezioni_four_scheda.png""]",unikolegno
10504,1801,UNI_10504,Oak varnished E-Matt,https://unikolegno.it/prodotti/four/?lang=en,"[""https://unikolegno.it/wp-content/uploads/2023/05/uk_rovere_verniciato_Ematt.jpg"", ""https://unikolegno.it/wp-content/uploads/2023/04/Unk_collezioni_Four.jpg"", ""https://unikolegno.it/wp-content/uploads/2023/04/Unk_collezioni_Four-2.jpg"", ""https://unikolegno.it/wp-content/uploads/2023/04/Unk_collezioni_Four-3.jpg""]","[""https://unikolegno.it/wp-content/uploads/2023/04/unk_collezioni_four_scheda.png""]",unikolegno
10505,1802,UNI_10505,Oak varnished Cuoio,https://unikolegno.it/prodotti/type/?lang=en,"[""https://unikolegno.it/wp-content/uploads/2023/04/rovere-thermo_rustico-2.jpg"", ""https://unikolegno.it/wp-content/uploads/2023/04/unk_collezioni_type.jpg"", ""https://unikolegno.it/wp-content/uploads/2023/04/unk_collezioni_type-2.jpg"", ""https://unikolegno.it/wp-content/uploads/2023/04/unk_collezioni_type-3.jpg"", ""https://unikolegno.it/wp-content/uploads/2023/04/unk_collezioni_type-4.jpg"", ""https://unikolegno.it/wp-content/uploads/2023/04/unk_collezioni_type-5.jpg"", ""https://unikolegno.it/wp-content/uploads/2023/04/unk_collezioni_type-6.jpg"", ""https://unikolegno.it/wp-content/uploads/2023/04/unk_collezioni_type-7.jpg"", ""https://unikolegno.it/wp-content/uploads/2023/04/unk_collezioni_type-8.jpg"", ""https://unikolegno.it/wp-content/uploads/2023/04/unk_collezioni_type-9.jpg"", ""https://unikolegno.it/wp-content/uploads/2023/04/unk_collezioni_type-10.jpg""]","[""https://unikolegno.it/wp-content/uploads/2023/04/unk_collezioni_type_scheda.png""]",unikolegno
10506,1802,UNI_10506,Elite Oak varnished Bruges,https://unikolegno.it/prodotti/type/?lang=en,"[""https://unikolegno.it/wp-content/uploads/2023/05/uk_rovere_elite_verniciato_bruges.jpg"", ""https://unikolegno.it/wp-content/uploads/2023/04/unk_collezioni_type.jpg"", ""https://unikolegno.it/wp-content/uploads/2023/04/unk_collezioni_type-2.jpg"", ""https://unikolegno.it/wp-content/uploads/2023/04/unk_collezioni_type-3.jpg"", ""https://unikolegno.it/wp-content/uploads/2023/04/unk_collezioni_type-4.jpg"", ""https://unikolegno.it/wp-content/uploads/2023/04/unk_collezioni_type-5.jpg"", ""https://unikolegno.it/wp-content/uploads/2023/04/unk_collezioni_type-6.jpg"", ""https://unikolegno.it/wp-content/uploads/2023/04/unk_collezioni_type-7.jpg"", ""https://unikolegno.it/wp-content/uploads/2023/04/unk_collezioni_type-8.jpg"", ""https://unikolegno.it/wp-content/uploads/2023/04/unk_collezioni_type-9.jpg"", ""https://unikolegno.it/wp-content/uploads/2023/04/unk_collezioni_type-10.jpg""]","[""https://unikolegno.it/wp-content/uploads/2023/04/unk_collezioni_type_scheda.png""]",unikolegno
10507,1802,UNI_10507,Oak Thermo 175° varnished Evo,https://unikolegno.it/prodotti/type/?lang=en,"[""https://unikolegno.it/wp-content/uploads/2023/05/uk_rovere_thermo_175_verniciato_evo.jpg"", ""https://unikolegno.it/wp-content/uploads/2023/04/unk_collezioni_type.jpg"", ""https://unikolegno.it/wp-content/uploads/2023/04/unk_collezioni_type-2.jpg"", ""https://unikolegno.it/wp-content/uploads/2023/04/unk_collezioni_type-3.jpg"", ""https://unikolegno.it/wp-content/uploads/2023/04/unk_collezioni_type-4.jpg"", ""https://unikolegno.it/wp-content/uploads/2023/04/unk_collezioni_type-5.jpg"", ""https://unikolegno.it/wp-content/uploads/2023/04/unk_collezioni_type-6.jpg"", ""https://unikolegno.it/wp-content/uploads/2023/04/unk_collezioni_type-7.jpg"", ""https://unikolegno.it/wp-content/uploads/2023/04/unk_collezioni_type-8.jpg"", ""https://unikolegno.it/wp-content/uploads/2023/04/unk_collezioni_type-9.jpg"", ""https://unikolegno.it/wp-content/uploads/2023/04/unk_collezioni_type-10.jpg""]","[""https://unikolegno.it/wp-content/uploads/2023/04/unk_collezioni_type_scheda.png""]",unikolegno
10508,1802,UNI_10508,Oak varnished Metropolitan Trafalgar Square,https://unikolegno.it/prodotti/type/?lang=en,"[""https://unikolegno.it/wp-content/uploads/2023/05/uk_rovere_verniciato_metropolitan_trafalgar_square.jpg"", ""https://unikolegno.it/wp-content/uploads/2023/04/unk_collezioni_type.jpg"", ""https://unikolegno.it/wp-content/uploads/2023/04/unk_collezioni_type-2.jpg"", ""https://unikolegno.it/wp-content/uploads/2023/04/unk_collezioni_type-3.jpg"", ""https://unikolegno.it/wp-content/uploads/2023/04/unk_collezioni_type-4.jpg"", ""https://unikolegno.it/wp-content/uploads/2023/04/unk_collezioni_type-5.jpg"", ""https://unikolegno.it/wp-content/uploads/2023/04/unk_collezioni_type-6.jpg"", ""https://unikolegno.it/wp-content/uploads/2023/04/unk_collezioni_type-7.jpg"", ""https://unikolegno.it/wp-content/uploads/2023/04/unk_collezioni_type-8.jpg"", ""https://unikolegno.it/wp-content/uploads/2023/04/unk_collezioni_type-9.jpg"", ""https://unikolegno.it/wp-content/uploads/2023/04/unk_collezioni_type-10.jpg""]","[""https://unikolegno.it/wp-content/uploads/2023/04/unk_collezioni_type_scheda.png""]",unikolegno
10509,1802,UNI_10509,Oak varnished Porfido,https://unikolegno.it/prodotti/type/?lang=en,"[""https://unikolegno.it/wp-content/uploads/2023/05/uk_rovere_verniciato_porfido.jpg"", ""https://unikolegno.it/wp-content/uploads/2023/04/unk_collezioni_type.jpg"", ""https://unikolegno.it/wp-content/uploads/2023/04/unk_collezioni_type-2.jpg"", ""https://unikolegno.it/wp-content/uploads/2023/04/unk_collezioni_type-3.jpg"", ""https://unikolegno.it/wp-content/uploads/2023/04/unk_collezioni_type-4.jpg"", ""https://unikolegno.it/wp-content/uploads/2023/04/unk_collezioni_type-5.jpg"", ""https://unikolegno.it/wp-content/uploads/2023/04/unk_collezioni_type-6.jpg"", ""https://unikolegno.it/wp-content/uploads/2023/04/unk_collezioni_type-7.jpg"", ""https://unikolegno.it/wp-content/uploads/2023/04/unk_collezioni_type-8.jpg"", ""https://unikolegno.it/wp-content/uploads/2023/04/unk_collezioni_type-9.jpg"", ""https://unikolegno.it/wp-content/uploads/2023/04/unk_collezioni_type-10.jpg""]","[""https://unikolegno.it/wp-content/uploads/2023/04/unk_collezioni_type_scheda.png""]",unikolegno
10510,1802,UNI_10510,Rustic Ash Thermo 175° varnished Evo,https://unikolegno.it/prodotti/type/?lang=en,"[""https://unikolegno.it/wp-content/uploads/2023/05/frassino_thermo_175_rustico_verniciato-evo.jpg"", ""https://unikolegno.it/wp-content/uploads/2023/04/unk_collezioni_type.jpg"", ""https://unikolegno.it/wp-content/uploads/2023/04/unk_collezioni_type-2.jpg"", ""https://unikolegno.it/wp-content/uploads/2023/04/unk_collezioni_type-3.jpg"", ""https://unikolegno.it/wp-content/uploads/2023/04/unk_collezioni_type-4.jpg"", ""https://unikolegno.it/wp-content/uploads/2023/04/unk_collezioni_type-5.jpg"", ""https://unikolegno.it/wp-content/uploads/2023/04/unk_collezioni_type-6.jpg"", ""https://unikolegno.it/wp-content/uploads/2023/04/unk_collezioni_type-7.jpg"", ""https://unikolegno.it/wp-content/uploads/2023/04/unk_collezioni_type-8.jpg"", ""https://unikolegno.it/wp-content/uploads/2023/04/unk_collezioni_type-9.jpg"", ""https://unikolegno.it/wp-content/uploads/2023/04/unk_collezioni_type-10.jpg""]","[""https://unikolegno.it/wp-content/uploads/2023/04/unk_collezioni_type_scheda.png""]",unikolegno
10511,1803,UNI_10511,Elite Oak varnished Bruges,https://unikolegno.it/prodotti/loft/?lang=en,"[""https://unikolegno.it/wp-content/uploads/2023/05/uk_rovere_elite_verniciato_bruges.jpg"", ""https://unikolegno.it/wp-content/uploads/2023/04/Unk_collezioni_Loft.jpg"", ""https://unikolegno.it/wp-content/uploads/2023/04/Unk_collezioni_Loft-2.jpg"", ""https://unikolegno.it/wp-content/uploads/2023/04/Unk_collezioni_Loft-3.jpg"", ""https://unikolegno.it/wp-content/uploads/2023/04/Unk_collezioni_Loft-4.jpg"", ""https://unikolegno.it/wp-content/uploads/2023/04/Unk_collezioni_Loft-5.jpg"", ""https://unikolegno.it/wp-content/uploads/2023/04/Unk_collezioni_Loft-6.jpg"", ""https://unikolegno.it/wp-content/uploads/2023/04/Unk_collezioni_Loft-7.jpg"", ""https://unikolegno.it/wp-content/uploads/2023/04/Unk_collezioni_Loft-8.jpg""]",[],unikolegno
10512,1803,UNI_10512,Oak Thermo 175° varnished Evo,https://unikolegno.it/prodotti/loft/?lang=en,"[""https://unikolegno.it/wp-content/uploads/2023/05/uk_rovere_thermo_175_verniciato_evo.jpg"", ""https://unikolegno.it/wp-content/uploads/2023/04/Unk_collezioni_Loft.jpg"", ""https://unikolegno.it/wp-content/uploads/2023/04/Unk_collezioni_Loft-2.jpg"", ""https://unikolegno.it/wp-content/uploads/2023/04/Unk_collezioni_Loft-3.jpg"", ""https://unikolegno.it/wp-content/uploads/2023/04/Unk_collezioni_Loft-4.jpg"", ""https://unikolegno.it/wp-content/uploads/2023/04/Unk_collezioni_Loft-5.jpg"", ""https://unikolegno.it/wp-content/uploads/2023/04/Unk_collezioni_Loft-6.jpg"", ""https://unikolegno.it/wp-content/uploads/2023/04/Unk_collezioni_Loft-7.jpg"", ""https://unikolegno.it/wp-content/uploads/2023/04/Unk_collezioni_Loft-8.jpg""]",[],unikolegno
10513,1803,UNI_10513,Oak Thermo 157° varnished Evo / E-Matt,https://unikolegno.it/prodotti/loft/?lang=en,"[""https://unikolegno.it/wp-content/uploads/2023/05/uk_rovere_thermo_157_verniciato_evoematt.jpg"", ""https://unikolegno.it/wp-content/uploads/2023/04/Unk_collezioni_Loft.jpg"", ""https://unikolegno.it/wp-content/uploads/2023/04/Unk_collezioni_Loft-2.jpg"", ""https://unikolegno.it/wp-content/uploads/2023/04/Unk_collezioni_Loft-3.jpg"", ""https://unikolegno.it/wp-content/uploads/2023/04/Unk_collezioni_Loft-4.jpg"", ""https://unikolegno.it/wp-content/uploads/2023/04/Unk_collezioni_Loft-5.jpg"", ""https://unikolegno.it/wp-content/uploads/2023/04/Unk_collezioni_Loft-6.jpg"", ""https://unikolegno.it/wp-content/uploads/2023/04/Unk_collezioni_Loft-7.jpg"", ""https://unikolegno.it/wp-content/uploads/2023/04/Unk_collezioni_Loft-8.jpg""]",[],unikolegno
10514,1803,UNI_10514,Oak Thermo 130° varnished Evo / E-Matt,https://unikolegno.it/prodotti/loft/?lang=en,"[""https://unikolegno.it/wp-content/uploads/2023/05/uk_rovere_thermo_130_verniciato_evo_ematt.jpg"", ""https://unikolegno.it/wp-content/uploads/2023/04/Unk_collezioni_Loft.jpg"", ""https://unikolegno.it/wp-content/uploads/2023/04/Unk_collezioni_Loft-2.jpg"", ""https://unikolegno.it/wp-content/uploads/2023/04/Unk_collezioni_Loft-3.jpg"", ""https://unikolegno.it/wp-content/uploads/2023/04/Unk_collezioni_Loft-4.jpg"", ""https://unikolegno.it/wp-content/uploads/2023/04/Unk_collezioni_Loft-5.jpg"", ""https://unikolegno.it/wp-content/uploads/2023/04/Unk_collezioni_Loft-6.jpg"", ""https://unikolegno.it/wp-content/uploads/2023/04/Unk_collezioni_Loft-7.jpg"", ""https://unikolegno.it/wp-content/uploads/2023/04/Unk_collezioni_Loft-8.jpg""]",[],unikolegno
10515,1803,UNI_10515,American Walnut varnished E-Matt,https://unikolegno.it/prodotti/loft/?lang=en,"[""https://unikolegno.it/wp-content/uploads/2023/04/r-t-comm-175.jpg"", ""https://unikolegno.it/wp-content/uploads/2023/04/Unk_collezioni_Loft.jpg"", ""https://unikolegno.it/wp-content/uploads/2023/04/Unk_collezioni_Loft-2.jpg"", ""https://unikolegno.it/wp-content/uploads/2023/04/Unk_collezioni_Loft-3.jpg"", ""https://unikolegno.it/wp-content/uploads/2023/04/Unk_collezioni_Loft-4.jpg"", ""https://unikolegno.it/wp-content/uploads/2023/04/Unk_collezioni_Loft-5.jpg"", ""https://unikolegno.it/wp-content/uploads/2023/04/Unk_collezioni_Loft-6.jpg"", ""https://unikolegno.it/wp-content/uploads/2023/04/Unk_collezioni_Loft-7.jpg"", ""https://unikolegno.it/wp-content/uploads/2023/04/Unk_collezioni_Loft-8.jpg""]",[],unikolegno
10516,1803,UNI_10516,Ash oiled Meschio,https://unikolegno.it/prodotti/loft/?lang=en,"[""https://unikolegno.it/wp-content/uploads/2023/05/frassino-oliato-meschio.jpg"", ""https://unikolegno.it/wp-content/uploads/2023/04/Unk_collezioni_Loft.jpg"", ""https://unikolegno.it/wp-content/uploads/2023/04/Unk_collezioni_Loft-2.jpg"", ""https://unikolegno.it/wp-content/uploads/2023/04/Unk_collezioni_Loft-3.jpg"", ""https://unikolegno.it/wp-content/uploads/2023/04/Unk_collezioni_Loft-4.jpg"", ""https://unikolegno.it/wp-content/uploads/2023/04/Unk_collezioni_Loft-5.jpg"", ""https://unikolegno.it/wp-content/uploads/2023/04/Unk_collezioni_Loft-6.jpg"", ""https://unikolegno.it/wp-content/uploads/2023/04/Unk_collezioni_Loft-7.jpg"", ""https://unikolegno.it/wp-content/uploads/2023/04/Unk_collezioni_Loft-8.jpg""]",[],unikolegno
10517,1804,UNI_10517,Oak Thermo 130° varnished Evo / E-Matt,https://unikolegno.it/prodotti/loft-classic/?lang=en,"[""https://unikolegno.it/wp-content/uploads/2023/05/uk_rovere_thermo_130_verniciato_evo_ematt.jpg"", ""https://unikolegno.it/wp-content/uploads/2023/04/Unk_collezioni_Loft-Classic.jpg"", ""https://unikolegno.it/wp-content/uploads/2023/04/Unk_collezioni_Loft-Classic-2.jpg"", ""https://unikolegno.it/wp-content/uploads/2023/05/Unk_referenze_Residenza-privata-Messico.jpg"", ""https://unikolegno.it/wp-content/uploads/2023/05/Unk_referenze_Residenza-privata-Messico-3.jpg"", ""https://unikolegno.it/wp-content/uploads/2023/05/Unk_referenze_Residenza-privata-Messico-5.jpg""]","[""https://unikolegno.it/wp-content/uploads/2023/04/unk_collezioni_loft-classic_scheda.png""]",unikolegno
10518,1804,UNI_10518,Oak Thermo 157° varnished Evo / E-Matt,https://unikolegno.it/prodotti/loft-classic/?lang=en,"[""https://unikolegno.it/wp-content/uploads/2023/05/uk_rovere_thermo_157_verniciato_evoematt.jpg"", ""https://unikolegno.it/wp-content/uploads/2023/04/Unk_collezioni_Loft-Classic.jpg"", ""https://unikolegno.it/wp-content/uploads/2023/04/Unk_collezioni_Loft-Classic-2.jpg"", ""https://unikolegno.it/wp-content/uploads/2023/05/Unk_referenze_Residenza-privata-Messico.jpg"", ""https://unikolegno.it/wp-content/uploads/2023/05/Unk_referenze_Residenza-privata-Messico-3.jpg"", ""https://unikolegno.it/wp-content/uploads/2023/05/Unk_referenze_Residenza-privata-Messico-5.jpg""]","[""https://unikolegno.it/wp-content/uploads/2023/04/unk_collezioni_loft-classic_scheda.png""]",unikolegno
10519,1804,UNI_10519,Oak Thermo 175° varnished Evo,https://unikolegno.it/prodotti/loft-classic/?lang=en,"[""https://unikolegno.it/wp-content/uploads/2023/05/uk_rovere_thermo_175_verniciato_evo.jpg"", ""https://unikolegno.it/wp-content/uploads/2023/04/Unk_collezioni_Loft-Classic.jpg"", ""https://unikolegno.it/wp-content/uploads/2023/04/Unk_collezioni_Loft-Classic-2.jpg"", ""https://unikolegno.it/wp-content/uploads/2023/05/Unk_referenze_Residenza-privata-Messico.jpg"", ""https://unikolegno.it/wp-content/uploads/2023/05/Unk_referenze_Residenza-privata-Messico-3.jpg"", ""https://unikolegno.it/wp-content/uploads/2023/05/Unk_referenze_Residenza-privata-Messico-5.jpg""]","[""https://unikolegno.it/wp-content/uploads/2023/04/unk_collezioni_loft-classic_scheda.png""]",unikolegno
10520,1804,UNI_10520,American Walnut Evo,https://unikolegno.it/prodotti/loft-classic/?lang=en,"[""https://unikolegno.it/wp-content/uploads/2023/04/r-t-comm-157.jpg"", ""https://unikolegno.it/wp-content/uploads/2023/04/Unk_collezioni_Loft-Classic.jpg"", ""https://unikolegno.it/wp-content/uploads/2023/04/Unk_collezioni_Loft-Classic-2.jpg"", ""https://unikolegno.it/wp-content/uploads/2023/05/Unk_referenze_Residenza-privata-Messico.jpg"", ""https://unikolegno.it/wp-content/uploads/2023/05/Unk_referenze_Residenza-privata-Messico-3.jpg"", ""https://unikolegno.it/wp-content/uploads/2023/05/Unk_referenze_Residenza-privata-Messico-5.jpg""]","[""https://unikolegno.it/wp-content/uploads/2023/04/unk_collezioni_loft-classic_scheda.png""]",unikolegno
10521,1804,UNI_10521,American Walnut varnished E-Matt,https://unikolegno.it/prodotti/loft-classic/?lang=en,"[""https://unikolegno.it/wp-content/uploads/2023/04/r-t-comm-175.jpg"", ""https://unikolegno.it/wp-content/uploads/2023/04/Unk_collezioni_Loft-Classic.jpg"", ""https://unikolegno.it/wp-content/uploads/2023/04/Unk_collezioni_Loft-Classic-2.jpg"", ""https://unikolegno.it/wp-content/uploads/2023/05/Unk_referenze_Residenza-privata-Messico.jpg"", ""https://unikolegno.it/wp-content/uploads/2023/05/Unk_referenze_Residenza-privata-Messico-3.jpg"", ""https://unikolegno.it/wp-content/uploads/2023/05/Unk_referenze_Residenza-privata-Messico-5.jpg""]","[""https://unikolegno.it/wp-content/uploads/2023/04/unk_collezioni_loft-classic_scheda.png""]",unikolegno
10522,1804,UNI_10522,Elite Oak Hills oiled Braga,https://unikolegno.it/prodotti/loft-classic/?lang=en,"[""https://unikolegno.it/wp-content/uploads/2023/05/rovere_elite_braga.jpg"", ""https://unikolegno.it/wp-content/uploads/2023/04/Unk_collezioni_Loft-Classic.jpg"", ""https://unikolegno.it/wp-content/uploads/2023/04/Unk_collezioni_Loft-Classic-2.jpg"", ""https://unikolegno.it/wp-content/uploads/2023/05/Unk_referenze_Residenza-privata-Messico.jpg"", ""https://unikolegno.it/wp-content/uploads/2023/05/Unk_referenze_Residenza-privata-Messico-3.jpg"", ""https://unikolegno.it/wp-content/uploads/2023/05/Unk_referenze_Residenza-privata-Messico-5.jpg""]","[""https://unikolegno.it/wp-content/uploads/2023/04/unk_collezioni_loft-classic_scheda.png""]",unikolegno
10523,1805,UNI_10523,European Walnut varnished E-Matt,https://unikolegno.it/prodotti/twenty/?lang=en,"[""https://unikolegno.it/wp-content/uploads/2023/04/uk_noce-eu_verniciato-ematt.jpg"", ""https://unikolegno.it/wp-content/uploads/2023/04/Unk_collezioni_Twenty.jpg"", ""https://unikolegno.it/wp-content/uploads/2023/04/Unk_collezioni_Twenty-2.jpg"", ""https://unikolegno.it/wp-content/uploads/2023/04/Unk_collezioni_Twenty-3.jpg""]","[""https://unikolegno.it/wp-content/uploads/2023/04/unk_collezioni_twenty_scheda.png""]",unikolegno
10524,1805,UNI_10524,Oak varnished Evo,https://unikolegno.it/prodotti/twenty/?lang=en,"[""https://unikolegno.it/wp-content/uploads/2023/05/uk_rovere_verniciato_evo.jpg"", ""https://unikolegno.it/wp-content/uploads/2023/04/Unk_collezioni_Twenty.jpg"", ""https://unikolegno.it/wp-content/uploads/2023/04/Unk_collezioni_Twenty-2.jpg"", ""https://unikolegno.it/wp-content/uploads/2023/04/Unk_collezioni_Twenty-3.jpg""]","[""https://unikolegno.it/wp-content/uploads/2023/04/unk_collezioni_twenty_scheda.png""]",unikolegno
10525,1805,UNI_10525,Ash varnished Lia,https://unikolegno.it/prodotti/twenty/?lang=en,"[""https://unikolegno.it/wp-content/uploads/2023/05/frassino-verniciato-lia.jpg"", ""https://unikolegno.it/wp-content/uploads/2023/04/Unk_collezioni_Twenty.jpg"", ""https://unikolegno.it/wp-content/uploads/2023/04/Unk_collezioni_Twenty-2.jpg"", ""https://unikolegno.it/wp-content/uploads/2023/04/Unk_collezioni_Twenty-3.jpg""]","[""https://unikolegno.it/wp-content/uploads/2023/04/unk_collezioni_twenty_scheda.png""]",unikolegno
10526,1805,UNI_10526,Oak varnished Evo,https://unikolegno.it/prodotti/twenty/?lang=en,"[""https://unikolegno.it/wp-content/uploads/2023/05/uk_rovere_verniciato_evo.jpg"", ""https://unikolegno.it/wp-content/uploads/2023/04/Unk_collezioni_Twenty.jpg"", ""https://unikolegno.it/wp-content/uploads/2023/04/Unk_collezioni_Twenty-2.jpg"", ""https://unikolegno.it/wp-content/uploads/2023/04/Unk_collezioni_Twenty-3.jpg""]","[""https://unikolegno.it/wp-content/uploads/2023/04/unk_collezioni_twenty_scheda.png""]",unikolegno
