id,title,r2_key,url,created_at,source
1,Technical sheet — Blend — Blend,,https://www.abk.it/public/dwnDoc/24253-164-BLEND.pdf,2026-05-10 13:55:49,abk
2,Technical sheet — Crossroad Chalk — Crossroad Chalk,,https://www.abk.it/public/dwnDoc/24254-929-CROSSROAD-CHALK.pdf,2026-05-10 13:55:49,abk
3,Technical sheet — Sensi Fantasy — Sensi Fantasy,,https://www.abk.it/public/dwnDoc/30376-920-SENSI-FANTASY.pdf,2026-05-10 13:55:49,abk
4,Technical sheet — Sensi Nuance — Sensi Nuance,,https://www.abk.it/public/dwnDoc/30377-981-SENSI-NUANCE.pdf,2026-05-10 13:55:49,abk
5,Technical sheet — Sensi 900 — Sensi 900,,https://www.abk.it/public/dwnDoc/30370-331-SENSI-900.pdf,2026-05-10 13:55:49,abk
6,Technical sheet — Sensi Gems — Sensi Gems,,https://www.abk.it/public/dwnDoc/24267-902-SENSI-GEMS.pdf,2026-05-10 13:55:49,abk
7,Technical sheet — Sensi Up — Sensi Up,,https://www.abk.it/public/dwnDoc/24268-669-SENSI-UP.pdf,2026-05-10 13:55:49,abk
8,Bathroom projects — Sensi Up — Sensi Up,,https://www.abk.it/public/dwnDoc/12492-465-EB-SENSI-UP.pdf,2026-05-10 13:55:49,abk
9,Technical sheet — Sensi Roma — Sensi Roma,,https://www.abk.it/public/dwnDoc/30371-842-SENSI-ROMA.pdf,2026-05-10 13:55:49,abk
10,Technical sheet — Poetry Stone — Poetry Stone,,https://www.abk.it/public/dwnDoc/23068-965-POETRY-STONE.pdf,2026-05-10 13:55:49,abk
11,Download Catalogue — Sandy — Sandy,,https://moooiceramicsurfaces.com/en/public/download/320-981-nesting-room-cat-gennaio-26.pdf,2026-05-10 13:55:49,abk
12,Technical specifications — Tasos shower — Tasos,,https://www.thebathcollection.com/productos/tasos-columna-ducha/?pdf=3404,2026-05-03 18:22:26,bathco
13,Technical specifications — Tasos recessed — Tasos,,https://www.thebathcollection.com/productos/tasos-grifo-ducha-empotrado/?pdf=3410,2026-05-03 18:22:26,bathco
14,Technical specifications — Milos recessed — Milos,,https://www.thebathcollection.com/productos/milos-griferia-de-ducha-cromo/?pdf=2250,2026-05-03 18:22:26,bathco
15,Technical specifications — Athenas recessed — Athenas,,https://www.thebathcollection.com/productos/griferia-de-ducha-athenas-negro/?pdf=1852,2026-05-03 18:22:26,bathco
16,Technical specifications — Athenas bathtub — Athenas,,https://www.thebathcollection.com/productos/grifo-de-banera-athenas/?pdf=1864,2026-05-03 18:22:26,bathco
17,Technical specifications — Iconos bathtub — Iconos,,https://www.thebathcollection.com/productos/griferia-de-banera-iconos-gris/?pdf=1843,2026-05-03 18:22:26,bathco
18,Technical specifications — Oropesa I — Oropesa,,https://www.thebathcollection.com/productos/oropesa-inodoro-suspendido/?pdf=2752,2026-05-03 18:22:26,bathco
19,Declaración de conformidad — Oropesa I — Oropesa,,https://www.thebathcollection.com/wp-content/uploads/2026/01/BATHCO-Declaracion-de-conformidad-UE-sanitarios.pdf,2026-05-03 18:22:26,bathco
20,Declaración de prestaciones — Oropesa I — Oropesa,,https://www.thebathcollection.com/wp-content/uploads/2026/01/BATHCO-Declaracion-de-prestaciones-DoP-Inodoro-mural.pdf,2026-05-03 18:22:26,bathco
21,Technical specifications — Evora I — Evora,,https://www.thebathcollection.com/productos/inodoro-suspendido-evora/?pdf=1945,2026-05-03 18:22:26,bathco
22,Technical specifications — Antequera I — Antequera,,https://www.thebathcollection.com/productos/antequera-inodoro-suspendido-mate/?pdf=871,2026-05-03 18:22:26,bathco
23,Technical specifications — Oropesa II — Oropesa,,https://www.thebathcollection.com/productos/inodoro-a-suelo-oropesa/?pdf=1927,2026-05-03 18:22:26,bathco
24,Declaración de prestaciones — Oropesa II — Oropesa,,https://www.thebathcollection.com/wp-content/uploads/2026/01/BATHCO-Declaracion-de-prestaciones-DoP-Inodoro-suelo.pdf,2026-05-03 18:22:26,bathco
25,Technical specifications — Antequera II — Antequera,,https://www.thebathcollection.com/productos/antequera-inodoro-a-suelo/?pdf=866,2026-05-03 18:22:26,bathco
26,Technical specifications — Antequera bidet I — Antequera,,https://www.thebathcollection.com/productos/antequera-bide-suspendido/?pdf=863,2026-05-03 18:22:26,bathco
27,Declaración de conformidad — Antequera bidet I — Antequera,,https://www.thebathcollection.com/wp-content/uploads/2026/01/BATHCO-Declaracion-de-conformidad-UE-bidets.pdf,2026-05-03 18:22:26,bathco
28,Technical specifications — Evora bidet I — Evora,,https://www.thebathcollection.com/productos/bide-suspendido-evora/?pdf=983,2026-05-03 18:22:26,bathco
29,Technical specifications — Oropesa bidet I — Oropesa,,https://www.thebathcollection.com/productos/oropesa-bide-suspendido/?pdf=2746,2026-05-03 18:22:26,bathco
30,Technical specifications — Oropesa bidet II — Oropesa,,https://www.thebathcollection.com/productos/oropesa-bide-a-suelo/?pdf=2743,2026-05-03 18:22:26,bathco
31,Technical specifications — Antequera bidet II — Antequera,,https://www.thebathcollection.com/productos/antequera-bide-suelo/?pdf=860,2026-05-03 18:22:26,bathco
32,Technical specifications — Striae oval — STONE,,https://www.thebathcollection.com/productos/striae-oval-beige/?pdf=3380,2026-05-03 18:22:26,bathco
33,Declaración de prestaciones — Striae oval — STONE,,https://www.thebathcollection.com/wp-content/uploads/2026/01/BATHCO-Declaracion-de-prestaciones-DoP-lavabos-de-piedra.pdf,2026-05-03 18:22:26,bathco
34,Manual de mantenimiento — Striae oval — STONE,,https://www.thebathcollection.com/wp-content/uploads/2025/11/Manual_de_cuidados_y_mantenimiento.pdf,2026-05-03 18:22:26,bathco
35,Technical specifications — Striae 39 — STONE,,https://www.thebathcollection.com/productos/striae-cuadrado-beige/?pdf=3374,2026-05-03 18:22:26,bathco
36,Technical specifications — Striae — STONE,,https://www.thebathcollection.com/productos/striae-circular-beige/?pdf=3368,2026-05-03 18:22:26,bathco
37,Technical specifications — Pemba — STONE,,https://www.thebathcollection.com/productos/pemba-doreng/?pdf=2852,2026-05-03 18:22:26,bathco
38,Technical specifications — Papua A — STONE,,https://www.thebathcollection.com/productos/papua-a-doreng/?pdf=2789,2026-05-03 18:22:26,bathco
39,Technical specifications — Icono — STONE,,https://www.thebathcollection.com/productos/icono-gris/?pdf=1924,2026-05-03 18:22:26,bathco
40,Technical specifications — Classic Cuadrado — STONE,,https://www.thebathcollection.com/productos/classic-cuadrado-grey/?pdf=17695,2026-05-03 18:22:26,bathco
41,Technical specifications — Classic Rectangular — STONE,,https://www.thebathcollection.com/productos/classic-rectangular-grey/?pdf=17698,2026-05-03 18:22:26,bathco
42,Technical specifications — Classic Circular — STONE,,https://www.thebathcollection.com/productos/classic-circular-grey/?pdf=17692,2026-05-03 18:22:26,bathco
43,Technical specifications — Boracay — STONE,,https://www.thebathcollection.com/productos/boracay-beige/?pdf=17685,2026-05-03 18:22:26,bathco
44,Technical specifications — Ticao Circular — STONE,,https://www.thebathcollection.com/productos/ticao-circular/?pdf=17947,2026-05-03 18:22:26,bathco
45,Technical specifications — Ticao Cuadrado — STONE,,https://www.thebathcollection.com/productos/ticao-cuadrado/?pdf=17948,2026-05-03 18:22:26,bathco
46,Technical specifications — Morella — STONE,,https://www.thebathcollection.com/productos/morella-circular/?pdf=2379,2026-05-03 18:22:26,bathco
47,Technical specifications — Morella cuadrado — STONE,,https://www.thebathcollection.com/productos/morella-cuadrado/?pdf=2382,2026-05-03 18:22:26,bathco
48,Technical specifications — Morella oval — STONE,,https://www.thebathcollection.com/productos/morella-oval/?pdf=2385,2026-05-03 18:22:26,bathco
49,Technical specifications — Papua C — STONE,,https://www.thebathcollection.com/productos/papua-c-beige/?pdf=2792,2026-05-03 18:22:26,bathco
50,Technical specifications — Papua — STONE,,https://www.thebathcollection.com/productos/papua-beige/?pdf=2780,2026-05-03 18:22:26,bathco
51,Technical specifications — Mimika C — STONE,,https://www.thebathcollection.com/productos/mimika-c-beige/?pdf=2304,2026-05-03 18:22:26,bathco
52,Technical specifications — Mimika — STONE,,https://www.thebathcollection.com/productos/mimika-beige/?pdf=2298,2026-05-03 18:22:26,bathco
53,Technical specifications — Mappi C — STONE,,https://www.thebathcollection.com/productos/mappi-c-beige/?pdf=2197,2026-05-03 18:22:26,bathco
54,Technical specifications — Mappi — STONE,,https://www.thebathcollection.com/productos/mappi-beige/?pdf=2191,2026-05-03 18:22:26,bathco
55,Technical specifications — Mauritius — STONE,,https://www.thebathcollection.com/productos/mauritius/?pdf=2215,2026-05-03 18:22:26,bathco
56,Technical specifications — Gorea — STONE,,https://www.thebathcollection.com/productos/gorea-doreng/?pdf=1834,2026-05-03 18:22:26,bathco
57,Technical specifications — Duotono B — STONE,,https://www.thebathcollection.com/productos/duotono-b/?pdf=1586,2026-05-03 18:22:26,bathco
58,Technical specifications — Suances — Cement,,https://www.thebathcollection.com/productos/suances/?pdf=3392,2026-05-03 18:22:26,bathco
59,Declaración de prestaciones — Suances — Cement,,https://www.thebathcollection.com/wp-content/uploads/2026/01/BATHCO-Declaracion-de-prestaciones-DoP-lavabos-de-cemento.pdf,2026-05-03 18:22:26,bathco
60,Technical specifications — Parbayón — Cement,,https://www.thebathcollection.com/productos/parbayon/?pdf=2807,2026-05-03 18:22:26,bathco
61,Technical specifications — Parbayón terrazzo — Cement,,https://www.thebathcollection.com/productos/parbayon-terrazo/?pdf=2810,2026-05-03 18:22:26,bathco
62,Technical specifications — Nestares — Cement,,https://www.thebathcollection.com/productos/nestares-teja/?pdf=2527,2026-05-03 18:22:26,bathco
63,Technical specifications — Detroit alto — METALIC,,https://www.thebathcollection.com/productos/detroit-alto-cepillado/?pdf=1349,2026-05-03 18:22:26,bathco
64,Declaración de prestaciones — Detroit alto — METALIC,,https://www.thebathcollection.com/wp-content/uploads/2026/01/BATHCO-Declaracion-de-prestaciones-DoP-lavabos-de-acero-inoxidable.pdf,2026-05-03 18:22:26,bathco
65,Technical specifications — Detroit rectangular — METALIC,,https://www.thebathcollection.com/productos/detroit-rectangular-cepillado/?pdf=1403,2026-05-03 18:22:26,bathco
66,Technical specifications — Detroit oval — METALIC,,https://www.thebathcollection.com/productos/detroit-oval-cepillado/?pdf=1376,2026-05-03 18:22:26,bathco
67,Technical specifications — Detroit cuadrado — METALIC,,https://www.thebathcollection.com/productos/detroit-cuadrado-cepillado/?pdf=1367,2026-05-03 18:22:26,bathco
68,Technical specifications — Detroit circular — METALIC,,https://www.thebathcollection.com/productos/detroit-circular-cepillado/?pdf=1358,2026-05-03 18:22:26,bathco
69,Technical specifications — Detroit Circular B — METALIC,,https://www.thebathcollection.com/productos/detroit-circular-b-cepillado/?pdf=17801,2026-05-03 18:22:26,bathco
70,Technical specifications — Hekla — METALIC,,https://www.thebathcollection.com/productos/hekla/?pdf=17817,2026-05-03 18:22:26,bathco
71,Declaración de prestaciones — Hekla — METALIC,,https://www.thebathcollection.com/wp-content/uploads/2026/02/BATHCO-Declaracion-de-prestaciones-DoP-lavabos-de-porcelana-sin-rebosadero.pdf,2026-05-03 18:22:26,bathco
72,Technical specifications — Dinan 38 Traquita — Porcelain,,https://www.thebathcollection.com/productos/dinan-38-traquita-greyblue/?pdf=1451,2026-05-03 18:22:26,bathco
73,Declaración de conformidad — Dinan 38 Traquita — Porcelain,,https://www.thebathcollection.com/wp-content/uploads/2026/02/BATHCO-Declaracion-de-conformidad-UE-lavabos-porcelana.pdf,2026-05-03 18:22:26,bathco
74,Technical specifications — Seceda Oval — Porcelain,,https://www.thebathcollection.com/productos/seceda-oval/?pdf=17900,2026-05-03 18:22:26,bathco
75,Declaración de prestaciones — Seceda Oval — Porcelain,,https://www.thebathcollection.com/wp-content/uploads/2026/01/BATHCO-Declaracion-de-prestaciones-DoP-lavabos-de-solid-surface.pdf,2026-05-03 18:22:26,bathco
76,Technical specifications — Seceda Cuadrado — Porcelain,,https://www.thebathcollection.com/productos/seceda-cuadrado/?pdf=17899,2026-05-03 18:22:26,bathco
77,Technical specifications — Seceda Circular — Porcelain,,https://www.thebathcollection.com/productos/seceda-circular/?pdf=17898,2026-05-03 18:22:26,bathco
78,Technical specifications — Dinan Circular Colors — Porcelain,,https://www.thebathcollection.com/productos/dinan-circular-tan/?pdf=17804,2026-05-03 18:22:26,bathco
79,Technical specifications — Wadi Rustico — Porcelain,,https://www.thebathcollection.com/productos/wadi-rustico/?pdf=3906,2026-05-03 18:22:26,bathco
80,Technical specifications — Wadi Grey — Porcelain,,https://www.thebathcollection.com/productos/wadi-gris/?pdf=3861,2026-05-03 18:22:26,bathco
81,Technical specifications — New Cuenca — Porcelain,,https://www.thebathcollection.com/productos/new-cuenca/?pdf=2532,2026-05-03 18:22:26,bathco
82,Technical specifications — Luena 1000 — Porcelain,,https://www.thebathcollection.com/productos/luena-1000/?pdf=2146,2026-05-03 18:22:26,bathco
83,Technical specifications — Luena 600 — Porcelain,,https://www.thebathcollection.com/productos/luena-600/?pdf=2143,2026-05-03 18:22:26,bathco
84,Technical specifications — Luena 450 — Porcelain,,https://www.thebathcollection.com/productos/luena-450/?pdf=2140,2026-05-03 18:22:26,bathco
85,Technical specifications — Florencia — Porcelain,,https://www.thebathcollection.com/productos/florencia/?pdf=1783,2026-05-03 18:22:26,bathco
86,Technical specifications — Belted — Porcelain,,https://www.thebathcollection.com/productos/belted/?pdf=947,2026-05-03 18:22:26,bathco
87,Technical specifications — Rennes — Porcelain,,https://www.thebathcollection.com/productos/rennes/?pdf=3041,2026-05-03 18:22:26,bathco
88,Technical specifications — Damasco — WOOD,,https://www.thebathcollection.com/productos/damasco/?pdf=17756,2026-05-03 18:22:26,bathco
89,Declaración de prestaciones — Damasco — WOOD,,https://www.thebathcollection.com/wp-content/uploads/2026/03/BATHCO-Declaracion-de-prestaciones-DoP-lavabos-de-bambu.pdf,2026-05-03 18:22:26,bathco
90,Technical specifications — Agra Oval — WOOD,,https://www.thebathcollection.com/productos/agra-oval/?pdf=17653,2026-05-03 18:22:26,bathco
91,Declaración de prestaciones — Agra Oval — WOOD,,https://www.thebathcollection.com/wp-content/uploads/2026/03/BATHCO-Declaracion-de-prestaciones-DoP-lavabos-de-madera-v2.pdf,2026-05-03 18:22:26,bathco
92,Technical specifications — Agra Cuadrado — WOOD,,https://www.thebathcollection.com/productos/agra-cuadrado/?pdf=17652,2026-05-03 18:22:26,bathco
93,Technical specifications — Rosario — Composite,,https://www.thebathcollection.com/productos/rosario-blanco/?pdf=3086,2026-05-03 18:22:26,bathco
94,Technical specifications — Set Belted — Porcelain,,https://www.thebathcollection.com/productos/set-belted-taupe/?pdf=17909,2026-05-03 18:22:26,bathco
95,Technical specifications — Marsella — Porcelain,,https://www.thebathcollection.com/productos/marsella/?pdf=2206,2026-05-03 18:22:26,bathco
96,Technical specifications — Hamburg — Porcelain,,https://www.thebathcollection.com/productos/hamburg/?pdf=1900,2026-05-03 18:22:26,bathco
97,Declaración de prestaciones — Hamburg — Porcelain,,https://www.thebathcollection.com/wp-content/uploads/2026/02/BATHCO-Declaracion-de-prestaciones-DoP-lavabos-de-porcelana-con-rebosadero.pdf,2026-05-03 18:22:26,bathco
98,Technical specifications — Fuengirola — Porcelain,,https://www.thebathcollection.com/productos/fuengirola/?pdf=1801,2026-05-03 18:22:26,bathco
99,Technical specifications — Bruselas 900 — Porcelain,,https://www.thebathcollection.com/productos/bruselas-900/?pdf=1049,2026-05-03 18:22:26,bathco
100,Technical specifications — Bruselas 600 — Porcelain,,https://www.thebathcollection.com/productos/bruselas-600/?pdf=1046,2026-05-03 18:22:26,bathco
101,Technical specifications — Bruselas 500 — Porcelain,,https://www.thebathcollection.com/productos/bruselas-500/?pdf=1043,2026-05-03 18:22:26,bathco
102,Technical specifications — Ice Cream — Porcelain,,https://www.thebathcollection.com/productos/ice-cream/?pdf=1918,2026-05-03 18:22:26,bathco
103,Technical specifications — Bolonia — Porcelain,,https://www.thebathcollection.com/productos/bolonia/?pdf=1022,2026-05-03 18:22:26,bathco
104,Technical specifications — Detroit pared — Metallic,,https://www.thebathcollection.com/productos/detroit-pared-gunmetal/?pdf=1388,2026-05-03 18:22:26,bathco
105,Technical specifications — Torino — Porcelain,,https://www.thebathcollection.com/productos/torino-380/?pdf=3499,2026-05-03 18:22:26,bathco
106,Technical specifications — Modena — Porcelain,,https://www.thebathcollection.com/productos/modena/?pdf=2325,2026-05-03 18:22:26,bathco
107,Technical specifications — Cerdeña — Porcelain,,https://www.thebathcollection.com/productos/cerdena-435/?pdf=1214,2026-05-03 18:22:26,bathco
108,Technical specifications — Ancona — Porcelain,,https://www.thebathcollection.com/productos/ancona/?pdf=857,2026-05-03 18:22:26,bathco
109,Technical specifications — Buelna — Porcelain,,https://www.thebathcollection.com/productos/buelna/?pdf=1058,2026-05-03 18:22:26,bathco
110,Technical specifications — Colloto — Porcelain,,https://www.thebathcollection.com/productos/colloto/?pdf=1289,2026-05-03 18:22:26,bathco
111,Technical specifications — Verona — Porcelain,,https://www.thebathcollection.com/productos/verona/?pdf=3790,2026-05-03 18:22:26,bathco
112,Technical specifications — Satélite — Porcelain,,https://www.thebathcollection.com/productos/satelite/?pdf=3188,2026-05-03 18:22:26,bathco
113,Technical specifications — Manhattan — Porcelain,,https://www.thebathcollection.com/productos/manhattan-1000/?pdf=2188,2026-05-03 18:22:26,bathco
114,Technical specifications — Vulka — Stone,,https://www.thebathcollection.com/productos/vulka-beige/?pdf=3831,2026-05-03 18:22:26,bathco
115,Technical specifications — Belted Columna — Porcelain,,https://www.thebathcollection.com/productos/belted-columna-taupe/?pdf=17679,2026-05-03 18:22:26,bathco
116,Technical specifications — Arenas — Porcelain,,https://www.thebathcollection.com/productos/arenas/?pdf=885,2026-05-03 18:22:26,bathco
117,Technical specifications — Barros — Porcelain,,https://www.thebathcollection.com/productos/barros/?pdf=935,2026-05-03 18:22:26,bathco
118,Technical specifications — Bohol — Stone,,https://www.thebathcollection.com/productos/bohol-gris/?pdf=1013,2026-05-03 18:22:26,bathco
119,Technical specifications — Striae pedestal — Stone,,https://www.thebathcollection.com/productos/striae-pedestal-beige/?pdf=3386,2026-05-03 18:22:26,bathco
120,Technical specifications — Fuji Pedestal — Stone,,https://www.thebathcollection.com/productos/fuji-grey/?pdf=17812,2026-05-03 18:22:26,bathco
121,Technical specifications — Damasco Pedestal — WOOD,,https://www.thebathcollection.com/productos/damasco-pedestal/?pdf=17757,2026-05-03 18:22:26,bathco
122,Technical specifications — Treviso pedestal — WOOD,,https://www.thebathcollection.com/productos/treviso-pedestal-cepillado/?pdf=3537,2026-05-03 18:22:26,bathco
123,Technical specifications — Kalasin — WOOD,,https://www.thebathcollection.com/productos/kalasin/?pdf=1970,2026-05-03 18:22:26,bathco
124,Technical specifications — Detroit pedestal — Metallic,,https://www.thebathcollection.com/productos/detroit-pedestal-gunmetal/?pdf=1397,2026-05-03 18:22:26,bathco
125,Technical specifications — Malay A — Metallic,,https://www.thebathcollection.com/productos/malay-gris/?pdf=2170,2026-05-03 18:22:26,bathco
126,Technical specifications — Malay B — Metallic,,https://www.thebathcollection.com/productos/malay-b-rosegold/?pdf=2180,2026-05-03 18:22:26,bathco
127,Technical specifications — Versailles — Stone,,https://www.thebathcollection.com/productos/plato-de-ducha-versalles-beige/?pdf=2972,2026-05-03 18:22:26,bathco
128,Technical specifications — Oco — Stone,,https://www.thebathcollection.com/productos/plato-de-ducha-oco-beige/?pdf=2915,2026-05-03 18:22:26,bathco
129,Technical specifications — Simi — Stone,,https://www.thebathcollection.com/productos/plato-de-ducha-simi/?pdf=2921,2026-05-03 18:22:26,bathco
130,Technical specifications — Icono — Stone,,https://www.thebathcollection.com/productos/plato-de-ducha-icono/?pdf=2900,2026-05-03 18:22:26,bathco
131,Technical specifications — Simi bathtub — Stone,,https://www.thebathcollection.com/productos/banera-simi-beige/?pdf=923,2026-05-03 18:22:26,bathco
132,Technical specifications — Chester — Complements,,https://www.thebathcollection.com/productos/chester-negro/?pdf=1265,2026-05-03 18:22:26,bathco
133,Technical specifications — Pedestal steel bars — Complements,,https://www.thebathcollection.com/productos/pedestal-barras-de-acero/?pdf=2813,2026-05-03 18:22:26,bathco
134,Technical specifications — Pedestal wooden bars — Complements,,https://www.thebathcollection.com/productos/pedestal-barras-de-madera/?pdf=2816,2026-05-03 18:22:26,bathco
135,Technical specifications — Wooden pedestal 440 — Complements,,https://www.thebathcollection.com/productos/pedestal-de-madera-circular/?pdf=2831,2026-05-03 18:22:26,bathco
136,Technical specifications — Wooden pedestal 570 — Complements,,https://www.thebathcollection.com/productos/pedestal-de-madera-cuadrado/?pdf=2834,2026-05-03 18:22:26,bathco
137,Technical specifications — Halong — Complements,,https://www.thebathcollection.com/productos/halong-bambu/?pdf=1888,2026-05-03 18:22:26,bathco
138,Technical specifications — Sisaket — Complements,,https://www.thebathcollection.com/productos/sisaket/?pdf=3317,2026-05-03 18:22:26,bathco
139,Technical specifications — Pleiku — Complements,,https://www.thebathcollection.com/productos/pleiku/?pdf=2978,2026-05-03 18:22:26,bathco
140,Technical specifications — Round siphon — siphon,,https://www.thebathcollection.com/productos/sifon-redondo-bronce/?pdf=3314,2026-05-03 18:22:26,bathco
141,Technical specifications — Valve and siphon set — siphon,,https://www.thebathcollection.com/productos/set-valvula-y-sifon/?pdf=3270,2026-05-03 18:22:26,bathco
142,Item spare parts sheet Download icon — AC/ECLIPSE - Pipă înaltă freestanding — Studiocharlie,,https://res.cloudinary.com/thinking/image/upload/v1717573362/fantiniProduzione/RIC_Z240BUZ240AU.pdf,2026-05-10 14:39:26,fantini sanitare
143,Technical Drawing Download icon — AC/ECLIPSE - Control separat — Studiocharlie,,https://res.cloudinary.com/thinking/image/upload/v1705480487/fantiniProduzione/DIS_CC_L563BUD763AU.pdf,2026-05-10 14:39:26,fantini sanitare
144,Installation Instructions - Trim Download icon — AC/ECLIPSE - Control separat — Studiocharlie,,https://res.cloudinary.com/thinking/image/upload/v1710801533/fantiniProduzione/ISTR_L563BU_D763AU.pdf,2026-05-10 14:39:26,fantini sanitare
145,Installation Instructions - Rough Download icon — AC/ECLIPSE - Control separat — Studiocharlie,,https://res.cloudinary.com/thinking/image/upload/v1710801531/fantiniProduzione/ISTR_D763AU.pdf,2026-05-10 14:39:26,fantini sanitare
146,Spec Sheet Download icon — AC/ECLIPSE - Control separat — Studiocharlie,,https://res.cloudinary.com/thinking/image/upload/v1705480492/fantiniProduzione/ENG_AC_ECLIPSE_L563BUD763AU.pdf,2026-05-10 14:39:26,fantini sanitare
147,Item spare parts sheet Download icon — AC/ECLIPSE - Control separat — Studiocharlie,,https://res.cloudinary.com/thinking/image/upload/v1710801536/fantiniProduzione/RIC_L563BUD763AU.pdf,2026-05-10 14:39:26,fantini sanitare
148,Technical Drawing Download icon — AC/ECLIPSE - Baterie bideu — Studiocharlie,,https://res.cloudinary.com/thinking/image/upload/v1705480509/fantiniProduzione/DIS_CC_L508WU.pdf,2026-05-10 14:39:26,fantini sanitare
149,Installation Instructions Download icon — AC/ECLIPSE - Baterie bideu — Studiocharlie,,https://res.cloudinary.com/thinking/image/upload/v1707294241/fantiniProduzione/ISTR_L508WU.pdf,2026-05-10 14:39:26,fantini sanitare
150,Spec Sheet Download icon — AC/ECLIPSE - Baterie bideu — Studiocharlie,,https://res.cloudinary.com/thinking/image/upload/v1705480513/fantiniProduzione/ENG_AC_ECLIPSE_L508WU.pdf,2026-05-10 14:39:26,fantini sanitare
151,Item spare parts sheet Download icon — AC/ECLIPSE - Baterie bideu — Studiocharlie,,https://res.cloudinary.com/thinking/image/upload/v1710254618/fantiniProduzione/RIC_L508WU.pdf,2026-05-10 14:39:26,fantini sanitare
152,Technical Drawing Download icon — AC/ECLIPSE - Sistem de duș încastrat — Studiocharlie,,https://res.cloudinary.com/thinking/image/upload/v1705480472/fantiniProduzione/DIS_CC_L773BUD973AU.pdf,2026-05-10 14:39:26,fantini sanitare
153,Installation Instructions - Trim Download icon — AC/ECLIPSE - Sistem de duș încastrat — Studiocharlie,,https://res.cloudinary.com/thinking/image/upload/v1708973681/fantiniProduzione/ISTR_L773BU_D973AU.pdf,2026-05-10 14:39:26,fantini sanitare
154,Installation Instructions - Rough Download icon — AC/ECLIPSE - Sistem de duș încastrat — Studiocharlie,,https://res.cloudinary.com/thinking/image/upload/v1708973678/fantiniProduzione/ISTR_D973AU.pdf,2026-05-10 14:39:26,fantini sanitare
155,Spec Sheet Download icon — AC/ECLIPSE - Sistem de duș încastrat — Studiocharlie,,https://res.cloudinary.com/thinking/image/upload/v1705480478/fantiniProduzione/ENG_AC_ECLIPSE_L773BUD973AU.pdf,2026-05-10 14:39:26,fantini sanitare
156,Item spare parts sheet Download icon — AC/ECLIPSE - Sistem de duș încastrat — Studiocharlie,,https://res.cloudinary.com/thinking/image/upload/v1710801973/fantiniProduzione/RIC_L773BUD973AU.pdf,2026-05-10 14:39:26,fantini sanitare
157,Technical Drawing Download icon — AC/ECLIPSE - Set de cadă încastrat — Studiocharlie,,https://res.cloudinary.com/thinking/image/upload/v1705480435/fantiniProduzione/DIS_CC_L521BUD721AU.pdf,2026-05-10 14:39:26,fantini sanitare
158,Installation Instructions - Trim Download icon — AC/ECLIPSE - Set de cadă încastrat — Studiocharlie,,https://res.cloudinary.com/thinking/image/upload/v1705480431/fantiniProduzione/ISTR_L521BU_D721AU.pdf,2026-05-10 14:39:26,fantini sanitare
159,Installation Instructions - Rough Download icon — AC/ECLIPSE - Set de cadă încastrat — Studiocharlie,,https://res.cloudinary.com/thinking/image/upload/v1705480428/fantiniProduzione/ISTR_D721AU.pdf,2026-05-10 14:39:26,fantini sanitare
160,Spec Sheet Download icon — AC/ECLIPSE - Set de cadă încastrat — Studiocharlie,,https://res.cloudinary.com/thinking/image/upload/v1705480440/fantiniProduzione/ENG_AC_ECLIPSE_L521BUD721AU.pdf,2026-05-10 14:39:26,fantini sanitare
161,Item spare parts sheet Download icon — AC/ECLIPSE - Set de cadă încastrat — Studiocharlie,,https://res.cloudinary.com/thinking/image/upload/v1710801956/fantiniProduzione/RIC_L521BUD721AU.pdf,2026-05-10 14:39:26,fantini sanitare
162,Technical Drawing Download icon — AC/ECLIPSE - Set de cadă de blat — Studiocharlie,,https://res.cloudinary.com/thinking/image/upload/v1770818809/fantiniProduzione/DIS_CC_L667U_1702372047.pdf,2026-05-10 14:39:26,fantini sanitare
163,Installation Instructions - Trim Download icon — AC/ECLIPSE - Set de cadă de blat — Studiocharlie,,https://res.cloudinary.com/thinking/image/upload/v1770818816/fantiniProduzione/ISTR_L667U_1719990427.pdf,2026-05-10 14:39:26,fantini sanitare
164,Spec Sheet Download icon — AC/ECLIPSE - Set de cadă de blat — Studiocharlie,,https://res.cloudinary.com/thinking/image/upload/v1770821307/fantiniProduzione/ENG_AC_ECLIPSE_L667U_1705424421.pdf,2026-05-10 14:39:26,fantini sanitare
165,Item spare parts sheet Download icon — AC/ECLIPSE - Set de cadă de blat — Studiocharlie,,https://res.cloudinary.com/thinking/image/upload/v1770818806/fantiniProduzione/RIC_L667U_1717398262.pdf,2026-05-10 14:39:26,fantini sanitare
166,Technical Drawing Download icon — AC/ECLIPSE - Baterie înaltă freestanding cu duș — Studiocharlie,,https://res.cloudinary.com/thinking/image/upload/v1770818855/fantiniProduzione/DIS_CC_L580BUD736AU_1702374104.pdf,2026-05-10 14:39:26,fantini sanitare
167,Installation Instructions - Trim Download icon — AC/ECLIPSE - Baterie înaltă freestanding cu duș — Studiocharlie,,https://res.cloudinary.com/thinking/image/upload/v1770818858/fantiniProduzione/ISTR_L580BU_D736AU_1707413181.pdf,2026-05-10 14:39:26,fantini sanitare
168,Installation Instructions - Rough Download icon — AC/ECLIPSE - Baterie înaltă freestanding cu duș — Studiocharlie,,https://res.cloudinary.com/thinking/image/upload/v1770818861/fantiniProduzione/ISTR_D736AU_1706723720.pdf,2026-05-10 14:39:26,fantini sanitare
169,Spec Sheet Download icon — AC/ECLIPSE - Baterie înaltă freestanding cu duș — Studiocharlie,,https://res.cloudinary.com/thinking/image/upload/v1770818843/fantiniProduzione/ENG_AC_ECLIPSE_L580BUD736AU_1705424440.pdf,2026-05-10 14:39:26,fantini sanitare
170,Item spare parts sheet Download icon — AC/ECLIPSE - Baterie înaltă freestanding cu duș — Studiocharlie,,https://res.cloudinary.com/thinking/image/upload/v1770818851/fantiniProduzione/RIC_L580BUD736AU_1710496817.pdf,2026-05-10 14:39:26,fantini sanitare
171,Technical Drawing Download icon — AF/21 - Baterie joasă — Naoto Fukasawa,,https://res.cloudinary.com/thinking/image/upload/v1705328853/fantiniProduzione/DIS_CC_A204WUCY.pdf,2026-05-10 14:39:26,fantini sanitare
172,Installation Instructions Download icon — AF/21 - Baterie joasă — Naoto Fukasawa,,https://res.cloudinary.com/thinking/image/upload/v1715288653/fantiniProduzione/ISTR_A204WUCY.pdf,2026-05-10 14:39:26,fantini sanitare
173,Spec Sheet Download icon — AF/21 - Baterie joasă — Naoto Fukasawa,,https://cms-ta.fantini.it/wp-content/uploads/2024/01/15/ENG_AF_21_A204WUCY.pdf,2026-05-10 14:39:26,fantini sanitare
174,Item spare parts sheet Download icon — AF/21 - Baterie joasă — Naoto Fukasawa,,https://res.cloudinary.com/thinking/image/upload/v1713514583/fantiniProduzione/RIC_A204WUCY.pdf,2026-05-10 14:39:26,fantini sanitare
175,Catalog Download icon Download icon — AF/21 - Baterie joasă — Naoto Fukasawa,,https://res.cloudinary.com/thinking/image/upload/v1665222200/fantiniProduzione/CATALOGO-AF21_USA-4_572943f70e9.pdf,2026-05-10 14:39:26,fantini sanitare
176,Technical manual Download icon Download icon — AF/21 - Baterie joasă — Naoto Fukasawa,,https://res.cloudinary.com/thinking/image/upload/v1665222149/fantiniProduzione/MANUALE_TECNICO-AF21_USA-6_5729520bba3.pdf,2026-05-10 14:39:26,fantini sanitare
177,Technical Drawing Download icon — AF/21 - Baterie înaltă — Naoto Fukasawa,,https://res.cloudinary.com/thinking/image/upload/v1716534597/fantiniProduzione/DIS_CC_A206WUCX.pdf,2026-05-10 14:39:26,fantini sanitare
178,Installation Instructions Download icon — AF/21 - Baterie înaltă — Naoto Fukasawa,,https://res.cloudinary.com/thinking/image/upload/v1715288647/fantiniProduzione/ISTR_A206WUCX.pdf,2026-05-10 14:39:26,fantini sanitare
179,Spec Sheet Download icon — AF/21 - Baterie înaltă — Naoto Fukasawa,,https://cms-ta.fantini.it/wp-content/uploads/2024/01/15/ENG_AF_21_A206WUCX.pdf,2026-05-10 14:39:26,fantini sanitare
180,Item spare parts sheet Download icon — AF/21 - Baterie înaltă — Naoto Fukasawa,,https://res.cloudinary.com/thinking/image/upload/v1718705062/fantiniProduzione/RIC_A206WUCX.pdf,2026-05-10 14:39:26,fantini sanitare
181,Technical Drawing Download icon — AF/21 I - Baterie încastrată — Naoto Fukasawa,,https://res.cloudinary.com/thinking/image/upload/v1770752494/fantiniProduzione/DIS_CC_A713BUCXA713AU_1719225333.pdf,2026-05-10 14:39:26,fantini sanitare
182,Installation Instructions - Trim Download icon — AF/21 I - Baterie încastrată — Naoto Fukasawa,,https://res.cloudinary.com/thinking/image/upload/v1770752499/fantiniProduzione/ISTR_A713BUCX_A713AU_1656426955.pdf,2026-05-10 14:39:26,fantini sanitare
183,Installation Instructions - Rough Download icon — AF/21 I - Baterie încastrată — Naoto Fukasawa,,https://res.cloudinary.com/thinking/image/upload/v1770752503/fantiniProduzione/ISTR_A713AU_1659618670.pdf,2026-05-10 14:39:26,fantini sanitare
184,Spec Sheet Download icon — AF/21 I - Baterie încastrată — Naoto Fukasawa,,https://res.cloudinary.com/thinking/image/upload/v1770752483/fantiniProduzione/ENG_AF_21_A713BUCXA713AU_1705334838.pdf,2026-05-10 14:39:26,fantini sanitare
185,Item spare parts sheet Download icon — AF/21 I - Baterie încastrată — Naoto Fukasawa,,https://res.cloudinary.com/thinking/image/upload/v1770753233/fantiniProduzione/RIC_A713BUCXA713AU_1718186573.pdf,2026-05-10 14:39:26,fantini sanitare
186,Technical Drawing Download icon — AF/21 II - Baterie încastrată — Naoto Fukasawa,,https://res.cloudinary.com/thinking/image/upload/v1705328843/fantiniProduzione/DIS_CC_A813BUCYR010AU.pdf,2026-05-10 14:39:26,fantini sanitare
187,Installation Instructions - Trim Download icon — AF/21 II - Baterie încastrată — Naoto Fukasawa,,https://res.cloudinary.com/thinking/image/upload/v1715288637/fantiniProduzione/ISTR_A813BUCY_R010AU.pdf,2026-05-10 14:39:26,fantini sanitare
188,Spec Sheet Download icon — AF/21 II - Baterie încastrată — Naoto Fukasawa,,https://cms-ta.fantini.it/wp-content/uploads/2024/01/15/ENG_AF_21_A813BUCYR010AU.pdf,2026-05-10 14:39:26,fantini sanitare
189,Item spare parts sheet Download icon — AF/21 II - Baterie încastrată — Naoto Fukasawa,,https://res.cloudinary.com/thinking/image/upload/v1718705051/fantiniProduzione/RIC_A813BUCYR010AU.pdf,2026-05-10 14:39:26,fantini sanitare
190,Technical Drawing Download icon — AF/21 - Sistem de duș încastrat — Naoto Fukasawa,,https://res.cloudinary.com/thinking/image/upload/v1708528959/fantiniProduzione/DIS_CC_A817BUCYA817AU.pdf,2026-05-10 14:39:26,fantini sanitare
191,Installation Instructions - Trim Download icon — AF/21 - Sistem de duș încastrat — Naoto Fukasawa,,https://res.cloudinary.com/thinking/image/upload/v1708528956/fantiniProduzione/ISTR_A817BUCY_A817AU.pdf,2026-05-10 14:39:26,fantini sanitare
192,Installation Instructions - Rough Download icon — AF/21 - Sistem de duș încastrat — Naoto Fukasawa,,https://res.cloudinary.com/thinking/image/upload/v1677691000/fantiniProduzione/ISTR_A817AU.pdf,2026-05-10 14:39:26,fantini sanitare
193,Spec Sheet Download icon — AF/21 - Sistem de duș încastrat — Naoto Fukasawa,,https://cms-ta.fantini.it/wp-content/uploads/2024/01/15/ENG_AF_21_A817BUCYA817AU.pdf,2026-05-10 14:39:26,fantini sanitare
194,Item spare parts sheet Download icon — AF/21 - Sistem de duș încastrat — Naoto Fukasawa,,https://res.cloudinary.com/thinking/image/upload/v1708682055/fantiniProduzione/RIC_A817BUCYA817AU.pdf,2026-05-10 14:39:26,fantini sanitare
195,Technical Drawing Download icon — AF/21 - Duș de mână — Naoto Fukasawa,,https://res.cloudinary.com/thinking/image/upload/v1665161806/fantiniProduzione/DIS_CC_8061U.pdf,2026-05-10 14:39:26,fantini sanitare
196,Spec Sheet Download icon — AF/21 - Duș de mână — Naoto Fukasawa,,https://res.cloudinary.com/thinking/image/upload/v1665161813/fantiniProduzione/ENG_AF_21_8061U.pdf,2026-05-10 14:39:26,fantini sanitare
197,Technical Drawing Download icon — AF/21 - Baterie pentru duș — Naoto Fukasawa,,https://res.cloudinary.com/thinking/image/upload/v1722499303/fantiniProduzione/DIS_CC_A785BUCXA785AU.pdf,2026-05-10 14:39:26,fantini sanitare
198,Installation Instructions - Trim Download icon — AF/21 - Baterie pentru duș — Naoto Fukasawa,,https://res.cloudinary.com/thinking/image/upload/v1715288632/fantiniProduzione/ISTR_A785BUCX_A785AU.pdf,2026-05-10 14:39:26,fantini sanitare
199,Installation Instructions - Rough Download icon — AF/21 - Baterie pentru duș — Naoto Fukasawa,,https://res.cloudinary.com/thinking/image/upload/v1715288710/fantiniProduzione/ISTR_A785AU_758836683fd.pdf,2026-05-10 14:39:26,fantini sanitare
200,Spec Sheet Download icon — AF/21 - Baterie pentru duș — Naoto Fukasawa,,https://cms-ta.fantini.it/wp-content/uploads/2024/01/15/ENG_AF_21_A785BUCXA785AU.pdf,2026-05-10 14:39:26,fantini sanitare
201,Item spare parts sheet Download icon — AF/21 - Baterie pentru duș — Naoto Fukasawa,,https://res.cloudinary.com/thinking/image/upload/v1718705046/fantiniProduzione/RIC_A785BUCXA785AU.pdf,2026-05-10 14:39:26,fantini sanitare
202,Technical Drawing Download icon — AF/21 - Baterie înaltă freestanding cu duș — Naoto Fukasawa,,https://res.cloudinary.com/thinking/image/upload/v1770819803/fantiniProduzione/DIS_CC_A580BUA036AU_1483367084.pdf,2026-05-10 14:39:26,fantini sanitare
203,Installation Instructions - Trim Download icon — AF/21 - Baterie înaltă freestanding cu duș — Naoto Fukasawa,,https://res.cloudinary.com/thinking/image/upload/v1770819808/fantiniProduzione/ISTR_A580BU_A036AU_1643793557.pdf,2026-05-10 14:39:26,fantini sanitare
204,Installation Instructions - Rough Download icon — AF/21 - Baterie înaltă freestanding cu duș — Naoto Fukasawa,,https://res.cloudinary.com/thinking/image/upload/v1770819811/fantiniProduzione/ISTR_A036AU_1643793557.pdf,2026-05-10 14:39:26,fantini sanitare
205,Spec Sheet Download icon — AF/21 - Baterie înaltă freestanding cu duș — Naoto Fukasawa,,https://res.cloudinary.com/thinking/image/upload/v1770819806/fantiniProduzione/ENG_AF_21_A580BUA036AU_1705335435.pdf,2026-05-10 14:39:26,fantini sanitare
206,Item spare parts sheet Download icon — AF/21 - Baterie înaltă freestanding cu duș — Naoto Fukasawa,,https://res.cloudinary.com/thinking/image/upload/v1770819799/fantiniProduzione/RIC_A580BUA036AU_1643793731.pdf,2026-05-10 14:39:26,fantini sanitare
207,Installation Instructions - Trim Download icon — AF/21 - Set de cadă încastrat — Naoto Fukasawa,,https://res.cloudinary.com/thinking/image/upload/v1715288575/fantiniProduzione/ISTR_A819BUCX_A819AU.pdf,2026-05-10 14:39:26,fantini sanitare
208,Installation Instructions - Rough Download icon — AF/21 - Set de cadă încastrat — Naoto Fukasawa,,https://res.cloudinary.com/thinking/image/upload/v1696239289/fantiniProduzione/ISTR_A819AU.pdf,2026-05-10 14:39:26,fantini sanitare
209,Spec Sheet Download icon — AF/21 - Set de cadă încastrat — Naoto Fukasawa,,https://cms-ta.fantini.it/wp-content/uploads/2024/01/15/ENG_AF_21_A819BUCXA819AU.pdf,2026-05-10 14:39:26,fantini sanitare
210,Item spare parts sheet Download icon — AF/21 - Set de cadă încastrat — Naoto Fukasawa,,https://res.cloudinary.com/thinking/image/upload/v1717669190/fantiniProduzione/RIC_A819BUCXA819AU.pdf,2026-05-10 14:39:26,fantini sanitare
211,Technical specifications — Tasos high — Tasos,,https://www.thebathcollection.com/productos/tasos-grifo-lavabo-alto/?pdf=3416,2026-05-03 18:22:26,bathco
212,Pebbles Catalog — Elements Pebbles Beige — Elements Pebbles,,https://www.casalgrandepadana.it/media/filer_public/0c/52/0c52c8f2-3da4-4631-9c9b-02f8359ebc4a/cp_cat_pebbles_lr_02_2026.pdf,2026-05-10 14:32:50,casalgrande padana
213,92.50-Carbi — 92.50 Carbi -- White Carrara Marble Aggregate Terrazzo for Modern Style — Standard,,https://euval.com/wp-content/uploads/92.50-Carbi.pdf,2026-05-10 14:35:51,euval
214,Technical Drawing Download icon — Nostromo - Baterie joasă — Davide Mercatali,,https://res.cloudinary.com/thinking/image/upload/v1665163441/fantiniProduzione/DIS_CC_E904WU.pdf,2026-05-10 14:39:26,fantini sanitare
215,4811303_en.pdf — CleoSteel - Baterie joasă — CleoSteel 48,,https://www.fir-italia.it/upload/prodotti/file/scheda_tecnica/4811303_en.pdf,2026-05-10 14:44:20,fir italia
216,Technical data sheet — Homescape,,https://fondovalle.it/en/downloads/download-document/technical-data-sheet-homescape/,2026-05-03 18:25:32,fondovalle ceramice
217,datasheet — 76 Rosso Diavolo — Terrazzo,,https://www.grandinetti.it/schede-tecniche/graniglia/76-rosso-diavolo.pdf,2026-05-03 18:23:18,grandinetti
218,PDF — Petra - Vas de toaletă cu picior — Petra,,https://www.ceramicagsg.it/wp-content/uploads/2025/09/PEWC01EC.pdf,2026-05-10 14:49:15,gsg sanitare
219,Data sheet — OSO Easy Chair — Peter Fehrentz,,https://www.more-moebel.de/upload/items/174/oso-easy-chair-pdf.pdf,2026-05-10 14:52:15,more mobilier
220,Download full sheet — Natural Light Oak — ECCO MAXI PLANK,,https://www.omniafloor.it/docs/ecco_technical_sheets.pdf,2026-05-03 18:25:26,omnia
221,Scarica SCHEDA TECNICA — Amalfi - Fotoliu — Amalfi,,https://rosasplendiani.it/wp-content/uploads/2023/12/60-191-technical-sheet-Amalfi-Armchair.pdf,2026-05-10 14:54:34,rosa splendiani mobilier
222,Technical specifications — Tasos low — Tasos,,https://www.thebathcollection.com/productos/tasos-grifo-lavabo/?pdf=3413,2026-05-03 18:22:26,bathco
223,Elements Catalog — Elements Pebbles Beige — Elements Pebbles,,https://www.casalgrandepadana.it/media/filer_public/3d/7e/3d7eabed-ebf1-4a58-9ddb-3b053e6ab1d8/cp_cat_elements_lr_02_2026.pdf,2026-05-10 14:32:50,casalgrande padana
224,Voci-di-capitolato — 92.50 Carbi -- White Carrara Marble Aggregate Terrazzo for Modern Style — Standard,,https://euval.com/wp-content/uploads/Voci-di-capitolato.pdf,2026-05-10 14:35:51,euval
225,Installation Instructions Download icon — Nostromo - Baterie joasă — Davide Mercatali,,https://res.cloudinary.com/thinking/image/upload/v1668010204/fantiniProduzione/ISTR_E904WU.pdf,2026-05-10 14:39:26,fantini sanitare
226,Download technical drawing — CleoSteel - Baterie joasă — CleoSteel 48,,https://www.fir-italia.it/download_file.php?u=dXBsb2FkL3Byb2RvdHRpL2ZpbGUvZGlzZWdub190ZWNuaWNvLzQ4MTEzMDMucGRm&f=4811303.pdf&e=1,2026-05-10 14:44:20,fir italia
227,Technical data sheet — Pigmento,,https://fondovalle.it/en/downloads/download-document/technical-data-sheet-pigmento/,2026-05-03 18:25:32,fondovalle ceramice
228,Conoscere la graniglia (EN) — Grandinetti,,https://www.grandinetti.it/pdf/conoscere_la_graniglia_eng.pdf,2026-05-03 18:23:18,grandinetti
229,PDF — Petra - Vas de toaletă suspendat — Petra,,https://www.ceramicagsg.it/wp-content/uploads/2025/09/PEWCSOEC.pdf,2026-05-10 14:49:15,gsg sanitare
230,Data sheet — SOVA Lounge chair — Bernhard Müller,,https://www.more-moebel.de/upload/items/138/sova-lounge-chair-pdf.pdf,2026-05-10 14:52:15,more mobilier
231,Download full sheet — Rovere Mielato — PLANK & HERRINGBONE,,https://www.omniafloor.it/docs/omnia_premium_technical_sheets.pdf,2026-05-03 18:25:26,omnia
232,Scarica SCHEDA TECNICA — Dakota - Fotoliu — Dakota,,https://rosasplendiani.it/wp-content/uploads/2023/12/60-201-technical-sheet-Dakota-Armchair.pdf,2026-05-10 14:54:34,rosa splendiani mobilier
233,Technical specifications — Milos high — Milos,,https://www.thebathcollection.com/productos/milos-grifo-lavabo-alto-cromo/?pdf=2286,2026-05-03 18:22:26,bathco
234,Technical Features — Elements Pebbles Beige — Elements Pebbles,,https://www.casalgrandepadana.it/media/filer_public/c7/0b/c70b3694-6b7e-4d2e-87ad-d9dc9f6514f3/pebbles_elements_tech_specs_2026.pdf,2026-05-10 14:32:50,casalgrande padana
235,92.40-Esco — 92.40 ESCO -- Terrazzo with White and Ebony Marble Aggregates for Modern Design — Standard,,https://euval.com/wp-content/uploads/92.40-Esco.pdf,2026-05-10 14:35:51,euval
236,Spec Sheet Download icon — Nostromo - Baterie joasă — Davide Mercatali,,https://res.cloudinary.com/thinking/image/upload/v1665163445/fantiniProduzione/ENG_NOSTROMO_E904WU.pdf,2026-05-10 14:39:26,fantini sanitare
237,Installation manual — CleoSteel - Baterie joasă — CleoSteel 48,,https://www.fir-italia.it/download_file.php?u=dXBsb2FkL2FuYWdyYWZpY2FfbWFudWFsaS9maWxlL2FsbGVnYXRvL2xzaW43NTAyLnBkZg==&f=lsin7502.pdf&e=1,2026-05-10 14:44:20,fir italia
238,Technical data sheet — Portland,,https://fondovalle.it/en/downloads/download-document/technical-data-sheet-portland/,2026-05-03 18:25:32,fondovalle ceramice
239,datasheet — 78 Bianco — Terrazzo,,https://www.grandinetti.it/schede-tecniche/graniglia/78-bianco.pdf,2026-05-03 18:23:18,grandinetti
240,PDF — Petra - Bideu cu picior — Petra,,https://www.ceramicagsg.it/wp-content/uploads/2025/09/PEBI01.pdf,2026-05-10 14:49:15,gsg sanitare
241,Data sheet — SOVA Chaise longue — Bernhard Müller,,https://www.more-moebel.de/upload/items/137/sova-chaise-longue-pdf.pdf,2026-05-10 14:52:15,more mobilier
242,Download full sheet — Rovere Perla — STANDARD PLANK,,https://www.omniafloor.it/docs/omnia_standard_technical_sheets.pdf,2026-05-03 18:25:26,omnia
243,Scarica SCHEDA TECNICA — Amalfi - Canapea — Amalfi,,https://rosasplendiani.it/wp-content/uploads/2023/12/60-191-technical-sheet-Amalfi-Sofa.pdf,2026-05-10 14:54:34,rosa splendiani mobilier
244,Technical specifications — Milos low — Milos,,https://www.thebathcollection.com/productos/milos-grifo-lavabo-cromo/?pdf=2274,2026-05-03 18:22:26,bathco
245,Tabella minimali — Elements Pebbles Beige — Elements Pebbles,,https://www.casalgrandepadana.it/media/filer_public/12/ea/12ea0371-7a62-48b6-8a06-3c214e4f970f/pebbles_elements.pdf,2026-05-10 14:32:50,casalgrande padana
246,92.60-Palma — 92.60 PALMA -- Neutral Nuance Terrazzo for Stylish Spaces — Standard,,https://euval.com/wp-content/uploads/92.60-Palma.pdf,2026-05-10 14:35:51,euval
247,Item spare parts sheet Download icon — Nostromo - Baterie joasă — Davide Mercatali,,https://res.cloudinary.com/thinking/image/upload/v1665747874/fantiniProduzione/RIC_E904WU.pdf,2026-05-10 14:39:26,fantini sanitare
248,Download catalogue — CleoSteel - Baterie joasă — CleoSteel 48,,https://www.fir-italia.it/download_file.php?u=dXBsb2FkL3Byb2RvdHRpL2ZpbGUvY2F0YWxvZ29fY29sbGV6aW9uZS9jbGVvc3RlZWxfNDhfMzgxbmQucGRm&f=cleosteel_48_381nd.pdf&e=1,2026-05-10 14:44:20,fir italia
249,Technical data sheet — Infinito 2.0,,https://fondovalle.it/en/downloads/download-document/technical-data-sheet-infinito/,2026-05-03 18:25:32,fondovalle ceramice
250,datasheet — 80 Salmone — Terrazzo,,https://www.grandinetti.it/schede-tecniche/graniglia/80-salmone.pdf,2026-05-03 18:23:18,grandinetti
251,PDF — Petra - Bideu suspendat — Petra,,https://www.ceramicagsg.it/wp-content/uploads/2025/09/PEBISO.pdf,2026-05-10 14:49:15,gsg sanitare
252,Data sheet — ONDA Dining Sofa – Modern Designer Seating for Contemporary Living — Bernhard Müller,,https://www.more-moebel.de/upload/items/194/onda-dining-sofa-pdf.pdf,2026-05-10 14:52:15,more mobilier
253,Download full sheet — Concrete Stone — STANDARD TILES,,https://www.omniafloor.it/docs/omnia_standard_tiles_technical_sheets.pdf,2026-05-03 18:25:26,omnia
254,Scarica SCHEDA TECNICA — Dakota - Canapea — Dakota,,https://rosasplendiani.it/wp-content/uploads/2023/12/60-203-technical-sheet-Dakota-Sofa.pdf,2026-05-10 14:54:34,rosa splendiani mobilier
255,Technical specifications — Athenas medium — Athenas,,https://www.thebathcollection.com/productos/grifo-medio-de-lavabo-athenas-negro/?pdf=1876,2026-05-03 18:22:26,bathco
256,Declaration of performance — Terrae Beige — Terrae,,https://www.casalgrandepadana.it/media/filer_public/e1/e2/e1e258a8-7ebd-491b-ac46-01a36fe633e4/dop_annex_001_eng_1.pdf,2026-05-10 14:32:50,casalgrande padana
257,93.00-Bono — 93.00 BONO -- Neutral Tone Terrazzo for Contemporary Environments — Standard,,https://euval.com/wp-content/uploads/93.00-Bono.pdf,2026-05-10 14:35:51,euval
258,Catalog Download icon Download icon — Nostromo - Baterie joasă — Davide Mercatali,,https://res.cloudinary.com/thinking/image/upload/v1665222640/fantiniProduzione/CATALOGO-NOSTROMO_USA-6_572834af7a8.pdf,2026-05-10 14:39:26,fantini sanitare
259,Download catalogue — CleoSteel - Baterie joasă — CleoSteel 48,,https://www.fir-italia.it/pdf/LookBook_2022_72dpi.pdf,2026-05-10 14:44:20,fir italia
260,Technical data sheet — Onyx,,https://fondovalle.it/en/downloads/download-document/technical-data-sheet-onyx/,2026-05-03 18:25:32,fondovalle ceramice
261,datasheet — 86 Nero grigio — Terrazzo,,https://www.grandinetti.it/schede-tecniche/graniglia/86-nero-grigio.pdf,2026-05-03 18:23:18,grandinetti
262,PDF — Petra - COLUMN I — Petra,,https://www.ceramicagsg.it/wp-content/uploads/2025/09/PELAVSECOLFS.pdf,2026-05-10 14:49:15,gsg sanitare
263,Data sheet — LAX Daybed 75 cm – Minimalist Design for Modern Spaces — Gil Coste,,https://www.more-moebel.de/upload/items/67/lax-daybed-pdf.pdf,2026-05-10 14:52:15,more mobilier
264,Download full sheet — Urban Stone Grey — REVESTA WALL,,https://www.omniafloor.it/docs/revesta_technical_sheets.pdf,2026-05-03 18:25:26,omnia
265,Scarica SCHEDA TECNICA — Dakota - Scaun — Dakota,,https://rosasplendiani.it/wp-content/uploads/2023/12/60-205-technical-sheet-Dakota-Dining-Chair.pdf,2026-05-10 14:54:34,rosa splendiani mobilier
266,Technical specifications — Athenas low — Athenas,,https://www.thebathcollection.com/productos/grifo-bajo-de-lavabo-athenas-negro/?pdf=1861,2026-05-03 18:22:26,bathco
267,Technical Features — Terrae Beige — Terrae,,https://www.casalgrandepadana.it/media/filer_public/80/11/8011905d-1a64-44d6-9e76-2e2fa1617d35/terrae_tech_specs_2026.pdf,2026-05-10 14:32:50,casalgrande padana
268,92.90-Legrey — 92.90 LEGREY -- Pearl Grey Terrazzo for Modern Living Spaces — Standard,,https://euval.com/wp-content/uploads/92.90-Legrey.pdf,2026-05-10 14:35:51,euval
269,Technical manual Download icon Download icon — Nostromo - Baterie joasă — Davide Mercatali,,https://res.cloudinary.com/thinking/image/upload/v1665222592/fantiniProduzione/MANUALE_TECNICO-NOSTROMO_USA-6_572841cb577.pdf,2026-05-10 14:39:26,fantini sanitare
270,4811403_en.pdf — CleoSteel - Baterie înaltă — CleoSteel 48,,https://www.fir-italia.it/upload/prodotti/file/scheda_tecnica/4811403_en.pdf,2026-05-10 14:44:20,fir italia
271,Technical data sheet — Res Art,,https://fondovalle.it/en/downloads/download-document/technical-data-sheet-resart/,2026-05-03 18:25:32,fondovalle ceramice
272,datasheet — 89 Rosa antico — Terrazzo,,https://www.grandinetti.it/schede-tecniche/graniglia/89-rosa-antico.pdf,2026-05-03 18:23:18,grandinetti
273,PDF — Petra - 42 — Petra,,https://www.ceramicagsg.it/wp-content/uploads/2025/09/PELAV42.pdf,2026-05-10 14:49:15,gsg sanitare
274,Data sheet — LUZ Chair — Bernhard Müller & Çağdaş Sarıkaya,,https://www.more-moebel.de/upload/items/123/luz-chair-pdf.pdf,2026-05-10 14:52:15,more mobilier
275,Technical specifications — Tasos recessed — Tasos,,https://www.thebathcollection.com/productos/tasos-grifo-lavabo-empotrado/?pdf=3419,2026-05-03 18:22:26,bathco
276,Catalogue — Terrae Beige — Terrae,,https://www.casalgrandepadana.it/media/filer_public/3f/c0/3fc09909-98d8-43ce-b60f-cf0ae637fa75/cp_cat_terrae_lr_05_2026.pdf,2026-05-10 14:32:50,casalgrande padana
277,99.70-Blamar — 99.70 BLAMAR -- Refined Terrazzo with Black Marble Aggregates on an Ash-Colored Base — Standard,,https://euval.com/wp-content/uploads/99.70-Blamar.pdf,2026-05-10 14:35:51,euval
278,Technical Drawing Download icon — Nostromo - Baterie înaltă — Davide Mercatali,,https://res.cloudinary.com/thinking/image/upload/v1665163147/fantiniProduzione/DIS_CC_E906WU.pdf,2026-05-10 14:39:26,fantini sanitare
279,Download technical drawing — CleoSteel - Baterie înaltă — CleoSteel 48,,https://www.fir-italia.it/download_file.php?u=dXBsb2FkL3Byb2RvdHRpL2ZpbGUvZGlzZWdub190ZWNuaWNvLzQ4MTE0MDMucGRm&f=4811403.pdf&e=1,2026-05-10 14:44:20,fir italia
280,Technical data sheet — Jura Mood,,https://fondovalle.it/en/downloads/download-document/technical-data-sheet-jura/,2026-05-03 18:25:32,fondovalle ceramice
281,datasheet — 96 Vecchia graniglia — Terrazzo,,https://www.grandinetti.it/schede-tecniche/graniglia/96-vecchia-graniglia.pdf,2026-05-03 18:23:18,grandinetti
282,PDF — Petra - 60 — Petra,,https://www.ceramicagsg.it/wp-content/uploads/2025/09/PELAV60.pdf,2026-05-10 14:49:15,gsg sanitare
283,Data sheet — YAN Chair — Çağdaş Sarıkaya,,https://www.more-moebel.de/upload/items/169/yan-chair-pdf.pdf,2026-05-10 14:52:15,more mobilier
284,Technical specifications — Milos recessed — Milos,,https://www.thebathcollection.com/productos/milos-grifo-empotrado-cromo/?pdf=2262,2026-05-03 18:22:26,bathco
285,Tabella minimali — Terrae Beige — Terrae,,https://www.casalgrandepadana.it/media/filer_public/83/17/83175c0c-df61-4b43-bc75-e51143f7044e/terrae.pdf,2026-05-10 14:32:50,casalgrande padana
286,80.50-Alwer — 80.50 ALWER -- Green Shade Terrazzo for Warm-Toned Combinations — Abrasion,,https://euval.com/wp-content/uploads/80.50-Alwer.pdf,2026-05-10 14:35:51,euval
287,Installation Instructions Download icon — Nostromo - Baterie înaltă — Davide Mercatali,,https://res.cloudinary.com/thinking/image/upload/v1668010173/fantiniProduzione/ISTR_E906WU.pdf,2026-05-10 14:39:26,fantini sanitare
288,4841214_en.pdf — CleoSteel - Pipă de blat — CleoSteel 48,,https://www.fir-italia.it/upload/prodotti/file/scheda_tecnica/4841214_en.pdf,2026-05-10 14:44:20,fir italia
289,Technical data sheet — Slaten Stone,,https://fondovalle.it/en/downloads/download-document/technical-data-sheet-slaten-stone/,2026-05-03 18:25:32,fondovalle ceramice
290,datasheet — 97 Laguna — Terrazzo,,https://www.grandinetti.it/schede-tecniche/graniglia/97-laguna.pdf,2026-05-03 18:23:18,grandinetti
291,PDF — Petra - 80 — Petra,,https://www.ceramicagsg.it/wp-content/uploads/2025/09/PELAV80.pdf,2026-05-10 14:49:15,gsg sanitare
292,Data sheet — OSO Chair — Peter Fehrentz,,https://www.more-moebel.de/upload/items/173/oso-chair-pdf.pdf,2026-05-10 14:52:15,more mobilier
293,Technical specifications — Athenas recessed — Athenas,,https://www.thebathcollection.com/productos/grifo-empotrado-athenas/?pdf=1870,2026-05-03 18:22:26,bathco
294,Declaration of performance — Metro Mud — Metropolis,,https://www.casalgrandepadana.it/media/filer_public/f1/75/f17590df-527c-476b-88d1-c17c55527716/dop_annex_001_eng.pdf,2026-05-10 14:32:50,casalgrande padana
295,80.20-Caran — 80.20 CARAN -- Anthracite-Colored Marble Aggregate Terrazzo for Sophisticated Style — Abrasion,,https://euval.com/wp-content/uploads/80.20-Caran.pdf,2026-05-10 14:35:51,euval
296,Spec Sheet Download icon — Nostromo - Baterie înaltă — Davide Mercatali,,https://res.cloudinary.com/thinking/image/upload/v1665163155/fantiniProduzione/ENG_NOSTROMO_E906WU.pdf,2026-05-10 14:39:26,fantini sanitare
297,Download technical drawing — CleoSteel - Pipă de blat — CleoSteel 48,,https://www.fir-italia.it/download_file.php?u=dXBsb2FkL3Byb2RvdHRpL2ZpbGUvZGlzZWdub190ZWNuaWNvLzQ4NDEyMTQucGRm&f=4841214.pdf&e=1,2026-05-10 14:44:20,fir italia
298,Technical data sheet — Royal Travertino,,https://fondovalle.it/en/downloads/download-document/technical-data-sheet-royal/,2026-05-03 18:25:32,fondovalle ceramice
299,datasheet — 108 Minestrone — Terrazzo,,https://www.grandinetti.it/schede-tecniche/graniglia/108-minestrone.pdf,2026-05-03 18:23:18,grandinetti
300,PDF — Petra - COLUMN II — Petra,,https://www.ceramicagsg.it/wp-content/uploads/2025/09/PELAVCOLFS.pdf,2026-05-10 14:49:15,gsg sanitare
301,Data sheet — OSO Table — Peter Fehrentz,,https://www.more-moebel.de/upload/items/170/oso-table-pdf.pdf,2026-05-10 14:52:15,more mobilier
302,Technical specifications — Athenas high — Athenas,,https://www.thebathcollection.com/productos/grifo-alto-athenas-negro/?pdf=1856,2026-05-03 18:22:26,bathco
303,Catalogue — Metro Mud — Metropolis,,https://www.casalgrandepadana.it/media/filer_public/59/27/5927ddc6-c5e2-4042-88ee-6e29f64c27b8/cp_cat_metropolis_lr_12_2024_upd_10_2025.pdf,2026-05-10 14:32:50,casalgrande padana
304,81.30-Schibas — 81.30 SCHIBAS -- White and Beige Marble aggregates Terrazzo for Commercial Stairs and Floors — Essential,,https://euval.com/wp-content/uploads/81.30-Schibas.pdf,2026-05-10 14:35:51,euval
305,Item spare parts sheet Download icon — Nostromo - Baterie înaltă — Davide Mercatali,,https://res.cloudinary.com/thinking/image/upload/v1665163149/fantiniProduzione/RIC_E906WU.pdf,2026-05-10 14:39:26,fantini sanitare
306,4851050_en.pdf — CleoSteel - Mixer de blat — CleoSteel 48,,https://www.fir-italia.it/upload/prodotti/file/scheda_tecnica/4851050_en.pdf,2026-05-10 14:44:20,fir italia
307,Technical data sheet — Background,,https://fondovalle.it/en/downloads/download-document/technical-data-sheet-background/,2026-05-03 18:25:32,fondovalle ceramice
308,datasheet — 111 Botticino — Terrazzo,,https://www.grandinetti.it/schede-tecniche/graniglia/111-botticino.pdf,2026-05-03 18:23:18,grandinetti
309,PDF — Petra - Cadă freestanding 150 — Petra,,https://www.ceramicagsg.it/wp-content/uploads/2025/09/VAPE.pdf,2026-05-10 14:49:15,gsg sanitare
310,Data sheet — CUT Table — Peter Fehrentz,,https://www.more-moebel.de/upload/items/151/cut-table-pdf.pdf,2026-05-10 14:52:15,more mobilier
311,Technical specifications — Tasos bidet — Tasos,,https://www.thebathcollection.com/productos/tasos-grifo-bide/?pdf=3407,2026-05-03 18:22:26,bathco
312,Technical Features — Metro Mud — Metropolis,,https://www.casalgrandepadana.it/media/filer_public/fa/50/fa5038a3-0c5b-4d34-bd2d-f0aef17122e9/metropolis_tech_specs_2026.pdf,2026-05-10 14:32:50,casalgrande padana
313,81.40-Sanec — 81.40 SANEC -- Warm Toned Terrazzo for a Sophisticated Look — Essential,,https://euval.com/wp-content/uploads/81.40-Sanec.pdf,2026-05-10 14:35:51,euval
314,Technical Drawing Download icon — Nostromo - Baterie încastrată — Davide Mercatali,,https://cms-ta.fantini.it/wp-content/uploads/2024/01/15/DIS_CC_E809BUM011AU.pdf,2026-05-10 14:39:26,fantini sanitare
315,Download technical drawing — CleoSteel - Mixer de blat — CleoSteel 48,,https://www.fir-italia.it/download_file.php?u=dXBsb2FkL3Byb2RvdHRpL2ZpbGUvZGlzZWdub190ZWNuaWNvLzQ4NTEwNTAucGRm&f=4851050.pdf&e=1,2026-05-10 14:44:20,fir italia
316,Technical data sheet — Stone Lab,,https://fondovalle.it/en/downloads/download-document/technical-data-sheet-stonelab/,2026-05-03 18:25:32,fondovalle ceramice
317,datasheet — 118 Bianconera — Terrazzo,,https://www.grandinetti.it/schede-tecniche/graniglia/118-bianconera.pdf,2026-05-03 18:23:18,grandinetti
318,PDF — Cruise - Vas de toaletă cu picior — Cruise,,https://www.ceramicagsg.it/wp-content/uploads/2022/03/CRWC01-3.pdf,2026-05-10 14:49:15,gsg sanitare
319,Data sheet — EEVA Table — Bernhard Müller & Çağdaş Sarıkaya,,https://www.more-moebel.de/upload/items/180/eeva-table-pdf.pdf,2026-05-10 14:52:15,more mobilier
320,Tabella minimali — Metro Mud — Metropolis,,https://www.casalgrandepadana.it/media/filer_public/18/68/186804ae-9164-4ba1-a9fd-b99c423fa872/metropolis.pdf,2026-05-10 14:32:50,casalgrande padana
321,82.70-Ceppo-130 — 82.70 CEPPO 130 -- Neutral Palette Terrazzo with Intriguing Texture,,https://euval.com/wp-content/uploads/82.70-Ceppo-130.pdf,2026-05-10 14:35:51,euval
322,Installation Instructions - Trim Download icon — Nostromo - Baterie încastrată — Davide Mercatali,,https://res.cloudinary.com/thinking/image/upload/v1716364677/fantiniProduzione/ISTR_E809BU_M011AU.pdf,2026-05-10 14:39:26,fantini sanitare
323,4818268_en.pdf — CleoSteel - Baterie încastrată I — CleoSteel 48,,https://www.fir-italia.it/upload/prodotti/file/scheda_tecnica/4818268_en.pdf,2026-05-10 14:44:20,fir italia
324,Technical data sheet — Komi,,https://fondovalle.it/en/downloads/download-document/technical-data-sheet-komi/,2026-05-03 18:25:32,fondovalle ceramice
325,datasheet — 117 Minestrone primavera — Terrazzo,,https://www.grandinetti.it/schede-tecniche/graniglia/117-minestrone-primavera.pdf,2026-05-03 18:23:18,grandinetti
326,INSTRUCTIONS — Cruise - Vas de toaletă cu picior — Cruise,,https://www.ceramicagsg.it/wp-content/uploads/2022/06/SCHEDA-MONTAGGIO-WC-TERRA.pdf,2026-05-10 14:49:15,gsg sanitare
327,Data sheet — NIL Table — Gil Coste,,https://www.more-moebel.de/upload/items/111/nil-table-pdf.pdf,2026-05-10 14:52:15,more mobilier
328,Declaration of performance — Cemento Cassero Antracite — Cemento,,https://www.casalgrandepadana.it/media/filer_public/39/25/3925d404-0702-4eec-b899-0b8ca30616ea/dop_annex_001_eng_26.pdf,2026-05-10 14:32:50,casalgrande padana
329,Specification-en — 82.70 CEPPO 130 -- Neutral Palette Terrazzo with Intriguing Texture — Ceppo,,https://euval.com/wp-content/uploads/Specification-en.pdf,2026-05-10 14:35:51,euval
330,Installation Instructions - Rough Download icon — Nostromo - Baterie încastrată — Davide Mercatali,,https://res.cloudinary.com/thinking/image/upload/v1715282488/fantiniProduzione/ISTR_M011AU.pdf,2026-05-10 14:39:26,fantini sanitare
331,Download technical drawing — CleoSteel - Baterie încastrată I — CleoSteel 48,,https://www.fir-italia.it/download_file.php?u=dXBsb2FkL3Byb2RvdHRpL2ZpbGUvZGlzZWdub190ZWNuaWNvLzQ4MTgyNjgucGRm&f=4818268.pdf&e=1,2026-05-10 14:44:20,fir italia
332,Technical data sheet — Brit,,https://fondovalle.it/en/downloads/download-document/technical-data-sheet-brit/,2026-05-03 18:25:32,fondovalle ceramice
333,datasheet — 120 Geretto — Terrazzo,,https://www.grandinetti.it/schede-tecniche/graniglia/120-geretto.pdf,2026-05-03 18:23:18,grandinetti
334,INSTRUCTIONS FOR WATER CONNECTION WC/BIDET — Cruise - Vas de toaletă cu picior — Cruise,,https://www.ceramicagsg.it/wp-content/uploads/2022/03/CRWC01-4.pdf,2026-05-10 14:49:15,gsg sanitare
335,Data sheet — CUT Table round — Peter Fehrentz,,https://www.more-moebel.de/upload/items/153/cut-table-round-pdf.pdf,2026-05-10 14:52:15,more mobilier
336,Catalogue — Cemento Cassero Antracite — Cemento,,https://www.casalgrandepadana.it/media/filer_public/36/1a/361a659f-50e5-434f-946c-45d179c0600e/cp_cemento_2025.pdf,2026-05-10 14:32:50,casalgrande padana
337,90.21-BA15 — 90.21 BA15 -- Terrazzo with Warm Tone Marble Aggregates for Elegant Spaces — Standard,,https://euval.com/wp-content/uploads/90.21-BA15.pdf,2026-05-10 14:35:51,euval
338,Spec Sheet Download icon — Nostromo - Baterie încastrată — Davide Mercatali,,https://res.cloudinary.com/thinking/image/upload/v1702542444/fantiniProduzione/ENG_NOSTROMO_E809BUM011AU.pdf,2026-05-10 14:39:26,fantini sanitare
339,Installation manual — CleoSteel - Baterie încastrată I — CleoSteel 48,,https://www.fir-italia.it/download_file.php?u=dXBsb2FkL2FuYWdyYWZpY2FfbWFudWFsaS9maWxlL2FsbGVnYXRvL2xzaW43ODIwLnBkZg==&f=lsin7820.pdf&e=1,2026-05-10 14:44:20,fir italia
340,datasheet — om2 — Romanorum opus musivum,,https://www.grandinetti.it/pdf/conoscere_la_graniglia.pdf,2026-05-03 18:23:18,grandinetti
341,PDF — Cruise - Vas de toaletă suspendat — Cruise,,https://www.ceramicagsg.it/wp-content/uploads/2022/03/CRWCSO-1.pdf,2026-05-10 14:49:15,gsg sanitare
342,Data sheet — CUT III — Peter Fehrentz,,https://www.more-moebel.de/upload/items/154/cut-coffee-table-pdf.pdf,2026-05-10 14:52:15,more mobilier
343,Technical Features — Cemento Cassero Antracite — Cemento,,https://www.casalgrandepadana.it/media/filer_public/e2/ad/e2ad91a1-44b9-46a7-b149-fe48a22467be/cemento_tech_specs_2026.pdf,2026-05-10 14:32:50,casalgrande padana
344,"82.80-Vekra — 82.80 VEKRA -- Terrazzo with Green, Ochre, and Red Aggregates on Ivory Background — Standard",,https://euval.com/wp-content/uploads/82.80-Vekra.pdf,2026-05-10 14:35:51,euval
345,Item spare parts sheet Download icon — Nostromo - Baterie încastrată — Davide Mercatali,,https://res.cloudinary.com/thinking/image/upload/v1719013765/fantiniProduzione/RIC_E809BUM011AU.pdf,2026-05-10 14:39:26,fantini sanitare
346,4850109_en.pdf — CleoSteel - Mixer de perete — CleoSteel 48,,https://www.fir-italia.it/upload/prodotti/file/scheda_tecnica/4850109_en.pdf,2026-05-10 14:44:20,fir italia
347,datasheet — 201 Arlecchino Donna — Gra veneziana,,https://www.grandinetti.it/schede-tecniche/gra-veneziana/201-arlecchino-donna.pdf,2026-05-03 18:23:18,grandinetti
348,INSTRUCTIONS — Cruise - Vas de toaletă suspendat — Cruise,,https://www.ceramicagsg.it/wp-content/uploads/2022/05/SCHEDA-MONTAGGIO-WC-SOSPESO.pdf,2026-05-10 14:49:15,gsg sanitare
349,Data sheet — SOVA Bed by more – designed to look good from every angle — Bernhard Müller,,https://www.more-moebel.de/upload/items/95/sova-bed-pdf.pdf,2026-05-10 14:52:15,more mobilier
350,Tabella minimali — Cemento Cassero Antracite — Cemento,,https://www.casalgrandepadana.it/media/filer_public/00/7e/007e2b59-de46-48d6-8559-2f21c7f388f4/cemento.pdf,2026-05-10 14:32:50,casalgrande padana
351,94.32-Verdalp-25 — 94.32 VERDALP 25 -- Green Shade Terrazzo for Nature-Inspired Rooms — Standard,,https://euval.com/wp-content/uploads/94.32-Verdalp-25.pdf,2026-05-10 14:35:51,euval
352,Technical Drawing Download icon — Nostromo - Baterie înaltă freestanding — Davide Mercatali,,https://res.cloudinary.com/thinking/image/upload/v1665162924/fantiniProduzione/DIS_CC_E836BU3336AU.pdf,2026-05-10 14:39:26,fantini sanitare
353,Download technical drawing — CleoSteel - Mixer de perete — CleoSteel 48,,https://www.fir-italia.it/download_file.php?u=dXBsb2FkL3Byb2RvdHRpL2ZpbGUvZGlzZWdub190ZWNuaWNvLzQ4NTAxMDkucGRm&f=4850109.pdf&e=1,2026-05-10 14:44:20,fir italia
354,datasheet — 210 Terzetto — Gra veneziana,,https://www.grandinetti.it/schede-tecniche/gra-veneziana/210-terzetto.pdf,2026-05-03 18:23:18,grandinetti
355,INSTRUCTIONS FOR WATER CONNECTION WC/BIDET — Cruise - Vas de toaletă suspendat — Cruise,,https://www.ceramicagsg.it/wp-content/uploads/2022/03/CRWCSO-2.pdf,2026-05-10 14:49:15,gsg sanitare
356,Data sheet — NOVA bed by more – the bed that doesn’t look like a bed — Bernhard Müller,,https://www.more-moebel.de/upload/items/81/nova-bed-pdf.pdf,2026-05-10 14:52:15,more mobilier
357,Declaration of performance — Grigio Antico — Marmora,,https://www.casalgrandepadana.it/media/filer_public/20/44/204478f1-6657-472d-9a04-5bd4a5dd90a7/dop_annex_001_eng_25.pdf,2026-05-10 14:32:50,casalgrande padana
358,99.50-Bilak — 99.50 BILAK -- Anthracite Terrazzo for Contemporary Design Spaces — Standard,,https://euval.com/wp-content/uploads/99.50-Bilak.pdf,2026-05-10 14:35:51,euval
359,Installation Instructions - Trim Download icon — Nostromo - Baterie înaltă freestanding — Davide Mercatali,,https://res.cloudinary.com/thinking/image/upload/v1665162916/fantiniProduzione/ISTR_115000034000000U.pdf,2026-05-10 14:39:26,fantini sanitare
360,4810208_en.pdf — CleoSteel - Baterie încastrată II — CleoSteel 48,,https://www.fir-italia.it/upload/prodotti/file/scheda_tecnica/4810208_en.pdf,2026-05-10 14:44:20,fir italia
361,datasheet — 205 Corallo — Gra veneziana,,https://www.grandinetti.it/schede-tecniche/gra-veneziana/205-corallo.pdf,2026-05-03 18:23:18,grandinetti
362,PDF — Cruise - Bideu cu picior — Cruise,,https://www.ceramicagsg.it/wp-content/uploads/2022/03/CRBI01-1.pdf,2026-05-10 14:49:15,gsg sanitare
363,Technical Features — Grigio Antico — Marmora,,https://www.casalgrandepadana.it/media/filer_public/94/cc/94ccb875-572a-4255-8d10-b4a82fbb97c2/marmora_tech_specs_2026.pdf,2026-05-10 14:32:50,casalgrande padana
364,90.22-BA25 — 90.22 BA25 -- Neutral Toned Terrazzo for Bright Spaces — Standard,,https://euval.com/wp-content/uploads/90.22-BA25.pdf,2026-05-10 14:35:51,euval
365,Installation Instructions - Rough Download icon — Nostromo - Baterie înaltă freestanding — Davide Mercatali,,https://res.cloudinary.com/thinking/image/upload/v1677690377/fantiniProduzione/ISTR_3336AU.pdf,2026-05-10 14:39:26,fantini sanitare
366,Download technical drawing — CleoSteel - Baterie încastrată II — CleoSteel 48,,https://www.fir-italia.it/download_file.php?u=dXBsb2FkL3Byb2RvdHRpL2ZpbGUvZGlzZWdub190ZWNuaWNvLzQ4MTAyMDgucGRm&f=4810208.pdf&e=1,2026-05-10 14:44:20,fir italia
367,scheda tecnica — 203 Giallo Siena — Gra veneziana,,https://www.grandinetti.it/schede-tecniche/gra-veneziana/203-giallo-siena.pdf,2026-05-03 18:23:18,grandinetti
368,INSTRUCTIONS — Cruise - Bideu cu picior — Cruise,,https://www.ceramicagsg.it/wp-content/uploads/2022/03/SCHEDA-MONTAGGIO-BIDET-TERRA-2.pdf,2026-05-10 14:49:15,gsg sanitare
369,Catalogue — Grigio Antico — Marmora,,https://www.casalgrandepadana.it/media/filer_public/58/8e/588ee063-c4e3-47cb-8d97-e4f713074c54/cp_cat_marmora_lr__04_2026.pdf,2026-05-10 14:32:50,casalgrande padana
370,90.32-BOT25 — 90.32 BOT25 -- Terrazzo with Warm Toned Marble Aggregates for Sophisticated Environments — Standard,,https://euval.com/wp-content/uploads/90.32-BOT25.pdf,2026-05-10 14:35:51,euval
371,Spec Sheet Download icon — Nostromo - Baterie înaltă freestanding — Davide Mercatali,,https://res.cloudinary.com/thinking/image/upload/v1665162938/fantiniProduzione/ENG_NOSTROMO_E836BU3336AU.pdf,2026-05-10 14:39:26,fantini sanitare
372,Installation manual — CleoSteel - Baterie încastrată II — CleoSteel 48,,https://www.fir-italia.it/download_file.php?u=dXBsb2FkL2FuYWdyYWZpY2FfbWFudWFsaS9maWxlL2FsbGVnYXRvLzQ4MTAxMDhfNDgxMDIwOC5wZGY=&f=4810108_4810208.pdf&e=1,2026-05-10 14:44:20,fir italia
373,datasheet — 208 San Giuliano — Gra veneziana,,https://www.grandinetti.it/schede-tecniche/gra-veneziana/208-san-giuliano.pdf,2026-05-03 18:23:18,grandinetti
374,PDF — Cruise - Bideu suspendat — Cruise,,https://www.ceramicagsg.it/wp-content/uploads/2022/03/CRBISO-1.pdf,2026-05-10 14:49:15,gsg sanitare
375,Tabella minimali — Grigio Antico — Marmora,,https://www.casalgrandepadana.it/media/filer_public/11/fc/11fc58ad-e07c-42d3-ab89-e1f26179bc62/marmora.pdf,2026-05-10 14:32:50,casalgrande padana
376,82.20-Nazan — 82.20 NAZAN -- Light Grey Terrazzo for Elegant and Stylish Spaces — Matheria,,https://euval.com/wp-content/uploads/82.20-Nazan.pdf,2026-05-10 14:35:51,euval
377,Item spare parts sheet Download icon — Nostromo - Baterie înaltă freestanding — Davide Mercatali,,https://res.cloudinary.com/thinking/image/upload/v1665162926/fantiniProduzione/RIC_E836BU3336AU.pdf,2026-05-10 14:39:26,fantini sanitare
378,4813008_en.pdf — CleoSteel - Baterie înaltă freestanding — CleoSteel 48,,https://www.fir-italia.it/upload/prodotti/file/scheda_tecnica/4813008_en.pdf,2026-05-10 14:44:20,fir italia
379,datasheet — 212 Arcobaleno — Gra veneziana,,https://www.grandinetti.it/schede-tecniche/gra-veneziana/212-arcobaleno.pdf,2026-05-03 18:23:18,grandinetti
380,INSTRUCTIONS — Cruise - Bideu suspendat — Cruise,,https://www.ceramicagsg.it/wp-content/uploads/2022/05/SCHEDA-MONTAGGIO-BIDET-SOSPESO.pdf,2026-05-10 14:49:15,gsg sanitare
381,Declaration of performance — Calacatta Extra — Marmoker,,https://www.casalgrandepadana.it/media/filer_public/3c/c5/3cc5a100-f1c5-4c43-85a0-4455e75e4c0c/dop_annex_001_eng_25.pdf,2026-05-10 14:32:50,casalgrande padana
382,82.30-Medas — 82.30 MEDAS -- Dark Green and Dove Grey Marble Aggregates Terrazzo for Eco-Friendly Spaces — Matheria,,https://euval.com/wp-content/uploads/82.30-Medas.pdf,2026-05-10 14:35:51,euval
383,Technical Drawing Download icon — Nostromo - Baterie bideu — Davide Mercatali,,https://res.cloudinary.com/thinking/image/upload/v1665163101/fantiniProduzione/DIS_CC_E808WU.pdf,2026-05-10 14:39:26,fantini sanitare
384,Download technical drawing — CleoSteel - Baterie înaltă freestanding — CleoSteel 48,,https://www.fir-italia.it/download_file.php?u=dXBsb2FkL3Byb2RvdHRpL2ZpbGUvZGlzZWdub190ZWNuaWNvLzQ4MTMwMDgucGRm&f=4813008.pdf&e=1,2026-05-10 14:44:20,fir italia
385,datasheet — 214 Grigio Venato — Gra veneziana,,https://www.grandinetti.it/schede-tecniche/gra-veneziana/214-grigio-venato.pdf,2026-05-03 18:23:18,grandinetti
386,PDF — Cruise - Round 45 — Cruise,,https://www.ceramicagsg.it/wp-content/uploads/2022/03/CRLAVRO45-2.pdf,2026-05-10 14:49:15,gsg sanitare
387,Catalogue — Calacatta Extra — Marmoker,,https://www.casalgrandepadana.it/media/filer_public/d2/37/d2379004-9e2b-493a-89df-9333741ac00c/cp_cat_marmoker_lr_10_2024_upd_11_2025.pdf,2026-05-10 14:32:50,casalgrande padana
388,82.60-Mavel — 82.60 MAVEL -- Black and White Marble Aggregate Terrazzo for Refined Designs — Matheria,,https://euval.com/wp-content/uploads/82.60-Mavel.pdf,2026-05-10 14:35:51,euval
389,Installation Instructions Download icon — Nostromo - Baterie bideu — Davide Mercatali,,https://res.cloudinary.com/thinking/image/upload/v1668010164/fantiniProduzione/ISTR_E808WU.pdf,2026-05-10 14:39:26,fantini sanitare
390,4843004_en.pdf — CleoSteel - Pipă înaltă freestanding — CleoSteel 48,,https://www.fir-italia.it/upload/prodotti/file/scheda_tecnica/4843004_en.pdf,2026-05-10 14:44:20,fir italia
391,datasheet — 304 carrara dorato — Fragmenta,,https://www.grandinetti.it/schede-tecniche/fragmenta/304-carrara-dorato.pdf,2026-05-03 18:23:18,grandinetti
392,PDF — Cruise - SQUARE 45 — Cruise,,https://www.ceramicagsg.it/wp-content/uploads/2022/03/CRLAVQU45-1.pdf,2026-05-10 14:49:15,gsg sanitare
393,Technical Features — Calacatta Extra — Marmoker,,https://www.casalgrandepadana.it/media/filer_public/b3/9b/b39b4870-0364-46aa-9998-ba6b656de64f/marmoker_tech_specs_2026.pdf,2026-05-10 14:32:50,casalgrande padana
394,83.10-Koren — 83.10 KOREN -- Terrazzo with a composition of marble aggregates in warm and refined tones — Matheria,,https://euval.com/wp-content/uploads/83.10-Koren.pdf,2026-05-10 14:35:51,euval
395,Spec Sheet Download icon — Nostromo - Baterie bideu — Davide Mercatali,,https://res.cloudinary.com/thinking/image/upload/v1665163107/fantiniProduzione/ENG_NOSTROMO_E808WU.pdf,2026-05-10 14:39:26,fantini sanitare
396,Download technical drawing — CleoSteel - Pipă înaltă freestanding — CleoSteel 48,,https://www.fir-italia.it/download_file.php?u=dXBsb2FkL3Byb2RvdHRpL2ZpbGUvZGlzZWdub190ZWNuaWNvLzQ4NDMwMDQucGRm&f=4843004.pdf&e=1,2026-05-10 14:44:20,fir italia
397,datasheet — 310 nero ombrato — Fragmenta,,https://www.grandinetti.it/schede-tecniche/fragmenta/310-nero-ombrato.pdf,2026-05-03 18:23:18,grandinetti
398,PDF — Cruise - OVAL 65 — Cruise,,https://www.ceramicagsg.it/wp-content/uploads/2022/03/CRLAVOV65-1.pdf,2026-05-10 14:49:15,gsg sanitare
399,Tabella minimali — Calacatta Extra — Marmoker,,https://www.casalgrandepadana.it/media/filer_public/3a/1b/3a1b7549-9113-45e7-9c16-293dadc2b7a5/marmoker.pdf,2026-05-10 14:32:50,casalgrande padana
400,"83.20-Takai — 83.20 TAKAI -- Elegant terrazzo with ice white, silver grey, and anthracite marble aggregates, perfect for contemporary projects — Matheria",,https://euval.com/wp-content/uploads/83.20-Takai.pdf,2026-05-10 14:35:51,euval
401,Item spare parts sheet Download icon — Nostromo - Baterie bideu — Davide Mercatali,,https://res.cloudinary.com/thinking/image/upload/v1665163103/fantiniProduzione/RIC_E808WU.pdf,2026-05-10 14:39:26,fantini sanitare
402,Installation manual — CleoSteel - Pipă înaltă freestanding — CleoSteel 48,,https://www.fir-italia.it/download_file.php?u=dXBsb2FkL2FuYWdyYWZpY2FfbWFudWFsaS9maWxlL2FsbGVnYXRvLzQ4NDMwMDRfNDg0MzA0NC5wZGY=&f=4843004_4843044.pdf&e=1,2026-05-10 14:44:20,fir italia
403,datasheet — 48 Grigio — Pastine,,https://www.grandinetti.it/schede-tecniche/pastina/48-grigio.pdf,2026-05-03 18:23:18,grandinetti
404,PDF — Cruise - OVAL 80 — Cruise,,https://www.ceramicagsg.it/wp-content/uploads/2022/03/CRLAVOV80-1.pdf,2026-05-10 14:49:15,gsg sanitare
405,Texture Catalog — Texture Canvas Beige — Elements Texture,,https://www.casalgrandepadana.it/media/filer_public/ce/01/ce01c9eb-1902-46ff-9eea-938113ddb3ae/cp_cat_texture_lr_02_2026.pdf,2026-05-10 14:32:50,casalgrande padana
406,"83.00-Nurek — 83.00 NUREK -- Vibrant and sophisticated terrazzo, ideal for spaces full of character — Matheria",,https://euval.com/wp-content/uploads/83.00-Nurek.pdf,2026-05-10 14:35:51,euval
407,Technical Drawing Download icon — Nostromo - Sistem de duș încastrat — Davide Mercatali,,https://res.cloudinary.com/thinking/image/upload/v1722649789/fantiniProduzione/DIS_CC_M784BUR084AU.pdf,2026-05-10 14:39:26,fantini sanitare
408,4833008_en.pdf — CleoSteel - Baterie înaltă freestanding cu duș — CleoSteel 48,,https://www.fir-italia.it/upload/prodotti/file/scheda_tecnica/4833008_en.pdf,2026-05-10 14:44:20,fir italia
409,datasheet — 54 Nero — Pastine,,https://www.grandinetti.it/schede-tecniche/pastina/54-nero.pdf,2026-05-03 18:23:18,grandinetti
410,PDF — Cruise - Cadă freestanding 172 — Cruise,,https://www.ceramicagsg.it/wp-content/uploads/2022/03/VACR-1.pdf,2026-05-10 14:49:15,gsg sanitare
411,Technical Features — Texture Canvas Beige — Elements Texture,,https://www.casalgrandepadana.it/media/filer_public/16/58/16588166-4c55-47c6-9ea8-6122f0948ecd/texture_elements_tech_specs_2026.pdf,2026-05-10 14:32:50,casalgrande padana
412,Installation Instructions - Trim Download icon — Nostromo - Sistem de duș încastrat — Davide Mercatali,,https://res.cloudinary.com/thinking/image/upload/v1715701657/fantiniProduzione/ISTR_M784BU_R084AU_75906068329.pdf,2026-05-10 14:39:26,fantini sanitare
413,Download technical drawing — CleoSteel - Baterie înaltă freestanding cu duș — CleoSteel 48,,https://www.fir-italia.it/download_file.php?u=dXBsb2FkL3Byb2RvdHRpL2ZpbGUvZGlzZWdub190ZWNuaWNvLzQ4MzMwMDgucGRm&f=4833008.pdf&e=1,2026-05-10 14:44:20,fir italia
414,datasheet — 56 Ocra — Pastine,,https://www.grandinetti.it/schede-tecniche/pastina/56-ocra.pdf,2026-05-03 18:23:18,grandinetti
415,INSTRUCTIONS — Cruise - Cadă freestanding 172 — Cruise,,https://www.ceramicagsg.it/wp-content/uploads/2022/05/SCHEDA-MONTAGGIO-VASCHE.pdf,2026-05-10 14:49:15,gsg sanitare
416,Tabella minimali — Texture Canvas Beige — Elements Texture,,https://www.casalgrandepadana.it/media/filer_public/2f/dd/2fddb011-a7cd-473a-a1c2-b725c1940b24/texture_elements.pdf,2026-05-10 14:32:50,casalgrande padana
417,Installation Instructions - Rough Download icon — Nostromo - Sistem de duș încastrat — Davide Mercatali,,https://res.cloudinary.com/thinking/image/upload/v1715701653/fantiniProduzione/ISTR_R084AU_75906105db4.pdf,2026-05-10 14:39:26,fantini sanitare
418,4842004_en.pdf — CleoSteel - Pipă de tavan — CleoSteel 48,,https://www.fir-italia.it/upload/prodotti/file/scheda_tecnica/4842004_en.pdf,2026-05-10 14:44:20,fir italia
419,datasheet — 65 Marron — Pastine,,https://www.grandinetti.it/schede-tecniche/pastina/65-marron.pdf,2026-05-03 18:23:18,grandinetti
420,PDF — Like - Vas de toaletă cu picior — Like,,https://www.ceramicagsg.it/wp-content/uploads/2023/03/LKWC0155-1.pdf,2026-05-10 14:49:15,gsg sanitare
421,Catalogue — Lithos Beige — Lithos,,https://www.casalgrandepadana.it/media/filer_public/55/12/55128fe3-d745-49c8-b676-a3ea62a72847/cp_cat_lithos_lr_01_2025_upd_10_2025.pdf,2026-05-10 14:32:50,casalgrande padana
422,Spec Sheet Download icon — Nostromo - Sistem de duș încastrat — Davide Mercatali,,https://res.cloudinary.com/thinking/image/upload/v1702542398/fantiniProduzione/ENG_NOSTROMO_M784BUR084AU.pdf,2026-05-10 14:39:26,fantini sanitare
423,Download technical drawing — CleoSteel - Pipă de tavan — CleoSteel 48,,https://www.fir-italia.it/download_file.php?u=dXBsb2FkL3Byb2RvdHRpL2ZpbGUvZGlzZWdub190ZWNuaWNvLzQ4NDIwMDQucGRm&f=4842004.pdf&e=1,2026-05-10 14:44:20,fir italia
424,datasheet — A1 Cold Gray — Pastine,,https://www.grandinetti.it/schede-tecniche/anima/a1-cold-gray.pdf,2026-05-03 18:23:18,grandinetti
425,INSTRUCTIONS FOR WATER CONNECTION WC/BIDET — Like - Vas de toaletă cu picior — Like,,https://www.ceramicagsg.it/wp-content/uploads/2023/03/LKWC0155-2.pdf,2026-05-10 14:49:15,gsg sanitare
426,Technical Features — Lithos Beige — Lithos,,https://www.casalgrandepadana.it/media/filer_public/4e/30/4e307a15-df7d-4a19-b1e3-d085543340cf/lithos_tech_specs_2026.pdf,2026-05-10 14:32:50,casalgrande padana
427,Item spare parts sheet Download icon — Nostromo - Sistem de duș încastrat — Davide Mercatali,,https://res.cloudinary.com/thinking/image/upload/v1718704909/fantiniProduzione/RIC_M784BUR084AU_760023bfc0a.pdf,2026-05-10 14:39:26,fantini sanitare
428,datasheet — 66 Verde Acido — Pastine,,https://www.grandinetti.it/schede-tecniche/pastina/66-verde-acido.pdf,2026-05-03 18:23:18,grandinetti
429,PDF — Like - Vas de toaletă suspendat — Like,,https://www.ceramicagsg.it/wp-content/uploads/2023/05/LKWCSOEC-1.pdf,2026-05-10 14:49:15,gsg sanitare
430,Tabella minimali — Lithos Beige — Lithos,,https://www.casalgrandepadana.it/media/filer_public/e6/db/e6db9f0f-51fe-4b74-ae65-238ee31ed577/lithos.pdf,2026-05-10 14:32:50,casalgrande padana
431,Technical Drawing Download icon — Nostromo - Cap de duș/cadă încastrat — Davide Mercatali,,https://res.cloudinary.com/thinking/image/upload/v1702461216/fantiniProduzione/DIS_CC_8147U.pdf,2026-05-10 14:39:26,fantini sanitare
432,datasheet — A2 Cloudy Blue — Pastine,,https://www.grandinetti.it/schede-tecniche/anima/a2-cloudy-blue.pdf,2026-05-03 18:23:18,grandinetti
433,INSTRUCTIONS — Like - Vas de toaletă suspendat — Like,,https://www.ceramicagsg.it/wp-content/uploads/2023/03/SCHEDA-MONTAGGIO-WC-SOSPESO.pdf,2026-05-10 14:49:15,gsg sanitare
434,Declaration of performance — Aventino Vein — Pietra Tiburtina,,https://www.casalgrandepadana.it/media/filer_public/70/6f/706f73d4-2127-4abc-bba4-e6242048cb32/dop_annex_001_eng_1.pdf,2026-05-10 14:32:50,casalgrande padana
435,Spec Sheet Download icon — Nostromo - Cap de duș/cadă încastrat — Davide Mercatali,,https://res.cloudinary.com/thinking/image/upload/v1702542394/fantiniProduzione/ENG_NOSTROMO_8147U.pdf,2026-05-10 14:39:26,fantini sanitare
436,datasheet — A5 Aubergine — Pastine,,https://www.grandinetti.it/schede-tecniche/anima/a5-aubergine.pdf,2026-05-03 18:23:18,grandinetti
437,INSTRUCTIONS FOR WATER CONNECTION WC/BIDET — Like - Vas de toaletă suspendat — Like,,https://www.ceramicagsg.it/wp-content/uploads/2023/05/LKWCSOEC-2.pdf,2026-05-10 14:49:15,gsg sanitare
438,Catalogue — Aventino Vein — Pietra Tiburtina,,https://www.casalgrandepadana.it/media/filer_public/c0/31/c0314807-2914-4a7e-9449-50d16da6f2e8/cp_cat_pietra_tiburtina_lr_04_2024_upd_10_2025.pdf,2026-05-10 14:32:50,casalgrande padana
439,Technical Drawing Download icon — Nostromo - Set de cadă încastrat — Davide Mercatali,,https://res.cloudinary.com/thinking/image/upload/v1727077040/fantiniProduzione/DIS_CC_M720BUR021AU.pdf,2026-05-10 14:39:26,fantini sanitare
440,datasheet — A3 India Yellow — Anima,,https://www.grandinetti.it/schede-tecniche/anima/a3-india-yellow.pdf,2026-05-03 18:23:18,grandinetti
441,PDF — Like - Bideu cu picior — Like,,https://www.ceramicagsg.it/wp-content/uploads/2023/03/LKBI0155.pdf,2026-05-10 14:49:15,gsg sanitare
442,Technical Features — Aventino Vein — Pietra Tiburtina,,https://www.casalgrandepadana.it/media/filer_public/fa/5d/fa5d7f11-d3bb-4bab-a6cd-c9420c730d6c/pietra_tiburtina_tech_specs_2026.pdf,2026-05-10 14:32:50,casalgrande padana
443,Installation Instructions - Trim Download icon — Nostromo - Set de cadă încastrat — Davide Mercatali,,https://res.cloudinary.com/thinking/image/upload/v1715701665/fantiniProduzione/ISTR_M720BU_R021AU.pdf,2026-05-10 14:39:26,fantini sanitare
444,datasheet — A6 Gray Smoke — Anima,,https://www.grandinetti.it/schede-tecniche/anima/a6-gray-smoke.pdf,2026-05-03 18:23:18,grandinetti
445,INSTRUCTIONS — Like - Bideu cu picior — Like,,https://www.ceramicagsg.it/wp-content/uploads/2023/03/SCHEDA-MONTAGGIO-BIDET-TERRA-1.pdf,2026-05-10 14:49:15,gsg sanitare
446,Tabella minimali — Aventino Vein — Pietra Tiburtina,,https://www.casalgrandepadana.it/media/filer_public/b6/95/b695aaa0-d7da-4dff-9027-f65b63c6778d/pietra_tiburtina.pdf,2026-05-10 14:32:50,casalgrande padana
447,Installation Instructions - Rough Download icon — Nostromo - Set de cadă încastrat — Davide Mercatali,,https://res.cloudinary.com/thinking/image/upload/v1677691799/fantiniProduzione/ISTR_R021AU.pdf,2026-05-10 14:39:26,fantini sanitare
448,datasheet — A9 Sugar Paper — Anima,,https://www.grandinetti.it/schede-tecniche/anima/a9-sugar-paper.pdf,2026-05-03 18:23:18,grandinetti
449,PDF — Like - Bideu suspendat — Like,,https://www.ceramicagsg.it/wp-content/uploads/2022/03/LKBISO-1.pdf,2026-05-10 14:49:15,gsg sanitare
450,Catalogue — Supreme Dark — Supreme,,https://www.casalgrandepadana.it/media/filer_public/da/bd/dabd87bc-4d3a-47ee-a105-af7154841b4f/cp_cat_supreme_lr_04_2024_upd_10_2025.pdf,2026-05-10 14:32:50,casalgrande padana
451,Spec Sheet Download icon — Nostromo - Set de cadă încastrat — Davide Mercatali,,https://res.cloudinary.com/thinking/image/upload/v1702542415/fantiniProduzione/ENG_NOSTROMO_M720BUR021AU.pdf,2026-05-10 14:39:26,fantini sanitare
452,datasheet — A10 White Rope — Anima,,https://www.grandinetti.it/schede-tecniche/anima/a10-white-rope.pdf,2026-05-03 18:23:18,grandinetti
453,PDF — Like - 45 — Like,,https://www.ceramicagsg.it/wp-content/uploads/2022/02/LKLAVBW45-1.pdf,2026-05-10 14:49:15,gsg sanitare
454,Technical Features — Supreme Dark — Supreme,,https://www.casalgrandepadana.it/media/filer_public/69/1b/691b9c75-74ee-43ee-b65d-165f7264b554/supreme_tech_specs_2026.pdf,2026-05-10 14:32:50,casalgrande padana
455,Item spare parts sheet Download icon — Nostromo - Set de cadă încastrat — Davide Mercatali,,https://res.cloudinary.com/thinking/image/upload/v1718704914/fantiniProduzione/RIC_M720BUR021AU.pdf,2026-05-10 14:39:26,fantini sanitare
456,datasheet — A12 Green Wood — Anima,,https://www.grandinetti.it/schede-tecniche/anima/a12-green-wood.pdf,2026-05-03 18:23:18,grandinetti
457,INSTRUCTIONS — Like - 45 — Like,,https://www.ceramicagsg.it/wp-content/uploads/2022/02/istruzioni-lavabi-sospesi.pdf,2026-05-10 14:49:15,gsg sanitare
458,Tabella minimali — Supreme Dark — Supreme,,https://www.casalgrandepadana.it/media/filer_public/a5/85/a585bd98-dc77-4b2a-bb1b-98d661caac61/supreme.pdf,2026-05-10 14:32:50,casalgrande padana
459,Technical Drawing Download icon — Nostromo - Baterie înaltă freestanding cu duș — Davide Mercatali,,https://res.cloudinary.com/thinking/image/upload/v1665163824/fantiniProduzione/DIS_CC_E880BUR080AU.pdf,2026-05-10 14:39:26,fantini sanitare
460,datasheet — A11 Olive Green — Anima,,https://www.grandinetti.it/schede-tecniche/anima/a11-olive-green.pdf,2026-05-03 18:23:18,grandinetti
461,TEMPLATE FOR HOLE — Like - 45 — Like,,https://www.ceramicagsg.it/wp-content/uploads/2022/02/DIMA-PER-FORO-LKLAVBW45.pdf,2026-05-10 14:49:15,gsg sanitare
462,Catalogue — Era Bianca — Era,,https://www.casalgrandepadana.it/media/filer_public/05/62/0562a7b6-022c-42eb-b5e3-c24407547b05/cp_cat_era_lr_06_2024_upd_10_2025.pdf,2026-05-10 14:32:50,casalgrande padana
463,Installation Instructions - Trim Download icon — Nostromo - Baterie înaltă freestanding cu duș — Davide Mercatali,,https://res.cloudinary.com/thinking/image/upload/v1693303352/fantiniProduzione/ISTR_E880BU_R080AU.pdf,2026-05-10 14:39:26,fantini sanitare
464,datasheet — A16 White Milk — Anima,,https://www.grandinetti.it/schede-tecniche/anima/a16-white-milk.pdf,2026-05-03 18:23:18,grandinetti
465,PDF — Like - 60 — Like,,https://www.ceramicagsg.it/wp-content/uploads/2022/03/LKLAVBW60-1.pdf,2026-05-10 14:49:15,gsg sanitare
466,Technical Features — Era Bianca — Era,,https://www.casalgrandepadana.it/media/filer_public/e0/55/e055cd38-5762-40ff-9e0f-71fb0211f8bd/era_tech_specs_2026.pdf,2026-05-10 14:32:50,casalgrande padana
467,Installation Instructions - Rough Download icon — Nostromo - Baterie înaltă freestanding cu duș — Davide Mercatali,,https://res.cloudinary.com/thinking/image/upload/v1677690395/fantiniProduzione/ISTR_R080AU.pdf,2026-05-10 14:39:26,fantini sanitare
468,datasheet — A17 Pitch Black — Anima,,https://www.grandinetti.it/schede-tecniche/anima/a17-pitch-black.pdf,2026-05-03 18:23:18,grandinetti
469,INSTRUCTIONS — Like - 60 — Like,,https://www.ceramicagsg.it/wp-content/uploads/2022/03/istruzioni-lavabi-sospesi.pdf,2026-05-10 14:49:15,gsg sanitare
470,Tabella minimali — Era Bianca — Era,,https://www.casalgrandepadana.it/media/filer_public/d5/a6/d5a62e78-9acc-45b2-b8d0-9ca42e4db1dd/era.pdf,2026-05-10 14:32:50,casalgrande padana
471,Spec Sheet Download icon — Nostromo - Baterie înaltă freestanding cu duș — Davide Mercatali,,https://res.cloudinary.com/thinking/image/upload/v1665162576/fantiniProduzione/ENG_NOSTROMO_E880BUR080AU.pdf,2026-05-10 14:39:26,fantini sanitare
472,datasheet — A20 Green Hill — Anima,,https://www.grandinetti.it/schede-tecniche/anima/a20-green-hill.pdf,2026-05-03 18:23:18,grandinetti
473,TEMPLATE FOR HOLE — Like - 60 — Like,,https://www.ceramicagsg.it/wp-content/uploads/2022/03/DIMA-PER-FORO-LKLAVBW60.pdf,2026-05-10 14:49:15,gsg sanitare
474,Item spare parts sheet Download icon — Nostromo - Baterie înaltă freestanding cu duș — Davide Mercatali,,https://res.cloudinary.com/thinking/image/upload/v1665163827/fantiniProduzione/RIC_E880BUR080AU.pdf,2026-05-10 14:39:26,fantini sanitare
475,datasheet — A18 Emerald Green — Anima,,https://www.grandinetti.it/schede-tecniche/anima/a18-emerald-green.pdf,2026-05-03 18:23:18,grandinetti
476,PDF — Like I - Cadă freestanding 170 — Like,,https://www.ceramicagsg.it/wp-content/uploads/2022/03/VAMO.pdf,2026-05-10 14:49:15,gsg sanitare
477,Technical design Download icon — Flora - Baterie înaltă — Vincent Van Duysen,,https://res.cloudinary.com/thinking/image/upload/v1774861511/fantiniProduzione/DIS_CC_J607W_1746771497.pdf,2026-05-10 14:39:26,fantini sanitare
478,datasheet — A21 Red Clay — Anima,,https://www.grandinetti.it/schede-tecniche/anima/a21-red-clay.pdf,2026-05-03 18:23:18,grandinetti
479,PDF — Like II - Cadă freestanding 170 — Like,,https://www.ceramicagsg.it/wp-content/uploads/2022/03/VASU.pdf,2026-05-10 14:49:15,gsg sanitare
480,Assembly instructions - External piece Download icon — Flora - Baterie înaltă — Vincent Van Duysen,,https://res.cloudinary.com/thinking/image/upload/v1774861509/fantiniProduzione/ISTR_J607W_1770204607.pdf,2026-05-10 14:39:26,fantini sanitare
481,Product details Download icon — Flora - Baterie înaltă — Vincent Van Duysen,,https://res.cloudinary.com/thinking/image/upload/v1776202787/fantiniProduzione/ENG_FLORA_J607W_1776097855.pdf,2026-05-10 14:39:26,fantini sanitare
482,Item spare parts sheet Download icon — Flora - Baterie înaltă — Vincent Van Duysen,,https://res.cloudinary.com/thinking/image/upload/v1776202783/fantiniProduzione/RIC_J607W_1776150424.pdf,2026-05-10 14:39:26,fantini sanitare
483,Technical design Download icon — Flora -Baterie încastrată — Vincent Van Duysen,,https://res.cloudinary.com/thinking/image/upload/v1774863280/fantiniProduzione/DIS_CC_J610BR010A_1747139360.pdf,2026-05-10 14:39:26,fantini sanitare
484,Assembly instructions - External piece Download icon — Flora -Baterie încastrată — Vincent Van Duysen,,https://res.cloudinary.com/thinking/image/upload/v1775392579/fantiniProduzione/ISTR_J610B_R010A_1775220107.pdf,2026-05-10 14:39:26,fantini sanitare
485,Assembly instructions - Built-in piece Download icon — Flora -Baterie încastrată — Vincent Van Duysen,,https://res.cloudinary.com/thinking/image/upload/v1770800985/fantiniProduzione/ISTR_R010A_1592979415.pdf,2026-05-10 14:39:26,fantini sanitare
486,Product details Download icon — Flora -Baterie încastrată — Vincent Van Duysen,,https://res.cloudinary.com/thinking/image/upload/v1777454287/fantiniProduzione/ENG_FLORA_J610BR010A_1776098228.pdf,2026-05-10 14:39:26,fantini sanitare
487,Item spare parts sheet Download icon — Flora -Baterie încastrată — Vincent Van Duysen,,https://res.cloudinary.com/thinking/image/upload/v1777573536/fantiniProduzione/RIC_J610BR010A_1777276251.pdf,2026-05-10 14:39:26,fantini sanitare
488,Technical design Download icon — Flora - Baterie bideu — Vincent Van Duysen,,https://res.cloudinary.com/thinking/image/upload/v1774864219/fantiniProduzione/DIS_CC_J708WF_1747378073.pdf,2026-05-10 14:39:26,fantini sanitare
489,Assembly instructions - External piece Download icon — Flora - Baterie bideu — Vincent Van Duysen,,https://res.cloudinary.com/thinking/image/upload/v1774864221/fantiniProduzione/ISTR_J708WF_1769004894.pdf,2026-05-10 14:39:26,fantini sanitare
490,Technical design Download icon — Flora - Baterie bideu — Vincent Van Duysen,,https://res.cloudinary.com/thinking/image/upload/v1774864194/fantiniProduzione/DIS_CC_J704F_1747225665.pdf,2026-05-10 14:39:26,fantini sanitare
491,Assembly instructions - External piece Download icon — Flora - Baterie bideu — Vincent Van Duysen,,https://res.cloudinary.com/thinking/image/upload/v1774864192/fantiniProduzione/ISTR_J704F_1769004824.pdf,2026-05-10 14:39:26,fantini sanitare
492,Product details Download icon — Flora - Baterie bideu — Vincent Van Duysen,,https://res.cloudinary.com/thinking/image/upload/v1777454192/fantiniProduzione/ENG_FLORA_J704F_1776098404.pdf,2026-05-10 14:39:26,fantini sanitare
493,Item spare parts sheet Download icon — Flora - Baterie bideu — Vincent Van Duysen,,https://res.cloudinary.com/thinking/image/upload/v1777573416/fantiniProduzione/RIC_J704F_1777450200.pdf,2026-05-10 14:39:26,fantini sanitare
494,Technical design Download icon — Flora I - Cap de duș — Vincent Van Duysen,,https://res.cloudinary.com/thinking/image/upload/v1770750803/fantiniProduzione/DIS_CC_K073_1613490941.pdf,2026-05-10 14:39:26,fantini sanitare
495,Assembly instructions - External piece Download icon — Flora I - Cap de duș — Vincent Van Duysen,,https://res.cloudinary.com/thinking/image/upload/v1770750808/fantiniProduzione/ISTR_K073_1658741873.pdf,2026-05-10 14:39:26,fantini sanitare
496,Item spare parts sheet Download icon — Flora I - Cap de duș — Vincent Van Duysen,,https://res.cloudinary.com/thinking/image/upload/v1770750801/fantiniProduzione/RIC_K073_1613491800.pdf,2026-05-10 14:39:26,fantini sanitare
497,Technical design Download icon — Flora - Brațe de duș — Vincent Van Duysen,,https://res.cloudinary.com/thinking/image/upload/v1775556727/fantiniProduzione/DIS_CC_8121_1771923691.pdf,2026-05-10 14:39:26,fantini sanitare
498,Product details Download icon — Flora - Brațe de duș — Vincent Van Duysen,,https://res.cloudinary.com/thinking/image/upload/v1777390782/fantiniProduzione/ENG_FLORA_8121_1776101009.pdf,2026-05-10 14:39:26,fantini sanitare
499,Technical design Download icon — Flora I - Baterie pentru duș — Vincent Van Duysen,,https://res.cloudinary.com/thinking/image/upload/v1774864568/fantiniProduzione/DIS_CC_J787BM687A_1747648429.pdf,2026-05-10 14:39:26,fantini sanitare
500,Assembly instructions - Built-in piece Download icon — Flora I - Baterie pentru duș — Vincent Van Duysen,,https://res.cloudinary.com/thinking/image/upload/v1770735179/fantiniProduzione/ISTR_M687A_1717744556.pdf,2026-05-10 14:39:26,fantini sanitare
501,Technical design Download icon — Flora II - Baterie pentru duș — Vincent Van Duysen,,https://res.cloudinary.com/thinking/image/upload/v1774864627/fantiniProduzione/DIS_CC_J723BM623A_1747659758.pdf,2026-05-10 14:39:26,fantini sanitare
502,Assembly instructions - External piece Download icon — Flora II - Baterie pentru duș — Vincent Van Duysen,,https://res.cloudinary.com/thinking/image/upload/v1777489649/fantiniProduzione/ISTR_J723B_M623A_1775816754.pdf,2026-05-10 14:39:26,fantini sanitare
503,Assembly instructions - Built-in piece Download icon — Flora II - Baterie pentru duș — Vincent Van Duysen,,https://res.cloudinary.com/thinking/image/upload/v1770752345/fantiniProduzione/ISTR_M623A_1719213552.pdf,2026-05-10 14:39:26,fantini sanitare
504,Product details Download icon — Flora II - Baterie pentru duș — Vincent Van Duysen,,https://res.cloudinary.com/thinking/image/upload/v1777489638/fantiniProduzione/ENG_FLORA_J723BM623A_1776099421.pdf,2026-05-10 14:39:26,fantini sanitare
505,Item spare parts sheet Download icon — Flora II - Baterie pentru duș — Vincent Van Duysen,,https://res.cloudinary.com/thinking/image/upload/v1777573892/fantiniProduzione/RIC_J723BM623A_1777471259.pdf,2026-05-10 14:39:26,fantini sanitare
506,Technical design Download icon — Flora - Sistem de duș încastrat — Vincent Van Duysen,,https://res.cloudinary.com/thinking/image/upload/v1774863455/fantiniProduzione/DIS_CC_J617BR017A_1749047375.pdf,2026-05-10 14:39:26,fantini sanitare
507,Assembly instructions - Built-in piece Download icon — Flora - Sistem de duș încastrat — Vincent Van Duysen,,https://res.cloudinary.com/thinking/image/upload/v1774860585/fantiniProduzione/ISTR_R017A_1659443725.pdf,2026-05-10 14:39:26,fantini sanitare
508,Technical design Download icon — Flora III - Baterie pentru duș — Vincent Van Duysen,,https://res.cloudinary.com/thinking/image/upload/v1774864692/fantiniProduzione/DIS_CC_J872BD372A_1747385524.pdf,2026-05-10 14:39:26,fantini sanitare
509,Assembly instructions - External piece Download icon — Flora III - Baterie pentru duș — Vincent Van Duysen,,https://res.cloudinary.com/thinking/image/upload/v1774864695/fantiniProduzione/ISTR_J872B_D372A_1773401505.pdf,2026-05-10 14:39:26,fantini sanitare
510,Assembly instructions - Built-in piece Download icon — Flora III - Baterie pentru duș — Vincent Van Duysen,,https://res.cloudinary.com/thinking/image/upload/v1774866087/fantiniProduzione/ISTR_D372A_1711710715.pdf,2026-05-10 14:39:26,fantini sanitare
511,Technical design Download icon — Flora - Baterie înaltă freestanding cu duș — Vincent Van Duysen,,https://res.cloudinary.com/thinking/image/upload/v1774865620/fantiniProduzione/DIS_CC_J780BR080A_1746532820.pdf,2026-05-10 14:39:26,fantini sanitare
512,Assembly instructions - External piece Download icon — Flora - Baterie înaltă freestanding cu duș — Vincent Van Duysen,,https://res.cloudinary.com/thinking/image/upload/v1775555486/fantiniProduzione/ISTR_J780B_R080A_1775114158.pdf,2026-05-10 14:39:26,fantini sanitare
513,Assembly instructions - Built-in piece Download icon — Flora - Baterie înaltă freestanding cu duș — Vincent Van Duysen,,https://res.cloudinary.com/thinking/image/upload/v1770800692/fantiniProduzione/ISTR_R080A_1673882382.pdf,2026-05-10 14:39:26,fantini sanitare
514,Technical design Download icon — Flora - Set de cadă încastrat — Vincent Van Duysen,,https://res.cloudinary.com/thinking/image/upload/v1774864854/fantiniProduzione/DIS_CC_J619BR019A_1749028244.pdf,2026-05-10 14:39:26,fantini sanitare
515,Assembly instructions - Built-in piece Download icon — Flora - Set de cadă încastrat — Vincent Van Duysen,,https://res.cloudinary.com/thinking/image/upload/v1774863713/fantiniProduzione/ISTR_R019A_1659443765.pdf,2026-05-10 14:39:26,fantini sanitare
516,Technical Drawing Download icon — AW/PIPE II - Baterie înaltă — Marcel Wanders,,https://res.cloudinary.com/thinking/image/upload/v1705418213/fantiniProduzione/DIS_CC_T407WU.pdf,2026-05-10 14:39:26,fantini sanitare
517,Installation Instructions Download icon — AW/PIPE II - Baterie înaltă — Marcel Wanders,,https://res.cloudinary.com/thinking/image/upload/v1705418210/fantiniProduzione/ISTR_T407WU.pdf,2026-05-10 14:39:26,fantini sanitare
518,Spec Sheet Download icon — AW/PIPE II - Baterie înaltă — Marcel Wanders,,https://res.cloudinary.com/thinking/image/upload/v1705480208/fantiniProduzione/ENG_AW_PIPE_T407WU.pdf,2026-05-10 14:39:26,fantini sanitare
519,Item spare parts sheet Download icon — AW/PIPE II - Baterie înaltă — Marcel Wanders,,https://res.cloudinary.com/thinking/image/upload/v1714462246/fantiniProduzione/RIC_T407WU.pdf,2026-05-10 14:39:26,fantini sanitare
520,Technical Drawing Download icon — AW/PIPE I - Baterie înaltă — Marcel Wanders,,https://res.cloudinary.com/thinking/image/upload/v1705480166/fantiniProduzione/DIS_CC_T607WU.pdf,2026-05-10 14:39:26,fantini sanitare
521,Installation Instructions Download icon — AW/PIPE I - Baterie înaltă — Marcel Wanders,,https://res.cloudinary.com/thinking/image/upload/v1706175827/fantiniProduzione/ISTR_T607WU.pdf,2026-05-10 14:39:26,fantini sanitare
522,Spec Sheet Download icon — AW/PIPE I - Baterie înaltă — Marcel Wanders,,https://res.cloudinary.com/thinking/image/upload/v1705480171/fantiniProduzione/ENG_AW_PIPE_T607WU.pdf,2026-05-10 14:39:26,fantini sanitare
523,Item spare parts sheet Download icon — AW/PIPE I - Baterie înaltă — Marcel Wanders,,https://res.cloudinary.com/thinking/image/upload/v1714462236/fantiniProduzione/RIC_T607WU.pdf,2026-05-10 14:39:26,fantini sanitare
524,Technical Drawing Download icon — AW/PIPE I - Baterie încastrată — Marcel Wanders,,https://res.cloudinary.com/thinking/image/upload/v1705480183/fantiniProduzione/DIS_CC_T513BUM011AU.pdf,2026-05-10 14:39:26,fantini sanitare
525,Installation Instructions - Trim Download icon — AW/PIPE I - Baterie încastrată — Marcel Wanders,,https://res.cloudinary.com/thinking/image/upload/v1705480181/fantiniProduzione/ISTR_T513BU_M011AU.pdf,2026-05-10 14:39:26,fantini sanitare
526,Spec Sheet Download icon — AW/PIPE I - Baterie încastrată — Marcel Wanders,,https://res.cloudinary.com/thinking/image/upload/v1705480188/fantiniProduzione/ENG_AW_PIPE_T513BUM011AU.pdf,2026-05-10 14:39:26,fantini sanitare
527,Item spare parts sheet Download icon — AW/PIPE I - Baterie încastrată — Marcel Wanders,,https://res.cloudinary.com/thinking/image/upload/v1714462242/fantiniProduzione/RIC_T513BUM011AU.pdf,2026-05-10 14:39:26,fantini sanitare
528,Technical Drawing Download icon — AW/PIPE II - Baterie încastrată — Marcel Wanders,,https://res.cloudinary.com/thinking/image/upload/v1705480197/fantiniProduzione/DIS_CC_T413BUR010AU.pdf,2026-05-10 14:39:26,fantini sanitare
529,Installation Instructions - Trim Download icon — AW/PIPE II - Baterie încastrată — Marcel Wanders,,https://res.cloudinary.com/thinking/image/upload/v1711638268/fantiniProduzione/ISTR_T413BU_R010AU.pdf,2026-05-10 14:39:26,fantini sanitare
530,Installation Instructions - Rough Download icon — AW/PIPE II - Baterie încastrată — Marcel Wanders,,https://res.cloudinary.com/thinking/image/upload/v1677690391/fantiniProduzione/ISTR_R010AU.pdf,2026-05-10 14:39:26,fantini sanitare
531,Spec Sheet Download icon — AW/PIPE II - Baterie încastrată — Marcel Wanders,,https://res.cloudinary.com/thinking/image/upload/v1705480202/fantiniProduzione/ENG_AW_PIPE_T413BUR010AU.pdf,2026-05-10 14:39:26,fantini sanitare
532,Item spare parts sheet Download icon — AW/PIPE II - Baterie încastrată — Marcel Wanders,,https://res.cloudinary.com/thinking/image/upload/v1711638271/fantiniProduzione/RIC_T413BUR010AU.pdf,2026-05-10 14:39:26,fantini sanitare
533,Technical Drawing Download icon — AW/PIPE II - Sistem de duș încastrat — Marcel Wanders,,https://res.cloudinary.com/thinking/image/upload/v1705479948/fantiniProduzione/DIS_CC_T584BUR084AU.pdf,2026-05-10 14:39:26,fantini sanitare
534,Installation Instructions - Trim Download icon — AW/PIPE II - Sistem de duș încastrat — Marcel Wanders,,https://res.cloudinary.com/thinking/image/upload/v1706098796/fantiniProduzione/ISTR_T584BU_R084AU.pdf,2026-05-10 14:39:26,fantini sanitare
535,Spec Sheet Download icon — AW/PIPE II - Sistem de duș încastrat — Marcel Wanders,,https://res.cloudinary.com/thinking/image/upload/v1705479953/fantiniProduzione/ENG_AW_PIPE_T584BUR084AU.pdf,2026-05-10 14:39:26,fantini sanitare
536,Item spare parts sheet Download icon — AW/PIPE II - Sistem de duș încastrat — Marcel Wanders,,https://res.cloudinary.com/thinking/image/upload/v1713097313/fantiniProduzione/RIC_T584BUR084AU.pdf,2026-05-10 14:39:26,fantini sanitare
537,Technical Drawing Download icon — AW/PIPE - Baterie înaltă freestanding cu duș — Marcel Wanders,,https://res.cloudinary.com/thinking/image/upload/v1705480008/fantiniProduzione/DIS_CC_T580BUR080AU.pdf,2026-05-10 14:39:26,fantini sanitare
538,Installation Instructions - Trim Download icon — AW/PIPE - Baterie înaltă freestanding cu duș — Marcel Wanders,,https://res.cloudinary.com/thinking/image/upload/v1711443469/fantiniProduzione/ISTR_T580BU_R080AU.pdf,2026-05-10 14:39:26,fantini sanitare
539,Spec Sheet Download icon — AW/PIPE - Baterie înaltă freestanding cu duș — Marcel Wanders,,https://res.cloudinary.com/thinking/image/upload/v1705480013/fantiniProduzione/ENG_AW_PIPE_T580BUR080AU.pdf,2026-05-10 14:39:26,fantini sanitare
540,Item spare parts sheet Download icon — AW/PIPE - Baterie înaltă freestanding cu duș — Marcel Wanders,,https://res.cloudinary.com/thinking/image/upload/v1712132325/fantiniProduzione/RIC_T580BUR080AU.pdf,2026-05-10 14:39:26,fantini sanitare
541,Technical Drawing Download icon — AW/PIPE - Set de cadă încastrat — Marcel Wanders,,https://res.cloudinary.com/thinking/image/upload/v1705480050/fantiniProduzione/DIS_CC_T521BUR021AU.pdf,2026-05-10 14:39:26,fantini sanitare
542,Installation Instructions - Trim Download icon — AW/PIPE - Set de cadă încastrat — Marcel Wanders,,https://res.cloudinary.com/thinking/image/upload/v1705480046/fantiniProduzione/ISTR_T521BU_R021AU.pdf,2026-05-10 14:39:26,fantini sanitare
543,Spec Sheet Download icon — AW/PIPE - Set de cadă încastrat — Marcel Wanders,,https://res.cloudinary.com/thinking/image/upload/v1705480055/fantiniProduzione/ENG_AW_PIPE_T521BUR021AU.pdf,2026-05-10 14:39:26,fantini sanitare
544,Item spare parts sheet Download icon — AW/PIPE - Set de cadă încastrat — Marcel Wanders,,https://res.cloudinary.com/thinking/image/upload/v1713097332/fantiniProduzione/RIC_T521BUR021AU.pdf,2026-05-10 14:39:26,fantini sanitare
545,Technical Drawing Download icon — AC/ECLIPSE - Baterie joasă — Studiocharlie,,https://res.cloudinary.com/thinking/image/upload/v1705480558/fantiniProduzione/DIS_CC_L504WU.pdf,2026-05-10 14:39:26,fantini sanitare
546,Installation Instructions Download icon — AC/ECLIPSE - Baterie joasă — Studiocharlie,,https://res.cloudinary.com/thinking/image/upload/v1707294244/fantiniProduzione/ISTR_L504WU.pdf,2026-05-10 14:39:26,fantini sanitare
547,Spec Sheet Download icon — AC/ECLIPSE - Baterie joasă — Studiocharlie,,https://res.cloudinary.com/thinking/image/upload/v1705480562/fantiniProduzione/ENG_AC_ECLIPSE_L504WU.pdf,2026-05-10 14:39:26,fantini sanitare
548,Item spare parts sheet Download icon — AC/ECLIPSE - Baterie joasă — Studiocharlie,,https://res.cloudinary.com/thinking/image/upload/v1710254623/fantiniProduzione/RIC_L504WU.pdf,2026-05-10 14:39:26,fantini sanitare
549,Technical Drawing Download icon — AC/ECLIPSE - Baterie înaltă — Studiocharlie,,https://res.cloudinary.com/thinking/image/upload/v1770819002/fantiniProduzione/DIS_CC_L506WU_1701956380.pdf,2026-05-10 14:39:26,fantini sanitare
550,Installation Instructions - Trim Download icon — AC/ECLIPSE - Baterie înaltă — Studiocharlie,,https://res.cloudinary.com/thinking/image/upload/v1770818954/fantiniProduzione/ISTR_L506WU_1707239150.pdf,2026-05-10 14:39:26,fantini sanitare
551,Spec Sheet Download icon — AC/ECLIPSE - Baterie înaltă — Studiocharlie,,https://res.cloudinary.com/thinking/image/upload/v1770818932/fantiniProduzione/ENG_AC_ECLIPSE_L506WU_1705424256.pdf,2026-05-10 14:39:26,fantini sanitare
552,Item spare parts sheet Download icon — AC/ECLIPSE - Baterie înaltă — Studiocharlie,,https://res.cloudinary.com/thinking/image/upload/v1770819004/fantiniProduzione/RIC_L506WU_1709909334.pdf,2026-05-10 14:39:26,fantini sanitare
553,Technical Drawing Download icon — AC/ECLIPSE I - Baterie înaltă — Studiocharlie,,https://res.cloudinary.com/thinking/image/upload/v1705480552/fantiniProduzione/DIS_CC_L807WU.pdf,2026-05-10 14:39:26,fantini sanitare
554,Installation Instructions Download icon — AC/ECLIPSE I - Baterie înaltă — Studiocharlie,,https://res.cloudinary.com/thinking/image/upload/v1707128404/fantiniProduzione/ISTR_L807WU.pdf,2026-05-10 14:39:26,fantini sanitare
555,Spec Sheet Download icon — AC/ECLIPSE I - Baterie înaltă — Studiocharlie,,https://res.cloudinary.com/thinking/image/upload/v1705480556/fantiniProduzione/ENG_AC_ECLIPSE_L807WU.pdf,2026-05-10 14:39:26,fantini sanitare
556,Item spare parts sheet Download icon — AC/ECLIPSE I - Baterie înaltă — Studiocharlie,,https://res.cloudinary.com/thinking/image/upload/v1718208193/fantiniProduzione/RIC_L807WU.pdf,2026-05-10 14:39:26,fantini sanitare
557,Technical Drawing Download icon — AC/ECLIPSE II - Baterie înaltă — Studiocharlie,,https://res.cloudinary.com/thinking/image/upload/v1705480515/fantiniProduzione/DIS_CC_L607WU.pdf,2026-05-10 14:39:26,fantini sanitare
558,Installation Instructions Download icon — AC/ECLIPSE II - Baterie înaltă — Studiocharlie,,https://res.cloudinary.com/thinking/image/upload/v1708973695/fantiniProduzione/ISTR_L607WU.pdf,2026-05-10 14:39:26,fantini sanitare
559,Spec Sheet Download icon — AC/ECLIPSE II - Baterie înaltă — Studiocharlie,,https://res.cloudinary.com/thinking/image/upload/v1705480520/fantiniProduzione/ENG_AC_ECLIPSE_L607WU.pdf,2026-05-10 14:39:26,fantini sanitare
560,Item spare parts sheet Download icon — AC/ECLIPSE II - Baterie înaltă — Studiocharlie,,https://res.cloudinary.com/thinking/image/upload/v1718208187/fantiniProduzione/RIC_L607WU.pdf,2026-05-10 14:39:26,fantini sanitare
561,Technical Drawing Download icon — AC/ECLIPSE I - Baterie încastrată — Studiocharlie,,https://res.cloudinary.com/thinking/image/upload/v1705480539/fantiniProduzione/DIS_CC_L513BUD711AU.pdf,2026-05-10 14:39:26,fantini sanitare
562,Installation Instructions - Trim Download icon — AC/ECLIPSE I - Baterie încastrată — Studiocharlie,,https://res.cloudinary.com/thinking/image/upload/v1709029038/fantiniProduzione/ISTR_L513BU_D711AU.pdf,2026-05-10 14:39:26,fantini sanitare
563,Installation Instructions - Rough Download icon — AC/ECLIPSE I - Baterie încastrată — Studiocharlie,,https://res.cloudinary.com/thinking/image/upload/v1709029034/fantiniProduzione/ISTR_D711AU.pdf,2026-05-10 14:39:26,fantini sanitare
564,Spec Sheet Download icon — AC/ECLIPSE I - Baterie încastrată — Studiocharlie,,https://res.cloudinary.com/thinking/image/upload/v1705480543/fantiniProduzione/ENG_AC_ECLIPSE_L513BUD711AU.pdf,2026-05-10 14:39:26,fantini sanitare
565,Item spare parts sheet Download icon — AC/ECLIPSE I - Baterie încastrată — Studiocharlie,,https://res.cloudinary.com/thinking/image/upload/v1710801557/fantiniProduzione/RIC_L513BUD711AU.pdf,2026-05-10 14:39:26,fantini sanitare
566,Technical Drawing Download icon — AC/ECLIPSE II - Baterie încastrată — Studiocharlie,,https://res.cloudinary.com/thinking/image/upload/v1705480531/fantiniProduzione/DIS_CC_L613BUD810AU.pdf,2026-05-10 14:39:26,fantini sanitare
567,Installation Instructions - Trim Download icon — AC/ECLIPSE II - Baterie încastrată — Studiocharlie,,https://res.cloudinary.com/thinking/image/upload/v1707128402/fantiniProduzione/ISTR_L613BU_D810AU.pdf,2026-05-10 14:39:26,fantini sanitare
568,Installation Instructions - Rough Download icon — AC/ECLIPSE II - Baterie încastrată — Studiocharlie,,https://res.cloudinary.com/thinking/image/upload/v1707128399/fantiniProduzione/ISTR_D810AU.pdf,2026-05-10 14:39:26,fantini sanitare
569,Spec Sheet Download icon — AC/ECLIPSE II - Baterie încastrată — Studiocharlie,,https://res.cloudinary.com/thinking/image/upload/v1705480536/fantiniProduzione/ENG_AC_ECLIPSE_L613BUD810AU.pdf,2026-05-10 14:39:26,fantini sanitare
570,Item spare parts sheet Download icon — AC/ECLIPSE II - Baterie încastrată — Studiocharlie,,https://res.cloudinary.com/thinking/image/upload/v1710801543/fantiniProduzione/RIC_L613BUD810AU.pdf,2026-05-10 14:39:26,fantini sanitare
571,Technical Drawing Download icon — AC/ECLIPSE - Baterie înaltă freestanding — Studiocharlie,,https://res.cloudinary.com/thinking/image/upload/v1705480545/fantiniProduzione/DIS_CC_L536BUD736AU.pdf,2026-05-10 14:39:26,fantini sanitare
572,Installation Instructions - Trim Download icon — AC/ECLIPSE - Baterie înaltă freestanding — Studiocharlie,,https://res.cloudinary.com/thinking/image/upload/v1706778664/fantiniProduzione/ISTR_L536BU_D736AU.pdf,2026-05-10 14:39:26,fantini sanitare
573,Installation Instructions - Rough Download icon — AC/ECLIPSE - Baterie înaltă freestanding — Studiocharlie,,https://res.cloudinary.com/thinking/image/upload/v1706778661/fantiniProduzione/ISTR_D736AU.pdf,2026-05-10 14:39:26,fantini sanitare
574,Spec Sheet Download icon — AC/ECLIPSE - Baterie înaltă freestanding — Studiocharlie,,https://res.cloudinary.com/thinking/image/upload/v1705480550/fantiniProduzione/ENG_AC_ECLIPSE_L536BUD736AU.pdf,2026-05-10 14:39:26,fantini sanitare
575,Item spare parts sheet Download icon — AC/ECLIPSE - Baterie înaltă freestanding — Studiocharlie,,https://res.cloudinary.com/thinking/image/upload/v1717573368/fantiniProduzione/RIC_L536BUD736AU.pdf,2026-05-10 14:39:26,fantini sanitare
576,Technical Drawing Download icon — AC/ECLIPSE - Pipă înaltă freestanding — Studiocharlie,,https://res.cloudinary.com/thinking/image/upload/v1705480524/fantiniProduzione/DIS_CC_Z240BUZ240AU.pdf,2026-05-10 14:39:26,fantini sanitare
577,Installation Instructions - Rough Download icon — AC/ECLIPSE - Pipă înaltă freestanding — Studiocharlie,,https://res.cloudinary.com/thinking/image/upload/v1711386529/fantiniProduzione/ISTR_Z240AU.pdf,2026-05-10 14:39:26,fantini sanitare
578,Spec Sheet Download icon — AC/ECLIPSE - Pipă înaltă freestanding — Studiocharlie,,https://res.cloudinary.com/thinking/image/upload/v1705480529/fantiniProduzione/ENG_AC_ECLIPSE_Z240BUZ240AU.pdf,2026-05-10 14:39:26,fantini sanitare
