id,title,description,category,type,collection,is_new,subtype,manufacturer,catalog_id,finishes,position,sizes,thickness,material,shape,cut,source
87,Natural Light Oak,"ECCO MAXI PLANK combines advanced SPC technology and refined design, offering high durability and performance for stylish, high-traffic interiors

Our exclusive SPC flooring line is a perfect fusion of cutting-edge technology and aesthetic design

ECCO MAXI PLANK is designed for those who refuse to compromise between style and functionality, offering an unprecedented option to transform any space into a livable work of art

With its 0.70 mm wear layer, our collection is unique in the market, offering a product with greater durability, enhanced resistance to wear, scratches, and dents (AC6), ensuring our collection is also suitable for high-traffic areas",spc,ASPECT LEMN,ECCO MAXI PLANK,False,,Omnia Floor,,,Podea,6 (5+1) X 228 X 1540 mm,"0,70mm | 1,00mm",SPC,,,omnia
88,Natural Bleached Oak,"ECCO MAXI PLANK combines advanced SPC technology and refined design, offering high durability and performance for stylish, high-traffic interiors

Our exclusive SPC flooring line is a perfect fusion of cutting-edge technology and aesthetic design

ECCO MAXI PLANK is designed for those who refuse to compromise between style and functionality, offering an unprecedented option to transform any space into a livable work of art

With its 0.70 mm wear layer, our collection is unique in the market, offering a product with greater durability, enhanced resistance to wear, scratches, and dents (AC6), ensuring our collection is also suitable for high-traffic areas",spc,ASPECT LEMN,ECCO MAXI PLANK,False,,Omnia Floor,,,Podea,6 (5+1) X 228 X 1540 mm,"0,70mm | 1,00mm",SPC,,,omnia
89,Natural Oak,"ECCO MAXI PLANK combines advanced SPC technology and refined design, offering high durability and performance for stylish, high-traffic interiors

Our exclusive SPC flooring line is a perfect fusion of cutting-edge technology and aesthetic design

ECCO MAXI PLANK is designed for those who refuse to compromise between style and functionality, offering an unprecedented option to transform any space into a livable work of art

With its 0.70 mm wear layer, our collection is unique in the market, offering a product with greater durability, enhanced resistance to wear, scratches, and dents (AC6), ensuring our collection is also suitable for high-traffic areas",spc,ASPECT LEMN,ECCO MAXI PLANK,False,,Omnia Floor,,,Podea,6 (5+1) X 228 X 1540 mm,"0,70mm | 1,00mm",SPC,,,omnia
90,Natural Grey Oak,"ECCO MAXI PLANK combines advanced SPC technology and refined design, offering high durability and performance for stylish, high-traffic interiors

Our exclusive SPC flooring line is a perfect fusion of cutting-edge technology and aesthetic design

ECCO MAXI PLANK is designed for those who refuse to compromise between style and functionality, offering an unprecedented option to transform any space into a livable work of art

With its 0.70 mm wear layer, our collection is unique in the market, offering a product with greater durability, enhanced resistance to wear, scratches, and dents (AC6), ensuring our collection is also suitable for high-traffic areas",spc,ASPECT LEMN,ECCO MAXI PLANK,False,,Omnia Floor,,,Podea,6 (5+1) X 228 X 1540 mm,"0,70mm | 1,00mm",SPC,,,omnia
91,Rovere Mielato,"OMNIA PREMIUM is a high-end SPC flooring collection with usage class 42, available in wide plank and herringbone formats

With a usage class of 42, OMNIA premium floors ensure exceptional durability, perfect for residential, commercial, and industrial environments subject to intense loads

Thanks to the integrated insulating underlay, impact noise is reduced by up to 21 dB, improving acoustic comfort in every space

The matte and textured finish gives the product an authentic look and an extremely natural feel, making the floor a distinctive element in any environment

Numerous decors are available, offering endless possibilities to personalize spaces according to your style",spc,ASPECT LEMN,PLANK & HERRINGBONE,False,,Omnia Floor,,,Podea,148X 592 mm | 229 X 1220 mm,"0,55mm | 1,00mm",SPC,,,omnia
92,Rovere Heritage,"OMNIA PREMIUM is a high-end SPC flooring collection with usage class 42, available in wide plank and herringbone formats

With a usage class of 42, OMNIA premium floors ensure exceptional durability, perfect for residential, commercial, and industrial environments subject to intense loads

Thanks to the integrated insulating underlay, impact noise is reduced by up to 21 dB, improving acoustic comfort in every space

The matte and textured finish gives the product an authentic look and an extremely natural feel, making the floor a distinctive element in any environment

Numerous decors are available, offering endless possibilities to personalize spaces according to your style",spc,ASPECT LEMN,PLANK & HERRINGBONE,False,,Omnia Floor,,,Podea,148X 592 mm | 229 X 1220 mm,"0,55mm | 1,00mm",SPC,,,omnia
93,Rovere Ambrato,"OMNIA PREMIUM is a high-end SPC flooring collection with usage class 42, available in wide plank and herringbone formats

With a usage class of 42, OMNIA premium floors ensure exceptional durability, perfect for residential, commercial, and industrial environments subject to intense loads

Thanks to the integrated insulating underlay, impact noise is reduced by up to 21 dB, improving acoustic comfort in every space

The matte and textured finish gives the product an authentic look and an extremely natural feel, making the floor a distinctive element in any environment

Numerous decors are available, offering endless possibilities to personalize spaces according to your style",spc,ASPECT LEMN,PLANK & HERRINGBONE,False,,Omnia Floor,,,Podea,148X 592 mm | 229 X 1220 mm,"0,55mm | 1,00mm",SPC,,,omnia
94,Rovere Nuvola,"OMNIA PREMIUM is a high-end SPC flooring collection with usage class 42, available in wide plank and herringbone formats

With a usage class of 42, OMNIA premium floors ensure exceptional durability, perfect for residential, commercial, and industrial environments subject to intense loads

Thanks to the integrated insulating underlay, impact noise is reduced by up to 21 dB, improving acoustic comfort in every space

The matte and textured finish gives the product an authentic look and an extremely natural feel, making the floor a distinctive element in any environment

Numerous decors are available, offering endless possibilities to personalize spaces according to your style",spc,ASPECT LEMN,PLANK & HERRINGBONE,False,,Omnia Floor,,,Podea,148X 592 mm | 229 X 1220 mm,"0,55mm | 1,00mm",SPC,,,omnia
95,Rovere Seta,"OMNIA PREMIUM is a high-end SPC flooring collection with usage class 42, available in wide plank and herringbone formats

With a usage class of 42, OMNIA premium floors ensure exceptional durability, perfect for residential, commercial, and industrial environments subject to intense loads

Thanks to the integrated insulating underlay, impact noise is reduced by up to 21 dB, improving acoustic comfort in every space

The matte and textured finish gives the product an authentic look and an extremely natural feel, making the floor a distinctive element in any environment

Numerous decors are available, offering endless possibilities to personalize spaces according to your style",spc,ASPECT LEMN,PLANK & HERRINGBONE,False,,Omnia Floor,,,Podea,148X 592 mm | 229 X 1220 mm,"0,55mm | 1,00mm",SPC,,,omnia
96,Rovere Perla,"OMNIA Standard Plank features elegant formats, matte authentic surfaces, and reliable performance thanks to a stable click system and integrated underlay

The planks in the OMNIA Standard Plank line stand out for their elegant format, which enhances the decor and the matte, authentic vinyl surface, giving the floor an even more natural look. The lacquered 4V groove along the entire perimeter highlights each plank, creating a visual effect that expands the space

Thanks to the practical click system, simple and stable, and usage class 34, this floor is ideal for tackling daily challenges with style and resistance. Additionally, the integrated underlay improves room acoustics and walking comfort

The special plank dimensions give the floor a unique and welcoming elegance. The combination of format, structure, and decor enhances every detail, making it a refined choice for any space",spc,ASPECT LEMN,STANDARD PLANK,False,,Omnia Floor,,,Podea,5(4+1) X 228 X 1220 mm,"0,55mm (Rovere Duna, Rovere White) 0,30mm | 1,00mm",SPC,,,omnia
97,Rovere Sabbia,"OMNIA Standard Plank features elegant formats, matte authentic surfaces, and reliable performance thanks to a stable click system and integrated underlay

The planks in the OMNIA Standard Plank line stand out for their elegant format, which enhances the decor and the matte, authentic vinyl surface, giving the floor an even more natural look. The lacquered 4V groove along the entire perimeter highlights each plank, creating a visual effect that expands the space

Thanks to the practical click system, simple and stable, and usage class 34, this floor is ideal for tackling daily challenges with style and resistance. Additionally, the integrated underlay improves room acoustics and walking comfort

The special plank dimensions give the floor a unique and welcoming elegance. The combination of format, structure, and decor enhances every detail, making it a refined choice for any space",spc,ASPECT LEMN,STANDARD PLANK,False,,Omnia Floor,,,Podea,5(4+1) X 228 X 1220 mm,"0,55mm (Rovere Duna, Rovere White) 0,30mm | 1,00mm",SPC,,,omnia
98,Rovere Miele,"OMNIA Standard Plank features elegant formats, matte authentic surfaces, and reliable performance thanks to a stable click system and integrated underlay

The planks in the OMNIA Standard Plank line stand out for their elegant format, which enhances the decor and the matte, authentic vinyl surface, giving the floor an even more natural look. The lacquered 4V groove along the entire perimeter highlights each plank, creating a visual effect that expands the space

Thanks to the practical click system, simple and stable, and usage class 34, this floor is ideal for tackling daily challenges with style and resistance. Additionally, the integrated underlay improves room acoustics and walking comfort

The special plank dimensions give the floor a unique and welcoming elegance. The combination of format, structure, and decor enhances every detail, making it a refined choice for any space",spc,ASPECT LEMN,STANDARD PLANK,False,,Omnia Floor,,,Podea,5(4+1) X 228 X 1220 mm,"0,55mm (Rovere Duna, Rovere White) 0,30mm | 1,00mm",SPC,,,omnia
99,Rovere White,"OMNIA Standard Plank features elegant formats, matte authentic surfaces, and reliable performance thanks to a stable click system and integrated underlay

The planks in the OMNIA Standard Plank line stand out for their elegant format, which enhances the decor and the matte, authentic vinyl surface, giving the floor an even more natural look. The lacquered 4V groove along the entire perimeter highlights each plank, creating a visual effect that expands the space

Thanks to the practical click system, simple and stable, and usage class 34, this floor is ideal for tackling daily challenges with style and resistance. Additionally, the integrated underlay improves room acoustics and walking comfort

The special plank dimensions give the floor a unique and welcoming elegance. The combination of format, structure, and decor enhances every detail, making it a refined choice for any space",spc,ASPECT LEMN,STANDARD PLANK,False,,Omnia Floor,,,Podea,5(4+1) X 228 X 1220 mm,"0,55mm (Rovere Duna, Rovere White) 0,30mm | 1,00mm",SPC,,,omnia
100,Rovere Duna,"OMNIA Standard Plank features elegant formats, matte authentic surfaces, and reliable performance thanks to a stable click system and integrated underlay

The planks in the OMNIA Standard Plank line stand out for their elegant format, which enhances the decor and the matte, authentic vinyl surface, giving the floor an even more natural look. The lacquered 4V groove along the entire perimeter highlights each plank, creating a visual effect that expands the space

Thanks to the practical click system, simple and stable, and usage class 34, this floor is ideal for tackling daily challenges with style and resistance. Additionally, the integrated underlay improves room acoustics and walking comfort

The special plank dimensions give the floor a unique and welcoming elegance. The combination of format, structure, and decor enhances every detail, making it a refined choice for any space",spc,ASPECT LEMN,STANDARD PLANK,False,,Omnia Floor,,,Podea,5(4+1) X 228 X 1220 mm,"0,55mm (Rovere Duna, Rovere White) 0,30mm | 1,00mm",SPC,,,omnia
101,Naturale,"JANGAL Straw Floor is an eco-friendly rice straw flooring with Deep Brushed finish and UV technology for natural, sustainable design

JANGAL Straw Floor is an innovative flooring made from rice straw, a natural and renewable resource that combines sustainability with contemporary design

The Deep Brushed structure gives each plank an authentic and tactile texture, while the UV finish ensures resistance and durability over time

Available in various wood-inspired decors, JANGAL Straw Floor is the ideal choice for those seeking an ecological floor without sacrificing elegance and practicality",spc,ASPECT LEMN,JANGAL STRAW FLOOR,False,,Omnia Floor,,,Podea,11 X 190 X 1200 mm,"1,00mm",SPC,,,omnia
102,Miele,"JANGAL Straw Floor is an eco-friendly rice straw flooring with Deep Brushed finish and UV technology for natural, sustainable design

JANGAL Straw Floor is an innovative flooring made from rice straw, a natural and renewable resource that combines sustainability with contemporary design

The Deep Brushed structure gives each plank an authentic and tactile texture, while the UV finish ensures resistance and durability over time

Available in various wood-inspired decors, JANGAL Straw Floor is the ideal choice for those seeking an ecological floor without sacrificing elegance and practicality",spc,ASPECT LEMN,JANGAL STRAW FLOOR,False,,Omnia Floor,,,Podea,11 X 190 X 1200 mm,"1,00mm",SPC,,,omnia
103,Dorato,"JANGAL Straw Floor is an eco-friendly rice straw flooring with Deep Brushed finish and UV technology for natural, sustainable design

JANGAL Straw Floor is an innovative flooring made from rice straw, a natural and renewable resource that combines sustainability with contemporary design

The Deep Brushed structure gives each plank an authentic and tactile texture, while the UV finish ensures resistance and durability over time

Available in various wood-inspired decors, JANGAL Straw Floor is the ideal choice for those seeking an ecological floor without sacrificing elegance and practicality",spc,ASPECT LEMN,JANGAL STRAW FLOOR,False,,Omnia Floor,,,Podea,11 X 190 X 1200 mm,"1,00mm",SPC,,,omnia
104,Spiga,"JANGAL Straw Floor is an eco-friendly rice straw flooring with Deep Brushed finish and UV technology for natural, sustainable design

JANGAL Straw Floor is an innovative flooring made from rice straw, a natural and renewable resource that combines sustainability with contemporary design

The Deep Brushed structure gives each plank an authentic and tactile texture, while the UV finish ensures resistance and durability over time

Available in various wood-inspired decors, JANGAL Straw Floor is the ideal choice for those seeking an ecological floor without sacrificing elegance and practicality",spc,ASPECT LEMN,JANGAL STRAW FLOOR,False,,Omnia Floor,,,Podea,11 X 190 X 1200 mm,"1,00mm",SPC,,,omnia
105,Terra,"JANGAL Straw Floor is an eco-friendly rice straw flooring with Deep Brushed finish and UV technology for natural, sustainable design

JANGAL Straw Floor is an innovative flooring made from rice straw, a natural and renewable resource that combines sustainability with contemporary design

The Deep Brushed structure gives each plank an authentic and tactile texture, while the UV finish ensures resistance and durability over time

Available in various wood-inspired decors, JANGAL Straw Floor is the ideal choice for those seeking an ecological floor without sacrificing elegance and practicality",spc,ASPECT LEMN,JANGAL STRAW FLOOR,False,,Omnia Floor,,,Podea,11 X 190 X 1200 mm,"1,00mm",SPC,,,omnia
106,Concrete Stone,"OMNIA Standard Tiles XL are large-format SPC tiles with stone or marble effect, designed for stability, acoustic comfort, and modern interiors

The Omnia Standard Tile XL collection combines modern design with maximum functionality. The 470x830 mm format enhances spaces with clean, elegant lines, while stone or marble effect surfaces deliver a contemporary and versatile look

Made of SPC with a Rigid Core backing, they ensure high stability, excellent wear resistance, total waterproofing, and superior acoustic comfort thanks to the integrated IXPE underlay

Safe and healthy, they are phthalate-free, with VOCs and formaldehyde not detected. Ideal for residential and commercial environments, they bring together style, technology, and practicality in a single solution",spc,ASPECT PIATRA,STANDARD TILES,False,,Omnia Floor,,,Podea,830 x 470 x 5 mm,"0,30 mm",SPC,,,omnia
107,Black Onyx,"OMNIA Standard Tiles XL are large-format SPC tiles with stone or marble effect, designed for stability, acoustic comfort, and modern interiors

The Omnia Standard Tile XL collection combines modern design with maximum functionality. The 470x830 mm format enhances spaces with clean, elegant lines, while stone or marble effect surfaces deliver a contemporary and versatile look

Made of SPC with a Rigid Core backing, they ensure high stability, excellent wear resistance, total waterproofing, and superior acoustic comfort thanks to the integrated IXPE underlay

Safe and healthy, they are phthalate-free, with VOCs and formaldehyde not detected. Ideal for residential and commercial environments, they bring together style, technology, and practicality in a single solution",spc,ASPECT PIATRA,STANDARD TILES,False,,Omnia Floor,,,Podea,830 x 470 x 5 mm,"0,30 mm",SPC,,,omnia
108,Glacier Gray,"OMNIA Standard Tiles XL are large-format SPC tiles with stone or marble effect, designed for stability, acoustic comfort, and modern interiors

The Omnia Standard Tile XL collection combines modern design with maximum functionality. The 470x830 mm format enhances spaces with clean, elegant lines, while stone or marble effect surfaces deliver a contemporary and versatile look

Made of SPC with a Rigid Core backing, they ensure high stability, excellent wear resistance, total waterproofing, and superior acoustic comfort thanks to the integrated IXPE underlay

Safe and healthy, they are phthalate-free, with VOCs and formaldehyde not detected. Ideal for residential and commercial environments, they bring together style, technology, and practicality in a single solution",spc,ASPECT PIATRA,STANDARD TILES,False,,Omnia Floor,,,Podea,830 x 470 x 5 mm,"0,30 mm",SPC,,,omnia
109,Artic Stone,"OMNIA Standard Tiles XL are large-format SPC tiles with stone or marble effect, designed for stability, acoustic comfort, and modern interiors

The Omnia Standard Tile XL collection combines modern design with maximum functionality. The 470x830 mm format enhances spaces with clean, elegant lines, while stone or marble effect surfaces deliver a contemporary and versatile look

Made of SPC with a Rigid Core backing, they ensure high stability, excellent wear resistance, total waterproofing, and superior acoustic comfort thanks to the integrated IXPE underlay

Safe and healthy, they are phthalate-free, with VOCs and formaldehyde not detected. Ideal for residential and commercial environments, they bring together style, technology, and practicality in a single solution",spc,ASPECT PIATRA,STANDARD TILES,False,,Omnia Floor,,,Podea,830 x 470 x 5 mm,"0,30 mm",SPC,,,omnia
110,Urban Grey,"OMNIA Standard Tiles XL are large-format SPC tiles with stone or marble effect, designed for stability, acoustic comfort, and modern interiors

The Omnia Standard Tile XL collection combines modern design with maximum functionality. The 470x830 mm format enhances spaces with clean, elegant lines, while stone or marble effect surfaces deliver a contemporary and versatile look

Made of SPC with a Rigid Core backing, they ensure high stability, excellent wear resistance, total waterproofing, and superior acoustic comfort thanks to the integrated IXPE underlay

Safe and healthy, they are phthalate-free, with VOCs and formaldehyde not detected. Ideal for residential and commercial environments, they bring together style, technology, and practicality in a single solution",spc,ASPECT PIATRA,STANDARD TILES,False,,Omnia Floor,,,Podea,830 x 470 x 5 mm,"0,30 mm",SPC,,,omnia
111,Urban Stone Grey,"REVESTA offers innovative wall surfaces inspired by natural stone, combining digital technology, sustainability, and timeless elegance

Surfaces inspired by the beauty of matter, shaped by innovation

Behind every tile lies a vision: to craft surfaces that inspire, endure, and respect the environment

REVESTA combines the warmth of natural stone with the precision of digital technology, creating wall surfaces that are versatile, lightweight, and sustainable. Made to last and designed to elevate every space with timeless elegance",spc,ASPECT PIATRA,REVESTA WALL,False,,Omnia Floor,,,Perete,8 X 3050 X 1120 mm,,SPC,,,omnia
112,Black Aurum,"REVESTA offers innovative wall surfaces inspired by natural stone, combining digital technology, sustainability, and timeless elegance

Surfaces inspired by the beauty of matter, shaped by innovation

Behind every tile lies a vision: to craft surfaces that inspire, endure, and respect the environment

REVESTA combines the warmth of natural stone with the precision of digital technology, creating wall surfaces that are versatile, lightweight, and sustainable. Made to last and designed to elevate every space with timeless elegance",spc,ASPECT PIATRA,REVESTA WALL,False,,Omnia Floor,,,Perete,8 X 3050 X 1120 mm,,SPC,,,omnia
113,White Marble,"REVESTA offers innovative wall surfaces inspired by natural stone, combining digital technology, sustainability, and timeless elegance

Surfaces inspired by the beauty of matter, shaped by innovation

Behind every tile lies a vision: to craft surfaces that inspire, endure, and respect the environment

REVESTA combines the warmth of natural stone with the precision of digital technology, creating wall surfaces that are versatile, lightweight, and sustainable. Made to last and designed to elevate every space with timeless elegance",spc,ASPECT PIATRA,REVESTA WALL,False,,Omnia Floor,,,Perete,8 X 3050 X 1120 mm,,SPC,,,omnia
114,Bronze Metal,"REVESTA offers innovative wall surfaces inspired by natural stone, combining digital technology, sustainability, and timeless elegance

Surfaces inspired by the beauty of matter, shaped by innovation

Behind every tile lies a vision: to craft surfaces that inspire, endure, and respect the environment

REVESTA combines the warmth of natural stone with the precision of digital technology, creating wall surfaces that are versatile, lightweight, and sustainable. Made to last and designed to elevate every space with timeless elegance",spc,ASPECT PIATRA,REVESTA WALL,False,,Omnia Floor,,,Perete,8 X 3050 X 1120 mm,,SPC,,,omnia
115,Sand Stone Terra Beige,"REVESTA offers innovative wall surfaces inspired by natural stone, combining digital technology, sustainability, and timeless elegance

Surfaces inspired by the beauty of matter, shaped by innovation

Behind every tile lies a vision: to craft surfaces that inspire, endure, and respect the environment

REVESTA combines the warmth of natural stone with the precision of digital technology, creating wall surfaces that are versatile, lightweight, and sustainable. Made to last and designed to elevate every space with timeless elegance",spc,ASPECT PIATRA,REVESTA WALL,False,,Omnia Floor,,,Perete,8 X 3050 X 1120 mm,,SPC,,,omnia
116,Absolute Black,"REVESTA offers innovative wall surfaces inspired by natural stone, combining digital technology, sustainability, and timeless elegance

Surfaces inspired by the beauty of matter, shaped by innovation

Behind every tile lies a vision: to craft surfaces that inspire, endure, and respect the environment

REVESTA combines the warmth of natural stone with the precision of digital technology, creating wall surfaces that are versatile, lightweight, and sustainable. Made to last and designed to elevate every space with timeless elegance",spc,ASPECT PIATRA,REVESTA WALL,False,,Omnia Floor,,,Perete,8 X 3050 X 1120 mm,,SPC,,,omnia
117,Concrete Grey,"REVESTA offers innovative wall surfaces inspired by natural stone, combining digital technology, sustainability, and timeless elegance

Surfaces inspired by the beauty of matter, shaped by innovation

Behind every tile lies a vision: to craft surfaces that inspire, endure, and respect the environment

REVESTA combines the warmth of natural stone with the precision of digital technology, creating wall surfaces that are versatile, lightweight, and sustainable. Made to last and designed to elevate every space with timeless elegance",spc,ASPECT PIATRA,REVESTA WALL,False,,Omnia Floor,,,Perete,8 X 3050 X 1120 mm,,SPC,,,omnia
400,Tasos high,"Elevated chrome design, designed to accompany countertop washbasins. A piece that adds height and visual presence.",sanitare,BATERII,Tasos,False,DE BLAT,Bathco,,,Countertop,Diameter: 50mm | High: 310mm,,Metal,,,bathco
401,Tasos low,"Low version for washbasin, with chrome finish and essential design. Practical functionality in a compact format.",sanitare,BATERII,Tasos,False,DE BLAT,Bathco,,,Countertop,Diameter: 50mm | High: 180mm,,Metal,,,bathco
402,Milos high,"High faucet to be combined with countertop basins. Black, gun metal or bronze finish.",sanitare,BATERII,Milos,False,DE BLAT,Bathco,,,Countertop,Diameter: 52mm | High: 330mm,,Metal,,,bathco
403,Milos low,"Low spout basin faucet, designed for uncluttered countertops. Finished in chrome, black, gun metal or bronze.",sanitare,BATERII,Milos,False,DE BLAT,Bathco,,,Countertop,Diameter: 52mm | High: 200mm,,Metal,,,bathco
404,Athenas medium,Equilibrio entre proporción y practicidad. Un grifo disponible en acero pulido o negro mate que se adapta con versatilidad a distintos lavabos.,sanitare,BATERII,Athenas,False,DE BLAT,Bathco,,,Countertop,Diameter: 40mm | High: 219mm,,Sanitary ware,,,bathco
405,Athenas low,"Compact format for countertop sinks. Available in polished steel or matte black, it combines durability and simplicity with timeless design.",sanitare,BATERII,Athenas,False,DE BLAT,Bathco,,,Countertop,Diameter: 40mm | High: 157mm,,Metal,,,bathco
406,Tasos recessed,Propuesta empotrada con estética minimalista. Una opción que libera la superficie de la encimera y aporta continuidad al espacio.,sanitare,BATERII,Tasos,False,DE PERETE,Bathco,,,Wall,High: 248mm,,Sanitary ware,,,bathco
407,Milos recessed,"Clean line recessed lavatory faucet. Chrome, black, gun metal or bronze finish.",sanitare,BATERII,Milos,False,DE PERETE,Bathco,,,Wall,Length: 210mm | Width: 100mm | High: 230mm,,Metal,,,bathco
408,Athenas recessed,"Una propuesta minimalista que libera la encimera. Disponible en acero pulido, garantiza precisión y un diseño limpio.",sanitare,BATERII,Athenas,False,DE PERETE,Bathco,,,Wall,Length: 130mm | Width: 58mm | High: 223mm,,Sanitary ware,,,bathco
409,Athenas high,"Diseñado para lavabos de sobre encimera, disponible en acero cepillado o negro mate. Su altura estilizada aporta presencia y modernidad.",sanitare,BATERII,Athenas,False,FREESTANDING,Bathco,,,Floor,Diameter: 50mm | High: 1066mm,,Sanitary ware,,,bathco
410,Tasos bidet,Low faucet with chrome finish. Its minimalist style brings coherence to any bathroom ensemble.,sanitare,BATERII,Tasos,False,DE BIDEU,Bathco,,,,Diameter: 50mm | High: 154mm,,Metal,,,bathco
411,Tasos shower,Una solución completa de ducha en acabado cromado. Diseño sobrio y contemporáneo que combina funcionalidad y estética en un solo conjunto.,sanitare,BATERII,Tasos,False,DUS,Bathco,,,,Length: 490mm | Width: 200mm | High: 1400mm,,Sanitary ware,,,bathco
412,Tasos recessed,Recessed system with clean and discreet lines. An elegant option for modern bathrooms that prioritize integration.,sanitare,BATERII,Tasos,False,DUS,Bathco,,,,Length: 450mm | Width: 380mm | High: 1120mm,,Sanitary ware,,,bathco
413,Milos recessed,"Shower set with minimalist lines. Finishes chrome, black, gun metal or bronze.",sanitare,BATERII,Milos,False,DUS,Bathco,,,,Length: 450mm | Width: 380mm | High: 1120mm,,Metal,,,bathco
414,Athenas recessed,"Recessed shower system in polished steel or matte black. With ceramic cartridge and hoses included, it offers resistance, precision and refined design.",sanitare,BATERII,Athenas,False,DUS,Bathco,,,,Length: 340mm | Width: 90mm | High: 530mm,,Metal,,,bathco
415,Athenas bathtub,Grifería de acero para colocación a suelo con rociador. Su diseño estilizado une funcionalidad y sobriedad estética.,sanitare,BATERII,Athenas,False,CADA,Bathco,,,,Diameter: 50mm | High: 925mm,,Sanitary ware,,,bathco
416,Iconos bathtub,"Steel faucet in chrome or matte black finish. It is installed on the floor and incorporates a sprayer, combining contemporary style and functionality in the bathroom.",sanitare,BATERII,Iconos,False,CADA,Bathco,,,,Diameter: 40mm | High: 1060mm,,Metal,,,bathco
417,Oropesa I,"Collection of sanitary ware in gloss white porcelain, with floor and wall-mounted versions. A functional and elegant set that reinforces the aesthetic continuity in the bathroom.",sanitare,VASE DE TOALETA,Oropesa,False,SUSPENDATE,Bathco,,,Wall,Length: 515mm | Width: 365mm | High: 300mm,,Porcelain,,,bathco
418,Evora I,"A suspended model in glossy porcelain, with removable thermosetting soft close lid. Balance between clean design and comfort of use.",sanitare,VASE DE TOALETA,Evora,False,SUSPENDATE,Bathco,,,Wall,Length: 520mm | Width: 370mm | High: 345mm,,Porcelain,,,bathco
419,Antequera I,"The suspended format provides visual lightness and greater amplitude to the space. Available in gloss white, matte white and matte black, it incorporates rimless system, soft close lid and easy extraction. A toilet that combines refined design and practical technology for everyday use.",sanitare,VASE DE TOALETA,Antequera,False,SUSPENDATE,Bathco,,,Wall,Length: 485mm | Width: 355mm | High: 320mm,,Sanitary ware,,,bathco
420,Oropesa II,"Rimless toilet in gloss porcelain with dual outlet. Includes easy-to-remove soft close lid and wall-mounted design, combining hygiene, comfort and contemporary aesthetics.",sanitare,VASE DE TOALETA,Oropesa,False,CU PICIOR,Bathco,,,Floor,Length: 540mm | Width: 360mm | High: 415mm,,Porcelain,,,bathco
421,Antequera II,"Un diseño compacto de instalación a suelo, fabricado en porcelana brillo. Incorpora sistema rimless para una limpieza más eficaz y tapa soft close con extracción rápida que facilita el mantenimiento. Una pieza que combina estética sobria y máxima funcionalidad en el baño contemporáneo.",sanitare,VASE DE TOALETA,Antequera,False,CU PICIOR,Bathco,,,Floor,Length: 545mm | Width: 370mm | High: 405mm,,Sanitary ware,,,bathco
422,Antequera bidet I,"The suspended version provides visual lightness and optimizes space. Made of glossy porcelain, it combines practicality and a clean design that fits in contemporary environments.",sanitare,BIDEURI,Antequera,False,SUSPENDATE,Bathco,,,Wall,Length: 500mm | Width: 360mm | High: 325mm,,Porcelain,,,bathco
423,Evora bidet I,"Made of glossy porcelain, this wall-hung bidet brings sobriety and functionality. A piece of refined aesthetics that reinforces the comfort of everyday life.",sanitare,BIDEURI,Evora,False,SUSPENDATE,Bathco,,,Wall,Length: 520mm | Width: 370mm | High: 320mm,,Porcelain,,,bathco
424,Oropesa bidet I,"Collection of sanitary ware in gloss white porcelain, with floor and wall-mounted versions. A functional and elegant set that reinforces the aesthetic continuity in the bathroom.",sanitare,BIDEURI,Oropesa,False,SUSPENDATE,Bathco,,,Wall,Length: 520mm | Width: 355mm | High: 300mm,,Porcelain,,,bathco
425,Oropesa bidet II,"Collection of sanitary ware in gloss white porcelain, with floor and wall-mounted versions. A functional and elegant set that reinforces the aesthetic continuity in the bathroom.",sanitare,BIDEURI,Oropesa,False,CU PICIOR,Bathco,,,Floor,Length: 540mm | Width: 365mm | High: 415mm,,Porcelain,,,bathco
426,Antequera bidet II,"Un diseño clásico de instalación a suelo, fabricado en porcelana brillo. Su estética sobria se adapta a cualquier proyecto de baño, ofreciendo funcionalidad y durabilidad con un acabado cuidado.",sanitare,BIDEURI,Antequera,False,CU PICIOR,Bathco,,,Floor,Length: 550mm | Width: 375mm | High: 400mm,,Sanitary ware,,,bathco
427,Striae oval,"Natural stone washbasin in circular, square, oval and pedestal versions. Available in beige or black, it stands out for the marked texture of its surface and its aesthetic forcefulness.",sanitare,LAVOARE,STONE,False,DE BLAT,Bathco,,,Countertop,Length: 580mm | Width: 380mm | High: 150mm,,Natural stone,,,bathco
428,Striae 39,"Natural stone washbasin in circular, square, oval and pedestal versions. Available in beige or black, it stands out for the marked texture of its surface and its aesthetic forcefulness.",sanitare,LAVOARE,STONE,False,DE BLAT,Bathco,,,Countertop,Length: 390mm | Width: 390mm | High: 150mm,,Natural stone,,,bathco
429,Striae,"Natural stone washbasin in circular, square, oval and pedestal versions. Available in beige or black, it stands out for the marked texture of its surface and its aesthetic forcefulness.",sanitare,LAVOARE,STONE,False,DE BLAT,Bathco,,,Countertop,Diameter: 380mm | High: 150mm,,Natural stone,,,bathco
430,Pemba,"Natural stone circular washbasins in beige, dark gray and doreng finishes. Each version highlights the shades of the rock, providing an organic and timeless air.",sanitare,LAVOARE,STONE,False,DE BLAT,Bathco,,,Countertop,Diameter: 350mm | High: 100mm,,Natural stone,,,bathco
431,Papua A,"Natural stone washbasins in beige and doreng tones, available with or without wooden base. Their circular shape and organic character make them compatible with metal pedestals, creating compositions of great aesthetic strength.",sanitare,LAVOARE,STONE,False,DE BLAT,Bathco,,,Countertop,Diameter: 360mm | High: 175mm,,Natural stone,,,bathco
432,Icono,"Circular washbasin in natural stone, available in black or beige tones. A countertop piece that enhances the strength of the material in its purest state.",sanitare,LAVOARE,STONE,False,DE BLAT,Bathco,,,Countertop,Diameter: 400mm | High: 100mm,,Natural stone,,,bathco
433,Classic Cuadrado,"Classic Cuadrado Grey es un lavabo cuadrado de instalación sobre encimera, fabricado en piedra con acabado relieve en color grey",sanitare,LAVOARE,STONE,False,DE BLAT,Bathco,,,Countertop,Length: 385mm | Width: 385mm | High: 135mm,,Sanitary ware,,,bathco
434,Classic Rectangular,"Classic Rectangular Grey es un lavabo rectangular de instalación sobre encimera, fabricado en piedra con acabado relieve en color grey",sanitare,LAVOARE,STONE,False,DE BLAT,Bathco,,,Countertop,Length: 500mm | Width: 350mm | High: 130mm,,Sanitary ware,,,bathco
435,Classic Circular,"Classic Circular Grey es un lavabo circular de instalación sobre encimera, fabricado en piedra con acabado relieve en color grey",sanitare,LAVOARE,STONE,False,DE BLAT,Bathco,,,Countertop,Diameter: 380mm | High: 130mm,,Sanitary ware,,,bathco
436,Boracay,"Boracay Beige es un lavabo circular de instalación sobre encimera, fabricado en piedra con acabado relieve en color beige",sanitare,LAVOARE,STONE,False,DE BLAT,Bathco,,,Countertop,Diameter: 450mm | High: 900mm,,Sanitary ware,,,bathco
437,Ticao Circular,"Ticao Circular es un lavabo circular de instalación sobre encimera, fabricado en piedra con acabado relieve en color beige",sanitare,LAVOARE,STONE,False,DE BLAT,Bathco,,,Countertop,Diameter: 430mm | High: 140mm,,Sanitary ware,,,bathco
438,Ticao Cuadrado,"Ticao Cuadrado es un lavabo de instalación sobre encimera, fabricado en piedra con acabado relieve en color beige",sanitare,LAVOARE,STONE,False,DE BLAT,Bathco,,,Countertop,Length: 430mm | Width: 430mm | High: 140mm,,Sanitary ware,,,bathco
439,Morella,"Series of natural stone washbasins, available in circular, square or oval format. All in beige finish, they transmit sobriety and simplicity.",sanitare,LAVOARE,STONE,False,DE BLAT,Bathco,,,Countertop,Diameter: 380mm | High: 135mm,,Natural stone,,,bathco
440,Morella cuadrado,"Series of natural stone washbasins, available in circular, square or oval format. All in beige finish, they transmit sobriety and simplicity.",sanitare,LAVOARE,STONE,False,DE BLAT,Bathco,,,Countertop,Length: 385mm | Width: 385mm | High: 135mm,,Natural stone,,,bathco
441,Morella oval,"Series of natural stone washbasins, available in circular, square or oval format. All in beige finish, they transmit sobriety and simplicity.",sanitare,LAVOARE,STONE,False,DE BLAT,Bathco,,,Countertop,Length: 520mm | Width: 370mm | High: 135mm,,Natural stone,,,bathco
442,Papua C,"Natural stone washbasins in beige and doreng tones, available with or without wooden base. Their circular shape and organic character make them compatible with metal pedestals, creating compositions of great aesthetic strength.",sanitare,LAVOARE,STONE,False,DE BLAT,Bathco,,,Countertop,Diameter: 360mm | High: 130mm,,Natural stone,,,bathco
443,Papua,"Natural stone washbasins in beige and doreng tones, available with or without wooden base. Their circular shape and organic character make them compatible with metal pedestals, creating compositions of great aesthetic strength.",sanitare,LAVOARE,STONE,False,DE BLAT,Bathco,,,Countertop,Diameter: 360mm | High: 175mm,,Natural stone,,,bathco
444,Mimika C,"Circular washbasin in natural stone. Available in beige or doreng finishes, it combines mineral solidity with organic warmth. For countertop installation.",sanitare,LAVOARE,STONE,False,DE BLAT,Bathco,,,Countertop,Diameter: 380mm | High: 130mm,,Natural stone,,,bathco
445,Mimika,"Circular washbasin in natural stone with wooden base. Available in beige or doreng finishes, it combines mineral solidity with organic warmth. For countertop installation.",sanitare,LAVOARE,STONE,False,DE BLAT,Bathco,,,Countertop,Diameter: 380mm | High: 175mm,,Natural stone,,,bathco
446,Mappi C,"Circular washbasins in natural stone, available in beige or doreng finishes. Its countertop design highlights the purity of the material.",sanitare,LAVOARE,STONE,False,DE BLAT,Bathco,,,Countertop,Diameter: 360mm | High: 130mm,,Natural stone,,,bathco
447,Mappi,"Circular washbasins in natural stone, available in beige or doreng finishes. Its countertop design highlights the purity of the material.",sanitare,LAVOARE,STONE,False,DE BLAT,Bathco,,,Countertop,Diameter: 360mm | High: 175mm,,Natural stone,,,bathco
448,Mauritius,"Rectangular washbasin in natural stone, bicolor in black and beige tones. A countertop design that conveys contrast and sophistication.",sanitare,LAVOARE,STONE,False,DE BLAT,Bathco,,,Countertop,Length: 620mm | Width: 350mm | High: 120mm,,Natural stone,,,bathco
449,Gorea,"A circular washbasin in natural stone available in beige, dark gray and doreng tones. A countertop piece that conveys authenticity and mineral character.",sanitare,LAVOARE,STONE,False,DE BLAT,Bathco,,,Countertop,Diameter: 380mm | High: 80mm,,Natural stone,,,bathco
450,Duotono B,Natural stone in a circular design. A countertop washbasin that highlights the nobility of the material with essential aesthetics.,sanitare,LAVOARE,STONE,False,DE BLAT,Bathco,,,Countertop,Diameter: 410mm | High: 150mm,,Natural stone,,,bathco
451,Suances,Circular gray cement washbasin with concealed drain. A piece that combines sober design and industrial character.,sanitare,LAVOARE,Cement,False,DE BLAT,Bathco,,,Countertop,Diameter: 400mm | High: 150mm,,Sanitary ware,,,bathco
452,Parbayón,Cement or light terrazzo washbasins in square format. A strong design that highlights the presence of mineral materials on the countertop.,sanitare,LAVOARE,Cement,False,DE BLAT,Bathco,,,Countertop,Length: 500mm | Width: 500mm | High: 120mm,,Sanitary ware,,,bathco
453,Parbayón terrazzo,"Square design with contemporary aesthetics. The Parbayón terrazzo washbasin, made of terrazzo, is installed on the countertop and adds style to the bathroom. Without overflow and with faucet hole.",sanitare,LAVOARE,Cement,False,DE BLAT,Bathco,,,Countertop,Length: 500mm | Width: 500mm | High: 120mm,,Sanitary ware,,,bathco
454,Nestares,"Square washbasin in pigmented cement. Available in light gray, dark gray or tile. For countertop installation, it provides texture and an industrial character.",sanitare,LAVOARE,Cement,False,DE BLAT,Bathco,,,Countertop,Length: 400mm | Width: 400mm | High: 130mm,,Sanitary ware,,,bathco
455,Detroit alto,Acero inoxidable cepillado en formato alto. Un lavabo circular de sobre encimera con presencia arquitectónica y acabado técnico.,sanitare,LAVOARE,METALIC,False,DE BLAT,Bathco,,,Countertop,Diameter: 380mm | High: 380mm,,Sanitary ware,,,bathco
456,Detroit rectangular,Acero cepillado y líneas nítidas. Un rectangular de sobre encimera que equilibra resistencia y estética.,sanitare,LAVOARE,METALIC,False,DE BLAT,Bathco,,,Countertop,Length: 550mm | Width: 380mm | High: 120mm,,Sanitary ware,,,bathco
457,Detroit oval,Óvalo en acero cepillado para un trazo más suave. Un lavabo de sobre encimera que suma continuidad y brillo contenido.,sanitare,LAVOARE,METALIC,False,DE BLAT,Bathco,,,Countertop,Length: 550mm | Width: 350mm | High: 120mm,,Sanitary ware,,,bathco
458,Detroit cuadrado,Brushed finish and precise lines. A square countertop design that brings rigor and modernity.,sanitare,LAVOARE,METALIC,False,DE BLAT,Bathco,,,Countertop,Length: 400mm | Width: 400mm | High: 120mm,,Sanitary ware,,,bathco
459,Detroit circular,Circular format in brushed steel. A countertop design with a refined industrial reading.,sanitare,LAVOARE,METALIC,False,DE BLAT,Bathco,,,Countertop,Diameter: 380mm | High: 120mm,,Metal,,,bathco
460,Detroit Circular B,"Detroit Circular B Cepillado es un lavabo circular de instalación sobre encimera, fabricado en metálico en color acero cepillado",sanitare,LAVOARE,METALIC,False,DE BLAT,Bathco,,,Countertop,Diameter: 380mm | High: 100mm,,Sanitary ware,,,bathco
461,Hekla,"Hekla es un lavabo circular de instalación sobre encimera, fabricado en porcelana en color blanco",sanitare,LAVOARE,METALIC,False,DE BLAT,Bathco,,,Countertop,Diameter: 400mm | High: 450mm,,Sanitary ware,,,bathco
462,Dinan 38 Traquita,A hand-painted artisan piece that reinterprets the texture of trachyte stone. The circular porcelain countertop design adds warmth and character.,sanitare,LAVOARE,Porcelain,False,DE BLAT,Bathco,,,Countertop,Diameter: 380mm | High: 130mm,,Porcelain,,,bathco
463,Seceda Oval,"Seceda Oval es un lavabo oval de instalación sobre encimera, fabricado en solid surface en color blanco",sanitare,LAVOARE,Porcelain,False,DE BLAT,Bathco,,,Countertop,Length: 500mm | Width: 360mm | High: 150mm,,Sanitary ware,,,bathco
464,Seceda Cuadrado,"Seceda Cuadrado es un lavabo cuadrado de instalación sobre encimera, fabricado en solid surface en color blanco",sanitare,LAVOARE,Porcelain,False,DE BLAT,Bathco,,,Countertop,Length: 380mm | Width: 380mm | High: 150mm,,Sanitary ware,,,bathco
465,Seceda Circular,"Seceda Circular es un lavabo circular de instalación sobre encimera, fabricado en solid surface en color blanco",sanitare,LAVOARE,Porcelain,False,DE BLAT,Bathco,,,Countertop,Diameter: 360mm | High: 150mm,,Sanitary ware,,,bathco
466,Dinan Circular Colors,"Dinan Circular Tan es un lavabo circular de instalación sobre encimera, fabricado en porcelana con acabado satinado en color tan",sanitare,LAVOARE,Porcelain,False,DE BLAT,Bathco,,,Countertop,Diameter: 380mm | High: 130mm,,Sanitary ware,,,bathco
467,Wadi Rustico,Circular porcelain piece with rustic handcrafted finish. A warm and versatile proposal.,sanitare,LAVOARE,Porcelain,False,DE BLAT,Bathco,,,Countertop,Diameter: 360mm | High: 120mm,,Porcelain,,,bathco
468,Wadi Grey,"Hand-painted circular sink in gray, with a subtle finish that highlights the texture of the porcelain.",sanitare,LAVOARE,Porcelain,False,DE BLAT,Bathco,,,Countertop,Diameter: 360mm | High: 120mm,,Porcelain,,,bathco
469,New Cuenca,"Lavabo circular en porcelana natural. De sobre encimera, destaca por su sobriedad y acabado beige.",sanitare,LAVOARE,Porcelain,False,DE BLAT,Bathco,,,Countertop,Diameter: 430mm | High: 160mm,,Sanitary ware,,,bathco
470,Luena 1000,"Rectangular or square countertop washbasin, made of white solid surface. A versatile and durable proposal, designed for contemporary bathrooms.",sanitare,LAVOARE,Porcelain,False,DE BLAT,Bathco,,,Countertop,Length: 1000mm | Width: 450mm | High: 120mm,,Sanitary ware,,,bathco
471,Luena 600,"Rectangular or square countertop washbasin, made of white solid surface. A versatile and durable proposal, designed for contemporary bathrooms.",sanitare,LAVOARE,Porcelain,False,DE BLAT,Bathco,,,Countertop,Length: 600mm | Width: 450mm | High: 120mm,,Sanitary ware,,,bathco
472,Luena 450,"Rectangular or square countertop washbasin, made of white solid surface. A versatile and durable proposal, designed for contemporary bathrooms.",sanitare,LAVOARE,Porcelain,False,DE BLAT,Bathco,,,Countertop,Length: 450mm | Width: 450mm | High: 120mm,,Sanitary ware,,,bathco
473,Florencia,"A circular design in high-gloss porcelain with integrated overflow. Installed on a countertop, it brings formal lightness and timeless style.",sanitare,LAVOARE,Porcelain,False,DE BLAT,Bathco,,,Countertop,Diameter: 420mm | High: 350mm,,Porcelain,,,bathco
474,Belted,"A circular washbasin in solid surface, with softened edges and minimalist design. Its matte white finish reinforces the purity and sobriety of the piece.",sanitare,LAVOARE,Porcelain,False,DE BLAT,Bathco,,,Countertop,Diameter: 420mm | High: 100mm,,Sanitary ware,,,bathco
475,Rennes,Lavabo circular en porcelana blanca con exterior en gris de tacto gomoso. Un contraste delicado que aporta personalidad y modernidad a la pieza.,sanitare,LAVOARE,Porcelain,False,DE BLAT,Bathco,,,Countertop,Diameter: 455mm | High: 150mm,,Sanitary ware,,,bathco
476,Damasco,"Damasco es un lavabo circular de instalación sobre encimera, fabricado en bambú en color bambú",sanitare,LAVOARE,WOOD,False,DE BLAT,Bathco,,,Countertop,Diameter: 400mm | High: 450mm,,Sanitary ware,,,bathco
477,Agra Oval,"Agra Oval es un lavabo oval de instalación sobre encimera, fabricado en madera de acacia",sanitare,LAVOARE,WOOD,False,DE BLAT,Bathco,,,Countertop,Length: 580mm | Width: 380mm | High: 145mm,,Sanitary ware,,,bathco
478,Agra Cuadrado,"Agra Cuadrado es un lavabo cuadrado de instalación sobre encimera, fabricado en madera de acacia",sanitare,LAVOARE,WOOD,False,DE BLAT,Bathco,,,Countertop,Length: 380mm | Width: 380mm | High: 145mm,,Sanitary ware,,,bathco
479,Rosario,"Lavabo circular en composite, disponible en blanco, gris claro y gris oscuro. Una serie versátil que combina resistencia y sobriedad estética.",sanitare,LAVOARE,Composite,False,DE BLAT,Bathco,,,Countertop,Diameter: 420mm | High: 190mm,,Sanitary ware,,,bathco
480,Set Belted,Set Belted Taupe es un lavabo circular fabricado en solid surface en color taupe con soporte de bambú que permite la instalación suspendida,sanitare,LAVOARE,Porcelain,False,SUSPENDATE,Bathco,,,Wall,Diameter: 420mm | Length: 500mm | High: 220mm,,Sanitary ware,,,bathco
481,Marsella,"Lavabo circular en porcelana blanca, disponible en instalación suspendida o de sobre encimera. Un diseño versátil que mantiene la sobriedad clásica.",sanitare,LAVOARE,Porcelain,False,SUSPENDATE,Bathco,,,Wall,Diameter: 400mm | High: 130mm,,Sanitary ware,,,bathco
482,Hamburg,Gloss porcelain wall hung basin with overflow. A circular design that combines sobriety and formal lightness.,sanitare,LAVOARE,Porcelain,False,SUSPENDATE,Bathco,,,Wall,Diameter: 410mm | High: 250mm,,Porcelain,,,bathco
483,Fuengirola,"Un diseño ovalado en porcelana brillo, de instalación sobre encimera. Sus líneas suaves aportan sobriedad y un aire mediterráneo al baño.",sanitare,LAVOARE,Porcelain,False,SUSPENDATE,Bathco,,,Wall,Length: 600mm | Width: 380mm | High: 90mm,,Sanitary ware,,,bathco
484,Bruselas 900,"The larger version of the Brussels model multiplies comfort. In glossy porcelain, it can be installed on a countertop or suspended, reinforcing the formal clarity on a larger scale.",sanitare,LAVOARE,Porcelain,False,SUSPENDATE,Bathco,,,Wall,Length: 900mm | Width: 420mm | High: 135mm,,Porcelain,,,bathco
485,Bruselas 600,Balance between format and proportion in a rectangular design of glossy porcelain. Countertop or wall-mounted installation for versatile integration.,sanitare,LAVOARE,Porcelain,False,SUSPENDATE,Bathco,,,Wall,Length: 600mm | Width: 420mm | High: 135mm,,Porcelain,,,bathco
486,Bruselas 500,"A rectangular glossy porcelain washbasin with a sober and modern design. It can be installed on countertop or suspended, always maintaining a clean aesthetic.",sanitare,LAVOARE,Porcelain,False,SUSPENDATE,Bathco,,,Wall,Length: 500mm | Width: 420mm | High: 135mm,,Porcelain,,,bathco
487,Ice Cream,"Rectangular format in gloss porcelain, with suspended or countertop installation. Its clean design with overflow provides versatility.",sanitare,LAVOARE,Porcelain,False,SUSPENDATE,Bathco,,,Wall,Length: 650mm | Width: 400mm | High: 120mm,,Porcelain,,,bathco
488,Bolonia,"Líneas rectas y proporciones equilibradas en porcelana brillo. Este lavabo rectangular puede instalarse sobre encimera o suspendido, adaptándose con sencillez a cualquier entorno.",sanitare,LAVOARE,Porcelain,False,SUSPENDATE,Bathco,,,Wall,Length: 510mm | Width: 455mm | High: 155mm,,Sanitary ware,,,bathco
489,Detroit pared,Opción suspendida en acabado gun metal para un gesto más gráfico. Un diseño limpio y contemporáneo.,sanitare,LAVOARE,Metallic,False,SUSPENDATE,Bathco,,,Wall,Diameter: 380mm | High: 380mm,,Metal,,,bathco
490,Torino,Porcelain washbasin for undercounter installation. Its unglazed rim facilitates fixing and the slight interior slope reduces splashing. A practical and discreet piece for sober spaces.,sanitare,LAVOARE,Porcelain,False,SUB BLAT,Bathco,,,Countertop,Length: 510mm | Width: 380mm | High: 175mm,,Porcelain,,,bathco
491,Modena,"Oval basin with undercountertop in gloss white porcelain. Includes overflow and integrates discreetly into the countertop, providing visual cleanliness.",sanitare,LAVOARE,Porcelain,False,SUB BLAT,Bathco,,,Countertop,Length: 465mm | Width: 385mm | High: 190mm,,Porcelain,,,bathco
492,Cerdeña,La misma solución de bajo encastre en una escala mayor. Porcelana brillo para un baño ordenado y de lectura limpia.,sanitare,LAVOARE,Porcelain,False,SUB BLAT,Bathco,,,Countertop,Diameter: 435mm | High: 175mm,,Sanitary ware,,,bathco
493,Ancona,An oval basin in glossy porcelain that is integrated under the countertop for a discreet and elegant finish. A piece designed for those looking for a harmonious and durable result.,sanitare,LAVOARE,Porcelain,False,SUB BLAT,Bathco,,,Countertop,Length: 550mm | Width: 410mm | High: 205mm,,Porcelain,,,bathco
494,Buelna,"Lavabo circular en porcelana brillo que puede instalarse sobre encimera o en semiencastre. Su diseño esencial se completa con tapa-bandeja a juego, aportando un detalle funcional.",sanitare,LAVOARE,Porcelain,False,SEMI-INCASTRATE,Bathco,,,Countertop,Diameter: 405mm | High: 135mm,,Sanitary ware,,,bathco
495,Colloto,Resin countertop for installation on furniture. A practical and resistant design with refined lines that simplify everyday life.,sanitare,LAVOARE,Porcelain,False,SEMI-INCASTRATE,Bathco,,,Countertop,Length: 1000mm | Width: 400mm | High: 185mm,,Sanitary ware,,,bathco
496,Verona,Rectangular resin washbasin in white finish. Its light and minimalist design makes it a practical and contemporary choice for the bathroom.,sanitare,LAVOARE,Porcelain,False,SEMI-INCASTRATE,Bathco,,,Countertop,Length: 600mm | Width: 400mm | High: 125mm,,Sanitary ware,,,bathco
497,Satélite,"Rectangular washbasin in white resin, designed for installation on furniture. A functional and contemporary design.",sanitare,LAVOARE,Porcelain,False,SEMI-INCASTRATE,Bathco,,,Countertop,Length: 800mm | Width: 450mm | High: 155mm,,Sanitary ware,,,bathco
498,Manhattan,"Rectangular washbasin in white resin, for installation on furniture. Available in various sizes, without overflow, provides lightness and practicality.",sanitare,LAVOARE,Porcelain,False,SEMI-INCASTRATE,Bathco,,,Countertop,Length: 1000mm | Width: 450mm | High: 130mm,,Sanitary ware,,,bathco
499,Vulka,"Rectangular washbasin made of natural stone. Available in different finishes, it stands out for its solidity and unique character.",sanitare,LAVOARE,Stone,False,SEMI-INCASTRATE,Bathco,,,Countertop,Length: 800mm | Width: 450mm | High: 190mm,,Natural stone,,,bathco
500,Belted Columna,Belted Columna Taupe es un lavabo circular fabricado en solid surface con pedestal de acero en color taupe,sanitare,LAVOARE,Porcelain,False,FREESTANDING,Bathco,,,Floor,Diameter: 420mm | High: 830mm,,Sanitary ware,,,bathco
501,Arenas,Porcelain rises in a pedestal design that brings verticality and presence to the space. Its square format conveys solidity and a classic air reinterpreted with a glossy finish.,sanitare,LAVOARE,Porcelain,False,FREESTANDING,Bathco,,,Floor,Length: 400mm | Width: 400mm | High: 835mm,,Porcelain,,,bathco
502,Barros,"Lavabo pedestal en solid surface. Su diseño cilíndrico y minimalista refuerza la verticalidad del baño, ofreciendo presencia y durabilidad en una pieza escultórica.",sanitare,LAVOARE,Porcelain,False,FREESTANDING,Bathco,,,Floor,Length: 390mm | Width: 420mm | High: 880mm,,Sanitary ware,,,bathco
503,Bohol,Gray highlights the mineral strength of this circular pedestal in natural stone. A robust and elegant piece that conveys architectural sobriety.,sanitare,LAVOARE,Stone,False,FREESTANDING,Bathco,,,Floor,Diameter: 400mm | High: 880mm,,Natural stone,,,bathco
504,Striae pedestal,"Natural stone washbasin in circular, square, oval and pedestal versions. Available in beige or black, it stands out for the marked texture of its surface and its aesthetic forcefulness.",sanitare,LAVOARE,Stone,False,FREESTANDING,Bathco,,,Floor,Diameter: 400mm | High: 870mm,,Natural stone,,,bathco
505,Fuji Pedestal,"Fuji Grey es un lavabo circular de instalación pedestal, fabricado en piedra con acabado relieve en color grey",sanitare,LAVOARE,Stone,False,FREESTANDING,Bathco,,,Floor,Diameter: 420mm | High: 900mm,,Sanitary ware,,,bathco
506,Damasco Pedestal,"Damasco Pedestal es un lavabo circular de instalación pedestal, fabricado en bambú en color bambú con pedestal de bambú",sanitare,LAVOARE,WOOD,False,FREESTANDING,Bathco,,,Floor,Diameter: 400mm | High: 900mm,,Sanitary ware,,,bathco
507,Treviso pedestal,Circular bamboo basin with stainless steel exterior. A sculptural piece that becomes the center of attention in the bathroom space.,sanitare,LAVOARE,WOOD,False,FREESTANDING,Bathco,,,Floor,Diameter: 360mm | High: 830mm,,Metal,,,bathco
508,Kalasin,Pedestal washbasin made of bamboo. A circular and compact design that turns a natural material into the protagonist of the bathroom.,sanitare,LAVOARE,WOOD,False,FREESTANDING,Bathco,,,Floor,Diameter: 400mm | High: 880mm,,Sanitary ware,,,bathco
509,Detroit pedestal,Cylindrical pedestal in brushed gun metal. A sculptural piece that combines material and verticality.,sanitare,LAVOARE,Metallic,False,FREESTANDING,Bathco,,,Floor,Diameter: 380mm | High: 830mm,,Metal,,,bathco
510,Malay A,"Metal pedestal basin with amber bamboo base. Available in white, gray or rose gold, it introduces a sculptural and contemporary character.",sanitare,LAVOARE,Metallic,False,FREESTANDING,Bathco,,,Floor,Diameter: 400mm | High: 900mm,,Metal,,,bathco
511,Malay B,"Lavabo pedestal metálico con base de bambú natural. Disponible en blanco, gris o rose gold, introduce un carácter escultórico y contemporáneo.",sanitare,LAVOARE,Metallic,False,FREESTANDING,Bathco,,,Floor,Diameter: 400mm | High: 900mm,,Sanitary ware,,,bathco
512,Versailles,"Natural stone plate available in beige or black, from the Natural Series collection. A sober and elegant piece that stands out for its robustness.",sanitare,DUSURI,Stone,False,DUS,Bathco,,,,Length: 800mm | Width: 800mm | High: 50mm,,Natural stone,,,bathco
513,Oco,"Disponible en beige o negro, este plato de piedra natural pertenece a la colección Natural Series. Su materialidad transmite solidez y permanencia.",sanitare,DUSURI,Stone,False,DUS,Bathco,,,,Length: 1400mm | Width: 800mm | High: 70mm,,Sanitary ware,,,bathco
514,Simi,"Non-slip surface and sober aesthetics for a safe and modern bathroom. Simi shower tray, in natural stone, ensures durability and comfortable day-to-day use.",sanitare,DUSURI,Stone,False,DUS,Bathco,,,,Length: 1200mm | Width: 800mm | High: 95mm,,Natural stone,,,bathco
515,Icono,"Shower tray in beige natural stone, belonging to the Natural Series collection. Robustness and warmth in a piece of great presence.",sanitare,DUSURI,Stone,False,DUS,Bathco,,,,Length: 1400mm | Width: 800mm | High: 70mm,,Natural stone,,,bathco
516,Simi bathtub,"Made of natural stone, this freestanding bathtub stands out for its beige finish, which brings luminosity and serenity. A sculptural piece that invites well-being.",sanitare,CAZI,Stone,False,CAZI,Bathco,,,,Length: 1860mm | Width: 700mm | High: 460mm,,Natural stone,,,bathco
517,Chester,"Cylindrical pedestal in black finish for a graphic and elegant gesture. Compatible with Rouen, Caen, Troyes, Mahé and Papua B.",sanitare,ACCESORII SI PIESE TEHNICE,Complements,False,PIEDESTALE,Bathco,,,,Length: 480mm | Width: 342mm | High: 786mm,,Sanitary ware,,,bathco
518,Pedestal steel bars,"Structure designed to accompany different washbasins, available in steel. Its sober design adds support and order without detracting from the main pieces.",sanitare,ACCESORII SI PIESE TEHNICE,Complements,False,PIEDESTALE,Bathco,,,,Length: 400mm | Width: 200mm | High: 750mm,,Metal,,,bathco
519,Pedestal wooden bars,"Structure designed to accompany different washbasins, available in wood. Its sober design adds support and order without detracting from the main pieces.",sanitare,ACCESORII SI PIESE TEHNICE,Complements,False,PIEDESTALE,Bathco,,,,Diameter: 370mm | High: 750mm,,Wood,,,bathco
520,Wooden pedestal 440,Designed to accompany specific models such as Florence B or Genoa B. Their light wood finish reinforces the warmth and connection with natural materials.,sanitare,ACCESORII SI PIESE TEHNICE,Complements,False,PIEDESTALE,Bathco,,,,Diameter: 440mm | High: 740mm,,Wood,,,bathco
521,Wooden pedestal 570,Designed to accompany specific models such as Florence B or Genoa B. Their light wood finish reinforces the warmth and connection with natural materials.,sanitare,ACCESORII SI PIESE TEHNICE,Complements,False,PIEDESTALE,Bathco,,,,Diameter: 570mm | High: 740mm,,Wood,,,bathco
522,Halong,"Bamboo pedestal available in various finishes, compatible with 380 mm washbasins such as Wadi, Dinan or Detroit. A natural base that brings warmth and freshness.",sanitare,ACCESORII SI PIESE TEHNICE,Complements,False,PIEDESTALE,Bathco,,,,Diameter: 475mm | High: 800mm,,Sanitary ware,,,bathco
523,Sisaket,"Bamboo pedestal compatible with Ruan, Caen and Troyes washbasins. A warm and light support that reinforces the naturalness of the whole.",sanitare,ACCESORII SI PIESE TEHNICE,Complements,False,PIEDESTALE,Bathco,,,,Diameter: 300mm | High: 880mm,,Sanitary ware,,,bathco
524,Pleiku,Bamboo pedestal designed to accompany the Gorea series washbasins. A natural and light support that reinforces the warmth of the composition.,sanitare,ACCESORII SI PIESE TEHNICE,Complements,False,PIEDESTALE,Bathco,,,,Diameter: 425mm | High: 870mm,,Sanitary ware,,,bathco
525,Round siphon,"Siphon in square or round version, available in chrome, white, black or rose gold finishes. Details that complete and refine the installation.",sanitare,ACCESORII SI PIESE TEHNICE,siphon,False,ACCESORII,Bathco,,,,,,Metal,,,bathco
526,Valve and siphon set,"Set including valve and siphon, designed to complete the installation of the basin.",sanitare,ACCESORII SI PIESE TEHNICE,siphon,False,ACCESORII,Bathco,,,,Length: 78mm,,Sanitary ware,,,bathco
527,1C6,,terrazzo,GRANULATIE MEDIE,Out of catalog,False,,Grandinetti,,"Antique, Heavy Brushed (R10), Honed, Honed And Bevelled, Opaque (To Be Polished On Site), Polished And Bevelled",,"10x10x1.2CM, 20x20x1.2CM, 20x20x1.3CM, 20x20x2CM, 25x25x2CM, 305x125x2CM, 305x125x3CM, 30x30x2CM, 40x40x2CM, 60x30x2CM, 60x60x2CM",,,,,grandinetti
528,1B2,,terrazzo,GRANULATIE MEDIE,Out of catalog,False,,Grandinetti,,"Antique, Heavy Brushed (R10), Honed, Honed And Bevelled, Opaque (To Be Polished On Site), Polished And Bevelled",,"10x10x1.2CM, 20x20x1.2CM, 20x20x1.3CM, 20x20x2CM, 25x25x1.3CM, 25x25x2CM, 305x125x2CM, 305x125x3CM, 30x30x2CM, 40x40x2CM, 60x30x2CM, 60x60x2CM",,,,,grandinetti
529,4B4,,terrazzo,GRANULATIE MEDIE,Out of catalog,False,,Grandinetti,,"Antique, Heavy Brushed (R10), Honed, Honed And Bevelled, Opaque (To Be Polished On Site), Polished And Bevelled",,"10x10x1.2CM, 20x20x1.2CM, 20x20x1.3CM, 20x20x2CM, 25x25x1.3CM, 25x25x2CM, 305x125x2CM, 305x125x3CM, 30x30x2CM, 40x40x2CM, 60x30x2CM, 60x60x2CM",,,,,grandinetti
530,4F4,,terrazzo,GRANULATIE MEDIE,Out of catalog,False,,Grandinetti,,"Antique, Heavy Brushed (R10), Honed, Honed And Bevelled, Opaque (To Be Polished On Site), Polished And Bevelled",,"10x10x1.2CM, 20x20x1.2CM, 20x20x1.3CM, 20x20x2CM, 25x25x2CM, 305x125x2CM, 305x125x3CM, 30x30x2CM, 40x40x2CM, 60x30x2CM, 60x60x2CM",,,,,grandinetti
531,4I6,,terrazzo,GRANULATIE MEDIE,Out of catalog,False,,Grandinetti,,"Antique, Heavy Brushed (R10), Honed, Honed And Bevelled, Opaque (To Be Polished On Site), Polished And Bevelled",,"10x10x1.2CM, 20x20x1.2CM, 20x20x1.3CM, 20x20x2CM, 25x25x2CM, 305x125x2CM, 305x125x3CM, 30x30x2CM, 40x40x2CM, 60x30x2CM, 60x60x2CM",,,,,grandinetti
532,7C4,,terrazzo,GRANULATIE MEDIE,Out of catalog,False,,Grandinetti,,"Antique, Heavy Brushed (R10), Honed, Honed And Bevelled, Opaque (To Be Polished On Site), Polished And Bevelled",,"10x10x1.2CM, 20x20x1.2CM, 20x20x1.3CM, 20x20x2CM, 25x25x2CM, 305x125x2CM, 305x125x3CM, 30x30x2CM, 40x40x2CM, 60x30x2CM, 60x60x2CM",,,,,grandinetti
533,7H1,,terrazzo,GRANULATIE MEDIE,Out of catalog,False,,Grandinetti,,"Antique, Heavy Brushed (R10), Honed, Honed And Bevelled, Opaque (To Be Polished On Site), Polished And Bevelled",,"10x10x1.2CM, 20x20x1.2CM, 20x20x1.3CM, 20x20x2CM, 25x25x2CM, 305x125x2CM, 305x125x3CM, 30x30x2CM, 40x40x2CM, 60x30x2CM, 60x60x2CM",,,,,grandinetti
534,8I1,,terrazzo,GRANULATIE MEDIE,Out of catalog,False,,Grandinetti,,"Antique, Heavy Brushed (R10), Honed, Honed And Bevelled, Opaque (To Be Polished On Site), Polished And Bevelled",,"10x10x1.2CM, 20x20x1.2CM, 20x20x1.3CM, 20x20x2CM, 25x25x2CM, 305x125x2CM, 305x125x3CM, 30x30x2CM, 40x40x2CM, 60x30x2CM, 60x60x2CM",,,,,grandinetti
535,8I2,,terrazzo,GRANULATIE MEDIE,Out of catalog,False,,Grandinetti,,"Antique, Heavy Brushed (R10), Honed, Honed And Bevelled, Opaque (To Be Polished On Site), Polished And Bevelled",,"10x10x1.2CM, 20x20x1.2CM, 20x20x1.3CM, 20x20x2CM, 25x25x2CM, 305x125x2CM, 305x125x3CM, 30x30x2CM, 40x40x2CM, 60x30x2CM, 60x60x2CM",,,,,grandinetti
536,14B6,,terrazzo,GRANULATIE MEDIE,Out of catalog,False,,Grandinetti,,"Antique, Heavy Brushed (R10), Honed, Honed And Bevelled, Opaque (To Be Polished On Site), Polished And Bevelled",,"10x10x1.2CM, 20x20x1.2CM, 20x20x1.3CM, 20x20x2CM, 25x25x2CM, 305x125x2CM, 305x125x3CM, 30x30x2CM, 40x40x2CM, 60x30x2CM, 60x60x2CM",,,,,grandinetti
537,201 Arlecchino Donna,,terrazzo,GRANULATIE MARE,Gra veneziana,False,,Grandinetti,,"Antique, Heavy Brushed (R10), Honed, Honed And Bevelled, Opaque (To Be Polished On Site), Polished And Bevelled",,"10x10x1.2CM, 20x20x1.2CM, 20x20x1.3CM, 20x20x2CM, 25x25x2CM, 305x125x2CM, 305x125x3CM, 30x30x2CM, 40x40x2CM, 40x8x1.5CM, 60x30x2CM, 60x60x2CM",,,,,grandinetti
538,203 Giallo Siena,,terrazzo,GRANULATIE MARE,Gra veneziana,False,,Grandinetti,,"Anticato, Anticato Intenso (R10), Levigato Fine, Levigato Fine E Bisellato, Lucido E Bisellato, Opaco (Da Levigare In Opera)",,"10x10x1.2CM, 20x20x1.2CM, 20x20x1.3CM, 20x20x2CM, 25x25x2CM, 305x125x2CM, 305x125x3CM, 30x30x2CM, 40x40x2CM, 40x8x1.5CM, 60x30x2CM, 60x60x2CM",,,,,grandinetti
539,205 Corallo,,terrazzo,GRANULATIE MARE,Gra veneziana,False,,Grandinetti,,"Antique, Heavy Brushed (R10), Honed, Honed And Bevelled, Opaque (To Be Polished On Site), Polished And Bevelled",,"10x10x1.2CM, 20x20x1.2CM, 20x20x1.3CM, 20x20x2CM, 25x25x2CM, 305x125x2CM, 305x125x3CM, 30x30x2CM, 40x40x2CM, 40x8x1.5CM, 60x30x2CM, 60x60x2CM",,,,,grandinetti
540,208 San Giuliano,,terrazzo,GRANULATIE MARE,Gra veneziana,False,,Grandinetti,,"Antique, Heavy Brushed (R10), Honed, Honed And Bevelled, Opaque (To Be Polished On Site), Polished And Bevelled",,"10x10x1.2CM, 20x20x1.2CM, 20x20x1.3CM, 20x20x2CM, 25x25x2CM, 305x125x2CM, 305x125x3CM, 30x30x2CM, 40x40x2CM, 40x8x1.5CM, 60x30x2CM, 60x60x2CM",,,,,grandinetti
541,212 Arcobaleno,,terrazzo,GRANULATIE MARE,Gra veneziana,False,,Grandinetti,,"Antique, Heavy Brushed (R10), Honed, Honed And Bevelled, Opaque (To Be Polished On Site), Polished And Bevelled",,"10x10x1.2CM, 20x20x1.2CM, 20x20x1.3CM, 20x20x2CM, 25x25x2CM, 305x125x2CM, 305x125x3CM, 30x30x2CM, 40x40x2CM, 40x8x1.5CM, 60x30x2CM, 60x60x2CM",,,,,grandinetti
542,214 Grigio Venato,,terrazzo,GRANULATIE MARE,Gra veneziana,False,,Grandinetti,,"Antique, Heavy Brushed (R10), Honed, Honed And Bevelled, Opaque (To Be Polished On Site), Polished And Bevelled",,"10x10x1.2CM, 20x20x1.2CM, 20x20x1.3CM, 20x20x2CM, 25x25x2CM, 305x125x2CM, 305x125x3CM, 30x30x2CM, 40x40x2CM, 40x8x1.5CM, 60x30x2CM, 60x60x2CM, 60x8x1.5CM",,,,,grandinetti
543,304 carrara dorato,,terrazzo,GRANULATIE MARE,Fragmenta,False,,Grandinetti,,"Antique, Heavy Brushed (R10), Honed, Honed And Bevelled, Opaque (To Be Polished On Site), Polished And Bevelled",,"10x10x1.2CM, 20x20x1.2CM, 20x20x1.3CM, 20x20x2CM, 25x25x2CM, 305x125x2CM, 305x125x3CM, 30x30x2CM, 40x40x2CM, 40x8x1.5CM, 60x30x2CM, 60x60x2CM",,,,,grandinetti
544,310 nero ombrato,,terrazzo,GRANULATIE MARE,Fragmenta,False,,Grandinetti,,"Antique, Heavy Brushed (R10), Honed, Honed And Bevelled, Opaque (To Be Polished On Site), Polished And Bevelled",,"10x10x1.2CM, 20x20x1.2CM, 20x20x1.3CM, 20x20x2CM, 25x25x2CM, 305x125x2CM, 305x125x3CM, 30x30x2CM, 40x40x2CM, 40x8x1.5CM, 60x30x2CM, 60x60x2CM",,,,,grandinetti
545,NV1 Cipolla,,terrazzo,GRANULATIE MARE,Nuovavita,False,,Grandinetti,,"Honed, Honed And Bevelled",,"10x10x1.2CM, 20x20x1.2CM, 20x20x1.3CM, 20x20x2CM, 25x25x2CM, 305x125x2CM, 305x125x3CM, 30x30x2CM, 40x40x2CM, 40x8x1.5CM, 60x30x2CM, 60x60x2CM",,,,,grandinetti
546,NV2 Agave,,terrazzo,GRANULATIE MARE,Nuovavita,False,,Grandinetti,,"Honed, Honed And Bevelled",,"10x10x1.2CM, 20x20x1.2CM, 20x20x1.3CM, 20x20x2CM, 25x25x2CM, 305x125x2CM, 305x125x3CM, 30x30x2CM, 40x40x2CM, 40x8x1.5CM, 60x30x2CM, 60x60x2CM",,,,,grandinetti
547,NV4 Pera,,terrazzo,GRANULATIE MARE,Nuovavita,False,,Grandinetti,,"Honed, Honed And Bevelled",,"10x10x1.2CM, 20x20x1.2CM, 20x20x1.3CM, 20x20x2CM, 25x25x2CM, 305x125x2CM, 305x125x3CM, 30x30x2CM, 40x40x2CM, 40x8x1.5CM, 60x30x2CM, 60x60x2CM",,,,,grandinetti
548,1A4,,terrazzo,GRANULATIE MARE,Out of catalog,False,,Grandinetti,,"Antique, Heavy Brushed (R10), Honed, Honed And Bevelled, Opaque (To Be Polished On Site), Polished And Bevelled",,"10x10x1.2CM, 20x20x1.2CM, 20x20x1.3CM, 20x20x2CM, 25x25x2CM, 305x125x2CM, 305x125x3CM, 30x30x2CM, 40x40x2CM, 60x30x2CM, 60x60x2CM",,,,,grandinetti
549,1D2,,terrazzo,GRANULATIE MARE,Out of catalog,False,,Grandinetti,,"Antique, Heavy Brushed (R10), Honed, Honed And Bevelled, Opaque (To Be Polished On Site), Polished And Bevelled",,"10x10x1.2CM, 20x20x1.2CM, 20x20x1.3CM, 20x20x2CM, 25x25x2CM, 305x125x2CM, 305x125x3CM, 30x30x2CM, 40x40x2CM, 60x30x2CM, 60x60x2CM",,,,,grandinetti
550,1D6,,terrazzo,GRANULATIE MARE,Out of catalog,False,,Grandinetti,,"Antique, Heavy Brushed (R10), Honed, Honed And Bevelled, Opaque (To Be Polished On Site), Polished And Bevelled",,"10x10x1.2CM, 20x20x1.2CM, 20x20x1.3CM, 20x20x2CM, 25x25x2CM, 305x125x2CM, 305x125x3CM, 30x30x2CM, 40x40x2CM, 60x30x2CM, 60x60x2CM",,,,,grandinetti
551,1F2,,terrazzo,GRANULATIE MARE,Out of catalog,False,,Grandinetti,,"Antique, Heavy Brushed (R10), Honed, Honed And Bevelled, Opaque (To Be Polished On Site), Polished And Bevelled",,"10x10x1.2CM, 20x20x1.2CM, 20x20x1.3CM, 20x20x2CM, 25x25x2CM, 305x125x2CM, 305x125x3CM, 30x30x2CM, 40x40x2CM, 60x30x2CM, 60x60x2CM",,,,,grandinetti
552,1F3,,terrazzo,GRANULATIE MARE,Out of catalog,False,,Grandinetti,,"Antique, Heavy Brushed (R10), Honed, Honed And Bevelled, Opaque (To Be Polished On Site), Polished And Bevelled",,"10x10x1.2CM, 20x20x1.2CM, 20x20x1.3CM, 20x20x2CM, 25x25x2CM, 305x125x2CM, 305x125x3CM, 30x30x2CM, 40x40x2CM, 60x30x2CM, 60x60x2CM",,,,,grandinetti
553,1G1,,terrazzo,GRANULATIE MARE,Out of catalog,False,,Grandinetti,,"Antique, Heavy Brushed (R10), Honed, Honed And Bevelled, Opaque (To Be Polished On Site), Polished And Bevelled",,"10x10x1.2CM, 20x20x1.2CM, 20x20x1.3CM, 20x20x2CM, 25x25x2CM, 305x125x2CM, 305x125x3CM, 30x30x2CM, 40x40x2CM, 60x30x2CM, 60x60x2CM",,,,,grandinetti
554,1G2,,terrazzo,GRANULATIE MARE,Out of catalog,False,,Grandinetti,,"Antique, Heavy Brushed (R10), Honed, Honed And Bevelled, Opaque (To Be Polished On Site), Polished And Bevelled",,"10x10x1.2CM, 20x20x1.2CM, 20x20x1.3CM, 20x20x2CM, 25x25x2CM, 305x125x2CM, 305x125x3CM, 30x30x2CM, 40x40x2CM, 60x30x2CM, 60x60x2CM",,,,,grandinetti
555,1I5,,terrazzo,GRANULATIE MARE,Out of catalog,False,,Grandinetti,,"Antique, Heavy Brushed (R10), Honed, Honed And Bevelled, Opaque (To Be Polished On Site), Polished And Bevelled",,"10x10x1.2CM, 10x20x1.2CM, 20x20x1.2CM, 20x20x1.3CM, 20x20x2CM, 25x25x1.3CM, 25x25x2CM, 305x125x2CM, 305x125x3CM, 30x30x2CM, 40x40x2CM, 5x25x2CM, 60x30x2CM, 60x60x2CM",,,,,grandinetti
556,2B5,,terrazzo,GRANULATIE MARE,Out of catalog,False,,Grandinetti,,"Antique, Heavy Brushed (R10), Honed, Honed And Bevelled, Opaque (To Be Polished On Site), Polished And Bevelled",,"10x10x1.2CM, 20x20x1.2CM, 20x20x1.3CM, 20x20x2CM, 25x25x2CM, 305x125x2CM, 305x125x3CM, 30x30x2CM, 40x40x2CM, 60x30x2CM, 60x60x2CM",,,,,grandinetti
557,2B3,,terrazzo,GRANULATIE MARE,Out of catalog,False,,Grandinetti,,"Antique, Heavy Brushed (R10), Honed, Honed And Bevelled, Opaque (To Be Polished On Site), Polished And Bevelled",,"10x10x1.2CM, 20x20x1.2CM, 20x20x1.3CM, 20x20x2CM, 25x25x2CM, 305x125x2CM, 305x125x3CM, 30x30x2CM, 40x40x2CM, 60x30x2CM, 60x60x2CM",,,,,grandinetti
558,2C6,,terrazzo,GRANULATIE MARE,Out of catalog,False,,Grandinetti,,"Antique, Heavy Brushed (R10), Honed, Honed And Bevelled, Opaque (To Be Polished On Site), Polished And Bevelled",,"10x10x1.2CM, 20x20x1.2CM, 20x20x1.3CM, 20x20x2CM, 25x25x2CM, 305x125x2CM, 305x125x3CM, 30x30x2CM, 40x40x2CM, 60x30x2CM, 60x60x2CM",,,,,grandinetti
559,4H3,,terrazzo,GRANULATIE MARE,Out of catalog,False,,Grandinetti,,"Antique, Heavy Brushed (R10), Honed, Honed And Bevelled, Opaque (To Be Polished On Site), Polished And Bevelled",,"10x10x1.2CM, 20x20x1.2CM, 20x20x1.3CM, 20x20x2CM, 25x25x2CM, 305x125x2CM, 305x125x3CM, 30x30x2CM, 40x40x2CM, 60x30x2CM, 60x60x2CM",,,,,grandinetti
560,8D4,,terrazzo,GRANULATIE MARE,Out of catalog,False,,Grandinetti,,"Antique, Heavy Brushed (R10), Honed, Honed And Bevelled, Opaque (To Be Polished On Site), Polished And Bevelled",,"10x10x1.2CM, 20x20x1.2CM, 20x20x1.3CM, 20x20x2CM, 25x25x2CM, 305x125x2CM, 305x125x3CM, 30x30x2CM, 40x40x2CM, 60x30x2CM, 60x60x2CM",,,,,grandinetti
561,8 E6,,terrazzo,GRANULATIE MARE,Out of catalog,False,,Grandinetti,,"Antique, Heavy Brushed (R10), Honed, Honed And Bevelled, Opaque (To Be Polished On Site), Polished And Bevelled",,"10x10x1.2CM, 20x20x1.2CM, 20x20x1.3CM, 20x20x2CM, 25x25x2CM, 305x125x2CM, 305x125x3CM, 30x30x2CM, 40x40x2CM, 60x30x2CM, 60x60x2CM",,,,,grandinetti
562,8G1,,terrazzo,GRANULATIE MARE,Out of catalog,False,,Grandinetti,,"Antique, Heavy Brushed (R10), Honed, Honed And Bevelled, Opaque (To Be Polished On Site), Polished And Bevelled",,"10x10x1.2CM, 20x20x1.2CM, 20x20x1.3CM, 20x20x2CM, 25x25x2CM, 305x125x2CM, 305x125x3CM, 30x30x2CM, 40x40x2CM, 60x30x2CM, 60x60x2CM",,,,,grandinetti
563,8G3,,terrazzo,GRANULATIE MARE,Out of catalog,False,,Grandinetti,,"Antique, Heavy Brushed (R10), Honed, Honed And Bevelled, Opaque (To Be Polished On Site), Polished And Bevelled",,"10x10x1.2CM, 20x20x1.2CM, 20x20x1.3CM, 20x20x2CM, 25x25x2CM, 305x125x2CM, 305x125x3CM, 30x30x2CM, 40x40x2CM, 60x30x2CM, 60x60x2CM",,,,,grandinetti
564,8H2,,terrazzo,GRANULATIE MARE,Out of catalog,False,,Grandinetti,,"Antique, Heavy Brushed (R10), Honed, Honed And Bevelled, Opaque (To Be Polished On Site), Polished And Bevelled",,"10x10x1.2CM, 20x20x1.2CM, 20x20x1.3CM, 20x20x2CM, 25x25x2CM, 305x125x2CM, 305x125x3CM, 30x30x2CM, 40x40x2CM, 60x30x2CM, 60x60x2CM",,,,,grandinetti
565,8I6,,terrazzo,GRANULATIE MARE,Out of catalog,False,,Grandinetti,,"Antique, Heavy Brushed (R10), Honed, Honed And Bevelled, Opaque (To Be Polished On Site), Polished And Bevelled",,"10x10x1.2CM, 20x20x1.2CM, 20x20x1.3CM, 20x20x2CM, 25x25x2CM, 305x125x2CM, 305x125x3CM, 30x30x2CM, 40x40x2CM, 60x30x2CM, 60x60x2CM",,,,,grandinetti
566,8H5,,terrazzo,GRANULATIE MARE,Out of catalog,False,,Grandinetti,,"Antique, Heavy Brushed (R10), Honed, Honed And Bevelled, Opaque (To Be Polished On Site), Polished And Bevelled",,"10x10x1.2CM, 20x20x1.2CM, 20x20x1.3CM, 20x20x2CM, 25x25x2CM, 305x125x2CM, 305x125x3CM, 30x30x2CM, 40x40x2CM, 60x30x2CM, 60x60x2CM",,,,,grandinetti
567,9F4,,terrazzo,GRANULATIE MARE,Out of catalog,False,,Grandinetti,,"Antique, Heavy Brushed (R10), Honed, Honed And Bevelled, Opaque (To Be Polished On Site), Polished And Bevelled",,"10x10x1.2CM, 20x20x1.2CM, 20x20x1.3CM, 20x20x2CM, 25x25x2CM, 305x125x2CM, 305x125x3CM, 30x30x2CM, 40x40x2CM, 60x30x2CM, 60x60x2CM",,,,,grandinetti
568,9F3,,terrazzo,GRANULATIE MARE,Out of catalog,False,,Grandinetti,,"Antique, Heavy Brushed (R10), Honed, Honed And Bevelled, Opaque (To Be Polished On Site), Polished And Bevelled",,"10x10x1.2CM, 20x20x1.2CM, 20x20x1.3CM, 20x20x2CM, 25x25x2CM, 305x125x2CM, 305x125x3CM, 30x30x2CM, 40x40x2CM, 60x30x2CM, 60x60x2CM",,,,,grandinetti
569,2D6,,terrazzo,SPECIAL,Out of catalog,False,,Grandinetti,,"Antique, Heavy Brushed (R10), Honed, Honed And Bevelled, Opaque (To Be Polished On Site), Polished And Bevelled",,"10x10x1.2CM, 20x20x1.2CM, 20x20x1.3CM, 20x20x2CM, 25x25x2CM, 305x125x2CM, 305x125x3CM, 30x30x2CM, 40x40x2CM, 60x30x2CM, 60x60x2CM",,,,,grandinetti
570,2F3,,terrazzo,SPECIAL,Out of catalog,False,,Grandinetti,,"Antique, Heavy Brushed (R10), Honed, Honed And Bevelled, Opaque (To Be Polished On Site), Polished And Bevelled",,"10x10x1.2CM, 20x20x1.2CM, 20x20x1.3CM, 20x20x2CM, 25x25x2CM, 305x125x2CM, 305x125x3CM, 30x30x2CM, 40x40x2CM, 60x30x2CM, 60x60x2CM",,,,,grandinetti
571,2F6,,terrazzo,SPECIAL,Out of catalog,False,,Grandinetti,,"Antique, Heavy Brushed (R10), Honed, Honed And Bevelled, Opaque (To Be Polished On Site), Polished And Bevelled",,"10x10x1.2CM, 20x20x1.2CM, 20x20x1.3CM, 20x20x2CM, 25x25x1.3CM, 25x25x2CM, 305x125x2CM, 305x125x3CM, 30x30x2CM, 40x40x2CM, 60x30x2CM, 60x60x2CM",,,,,grandinetti
572,2F5,,terrazzo,SPECIAL,Out of catalog,False,,Grandinetti,,"Antique, Heavy Brushed (R10), Honed, Honed And Bevelled, Opaque (To Be Polished On Site), Polished And Bevelled",,"10x10x1.2CM, 20x20x1.2CM, 20x20x1.3CM, 20x20x2CM, 25x25x2CM, 305x125x2CM, 305x125x3CM, 30x30x2CM, 40x40x2CM, 60x30x2CM, 60x60x2CM",,,,,grandinetti
573,2F4,,terrazzo,SPECIAL,Out of catalog,False,,Grandinetti,,"Antique, Heavy Brushed (R10), Honed, Honed And Bevelled, Opaque (To Be Polished On Site), Polished And Bevelled",,"10x10x1.2CM, 20x20x1.2CM, 20x20x1.3CM, 20x20x2CM, 25x25x2CM, 305x125x2CM, 305x125x3CM, 30x30x2CM, 40x40x2CM, 60x30x2CM, 60x60x2CM",,,,,grandinetti
574,8A3,,terrazzo,SPECIAL,Out of catalog,False,,Grandinetti,,"Antique, Heavy Brushed (R10), Honed, Honed And Bevelled, Opaque (To Be Polished On Site), Polished And Bevelled",,"10x10x1.2CM, 20x20x1.2CM, 20x20x1.3CM, 20x20x2CM, 25x25x2CM, 305x125x2CM, 305x125x3CM, 30x30x2CM, 40x40x2CM, 60x30x2CM, 60x60x2CM",,,,,grandinetti
575,13H3,,terrazzo,SPECIAL,Out of catalog,False,,Grandinetti,,"Antique, Heavy Brushed (R10), Honed, Honed And Bevelled, Opaque (To Be Polished On Site), Polished And Bevelled",,"10x10x1.2CM, 20x20x1.2CM, 20x20x1.3CM, 20x20x2CM, 25x25x2CM, 305x125x2CM, 305x125x3CM, 30x30x2CM, 40x40x2CM, 60x30x2CM, 60x60x2CM",,,,,grandinetti
576,14D6,,terrazzo,SPECIAL,Out of catalog,False,,Grandinetti,,"Antique, Heavy Brushed (R10), Honed, Honed And Bevelled, Opaque (To Be Polished On Site), Polished And Bevelled",,"10x10x1.2CM, 20x20x1.2CM, 20x20x1.3CM, 20x20x2CM, 25x25x2CM, 305x125x2CM, 305x125x3CM, 30x30x2CM, 40x40x2CM, 60x30x2CM, 60x60x2CM",,,,,grandinetti
577,15C5,,terrazzo,SPECIAL,Out of catalog,False,,Grandinetti,,"Antique, Heavy Brushed (R10), Honed, Honed And Bevelled, Opaque (To Be Polished On Site), Polished And Bevelled",,"10x10x1.2CM, 20x20x1.2CM, 20x20x1.3CM, 20x20x2CM, 25x25x2CM, 305x125x2CM, 305x125x3CM, 30x30x2CM, 40x40x2CM, 60x30x2CM, 60x60x2CM",,,,,grandinetti
578,15C6,,terrazzo,SPECIAL,Out of catalog,False,,Grandinetti,,"Antique, Heavy Brushed (R10), Honed, Honed And Bevelled, Opaque (To Be Polished On Site), Polished And Bevelled",,"10x10x1.2CM, 20x20x1.2CM, 20x20x1.3CM, 20x20x2CM, 25x25x2CM, 305x125x2CM, 305x125x3CM, 30x30x2CM, 40x40x2CM, 60x30x2CM, 60x60x2CM",,,,,grandinetti
579,15B6,,terrazzo,SPECIAL,Out of catalog,False,,Grandinetti,,"Antique, Heavy Brushed (R10), Honed, Honed And Bevelled, Opaque (To Be Polished On Site), Polished And Bevelled",,"10x10x1.2CM, 20x20x1.2CM, 20x20x1.3CM, 20x20x2CM, 25x25x2CM, 305x125x2CM, 305x125x3CM, 30x30x2CM, 40x40x2CM, 60x30x2CM, 60x60x2CM",,,,,grandinetti
580,1C4,,terrazzo,FARA GRANULATIE,Out of catalog,False,,Grandinetti,,"Antique, Heavy Brushed (R10), Honed, Honed And Bevelled, Opaque (To Be Polished On Site), Polished And Bevelled",,"10x10x1.2CM, 20x20x1.2CM, 20x20x1.3CM, 20x20x2CM, 25x25x1.3CM, 25x25x2CM, 305x125x2CM, 305x125x3CM, 30x30x2CM, 40x40x2CM, 60x30x2CM, 60x60x2CM",,,,,grandinetti
581,2H5,,terrazzo,FARA GRANULATIE,Out of catalog,False,,Grandinetti,,"Antique, Heavy Brushed (R10), Honed, Honed And Bevelled, Opaque (To Be Polished On Site), Polished And Bevelled",,"10x10x1.2CM, 20x20x1.2CM, 20x20x1.3CM, 20x20x2CM, 25x25x1.3CM, 25x25x2CM, 305x125x2CM, 305x125x3CM, 30x30x2CM, 40x40x2CM, 60x30x2CM, 60x60x2CM",,,,,grandinetti
582,2I6,,terrazzo,FARA GRANULATIE,Out of catalog,False,,Grandinetti,,"Antique, Heavy Brushed (R10), Honed, Honed And Bevelled, Opaque (To Be Polished On Site), Polished And Bevelled",,"10x10x1.2CM, 20x20x1.2CM, 20x20x1.3CM, 20x20x2CM, 25x25x2CM, 305x125x2CM, 305x125x3CM, 30x30x2CM, 40x40x2CM, 60x30x2CM, 60x60x2CM",,,,,grandinetti
583,3D5,,terrazzo,FARA GRANULATIE,Out of catalog,False,,Grandinetti,,"Antique, Heavy Brushed (R10), Honed, Honed And Bevelled, Opaque (To Be Polished On Site), Polished And Bevelled",,"10x10x1.2CM, 20x20x1.2CM, 20x20x1.3CM, 20x20x2CM, 25x25x1.3CM, 25x25x2CM, 305x125x2CM, 305x125x3CM, 30x30x2CM, 40x40x2CM, 60x30x2CM, 60x60x2CM",,,,,grandinetti
584,12B2,,terrazzo,FARA GRANULATIE,Out of catalog,False,,Grandinetti,,"Antique, Heavy Brushed (R10), Honed, Honed And Bevelled, Opaque (To Be Polished On Site), Polished And Bevelled",,"10x10x1.2CM, 20x20x1.2CM, 20x20x1.3CM, 20x20x2CM, 25x25x2CM, 305x125x2CM, 305x125x3CM, 30x30x2CM, 40x40x2CM, 60x30x2CM, 60x60x2CM",,,,,grandinetti
585,12C6,,terrazzo,FARA GRANULATIE,Out of catalog,False,,Grandinetti,,"Antique, Heavy Brushed (R10), Honed, Honed And Bevelled, Opaque (To Be Polished On Site), Polished And Bevelled",,"10x10x1.2CM, 20x20x1.2CM, 20x20x1.3CM, 20x20x2CM, 25x25x1.3CM, 25x25x2CM, 305x125x2CM, 305x125x3CM, 30x30x2CM, 40x40x2CM, 60x30x2CM, 60x60x2CM",,,,,grandinetti
586,48 Grigio,,terrazzo,FARA GRANULATIE,Pastine,False,,Grandinetti,,"Antique, Deep Heavy Brushed (R11), Honed, Opaque (To Be Honed On Site)",,"10x10x1.2CM, 20x20x1.2CM, 20x20x1.3CM, 20x20x2CM, 20x8x1.2CM, 25x25x2CM, 305x125x2CM, 305x125x3CM, 30x30x2CM, 40x40x2CM, 60x30x2CM, 60x60x2CM",,,,,grandinetti
587,54 Nero,,terrazzo,FARA GRANULATIE,Pastine,False,,Grandinetti,,"Antique, Deep Heavy Brushed (R11), Honed, Opaque (To Be Honed On Site)",,"10x10x1.2CM, 20x20x1.2CM, 20x20x1.3CM, 20x20x2CM, 20x8x1.2CM, 25x25x2CM, 305x125x2CM, 305x125x3CM, 30x30x2CM, 40x40x2CM, 60x30x2CM, 60x60x2CM",,,,,grandinetti
588,56 Ocra,,terrazzo,FARA GRANULATIE,Pastine,False,,Grandinetti,,"Antique, Deep Heavy Brushed (R11), Honed, Opaque (To Be Honed On Site)",,"10x10x1.2CM, 20x20x1.2CM, 20x20x1.3CM, 20x20x2CM, 20x8x1.2CM, 25x25x2CM, 305x125x2CM, 305x125x3CM, 30x30x2CM, 40x40x2CM, 60x30x2CM, 60x60x2CM",,,,,grandinetti
589,65 Marron,,terrazzo,FARA GRANULATIE,Pastine,False,,Grandinetti,,"Antique, Deep Heavy Brushed (R11), Honed, Opaque (To Be Honed On Site)",,"10x10x1.2CM, 20x20x1.2CM, 20x20x1.3CM, 20x20x2CM, 20x8x1.2CM, 25x25x2CM, 305x125x2CM, 305x125x3CM, 30x30x2CM, 40x40x2CM, 60x30x2CM, 60x60x2CM",,,,,grandinetti
590,A1 Cold Gray,,terrazzo,FARA GRANULATIE,Pastine,False,,Grandinetti,,"Honed, Natural",,"10x10x1.2CM, 20x20x1.2CM, 20x20x1.3CM, 20x20x2CM, 20x8x1.3CM, 25x25x2CM, 305x125x2CM, 305x125x3CM, 30x30x2CM, 40x40x2CM, 60x30x2CM, 60x60x2CM",,,,,grandinetti
591,66 Verde Acido,,terrazzo,FARA GRANULATIE,Pastine,False,,Grandinetti,,"Antique, Deep Heavy Brushed (R11), Honed, Opaque (To Be Honed On Site)",,"10x10x1.2CM, 20x20x1.2CM, 20x20x1.3CM, 20x20x2CM, 20x8x1.2CM, 25x25x2CM, 305x125x2CM, 305x125x3CM, 30x30x2CM, 40x40x2CM, 60x30x2CM, 60x60x2CM",,,,,grandinetti
592,A2 Cloudy Blue,,terrazzo,FARA GRANULATIE,Pastine,False,,Grandinetti,,"Honed, Natural",,"10x10x1.2CM, 20x20x1.2CM, 20x20x1.3CM, 20x20x2CM, 20x8x1.3CM, 25x25x2CM, 305x125x2CM, 305x125x3CM, 30x30x2CM, 40x40x2CM, 60x30x2CM, 60x60x2CM",,,,,grandinetti
593,A5 Aubergine,,terrazzo,FARA GRANULATIE,Pastine,False,,Grandinetti,,"Honed, Natural",,"10x10x1.2CM, 20x20x1.2CM, 20x20x1.3CM, 20x20x2CM, 20x8x1.3CM, 25x25x2CM, 305x125x2CM, 305x125x3CM, 30x30x2CM, 40x40x2CM, 60x30x2CM, 60x60x2CM",,,,,grandinetti
594,A3 India Yellow,,terrazzo,FARA GRANULATIE,Anima,False,,Grandinetti,,"Honed, Natural",,"10x10x1.2CM, 20x20x1.2CM, 20x20x1.3CM, 20x20x2CM, 20x8x1.3CM, 25x25x2CM, 305x125x2CM, 305x125x3CM, 30x30x2CM, 40x40x2CM, 60x30x2CM, 60x60x2CM",,,,,grandinetti
595,A6 Gray Smoke,,terrazzo,FARA GRANULATIE,Anima,False,,Grandinetti,,"Honed, Natural",,"10x10x1.2CM, 20x20x1.2CM, 20x20x1.3CM, 20x20x2CM, 20x8x1.3CM, 25x25x2CM, 305x125x2CM, 305x125x3CM, 30x30x2CM, 40x40x2CM, 60x30x2CM, 60x60x2CM",,,,,grandinetti
596,A9 Sugar Paper,,terrazzo,FARA GRANULATIE,Anima,False,,Grandinetti,,"Honed, Natural",,"10x10x1.2CM, 20x20x1.2CM, 20x20x1.3CM, 20x20x2CM, 20x8x1.3CM, 25x25x2CM, 305x125x2CM, 305x125x3CM, 30x30x2CM, 40x40x2CM, 60x30x2CM, 60x60x2CM",,,,,grandinetti
597,A10 White Rope,,terrazzo,FARA GRANULATIE,Anima,False,,Grandinetti,,"Honed, Natural",,"10x10x1.2CM, 20x20x1.2CM, 20x20x1.3CM, 20x20x2CM, 20x8x1.3CM, 25x25x2CM, 305x125x2CM, 305x125x3CM, 30x30x2CM, 40x40x2CM, 60x30x2CM, 60x60x2CM",,,,,grandinetti
598,A12 Green Wood,,terrazzo,FARA GRANULATIE,Anima,False,,Grandinetti,,"Honed, Natural",,"10x10x1.2CM, 20x20x1.2CM, 20x20x1.3CM, 20x20x2CM, 20x8x1.3CM, 25x25x2CM, 305x125x2CM, 305x125x3CM, 30x30x2CM, 40x40x2CM, 60x30x2CM, 60x60x2CM",,,,,grandinetti
599,A11 Olive Green,,terrazzo,FARA GRANULATIE,Anima,False,,Grandinetti,,"Honed, Natural",,"10x10x1.2CM, 20x20x1.2CM, 20x20x1.3CM, 20x20x2CM, 20x8x1.3CM, 25x25x2CM, 305x125x2CM, 305x125x3CM, 30x30x2CM, 40x40x2CM, 60x30x2CM, 60x60x2CM",,,,,grandinetti
600,A16 White Milk,,terrazzo,FARA GRANULATIE,Anima,False,,Grandinetti,,"Honed, Natural",,"10x10x1.2CM, 20x20x1.2CM, 20x20x1.3CM, 20x20x2CM, 20x8x1.3CM, 25x25x2CM, 305x125x2CM, 305x125x3CM, 30x30x2CM, 40x40x2CM, 60x30x2CM, 60x60x2CM",,,,,grandinetti
601,A17 Pitch Black,,terrazzo,FARA GRANULATIE,Anima,False,,Grandinetti,,"Honed, Natural",,"10x10x1.2CM, 20x20x1.2CM, 20x20x1.3CM, 20x20x2CM, 20x8x1.3CM, 25x25x2CM, 305x125x2CM, 305x125x3CM, 30x30x2CM, 40x40x2CM, 60x30x2CM, 60x60x2CM",,,,,grandinetti
602,A20 Green Hill,,terrazzo,FARA GRANULATIE,Anima,False,,Grandinetti,,"Honed, Natural",,"10x10x1.2CM, 20x20x1.2CM, 20x20x1.3CM, 20x20x2CM, 20x8x1.3CM, 25x25x2CM, 305x125x2CM, 305x125x3CM, 30x30x2CM, 40x40x2CM, 60x30x2CM, 60x60x2CM",,,,,grandinetti
603,A18 Emerald Green,,terrazzo,FARA GRANULATIE,Anima,False,,Grandinetti,,"Honed, Natural",,"10x10x1.2CM, 20x20x1.2CM, 20x20x1.3CM, 20x20x2CM, 20x8x1.3CM, 25x25x2CM, 305x125x2CM, 305x125x3CM, 30x30x2CM, 40x40x2CM, 60x30x2CM, 60x60x2CM",,,,,grandinetti
604,A21 Red Clay,,terrazzo,FARA GRANULATIE,Anima,False,,Grandinetti,,"Honed, Natural",,"10x10x1.2CM, 20x20x1.2CM, 20x20x1.3CM, 20x20x2CM, 20x8x1.3CM, 25x25x2CM, 305x125x2CM, 305x125x3CM, 30x30x2CM, 40x40x2CM, 60x30x2CM, 60x60x2CM",,,,,grandinetti
605,Naturalizzato New,,parchet,CLASSIC,Eco-Light,False,,Milano Parquet,,Periat,,"125/150 mm, 1200 (80% ca.)",,Wood,,,milano
606,Naturale,,parchet,CLASSIC,CENTOCINQUANTA,False,,Milano Parquet,,Periat,,,,Stejar,,PLACI,milano
607,Naturalizzato,,parchet,CLASSIC,CENTOCINQUANTA,False,,Milano Parquet,,Periat,,,,Wood,,,milano
608,Smoked,,parchet,CLASSIC,CENTOCINQUANTA,False,,Milano Parquet,,Periat,,,,Wood,,,milano
609,Grey,,parchet,CLASSIC,CENTOCINQUANTA,False,,Milano Parquet,,Periat,,,,Wood,,,milano
610,Naturale,,parchet,CLASSIC,Ecowood Plancia,False,,Milano Parquet,,Periat,,,,Stejar,,PLACI,milano
611,Naturalizzato,,parchet,CLASSIC,Ecowood Plancia,False,,Milano Parquet,,Periat,,,,Wood,,,milano
612,Smoked,,parchet,CLASSIC,Ecowood Plancia,False,,Milano Parquet,,Periat,,,,Wood,,,milano
613,Noce Americano,,parchet,CLASSIC,Tavole del Nord,False,,Milano Parquet,,Periat,,,,Nuc american,,PLACI,milano
614,Noce Europeo,,parchet,CLASSIC,Tavole del Nord,False,,Milano Parquet,,Periat,,,,Nuc european,,,milano
615,Frassino Naturalizzato,,parchet,CLASSIC,Tavole del Nord,False,,Milano Parquet,,Periat,,,,Frasin,,PLACI; Spina 90° ; Chevron 45° ; Chevron 60°,milano
616,Praga,,parchet,CLASSIC,Tavole del Nord,False,,Milano Parquet,,Periat,,,,Stejar,,,milano
617,Kiev Naturale,,parchet,CLASSIC,Tavole del Nord,False,,Milano Parquet,,Patinat,,,,Stejar,,,milano
618,Naturale,,parchet,CLASSIC,ILW Duomo,False,,Milano Parquet,,Periat,,"200, 1000/2200 mm ca.",,Stejar,,PLACI; Spina 90°,milano
619,Naturalizzato,,parchet,CLASSIC,ILW Duomo,False,,Milano Parquet,,Periat,,,,Wood,,,milano
620,Light Smoked,,parchet,CLASSIC,ILW Duomo,False,,Milano Parquet,,Periat,,,,Wood,,,milano
621,Naturale,,parchet,CLASSIC,Casale 220,False,,Milano Parquet,,Prelucrat Manual,,,,Stejar,,PLACI; Spina 90° ; Chevron 45° ; Chevron 60°,milano
622,Brenta,,parchet,CLASSIC,Casale 220,False,,Milano Parquet,,Prelucrat Manual,,,,Wood,,,milano
623,Frattini,,parchet,CLASSIC,Casale 220,False,,Milano Parquet,,Sablat,,,,Wood,,,milano
624,Bolivar,,parchet,CLASSIC,Casale 220,False,,Milano Parquet,,Sablat,,,,Wood,,,milano
625,Missori,,parchet,CLASSIC,Casale 220,False,,Milano Parquet,,Prelucrat Manual,,,,Wood,,,milano
626,Wagner,,parchet,CLASSIC,Casaline 190,False,,Milano Parquet,,Periat,,,,Stejar,,PLACI; Spina 90° ; Chevron 45° ; Chevron 60°,milano
627,Bisceglie,,parchet,CLASSIC,Casaline 190,False,,Milano Parquet,,Periat,,,,Wood,,,milano
628,Smoked,,parchet,CLASSIC,Casaline 190,False,,Milano Parquet,,Periat,,,,Wood,,,milano
629,Buonarroti,,parchet,CLASSIC,Casaline 190,False,,Milano Parquet,,Periat,,,,Wood,,,milano
630,Wagner N,,parchet,CLASSIC,Casaline 190,False,,Milano Parquet,,Periat,,,,Wood,,,milano
631,Spina 90° Rovere Naturale Fin 10x70x490,,parchet,CHEVRON & HERRINGBONE,Spine 90°,False,,Milano Parquet,,"Șlefuit Fin, Muchie Dreaptă",,"7x49x1 cm, 5.5x50x1 cm, 9x60x1.4 cm",,Stejar,,Spina 90°,milano
632,Spina 90° Rovere Naturale 10x55x500,,parchet,CHEVRON & HERRINGBONE,Spine 90°,False,,Milano Parquet,,"Periat, Muchie Teșită",,5.5x50x1 cm,,Wood,,,milano
633,Spina 90° Rovere Naturale 14x90x600,,parchet,CHEVRON & HERRINGBONE,Spine 90°,False,,Milano Parquet,,"Periat, Muchie Teșită",,9x60x1.4 cm,,Wood,,,milano
634,Spina 90° Rovere Naturale Periat 10x70x490,,parchet,CHEVRON & HERRINGBONE,Spine 90°,False,,Milano Parquet,,"Periat, Muchie Teșită",,"7x49x1 cm, 5.5x50x1 cm, 9x60x1.4 cm",,Wood,,,milano
635,Spina 90° Rovere Naturalizzato 10x70x490,,parchet,CHEVRON & HERRINGBONE,Spine 90°,False,,Milano Parquet,,"Periat, Muchie Teșită",,7x49x1 cm,,Wood,,,milano
636,Spina 90° Rovere Naturalizzato Prima 10x55x500,,parchet,CHEVRON & HERRINGBONE,Spine 90°,False,,Milano Parquet,,"Periat, Muchie Teșită",,5.5x50x1 cm,,Wood,,,milano
637,Spina 90° Rovere Naturalizzato Natur 14x90x600,,parchet,CHEVRON & HERRINGBONE,Spine 90°,False,,Milano Parquet,,"Periat, Muchie Teșită",,9x60x1.4 cm,,Wood,,,milano
638,Spina 90° Rovere Light Smoked Prima 10x70x490,,parchet,CHEVRON & HERRINGBONE,Spine 90°,False,,Milano Parquet,,"Periat, Muchie Teșită",,7x49x1 cm,,Wood,,,milano
639,Spina 90° Rovere Light Smoked Prima 14x90x600,,parchet,CHEVRON & HERRINGBONE,Spine 90°,False,,Milano Parquet,,"Periat, Muchie Teșită",,"9x60x1.1 cm, 9x60x1.4 cm",,Wood,,,milano
640,Spina 90° Rovere Dark Smoked 10x70x490,,parchet,CHEVRON & HERRINGBONE,Spine 90°,False,,Milano Parquet,,"Periat, Muchie Teșită",,7x49x1 cm,,Wood,,,milano
641,Spina 90° Rovere Dark Smoked Prima 10x55x500,,parchet,CHEVRON & HERRINGBONE,Spine 90°,False,,Milano Parquet,,"Periat, Muchie Teșită",,5.5x50x1 cm,,Wood,,,milano
642,Spina 90° Faggio 12x70x500,,parchet,CHEVRON & HERRINGBONE,Spine 90°,False,,Milano Parquet,,"Șlefuit Fin, Muchie Teșită",,7x50x1.2 cm,,Fag,,,milano
643,Spina 90° Noce Europeo Prima 14x90x600,,parchet,CHEVRON & HERRINGBONE,Spine 90°,False,,Milano Parquet,,"Periat, Muchie Teșită",,9x60x1.4 cm,,Nuc,,,milano
644,Spina 90° Noce Europeo Prima 14x53x500,,parchet,CHEVRON & HERRINGBONE,Spine 90°,False,,Milano Parquet,,"Periat, Muchie Teșită",,5.3x50x1.4 cm,,Wood,,,milano
645,Chevron 45° Rovere Naturale 11x90x620,,parchet,CHEVRON & HERRINGBONE,Chevron 45°,False,,Milano Parquet,,"Periat, Muchie Teșită",,9x62x1.1 cm,,Stejar,,Chevron 45°,milano
646,Chevron 45° Rovere Light Smoked 11x90x620,,parchet,CHEVRON & HERRINGBONE,Chevron 45°,False,,Milano Parquet,,"Periat, Muchie Teșită",,9x62x1.1 cm,,Wood,,,milano
647,Chevron 45° Rovere Naturale 14x125x680,,parchet,CHEVRON & HERRINGBONE,Chevron 45°,False,,Milano Parquet,,"Periat, Muchie Teșită",,12.5x68x1.4 cm,,Wood,,,milano
648,Chevron 45° Rovere Naturalizzato 14x125x680,,parchet,CHEVRON & HERRINGBONE,Chevron 45°,False,,Milano Parquet,,"Periat, Muchie Teșită",,12.5x68x1.4 cm,,Wood,,,milano
649,Chevron 45° Rovere Dark Smoked 14x125x680,,parchet,CHEVRON & HERRINGBONE,Chevron 45°,False,,Milano Parquet,,"Periat, Muchie Teșită",,12.5x68x1.4 cm,,Wood,,,milano
650,Concrete Ash — Blend,The industrial look of concrete meets the multicoloured textures of terrazzo in a decidedly contemporary compositional mix.,placi ceramice,CONCRETE,Blend,False,ABK,ABK,,"Natural, Honed, Antislippery R11, P.tech",,"120x120 (48""x48""), 60x120 (24”x48”), 90x90 (36""x36""), 60x60 (24”x24”), 30x60 (12”x24”), 120x280 (48""x112"")",,Full body porcelain,,,abk
651,Concrete Grey — Blend,The industrial look of concrete meets the multicoloured textures of terrazzo in a decidedly contemporary compositional mix.,placi ceramice,CONCRETE,Blend,False,ABK,ABK,,"Natural, Honed, Antislippery R11, P.tech",,"120x120 (48""x48""), 60x120 (24”x48”), 90x90 (36""x36""), 60x60 (24”x24”), 30x60 (12”x24”), 120x280 (48""x112"")",,Full body porcelain,,,abk
652,Concrete Iron — Blend,The industrial look of concrete meets the multicoloured textures of terrazzo in a decidedly contemporary compositional mix.,placi ceramice,CONCRETE,Blend,False,ABK,ABK,,"Natural, Honed, Antislippery R11, P.tech",,"120x120 (48""x48""), 60x120 (24”x48”), 90x90 (36""x36""), 60x60 (24”x24”), 30x60 (12”x24”), 120x280 (48""x112"")",,Full body porcelain,,,abk
653,Concrete Moon — Blend,The industrial look of concrete meets the multicoloured textures of terrazzo in a decidedly contemporary compositional mix.,placi ceramice,CONCRETE,Blend,False,ABK,ABK,,"Natural, Honed, Antislippery R11, P.tech",,"120x120 (48""x48""), 60x120 (24”x48”), 90x90 (36""x36""), 60x60 (24”x24”), 30x60 (12”x24”), 120x280 (48""x112"")",,Full body porcelain,,,abk
654,Grey — Crossroad Chalk,"In this porcelain tile collection with a minimalist design and a distinctive three-dimensional effect surface, ABK has created an extremely realistic reproduction of the grain and graphic effect of plasters in a wide range of colours and sizes. It is ideal for use in residential building and large architectural projects.",placi ceramice,CONCRETE,Crossroad Chalk,False,ABK,ABK,,Natural,,"120x120 (48""x48""), 60x120 (24”x48”), 120x280 (48""x112"")",,Porcelain slabs,,,abk
655,Sand — Crossroad Chalk,"In this porcelain tile collection with a minimalist design and a distinctive three-dimensional effect surface, ABK has created an extremely realistic reproduction of the grain and graphic effect of plasters in a wide range of colours and sizes. It is ideal for use in residential building and large architectural projects.",placi ceramice,CONCRETE,Crossroad Chalk,False,ABK,ABK,,Natural,,"120x120 (48""x48""), 60x120 (24”x48”), 120x280 (48""x112"")",,Porcelain slabs,,,abk
656,White — Crossroad Chalk,"In this porcelain tile collection with a minimalist design and a distinctive three-dimensional effect surface, ABK has created an extremely realistic reproduction of the grain and graphic effect of plasters in a wide range of colours and sizes. It is ideal for use in residential building and large architectural projects.",placi ceramice,CONCRETE,Crossroad Chalk,False,ABK,ABK,,Natural,,"120x120 (48""x48""), 60x120 (24”x48”), 120x280 (48""x112"")",,Porcelain slabs,,,abk
657,ARCHES — Sensi Fantasy,"Patterns, decorations and design are the hallmarks of Sensi Fantasy, the collection that reinvents the world of marble-effect tiles with astonishing originality. A variety of styles and inspirations are available to create surfaces with three-dimensional effects that stand out for their visual and tactile appeal.",placi ceramice,Marble,Sensi Fantasy,False,ABK,ABK,,Lux 3D,,"60x120 (24”x48”), 120x280 (48""x112"")",,Full body porcelain,,,abk
658,STRIPES — Sensi Fantasy,"Patterns, decorations and design are the hallmarks of Sensi Fantasy, the collection that reinvents the world of marble-effect tiles with astonishing originality. A variety of styles and inspirations are available to create surfaces with three-dimensional effects that stand out for their visual and tactile appeal.",placi ceramice,Marble,Sensi Fantasy,False,ABK,ABK,,Lux 3D,,"60x120 (24”x48”), 120x280 (48""x112"")",,Full body porcelain,,,abk
659,STRIPES — Sensi Fantasy (2),"Patterns, decorations and design are the hallmarks of Sensi Fantasy, the collection that reinvents the world of marble-effect tiles with astonishing originality. A variety of styles and inspirations are available to create surfaces with three-dimensional effects that stand out for their visual and tactile appeal.",placi ceramice,Marble,Sensi Fantasy,False,ABK,ABK,,Lux 3D,,"60x120 (24”x48”), 120x280 (48""x112"")",,Full body porcelain,,,abk
660,BALI — Sensi Fantasy,"Patterns, decorations and design are the hallmarks of Sensi Fantasy, the collection that reinvents the world of marble-effect tiles with astonishing originality. A variety of styles and inspirations are available to create surfaces with three-dimensional effects that stand out for their visual and tactile appeal.",placi ceramice,Marble,Sensi Fantasy,False,ABK,ABK,,Lux 3D,,"60x120 (24”x48”), 120x280 (48""x112"")",,Full body porcelain,,,abk
661,SEA GREEN — Sensi Nuance,"Elegant colour tones meet the timeless elegance of marble. This is the spirit behind the varieties selected for NUANCE, the latest collection in the SENSI project devoted to the most exclusive and luxurious materials created by nature. SENSI NUANCE comes in four different finishes. The Soft slabs are complemented by the two new versions Natural P.tech, which offers improved slip resistance, Lux 3D in which exclusive 3D Tech technology recreates the unique aesthetics of antique marble and Soft 3D.",placi ceramice,Marble,Sensi Nuance,False,ABK,ABK,,"Soft, P.tech, Lux 3D, Soft 3D",,"120x120 (48""x48""), 60x120 (24”x48”), 120x280 (48""x112"")",,Full body porcelain,,,abk
662,DEEP RIVER — Sensi Nuance,"Elegant colour tones meet the timeless elegance of marble. This is the spirit behind the varieties selected for NUANCE, the latest collection in the SENSI project devoted to the most exclusive and luxurious materials created by nature. SENSI NUANCE comes in four different finishes. The Soft slabs are complemented by the two new versions Natural P.tech, which offers improved slip resistance, Lux 3D in which exclusive 3D Tech technology recreates the unique aesthetics of antique marble and Soft 3D.",placi ceramice,Marble,Sensi Nuance,False,ABK,ABK,,"Soft, P.tech, Lux 3D, Soft 3D",,"120x120 (48""x48""), 60x120 (24”x48”), 120x280 (48""x112"")",,Full body porcelain,,,abk
663,WHITE MACAUBAS — Sensi Nuance,"Elegant colour tones meet the timeless elegance of marble. This is the spirit behind the varieties selected for NUANCE, the latest collection in the SENSI project devoted to the most exclusive and luxurious materials created by nature. SENSI NUANCE comes in four different finishes. The Soft slabs are complemented by the two new versions Natural P.tech, which offers improved slip resistance, Lux 3D in which exclusive 3D Tech technology recreates the unique aesthetics of antique marble and Soft 3D.",placi ceramice,Marble,Sensi Nuance,False,ABK,ABK,,"Soft, P.tech, Lux 3D, Soft 3D",,"120x120 (48""x48""), 60x120 (24”x48”), 120x280 (48""x112"")",,Full body porcelain,,,abk
664,Pulpis Ivory — Sensi 900,"ABK with SENSI 900 celebrates the marble varieties that marked in the architectural contest the emergence of “modern luxury” at the beginning of last century, a style characterised by a restrained and simple elegance in which the focus is on the materials themselves. The SENSI 900 collection includes several classic marble varieties such as Bianco Carrara, popular for its sober aesthetics and pure background, Stone Grey, with its sophisticated mud-grey colouring, and Precious Black, an elegant black marble streaked with golden veins. Completing the range are the more decorative Oyster Gold, Oyster White slabs as well as Venezia Nuvola, a terrazzo-inspired product that enhances the three-dimensionality of the new Antique 3D surfaces.",placi ceramice,Marble,Sensi 900,False,ABK,ABK,,"Polished, Soft, Antique 3D, P.tech",,"120x120 (48""x48""), 60x120 (24”x48”), 120x280 (48""x112"")",,Full body porcelain,,,abk
665,VENEZIA NUVOLA — Sensi 900,"ABK with SENSI 900 celebrates the marble varieties that marked in the architectural contest the emergence of “modern luxury” at the beginning of last century, a style characterised by a restrained and simple elegance in which the focus is on the materials themselves. The SENSI 900 collection includes several classic marble varieties such as Bianco Carrara, popular for its sober aesthetics and pure background, Stone Grey, with its sophisticated mud-grey colouring, and Precious Black, an elegant black marble streaked with golden veins. Completing the range are the more decorative Oyster Gold, Oyster White slabs as well as Venezia Nuvola, a terrazzo-inspired product that enhances the three-dimensionality of the new Antique 3D surfaces.",placi ceramice,Marble,Sensi 900,False,ABK,ABK,,"Polished, Soft, Antique 3D, P.tech",,"120x120 (48""x48""), 60x120 (24”x48”), 120x280 (48""x112"")",,Full body porcelain,,,abk
666,OYSTER WHITE — Sensi 900,"ABK with SENSI 900 celebrates the marble varieties that marked in the architectural contest the emergence of “modern luxury” at the beginning of last century, a style characterised by a restrained and simple elegance in which the focus is on the materials themselves. The SENSI 900 collection includes several classic marble varieties such as Bianco Carrara, popular for its sober aesthetics and pure background, Stone Grey, with its sophisticated mud-grey colouring, and Precious Black, an elegant black marble streaked with golden veins. Completing the range are the more decorative Oyster Gold, Oyster White slabs as well as Venezia Nuvola, a terrazzo-inspired product that enhances the three-dimensionality of the new Antique 3D surfaces.",placi ceramice,Marble,Sensi 900,False,ABK,ABK,,"Polished, Soft, Antique 3D, P.tech",,"120x120 (48""x48""), 60x120 (24”x48”), 120x280 (48""x112"")",,Full body porcelain,,,abk
667,STONE GREY — Sensi 900,"ABK with SENSI 900 celebrates the marble varieties that marked in the architectural contest the emergence of “modern luxury” at the beginning of last century, a style characterised by a restrained and simple elegance in which the focus is on the materials themselves. The SENSI 900 collection includes several classic marble varieties such as Bianco Carrara, popular for its sober aesthetics and pure background, Stone Grey, with its sophisticated mud-grey colouring, and Precious Black, an elegant black marble streaked with golden veins. Completing the range are the more decorative Oyster Gold, Oyster White slabs as well as Venezia Nuvola, a terrazzo-inspired product that enhances the three-dimensionality of the new Antique 3D surfaces.",placi ceramice,Marble,Sensi 900,False,ABK,ABK,,"Polished, Soft, Antique 3D, P.tech",,"120x120 (48""x48""), 60x120 (24”x48”), 120x280 (48""x112"")",,Full body porcelain,,,abk
668,Taj Mahal — Sensi Gems,"The elegance of marble is evoked in four sophisticated varieties that stand out not just for their contrasting veins but also for their crystallisation effects, distinctive textures that create a surprising sense of depth in surfaces available in natural, soft and lux finish versions.",placi ceramice,Marble,Sensi Gems,False,ABK,ABK,,"Natural, Polished, Soft, P.tech",,"120x120 (48""x48""), 60x120 (24”x48”), 120x280 (48""x112"")",,Full body porcelain slabs,,,abk
669,Iceberg — Sensi Gems,"The elegance of marble is evoked in four sophisticated varieties that stand out not just for their contrasting veins but also for their crystallisation effects, distinctive textures that create a surprising sense of depth in surfaces available in natural, soft and lux finish versions.",placi ceramice,Marble,Sensi Gems,False,ABK,ABK,,"Natural, Polished, Soft, P.tech",,"120x120 (48""x48""), 60x120 (24”x48”), 120x280 (48""x112"")",,Full body porcelain slabs,,,abk
670,Invisible Pearl — Sensi Up,Sensi Up introduces new marble-inspired visuals. The collection offers a selection of classic and contemporary marbles fitting perfectly the sense of sophisticated luxury permeating today's world of architecture.,placi ceramice,Marble,Sensi Up,False,ABK,ABK,,"Natural, Polished, Soft, P.tech",,"160x320 (64”x128”), 120x120 (48""x48""), 60x120 (24”x48”), 80x80 (32""x32""), 120x280 (48""x112"")",,Porcelain slabs,,,abk
671,Statuario Versilia — Sensi Up,Sensi Up introduces new marble-inspired visuals. The collection offers a selection of classic and contemporary marbles fitting perfectly the sense of sophisticated luxury permeating today's world of architecture.,placi ceramice,Marble,Sensi Up,False,ABK,ABK,,"Natural, Polished, Soft, P.tech",,"160x320 (64”x128”), 120x120 (48""x48""), 60x120 (24”x48”), 80x80 (32""x32""), 120x280 (48""x112"")",,Porcelain slabs,,,abk
672,Breccia Melange — Sensi Up,Sensi Up introduces new marble-inspired visuals. The collection offers a selection of classic and contemporary marbles fitting perfectly the sense of sophisticated luxury permeating today's world of architecture.,placi ceramice,Marble,Sensi Up,False,ABK,ABK,,"Natural, Polished, Soft, P.tech",,"160x320 (64”x128”), 120x120 (48""x48""), 60x120 (24”x48”), 80x80 (32""x32""), 120x280 (48""x112"")",,Porcelain slabs,,,abk
673,Milk — Alterego,"In keeping with a design philosophy that encourages creative cross-pollination, the ALTEREGO collection represents a stylistically independent yet complementary approach to ABK’s surfaces. The ALTEREGO range presents 10 on-trend tones on a surface evoking the tactile sensations of hand-applied resins. The carefully selected plain colours inspire creative colour combinations, innovative compositional solutions and unique installation patterns. This versatility is further enhanced by the wide range of modular sizes.",placi ceramice,RESIN,Alterego,False,ABK,ABK,,Natural,,"120x120 (48""x48""), 60x120 (24”x48”), 20x120 (8”x48”), 60x60 (24”x24”), 10x60 (4""x24""), 30x30 (12”x12”), 120x280 (48""x112""), 5x120 (2""x47"")",,Full body colored porcelain tiles,,,abk
674,Sand — Alterego,"In keeping with a design philosophy that encourages creative cross-pollination, the ALTEREGO collection represents a stylistically independent yet complementary approach to ABK’s surfaces. The ALTEREGO range presents 10 on-trend tones on a surface evoking the tactile sensations of hand-applied resins. The carefully selected plain colours inspire creative colour combinations, innovative compositional solutions and unique installation patterns. This versatility is further enhanced by the wide range of modular sizes.",placi ceramice,RESIN,Alterego,False,ABK,ABK,,Natural,,"120x120 (48""x48""), 60x120 (24”x48”), 20x120 (8”x48”), 60x60 (24”x24”), 10x60 (4""x24""), 30x30 (12”x12”), 120x280 (48""x112""), 5x120 (2""x47"")",,Full body colored porcelain tiles,,,abk
675,Ash — Alterego,"In keeping with a design philosophy that encourages creative cross-pollination, the ALTEREGO collection represents a stylistically independent yet complementary approach to ABK’s surfaces. The ALTEREGO range presents 10 on-trend tones on a surface evoking the tactile sensations of hand-applied resins. The carefully selected plain colours inspire creative colour combinations, innovative compositional solutions and unique installation patterns. This versatility is further enhanced by the wide range of modular sizes.",placi ceramice,RESIN,Alterego,False,ABK,ABK,,Natural,,"120x120 (48""x48""), 60x120 (24”x48”), 20x120 (8”x48”), 60x60 (24”x24”), 10x60 (4""x24""), 30x30 (12”x12”), 120x280 (48""x112""), 5x120 (2""x47"")",,Full body colored porcelain tiles,,,abk
676,Mud — Alterego,"In keeping with a design philosophy that encourages creative cross-pollination, the ALTEREGO collection represents a stylistically independent yet complementary approach to ABK’s surfaces. The ALTEREGO range presents 10 on-trend tones on a surface evoking the tactile sensations of hand-applied resins. The carefully selected plain colours inspire creative colour combinations, innovative compositional solutions and unique installation patterns. This versatility is further enhanced by the wide range of modular sizes.",placi ceramice,RESIN,Alterego,False,ABK,ABK,,Natural,,"120x120 (48""x48""), 60x120 (24”x48”), 20x120 (8”x48”), 60x60 (24”x24”), 10x60 (4""x24""), 30x30 (12”x12”), 120x280 (48""x112""), 5x120 (2""x47"")",,Full body colored porcelain tiles,,,abk
677,Cotto — Alterego,"In keeping with a design philosophy that encourages creative cross-pollination, the ALTEREGO collection represents a stylistically independent yet complementary approach to ABK’s surfaces. The ALTEREGO range presents 10 on-trend tones on a surface evoking the tactile sensations of hand-applied resins. The carefully selected plain colours inspire creative colour combinations, innovative compositional solutions and unique installation patterns. This versatility is further enhanced by the wide range of modular sizes.",placi ceramice,RESIN,Alterego,False,ABK,ABK,,Natural,,"120x120 (48""x48""), 60x120 (24”x48”), 20x120 (8”x48”), 60x60 (24”x24”), 10x60 (4""x24""), 30x30 (12”x12”), 120x280 (48""x112""), 5x120 (2""x47"")",,Full body colored porcelain tiles,,,abk
678,Clay — Alterego,"In keeping with a design philosophy that encourages creative cross-pollination, the ALTEREGO collection represents a stylistically independent yet complementary approach to ABK’s surfaces. The ALTEREGO range presents 10 on-trend tones on a surface evoking the tactile sensations of hand-applied resins. The carefully selected plain colours inspire creative colour combinations, innovative compositional solutions and unique installation patterns. This versatility is further enhanced by the wide range of modular sizes.",placi ceramice,RESIN,Alterego,False,ABK,ABK,,Natural,,"120x120 (48""x48""), 60x120 (24”x48”), 20x120 (8”x48”), 60x60 (24”x24”), 10x60 (4""x24""), 30x30 (12”x12”), 120x280 (48""x112""), 5x120 (2""x47"")",,Full body colored porcelain tiles,,,abk
679,WHITE — Sensi Roma,"The world of architecture and interior design is rediscovering the age-old appeal of travertine, a material of timeless, almost primordial beauty that has been used over the centuries in numerous buildings in Rome, the Eternal City. Ever attentive to changing trends and tastes, ABK is introducing SENSI ROMA, an exclusive porcelain tile collection that combines style and technology and is inspired by Travertino Navona, one of the most prestigious and popular varieties of this stone.",placi ceramice,Stone,Sensi Roma,False,ABK,ABK,,"Natural, Antislippery R11, Antique 3D, P.tech, Lux 3D",,"80x160 (32”x64”), 120x120 (48""x48""), 60x120 (24”x48”), 80x80 (32""x32""), 60x90 (24”x36”), 120x280 (48""x112"")",,Full body porcelain,,,abk
680,IVORY — Sensi Roma,"The world of architecture and interior design is rediscovering the age-old appeal of travertine, a material of timeless, almost primordial beauty that has been used over the centuries in numerous buildings in Rome, the Eternal City. Ever attentive to changing trends and tastes, ABK is introducing SENSI ROMA, an exclusive porcelain tile collection that combines style and technology and is inspired by Travertino Navona, one of the most prestigious and popular varieties of this stone.",placi ceramice,Stone,Sensi Roma,False,ABK,ABK,,"Natural, Antislippery R11, Antique 3D, P.tech, Lux 3D",,"80x160 (32”x64”), 120x120 (48""x48""), 60x120 (24”x48”), 80x80 (32""x32""), 60x90 (24”x36”), 120x280 (48""x112"")",,Full body porcelain,,,abk
681,CREAM — Sensi Roma,"The world of architecture and interior design is rediscovering the age-old appeal of travertine, a material of timeless, almost primordial beauty that has been used over the centuries in numerous buildings in Rome, the Eternal City. Ever attentive to changing trends and tastes, ABK is introducing SENSI ROMA, an exclusive porcelain tile collection that combines style and technology and is inspired by Travertino Navona, one of the most prestigious and popular varieties of this stone.",placi ceramice,Stone,Sensi Roma,False,ABK,ABK,,"Natural, Antislippery R11, Antique 3D, P.tech, Lux 3D",,"80x160 (32”x64”), 120x120 (48""x48""), 60x120 (24”x48”), 80x80 (32""x32""), 60x90 (24”x36”), 120x280 (48""x112"")",,Full body porcelain,,,abk
682,RED — Sensi Roma,"The world of architecture and interior design is rediscovering the age-old appeal of travertine, a material of timeless, almost primordial beauty that has been used over the centuries in numerous buildings in Rome, the Eternal City. Ever attentive to changing trends and tastes, ABK is introducing SENSI ROMA, an exclusive porcelain tile collection that combines style and technology and is inspired by Travertino Navona, one of the most prestigious and popular varieties of this stone.",placi ceramice,Stone,Sensi Roma,False,ABK,ABK,,"Natural, Antislippery R11, Antique 3D, P.tech, Lux 3D",,"80x160 (32”x64”), 120x120 (48""x48""), 60x120 (24”x48”), 80x80 (32""x32""), 60x90 (24”x36”), 120x280 (48""x112"")",,Full body porcelain,,,abk
683,Ivory — Cliff,"Elegant and minimalist, ABK’s CLIFF collection combines the quality of porcelain stoneware with the discreet charm of natural stone. Inspired by European limestone, the design moves beyond purely graphic effects towards three-dimensionality, with surfaces enhanced by subtle micro-bush-hammering and fine decorative engravings.",placi ceramice,Stone,Cliff,False,ABK,ABK,,"Natural, R11",,"120x120 (48""x48""), 60x120 (24”x48”), 80x80 (32""x32""), 60x60 (24”x24”), 120x280 (48""x112"")",,Full body porcelain,,,abk
684,Sand — Cliff,"Elegant and minimalist, ABK’s CLIFF collection combines the quality of porcelain stoneware with the discreet charm of natural stone. Inspired by European limestone, the design moves beyond purely graphic effects towards three-dimensionality, with surfaces enhanced by subtle micro-bush-hammering and fine decorative engravings.",placi ceramice,Stone,Cliff,False,ABK,ABK,,"Natural, R11",,"120x120 (48""x48""), 60x120 (24”x48”), 80x80 (32""x32""), 60x60 (24”x24”), 120x280 (48""x112"")",,Full body porcelain,,,abk
685,Ash — Cliff,"Elegant and minimalist, ABK’s CLIFF collection combines the quality of porcelain stoneware with the discreet charm of natural stone. Inspired by European limestone, the design moves beyond purely graphic effects towards three-dimensionality, with surfaces enhanced by subtle micro-bush-hammering and fine decorative engravings.",placi ceramice,Stone,Cliff,False,ABK,ABK,,"Natural, R11",,"120x120 (48""x48""), 60x120 (24”x48”), 80x80 (32""x32""), 60x60 (24”x24”), 120x280 (48""x112"")",,Full body porcelain,,,abk
686,Trani Ivory — Poetry Stone,"The POETRY STONE collection reinterprets the natural and primitive identity of stone. These essential, contemporary surfaces are available in a wide range of sizes including large slabs, with finishes suitable for many different indoor and outdoor applications. The collection features exclusive decorative elements and textures that combine the creative vision of Studio OTTO - Paola Navone with the distinctive qualities of ABK ceramic products.",placi ceramice,Stone,Poetry Stone,False,ABK,ABK,,"Natural, Antislippery R11, P.tech",,"120x120 (48""x48""), 60x120 (24”x48”), 80x80 (32""x32""), 60x60 (24”x24”), 60x90 (24”x36”), 120x280 (48""x112"")",,Full body porcelain,,,abk
687,Trani Beige — Poetry Stone,"The POETRY STONE collection reinterprets the natural and primitive identity of stone. These essential, contemporary surfaces are available in a wide range of sizes including large slabs, with finishes suitable for many different indoor and outdoor applications. The collection features exclusive decorative elements and textures that combine the creative vision of Studio OTTO - Paola Navone with the distinctive qualities of ABK ceramic products.",placi ceramice,Stone,Poetry Stone,False,ABK,ABK,,"Natural, Antislippery R11, P.tech",,"120x120 (48""x48""), 60x120 (24”x48”), 80x80 (32""x32""), 60x60 (24”x24”), 60x90 (24”x36”), 120x280 (48""x112"")",,Full body porcelain,,,abk
688,Pirenei Ecru — Poetry Stone,"The POETRY STONE collection reinterprets the natural and primitive identity of stone. These essential, contemporary surfaces are available in a wide range of sizes including large slabs, with finishes suitable for many different indoor and outdoor applications. The collection features exclusive decorative elements and textures that combine the creative vision of Studio OTTO - Paola Navone with the distinctive qualities of ABK ceramic products.",placi ceramice,Stone,Poetry Stone,False,ABK,ABK,,"Natural, Antislippery R11, P.tech",,"120x120 (48""x48""), 60x120 (24”x48”), 80x80 (32""x32""), 60x60 (24”x24”), 60x90 (24”x36”), 120x280 (48""x112"")",,Full body porcelain,,,abk
689,Pirenei Grey — Poetry Stone,"The POETRY STONE collection reinterprets the natural and primitive identity of stone. These essential, contemporary surfaces are available in a wide range of sizes including large slabs, with finishes suitable for many different indoor and outdoor applications. The collection features exclusive decorative elements and textures that combine the creative vision of Studio OTTO - Paola Navone with the distinctive qualities of ABK ceramic products.",placi ceramice,Stone,Poetry Stone,False,ABK,ABK,,"Natural, Antislippery R11, P.tech",,"120x120 (48""x48""), 60x120 (24”x48”), 80x80 (32""x32""), 60x60 (24”x24”), 60x90 (24”x36”), 120x280 (48""x112"")",,Full body porcelain,,,abk
690,Piase Smoke — Poetry Stone,"The POETRY STONE collection reinterprets the natural and primitive identity of stone. These essential, contemporary surfaces are available in a wide range of sizes including large slabs, with finishes suitable for many different indoor and outdoor applications. The collection features exclusive decorative elements and textures that combine the creative vision of Studio OTTO - Paola Navone with the distinctive qualities of ABK ceramic products.",placi ceramice,Stone,Poetry Stone,False,ABK,ABK,,"Natural, Antislippery R11, P.tech",,"120x120 (48""x48""), 60x120 (24”x48”), 80x80 (32""x32""), 60x60 (24”x24”), 60x90 (24”x36”), 120x280 (48""x112"")",,Full body porcelain,,,abk
691,Jura Sand — Poetry Stone Reloaded,"Poetry Stone Reloaded, the latest instalment in the Poetry House collaboration between Paola Navone OTTO Studio and ABK, further broadens the exploration of stone in design projects. Many types of stone are closely associated with the regions from which they are sourced and where they have been used throughout history, making them an ideal canvas for the designer. Pursuing her eclectic vision, she utilises advanced technologies to transform ceramics into a sophisticated designer surface.",placi ceramice,Stone,Poetry Stone Reloaded,False,ABK,ABK,,"Natural, R11",,"120x120 (48""x48""), 60x120 (24”x48”), 20x120 (8”x48”), 60x60 (24”x24”), 60x90 (24”x36”), 120x280 (48""x112"")",,Full body porcelain,,,abk
692,Jura Ash — Poetry Stone Reloaded,"Poetry Stone Reloaded, the latest instalment in the Poetry House collaboration between Paola Navone OTTO Studio and ABK, further broadens the exploration of stone in design projects. Many types of stone are closely associated with the regions from which they are sourced and where they have been used throughout history, making them an ideal canvas for the designer. Pursuing her eclectic vision, she utilises advanced technologies to transform ceramics into a sophisticated designer surface.",placi ceramice,Stone,Poetry Stone Reloaded,False,ABK,ABK,,"Natural, R11",,"120x120 (48""x48""), 60x120 (24”x48”), 20x120 (8”x48”), 60x60 (24”x24”), 60x90 (24”x36”), 120x280 (48""x112"")",,Full body porcelain,,,abk
693,Basaltina Smoke — Poetry Stone Reloaded,"Poetry Stone Reloaded, the latest instalment in the Poetry House collaboration between Paola Navone OTTO Studio and ABK, further broadens the exploration of stone in design projects. Many types of stone are closely associated with the regions from which they are sourced and where they have been used throughout history, making them an ideal canvas for the designer. Pursuing her eclectic vision, she utilises advanced technologies to transform ceramics into a sophisticated designer surface.",placi ceramice,Stone,Poetry Stone Reloaded,False,ABK,ABK,,"Natural, R11",,"120x120 (48""x48""), 60x120 (24”x48”), 20x120 (8”x48”), 60x60 (24”x24”), 60x90 (24”x36”), 120x280 (48""x112"")",,Full body porcelain,,,abk
694,Basaltina Dark — Poetry Stone Reloaded,"Poetry Stone Reloaded, the latest instalment in the Poetry House collaboration between Paola Navone OTTO Studio and ABK, further broadens the exploration of stone in design projects. Many types of stone are closely associated with the regions from which they are sourced and where they have been used throughout history, making them an ideal canvas for the designer. Pursuing her eclectic vision, she utilises advanced technologies to transform ceramics into a sophisticated designer surface.",placi ceramice,Stone,Poetry Stone Reloaded,False,ABK,ABK,,"Natural, R11",,"120x120 (48""x48""), 60x120 (24”x48”), 20x120 (8”x48”), 60x60 (24”x24”), 60x90 (24”x36”), 120x280 (48""x112"")",,Full body porcelain,,,abk
695,Carving Smoke — Poetry Stone Reloaded,"Poetry Stone Reloaded, the latest instalment in the Poetry House collaboration between Paola Navone OTTO Studio and ABK, further broadens the exploration of stone in design projects. Many types of stone are closely associated with the regions from which they are sourced and where they have been used throughout history, making them an ideal canvas for the designer. Pursuing her eclectic vision, she utilises advanced technologies to transform ceramics into a sophisticated designer surface.",placi ceramice,Stone,Poetry Stone Reloaded,False,ABK,ABK,,"Natural, R11",,"120x120 (48""x48""), 60x120 (24”x48”), 20x120 (8”x48”), 60x60 (24”x24”), 60x90 (24”x36”), 120x280 (48""x112"")",,Full body porcelain,,,abk
696,Carving Ecru — Poetry Stone Reloaded,"Poetry Stone Reloaded, the latest instalment in the Poetry House collaboration between Paola Navone OTTO Studio and ABK, further broadens the exploration of stone in design projects. Many types of stone are closely associated with the regions from which they are sourced and where they have been used throughout history, making them an ideal canvas for the designer. Pursuing her eclectic vision, she utilises advanced technologies to transform ceramics into a sophisticated designer surface.",placi ceramice,Stone,Poetry Stone Reloaded,False,ABK,ABK,,"Natural, R11",,"120x120 (48""x48""), 60x120 (24”x48”), 20x120 (8”x48”), 60x60 (24”x24”), 60x90 (24”x36”), 120x280 (48""x112"")",,Full body porcelain,,,abk
697,Carving Beige — Poetry Stone Reloaded,"Poetry Stone Reloaded, the latest instalment in the Poetry House collaboration between Paola Navone OTTO Studio and ABK, further broadens the exploration of stone in design projects. Many types of stone are closely associated with the regions from which they are sourced and where they have been used throughout history, making them an ideal canvas for the designer. Pursuing her eclectic vision, she utilises advanced technologies to transform ceramics into a sophisticated designer surface.",placi ceramice,Stone,Poetry Stone Reloaded,False,ABK,ABK,,"Natural, R11",,"120x120 (48""x48""), 60x120 (24”x48”), 20x120 (8”x48”), 60x60 (24”x24”), 60x90 (24”x36”), 120x280 (48""x112"")",,Full body porcelain,,,abk
698,Pearl — Poetry Colors,"POETRY COLORS, six intense, evocative surfaces that convey the character and personality of each space. The key element of this collection is colour, which emerges through watercolour effects and marked variations in shade on small glossy tiles – 10x10 and 7,5x15 - reminiscent of irregular handcrafted majolica. The colours are inspired by nature, by the southern regions of the world and the encounters with different cultures that have always been a part of Paola Navone’s stylistic journey.",placi ceramice,BRICK,Poetry Colors,False,ABK,ABK,,,,"7,5x15 (3""x6""), 10x10 (4""x4"")",,White body wall tiles,,,abk
699,Smoke — Poetry Colors,"POETRY COLORS, six intense, evocative surfaces that convey the character and personality of each space. The key element of this collection is colour, which emerges through watercolour effects and marked variations in shade on small glossy tiles – 10x10 and 7,5x15 - reminiscent of irregular handcrafted majolica. The colours are inspired by nature, by the southern regions of the world and the encounters with different cultures that have always been a part of Paola Navone’s stylistic journey.",placi ceramice,BRICK,Poetry Colors,False,ABK,ABK,,,,"7,5x15 (3""x6""), 10x10 (4""x4"")",,White body wall tiles,,,abk
700,Blush — Poetry Colors,"POETRY COLORS, six intense, evocative surfaces that convey the character and personality of each space. The key element of this collection is colour, which emerges through watercolour effects and marked variations in shade on small glossy tiles – 10x10 and 7,5x15 - reminiscent of irregular handcrafted majolica. The colours are inspired by nature, by the southern regions of the world and the encounters with different cultures that have always been a part of Paola Navone’s stylistic journey.",placi ceramice,BRICK,Poetry Colors,False,ABK,ABK,,,,"7,5x15 (3""x6""), 10x10 (4""x4"")",,White body wall tiles,,,abk
701,Plains Ivory — Sandy,"A refined, sand-like texture inspired by natural landscapes. This palette draws from white, red, and black sand beaches, expressed through complementary tones like Hay, Powder, and Concrete—earthy, grounded, and quietly radiant.",placi ceramice,DÉCOR,Sandy,False,MOOOI BY ABK,ABK,,,Wall,"120x120, 120x280, 60X120, 60x60","6 mm, 8,5 mm",Porcelain,,,abk
702,Plains Hay — Sandy,"A refined, sand-like texture inspired by natural landscapes. This palette draws from white, red, and black sand beaches, expressed through complementary tones like Hay, Powder, and Concrete—earthy, grounded, and quietly radiant.",placi ceramice,DÉCOR,Sandy,False,MOOOI BY ABK,ABK,,,Wall,"120x120, 120x280, 60X120, 60x60","6 mm, 8,5 mm",Porcelain,,,abk
703,Plains Powder — Sandy,"A refined, sand-like texture inspired by natural landscapes. This palette draws from white, red, and black sand beaches, expressed through complementary tones like Hay, Powder, and Concrete—earthy, grounded, and quietly radiant.",placi ceramice,DÉCOR,Sandy,False,MOOOI BY ABK,ABK,,,Wall,"120x120, 120x280, 60X120, 60x60","6 mm, 8,5 mm",Porcelain,,,abk
704,Plains Terracotta — Sandy,"A refined, sand-like texture inspired by natural landscapes. This palette draws from white, red, and black sand beaches, expressed through complementary tones like Hay, Powder, and Concrete—earthy, grounded, and quietly radiant.",placi ceramice,DÉCOR,Sandy,False,MOOOI BY ABK,ABK,,,Wall,"120x120, 120x280, 60X120, 60x60","6 mm, 8,5 mm",Porcelain,,,abk
705,Plains Concrete — Sandy,"A refined, sand-like texture inspired by natural landscapes. This palette draws from white, red, and black sand beaches, expressed through complementary tones like Hay, Powder, and Concrete—earthy, grounded, and quietly radiant.",placi ceramice,DÉCOR,Sandy,False,MOOOI BY ABK,ABK,,,Wall,"120x120, 120x280, 60X120, 60x60","6 mm, 8,5 mm",Porcelain,,,abk
706,Plains Volcano — Sandy,"A refined, sand-like texture inspired by natural landscapes. This palette draws from white, red, and black sand beaches, expressed through complementary tones like Hay, Powder, and Concrete—earthy, grounded, and quietly radiant.",placi ceramice,DÉCOR,Sandy,False,MOOOI BY ABK,ABK,,,Wall,"120x120, 120x280, 60X120, 60x60","6 mm, 8,5 mm",Porcelain,,,abk
707,Ivory — Egg Scape,"A surface inspired by the organic beauty of eggshells—marked with delicate scuffs, subtle cracks, and terrazzo-like fragments. Each tile captures a minimalist texture rooted in nature’s quiet imperfections.",placi ceramice,DÉCOR,Egg Scape,False,MOOOI BY ABK,ABK,,,Wall,"120x120, 60X120, 60x60","8,5 mm",Porcelain,,,abk
708,Powder — Egg Scape,"A surface inspired by the organic beauty of eggshells—marked with delicate scuffs, subtle cracks, and terrazzo-like fragments. Each tile captures a minimalist texture rooted in nature’s quiet imperfections.",placi ceramice,DÉCOR,Egg Scape,False,MOOOI BY ABK,ABK,,,Wall,"120x120, 60X120, 60x60","8,5 mm",Porcelain,,,abk
709,Concrete — Egg Scape,"A surface inspired by the organic beauty of eggshells—marked with delicate scuffs, subtle cracks, and terrazzo-like fragments. Each tile captures a minimalist texture rooted in nature’s quiet imperfections.",placi ceramice,DÉCOR,Egg Scape,False,MOOOI BY ABK,ABK,,,Wall,"120x120, 60X120, 60x60","8,5 mm",Porcelain,,,abk
710,Hay — Egg Scape,"A surface inspired by the organic beauty of eggshells—marked with delicate scuffs, subtle cracks, and terrazzo-like fragments. Each tile captures a minimalist texture rooted in nature’s quiet imperfections.",placi ceramice,DÉCOR,Egg Scape,False,MOOOI BY ABK,ABK,,,Wall,"120x120, 60X120, 60x60","8,5 mm",Porcelain,,,abk
711,Geometrical Dove Ivory — Special Edition,"Panels that lend a luxurious, artisanal finish to walls or furniture. Repeating motifs, blend concrete and woven textures for a softened architectural feel. For a more dramatic effect, a limited series of bird muses adds a poetic, watchful presence to any space.",placi ceramice,DÉCOR,Special Edition,False,MOOOI BY ABK,ABK,,,Wall,120x280,6 mm,Porcelain,,,abk
712,Geometrical Rhea Ivory — Special Edition,"Panels that lend a luxurious, artisanal finish to walls or furniture. Repeating motifs, blend concrete and woven textures for a softened architectural feel. For a more dramatic effect, a limited series of bird muses adds a poetic, watchful presence to any space.",placi ceramice,DÉCOR,Special Edition,False,MOOOI BY ABK,ABK,,,Wall,120x280,6 mm,Porcelain,,,abk
713,Geometrical Owl Ivory — Special Edition,"Panels that lend a luxurious, artisanal finish to walls or furniture. Repeating motifs, blend concrete and woven textures for a softened architectural feel. For a more dramatic effect, a limited series of bird muses adds a poetic, watchful presence to any space.",placi ceramice,DÉCOR,Special Edition,False,MOOOI BY ABK,ABK,,,Wall,120x280,6 mm,Porcelain,,,abk
714,Hypnotic Owl — Special Edition,"Panels that lend a luxurious, artisanal finish to walls or furniture. Repeating motifs, blend concrete and woven textures for a softened architectural feel. For a more dramatic effect, a limited series of bird muses adds a poetic, watchful presence to any space.",placi ceramice,DÉCOR,Special Edition,False,MOOOI BY ABK,ABK,,,Wall,120x280,6 mm,Porcelain,,,abk
800,Sugar,"We find ourselves in a dreamlike setting, immersed in the French countryside, where - surrounded by nature’s gifts - time is marked by the slow passing of the seasons. The earthiness of clay and the vigour of plants and flowers fuse to provide new colour combinations for our new concrete-effect ceramic tiles. Subtle, welcoming textures are ideal for the creation of interiors in which you feel completely at home.",ceramice,CONCRETE,Homescape,False,,Fondovalle,,Natural,,"120x278x0.6 cm, 120x120x0.6 cm, 60x120x0.85 cm","6 mm / 0.24"" - 8,5 mm / 0.33""",Ceramic,,,fondovalle ceramice
801,Clay,"We find ourselves in a dreamlike setting, immersed in the French countryside, where - surrounded by nature’s gifts - time is marked by the slow passing of the seasons. The earthiness of clay and the vigour of plants and flowers fuse to provide new colour combinations for our new concrete-effect ceramic tiles. Subtle, welcoming textures are ideal for the creation of interiors in which you feel completely at home.",ceramice,CONCRETE,Homescape,False,,Fondovalle,,Natural,,"120x278x0.6 cm, 120x120x0.6 cm, 60x120x0.85 cm","6 mm / 0.24"" - 8,5 mm / 0.33""",Ceramic,,,fondovalle ceramice
802,Coal,"We find ourselves in a dreamlike setting, immersed in the French countryside, where - surrounded by nature’s gifts - time is marked by the slow passing of the seasons. The earthiness of clay and the vigour of plants and flowers fuse to provide new colour combinations for our new concrete-effect ceramic tiles. Subtle, welcoming textures are ideal for the creation of interiors in which you feel completely at home.",ceramice,CONCRETE,Homescape,False,,Fondovalle,,Natural,,"120x278x0.6 cm, 120x120x0.6 cm, 60x120x0.85 cm","6 mm / 0.24"" - 8,5 mm / 0.33""",Ceramic,,,fondovalle ceramice
803,Caramel,"We find ourselves in a dreamlike setting, immersed in the French countryside, where - surrounded by nature’s gifts - time is marked by the slow passing of the seasons. The earthiness of clay and the vigour of plants and flowers fuse to provide new colour combinations for our new concrete-effect ceramic tiles. Subtle, welcoming textures are ideal for the creation of interiors in which you feel completely at home.",ceramice,CONCRETE,Homescape,False,,Fondovalle,,Natural,,"120x278x0.6 cm, 120x120x0.6 cm, 60x120x0.85 cm","6 mm / 0.24"" - 8,5 mm / 0.33""",Ceramic,,,fondovalle ceramice
804,Matcha,"We find ourselves in a dreamlike setting, immersed in the French countryside, where - surrounded by nature’s gifts - time is marked by the slow passing of the seasons. The earthiness of clay and the vigour of plants and flowers fuse to provide new colour combinations for our new concrete-effect ceramic tiles. Subtle, welcoming textures are ideal for the creation of interiors in which you feel completely at home.",ceramice,CONCRETE,Homescape,False,,Fondovalle,,Natural,,"120x278x0.6 cm, 120x120x0.6 cm, 60x120x0.85 cm","6 mm / 0.24"" - 8,5 mm / 0.33""",Ceramic,,,fondovalle ceramice
805,Gesso,"Not only is earth the oldest building material in the world, it was also the first pigment used by man to add colour both to himself and to his surrounding environment. From this experience an exciting new use originated, which upheld the traditions of Italy and led to the creation of a selection of clay mixtures with highimpact colour and dynamic textures. With this collection, our aim was to enhance the ancestral origins of earth as a material. By combining the patterns and textures of earth with pure pigments, the material takes on a starring role, transformed into a new, intense, and ever-changing tiling option.",ceramice,CONCRETE,Pigmento,False,,Fondovalle,,"Natural, Grip Outdoor",,"120x278x0.6 cm, 120x120x0.6 cm, 60x120x0.6 cm, 80x80x0.6 cm","6 mm / 0.24"" - 2cm 2.OUT / 0.8''",Ceramic,,,fondovalle ceramice
806,Fango,"Not only is earth the oldest building material in the world, it was also the first pigment used by man to add colour both to himself and to his surrounding environment. From this experience an exciting new use originated, which upheld the traditions of Italy and led to the creation of a selection of clay mixtures with highimpact colour and dynamic textures. With this collection, our aim was to enhance the ancestral origins of earth as a material. By combining the patterns and textures of earth with pure pigments, the material takes on a starring role, transformed into a new, intense, and ever-changing tiling option.",ceramice,CONCRETE,Pigmento,False,,Fondovalle,,"Natural, Grip Outdoor",,"120x278x0.6 cm, 120x120x0.6 cm, 60x120x0.6 cm, 80x80x0.6 cm","6 mm / 0.24"" - 2cm 2.OUT / 0.8''",Ceramic,,,fondovalle ceramice
807,Polvere,"Not only is earth the oldest building material in the world, it was also the first pigment used by man to add colour both to himself and to his surrounding environment. From this experience an exciting new use originated, which upheld the traditions of Italy and led to the creation of a selection of clay mixtures with highimpact colour and dynamic textures. With this collection, our aim was to enhance the ancestral origins of earth as a material. By combining the patterns and textures of earth with pure pigments, the material takes on a starring role, transformed into a new, intense, and ever-changing tiling option.",ceramice,CONCRETE,Pigmento,False,,Fondovalle,,"Natural, Grip Outdoor",,"120x278x0.6 cm, 120x120x0.6 cm, 60x120x0.6 cm, 80x80x0.6 cm","6 mm / 0.24"" - 2cm 2.OUT / 0.8''",Ceramic,,,fondovalle ceramice
808,Carbone,"Not only is earth the oldest building material in the world, it was also the first pigment used by man to add colour both to himself and to his surrounding environment. From this experience an exciting new use originated, which upheld the traditions of Italy and led to the creation of a selection of clay mixtures with highimpact colour and dynamic textures. With this collection, our aim was to enhance the ancestral origins of earth as a material. By combining the patterns and textures of earth with pure pigments, the material takes on a starring role, transformed into a new, intense, and ever-changing tiling option.",ceramice,CONCRETE,Pigmento,False,,Fondovalle,,"Natural, Grip Outdoor",,"120x278x0.6 cm, 120x120x0.6 cm, 60x120x0.6 cm","6 mm / 0.24"" - 2cm 2.OUT / 0.8''",Ceramic,,,fondovalle ceramice
809,Oro,"Not only is earth the oldest building material in the world, it was also the first pigment used by man to add colour both to himself and to his surrounding environment. From this experience an exciting new use originated, which upheld the traditions of Italy and led to the creation of a selection of clay mixtures with highimpact colour and dynamic textures. With this collection, our aim was to enhance the ancestral origins of earth as a material. By combining the patterns and textures of earth with pure pigments, the material takes on a starring role, transformed into a new, intense, and ever-changing tiling option.",ceramice,CONCRETE,Pigmento,False,,Fondovalle,,"Natural, Grip Outdoor",,"120x278x0.6 cm, 120x120x0.6 cm, 60x120x0.6 cm","6 mm / 0.24"" - 2cm 2.OUT / 0.8''",Ceramic,,,fondovalle ceramice
810,Mattone,"Not only is earth the oldest building material in the world, it was also the first pigment used by man to add colour both to himself and to his surrounding environment. From this experience an exciting new use originated, which upheld the traditions of Italy and led to the creation of a selection of clay mixtures with highimpact colour and dynamic textures. With this collection, our aim was to enhance the ancestral origins of earth as a material. By combining the patterns and textures of earth with pure pigments, the material takes on a starring role, transformed into a new, intense, and ever-changing tiling option.",ceramice,CONCRETE,Pigmento,False,,Fondovalle,,"Natural, Grip Outdoor",,"120x278x0.6 cm, 120x120x0.6 cm, 60x120x0.6 cm","6 mm / 0.24"" - 2cm 2.OUT / 0.8''",Ceramic,,,fondovalle ceramice
811,Ossido,"Not only is earth the oldest building material in the world, it was also the first pigment used by man to add colour both to himself and to his surrounding environment. From this experience an exciting new use originated, which upheld the traditions of Italy and led to the creation of a selection of clay mixtures with highimpact colour and dynamic textures. With this collection, our aim was to enhance the ancestral origins of earth as a material. By combining the patterns and textures of earth with pure pigments, the material takes on a starring role, transformed into a new, intense, and ever-changing tiling option.",ceramice,CONCRETE,Pigmento,False,,Fondovalle,,"Natural, Grip Outdoor",,"120x278x0.6 cm, 120x120x0.6 cm, 60x120x0.6 cm","6 mm / 0.24"" - 2cm 2.OUT / 0.8''",Ceramic,,,fondovalle ceramice
812,Jordan,"Slender tiles in large sizes and new colours bring a new feel to the collection without lessening the appeal of the hand-worked concrete finish. Enriched with high-performance engineering features and new decorative offerings. With its five essential, neutral shades, Portland enhances homes and businesses alike, bringing a contemporary mood and strong personality.",ceramice,CONCRETE,Portland,False,,Fondovalle,,"Natural, Grip Outdoor",,"160x320x0.6 cm, 120x278x0.6 cm, 120x120x0.85 cm, 80x80x0.85 cm, 60x120x0.85 cm, 40x80x0.85 cm","6 mm / 0.24"" - 8,5 mm / 0.33"" - 2cm 2.OUT / 0.8''",Ceramic,,,fondovalle ceramice
813,Hood,"Slender tiles in large sizes and new colours bring a new feel to the collection without lessening the appeal of the hand-worked concrete finish. Enriched with high-performance engineering features and new decorative offerings. With its five essential, neutral shades, Portland enhances homes and businesses alike, bringing a contemporary mood and strong personality.",ceramice,CONCRETE,Portland,False,,Fondovalle,,"Natural, Grip Outdoor",,"160x320x0.6 cm, 120x278x0.6 cm, 120x120x0.6 cm, 80x80x0.85 cm, 60x120x0.85 cm, 60x60x0.85 cm, 40x80x0.85 cm, 30x60x0.85 cm","6 mm / 0.24"" - 8,5 mm / 0.33"" - 2cm 2.OUT / 0.8''",Ceramic,,,fondovalle ceramice
814,Tabor,"Slender tiles in large sizes and new colours bring a new feel to the collection without lessening the appeal of the hand-worked concrete finish. Enriched with high-performance engineering features and new decorative offerings. With its five essential, neutral shades, Portland enhances homes and businesses alike, bringing a contemporary mood and strong personality.",ceramice,CONCRETE,Portland,False,,Fondovalle,,"Natural, Grip Outdoor",,"160x320x0.6 cm, 120x278x0.6 cm, 120x120x0.6 cm, 80x80x0.85 cm, 60x120x0.85 cm, 60x60x0.85 cm, 40x80x0.85 cm, 30x60x0.85 cm","6 mm / 0.24"" - 8,5 mm / 0.33"" - 2cm 2.OUT / 0.8''",Ceramic,,,fondovalle ceramice
815,Helen,"Slender tiles in large sizes and new colours bring a new feel to the collection without lessening the appeal of the hand-worked concrete finish. Enriched with high-performance engineering features and new decorative offerings. With its five essential, neutral shades, Portland enhances homes and businesses alike, bringing a contemporary mood and strong personality.",ceramice,CONCRETE,Portland,False,,Fondovalle,,"Natural, Grip Outdoor",,"120x278x0.6 cm, 120x120x0.85 cm, 80x80x0.85 cm, 60x120x0.6 cm, 60x60x0.85 cm, 40x80x0.85 cm, 30x60x0.85 cm","6 mm / 0.24"" - 8,5 mm / 0.33"" - 2cm 2.OUT / 0.8''",Ceramic,,,fondovalle ceramice
816,Lassen,"Slender tiles in large sizes and new colours bring a new feel to the collection without lessening the appeal of the hand-worked concrete finish. Enriched with high-performance engineering features and new decorative offerings. With its five essential, neutral shades, Portland enhances homes and businesses alike, bringing a contemporary mood and strong personality.",ceramice,CONCRETE,Portland,False,,Fondovalle,,"Natural, Grip Outdoor",,"120x278x0.6 cm, 120x120x0.6 cm, 80x80x0.85 cm, 60x120x0.6 cm, 60x60x0.85 cm, 40x80x0.85 cm, 30x60x0.85 cm","6 mm / 0.24"" - 8,5 mm / 0.33"" - 2cm 2.OUT / 0.8''",Ceramic,,,fondovalle ceramice
817,Thassos,"From “total black”, through shades of grey and brown, to all the whites imaginable, the marble in the Infinito 2.0 collection offers different textures, run through with different sized veins that enhance their natural aesthetics and prestige.",ceramice,Marble,Infinito 2.0,False,,Fondovalle,,"Natural, Honed, Polished, Crystal Polished, All-Light Polished, Matt, Lux, 3D Texture Polished",,120x278x0.6 cm,"6 mm / 0.24""",Ceramic,,,fondovalle ceramice
818,Elegant White,"From “total black”, through shades of grey and brown, to all the whites imaginable, the marble in the Infinito 2.0 collection offers different textures, run through with different sized veins that enhance their natural aesthetics and prestige.",ceramice,Marble,Infinito 2.0,False,,Fondovalle,,"Natural, Honed, Polished, Crystal Polished, All-Light Polished, Matt, Lux, 3D Texture Polished",,160x320x0.6 cm,"6 mm / 0.24""",Ceramic,,,fondovalle ceramice
819,Statuario Extra,"From “total black”, through shades of grey and brown, to all the whites imaginable, the marble in the Infinito 2.0 collection offers different textures, run through with different sized veins that enhance their natural aesthetics and prestige.",ceramice,Marble,Infinito 2.0,False,,Fondovalle,,"Natural, Honed, Polished, Crystal Polished, All-Light Polished, Matt, Lux, 3D Texture Polished",,"160x320x0.6 cm, 120x278x0.6 cm, 60x120x0.6 cm","6 mm / 0.24""",Ceramic,,,fondovalle ceramice
820,Statuario,"From “total black”, through shades of grey and brown, to all the whites imaginable, the marble in the Infinito 2.0 collection offers different textures, run through with different sized veins that enhance their natural aesthetics and prestige.",ceramice,Marble,Infinito 2.0,False,,Fondovalle,,"Natural, Honed, Polished, Crystal Polished, All-Light Polished, Matt, Lux, 3D Texture Polished",,"160x320x0.6 cm, 120x278x0.6 cm","6 mm / 0.24""",Ceramic,,,fondovalle ceramice
821,Lincoln,"From “total black”, through shades of grey and brown, to all the whites imaginable, the marble in the Infinito 2.0 collection offers different textures, run through with different sized veins that enhance their natural aesthetics and prestige.",ceramice,Marble,Infinito 2.0,False,,Fondovalle,,"Natural, Honed, Polished, Crystal Polished, All-Light Polished, Matt, Lux, 3D Texture Polished",,"160x320x0.6 cm, 120x278x0.6 cm","6 mm / 0.24""",Ceramic,,,fondovalle ceramice
822,Calacatta White,"From “total black”, through shades of grey and brown, to all the whites imaginable, the marble in the Infinito 2.0 collection offers different textures, run through with different sized veins that enhance their natural aesthetics and prestige.",ceramice,Marble,Infinito 2.0,False,,Fondovalle,,"Natural, Honed, Polished, Crystal Polished, All-Light Polished, Matt, Lux, 3D Texture Polished",,"160x320x0.6 cm, 120x278x0.6 cm, 60x120x0.6 cm","6 mm / 0.24""",Ceramic,,,fondovalle ceramice
823,Calacatta Light,"From “total black”, through shades of grey and brown, to all the whites imaginable, the marble in the Infinito 2.0 collection offers different textures, run through with different sized veins that enhance their natural aesthetics and prestige.",ceramice,Marble,Infinito 2.0,False,,Fondovalle,,"Natural, Honed, Polished, Crystal Polished, All-Light Polished, Matt, Lux, 3D Texture Polished",,"160x320x0.6 cm, 120x278x0.6 cm, 60x120x0.6 cm","6 mm / 0.24""",Ceramic,,,fondovalle ceramice
824,Calacatta Gold,"From “total black”, through shades of grey and brown, to all the whites imaginable, the marble in the Infinito 2.0 collection offers different textures, run through with different sized veins that enhance their natural aesthetics and prestige.",ceramice,Marble,Infinito 2.0,False,,Fondovalle,,"Natural, Honed, Polished, Crystal Polished, All-Light Polished, Matt, Lux, 3D Texture Polished",,"160x320x0.6 cm, 120x278x0.6 cm, 60x120x0.6 cm","6 mm / 0.24""",Ceramic,,,fondovalle ceramice
825,Capraia,"From “total black”, through shades of grey and brown, to all the whites imaginable, the marble in the Infinito 2.0 collection offers different textures, run through with different sized veins that enhance their natural aesthetics and prestige.",ceramice,Marble,Infinito 2.0,False,,Fondovalle,,"Natural, Honed, Polished, Crystal Polished, All-Light Polished, Matt, Lux, 3D Texture Polished",,"160x320x0.6 cm, 120x278x0.6 cm, 60x120x0.6 cm","6 mm / 0.24""",Ceramic,,,fondovalle ceramice
826,Calacatta Viola,"From “total black”, through shades of grey and brown, to all the whites imaginable, the marble in the Infinito 2.0 collection offers different textures, run through with different sized veins that enhance their natural aesthetics and prestige.",ceramice,Marble,Infinito 2.0,False,,Fondovalle,,"Natural, Honed, Polished, Crystal Polished, All-Light Polished, Matt, Lux, 3D Texture Polished",,120x278x0.6 cm,"6 mm / 0.24""",Ceramic,,,fondovalle ceramice
827,Onice White,"From “total black”, through shades of grey and brown, to all the whites imaginable, the marble in the Infinito 2.0 collection offers different textures, run through with different sized veins that enhance their natural aesthetics and prestige.",ceramice,Marble,Infinito 2.0,False,,Fondovalle,,"Natural, Honed, Polished, Crystal Polished, All-Light Polished, Matt, Lux, 3D Texture Polished",,"60x120x0.6 cm, 160x320x0.6 cm, 120x278x0.6 cm","6 mm / 0.24""",Ceramic,,,fondovalle ceramice
828,Calacatta Macchia Vecchia,"From “total black”, through shades of grey and brown, to all the whites imaginable, the marble in the Infinito 2.0 collection offers different textures, run through with different sized veins that enhance their natural aesthetics and prestige.",ceramice,Marble,Infinito 2.0,False,,Fondovalle,,"Natural, Honed, Polished, Crystal Polished, All-Light Polished, Matt, Lux, 3D Texture Polished",,"160x320x0.6 cm, 120x278x0.6 cm","6 mm / 0.24""",Ceramic,,,fondovalle ceramice
829,Patagonia,"From “total black”, through shades of grey and brown, to all the whites imaginable, the marble in the Infinito 2.0 collection offers different textures, run through with different sized veins that enhance their natural aesthetics and prestige.",ceramice,Marble,Infinito 2.0,False,,Fondovalle,,"Natural, Honed, Polished, Crystal Polished, All-Light Polished, Matt, Lux, 3D Texture Polished",,120x278x0.6 cm,"6 mm / 0.24""",Ceramic,,,fondovalle ceramice
830,Gold River,"From “total black”, through shades of grey and brown, to all the whites imaginable, the marble in the Infinito 2.0 collection offers different textures, run through with different sized veins that enhance their natural aesthetics and prestige.",ceramice,Marble,Infinito 2.0,False,,Fondovalle,,"Natural, Honed, Polished, Crystal Polished, All-Light Polished, Matt, Lux, 3D Texture Polished",,120x278x0.6 cm,"6 mm / 0.24""",Ceramic,,,fondovalle ceramice
831,Breccia Van Gogh,"From “total black”, through shades of grey and brown, to all the whites imaginable, the marble in the Infinito 2.0 collection offers different textures, run through with different sized veins that enhance their natural aesthetics and prestige.",ceramice,Marble,Infinito 2.0,False,,Fondovalle,,"Natural, Honed, Polished, Crystal Polished, All-Light Polished, Matt, Lux, 3D Texture Polished",,120x278x0.6 cm,"6 mm / 0.24""",Ceramic,,,fondovalle ceramice
832,Ombra Di Caravaggio,"From “total black”, through shades of grey and brown, to all the whites imaginable, the marble in the Infinito 2.0 collection offers different textures, run through with different sized veins that enhance their natural aesthetics and prestige.",ceramice,Marble,Infinito 2.0,False,,Fondovalle,,"Natural, Honed, Polished, Crystal Polished, All-Light Polished, Matt, Lux, 3D Texture Polished",,"160x320x0.6 cm, 120x278x0.6 cm","6 mm / 0.24""",Ceramic,,,fondovalle ceramice
833,Emerald Green,"From “total black”, through shades of grey and brown, to all the whites imaginable, the marble in the Infinito 2.0 collection offers different textures, run through with different sized veins that enhance their natural aesthetics and prestige.",ceramice,Marble,Infinito 2.0,False,,Fondovalle,,"Natural, Honed, Polished, Crystal Polished, All-Light Polished, Matt, Lux, 3D Texture Polished",,120x278x0.6 cm,"6 mm / 0.24""",Ceramic,,,fondovalle ceramice
834,River Jade,"From “total black”, through shades of grey and brown, to all the whites imaginable, the marble in the Infinito 2.0 collection offers different textures, run through with different sized veins that enhance their natural aesthetics and prestige.",ceramice,Marble,Infinito 2.0,False,,Fondovalle,,"Natural, Honed, Polished, Crystal Polished, All-Light Polished, Matt, Lux, 3D Texture Polished",,120x278x0.6 cm,"6 mm / 0.24""",Ceramic,,,fondovalle ceramice
835,White Beauty,"From “total black”, through shades of grey and brown, to all the whites imaginable, the marble in the Infinito 2.0 collection offers different textures, run through with different sized veins that enhance their natural aesthetics and prestige.",ceramice,Marble,Infinito 2.0,False,,Fondovalle,,"Natural, Honed, Polished, Crystal Polished, All-Light Polished, Matt, Lux, 3D Texture Polished",,120x278x0.6 cm,"6 mm / 0.24""",Ceramic,,,fondovalle ceramice
836,Green Denis,"From “total black”, through shades of grey and brown, to all the whites imaginable, the marble in the Infinito 2.0 collection offers different textures, run through with different sized veins that enhance their natural aesthetics and prestige.",ceramice,Marble,Infinito 2.0,False,,Fondovalle,,"Natural, Honed, Polished, Crystal Polished, All-Light Polished, Matt, Lux, 3D Texture Polished",,"60x120x0.6 cm, 120x278x0.6 cm","6 mm / 0.24""",Ceramic,,,fondovalle ceramice
837,Pietra Grey,"From “total black”, through shades of grey and brown, to all the whites imaginable, the marble in the Infinito 2.0 collection offers different textures, run through with different sized veins that enhance their natural aesthetics and prestige.",ceramice,Marble,Infinito 2.0,False,,Fondovalle,,"Natural, Honed, Polished, Crystal Polished, All-Light Polished, Matt, Lux, 3D Texture Polished",,"160x320x0.6 cm, 120x278x0.6 cm","6 mm / 0.24""",Ceramic,,,fondovalle ceramice
838,Port Laurent,"From “total black”, through shades of grey and brown, to all the whites imaginable, the marble in the Infinito 2.0 collection offers different textures, run through with different sized veins that enhance their natural aesthetics and prestige.",ceramice,Marble,Infinito 2.0,False,,Fondovalle,,"Natural, Honed, Polished, Crystal Polished, All-Light Polished, Matt, Lux, 3D Texture Polished",,"60x120x0.6 cm, 120x278x0.6 cm","6 mm / 0.24""",Ceramic,,,fondovalle ceramice
839,Black Pearl,"From “total black”, through shades of grey and brown, to all the whites imaginable, the marble in the Infinito 2.0 collection offers different textures, run through with different sized veins that enhance their natural aesthetics and prestige.",ceramice,Marble,Infinito 2.0,False,,Fondovalle,,"Natural, Honed, Polished, Crystal Polished, All-Light Polished, Matt, Lux, 3D Texture Polished",,120x278x0.6 cm,"6 mm / 0.24""",Ceramic,,,fondovalle ceramice
840,Black,"Onyx slabs interpret the striking refinement of onyx, luminous and poetic stone through marble colours with a strong expressive power. This faithful reproduction of the most prized varieties of onyx stones a unique appeal to any setting. Designed in modular form for use on walls and furnishings, paired with the most disparate of materials and accessories, it allows users to reinvent their spaces, reflecting a renewed desire for beauty.",ceramice,Marble,Onyx,False,,Fondovalle,,Crystal Polished,,"120x278x0.6 cm, 60x120x0.6 cm","6 mm / 0.24""",Ceramic,,,fondovalle ceramice
841,Green,"Onyx slabs interpret the striking refinement of onyx, luminous and poetic stone through marble colours with a strong expressive power. This faithful reproduction of the most prized varieties of onyx stones a unique appeal to any setting. Designed in modular form for use on walls and furnishings, paired with the most disparate of materials and accessories, it allows users to reinvent their spaces, reflecting a renewed desire for beauty.",ceramice,Marble,Onyx,False,,Fondovalle,,Crystal Polished,,"120x278x0.6 cm, 60x120x0.6 cm","6 mm / 0.24""",Ceramic,,,fondovalle ceramice
842,Ice,"Onyx slabs interpret the striking refinement of onyx, luminous and poetic stone through marble colours with a strong expressive power. This faithful reproduction of the most prized varieties of onyx stones a unique appeal to any setting. Designed in modular form for use on walls and furnishings, paired with the most disparate of materials and accessories, it allows users to reinvent their spaces, reflecting a renewed desire for beauty.",ceramice,Marble,Onyx,False,,Fondovalle,,Crystal Polished,,"120x278x0.6 cm, 60x120x0.6 cm","6 mm / 0.24""",Ceramic,,,fondovalle ceramice
843,Peach,"Onyx slabs interpret the striking refinement of onyx, luminous and poetic stone through marble colours with a strong expressive power. This faithful reproduction of the most prized varieties of onyx stones a unique appeal to any setting. Designed in modular form for use on walls and furnishings, paired with the most disparate of materials and accessories, it allows users to reinvent their spaces, reflecting a renewed desire for beauty.",ceramice,Marble,Onyx,False,,Fondovalle,,Crystal Polished,,"120x278x0.6 cm, 60x120x0.6 cm","6 mm / 0.24""",Ceramic,,,fondovalle ceramice
844,Silver,"Onyx slabs interpret the striking refinement of onyx, luminous and poetic stone through marble colours with a strong expressive power. This faithful reproduction of the most prized varieties of onyx stones a unique appeal to any setting. Designed in modular form for use on walls and furnishings, paired with the most disparate of materials and accessories, it allows users to reinvent their spaces, reflecting a renewed desire for beauty.",ceramice,Marble,Onyx,False,,Fondovalle,,Crystal Polished,,"120x278x0.6 cm, 60x120x0.6 cm","6 mm / 0.24""",Ceramic,,,fondovalle ceramice
845,Cream,"Onyx slabs interpret the striking refinement of onyx, luminous and poetic stone through marble colours with a strong expressive power. This faithful reproduction of the most prized varieties of onyx stones a unique appeal to any setting. Designed in modular form for use on walls and furnishings, paired with the most disparate of materials and accessories, it allows users to reinvent their spaces, reflecting a renewed desire for beauty.",ceramice,Marble,Onyx,False,,Fondovalle,,Crystal Polished,,"120x278x0.6 cm, 60x120x0.6 cm","6 mm / 0.24""",Ceramic,,,fondovalle ceramice
846,Talc,"Suspended between reality and imagination, these budding collections - imbued with manual excellence and craftsmanship, rich in technique and experience - gradually grow with the introduction of new textures, colours, and sizes. Res Art recreates all the original texture effects of trowel-applied, hand-worked resin and transfers them to large porcelain stoneware slabs. The intensity and warmth of a simple, yet artistically rich, material is captured to perfect effect in these new floor and wall solutions for high-impact, all-encompassing designs.",ceramice,RESIN,Res Art,False,,Fondovalle,,Natural,,"120x278x0.6 cm, 120x120x0.6 cm, 60x120x0.6 cm, 5x30x0.6 cm","6 mm / 0.24""",Porcelain,,,fondovalle ceramice
847,Ash,"Suspended between reality and imagination, these budding collections - imbued with manual excellence and craftsmanship, rich in technique and experience - gradually grow with the introduction of new textures, colours, and sizes. Res Art recreates all the original texture effects of trowel-applied, hand-worked resin and transfers them to large porcelain stoneware slabs. The intensity and warmth of a simple, yet artistically rich, material is captured to perfect effect in these new floor and wall solutions for high-impact, all-encompassing designs.",ceramice,RESIN,Res Art,False,,Fondovalle,,Natural,,"120x278x0.6 cm, 120x120x0.6 cm, 60x120x0.6 cm, 5x30x0.6 cm","6 mm / 0.24""",Porcelain,,,fondovalle ceramice
848,Powder,"Suspended between reality and imagination, these budding collections - imbued with manual excellence and craftsmanship, rich in technique and experience - gradually grow with the introduction of new textures, colours, and sizes. Res Art recreates all the original texture effects of trowel-applied, hand-worked resin and transfers them to large porcelain stoneware slabs. The intensity and warmth of a simple, yet artistically rich, material is captured to perfect effect in these new floor and wall solutions for high-impact, all-encompassing designs.",ceramice,RESIN,Res Art,False,,Fondovalle,,Natural,,"120x278x0.6 cm, 120x120x0.6 cm, 60x120x0.6 cm, 5x30x0.6 cm","6 mm / 0.24""",Porcelain,,,fondovalle ceramice
849,Mud,"Suspended between reality and imagination, these budding collections - imbued with manual excellence and craftsmanship, rich in technique and experience - gradually grow with the introduction of new textures, colours, and sizes. Res Art recreates all the original texture effects of trowel-applied, hand-worked resin and transfers them to large porcelain stoneware slabs. The intensity and warmth of a simple, yet artistically rich, material is captured to perfect effect in these new floor and wall solutions for high-impact, all-encompassing designs.",ceramice,RESIN,Res Art,False,,Fondovalle,,Natural,,"120x278x0.6 cm, 120x120x0.6 cm, 60x120x0.6 cm, 5x30x0.6 cm","6 mm / 0.24""",Porcelain,,,fondovalle ceramice
850,Avio,"Suspended between reality and imagination, these budding collections - imbued with manual excellence and craftsmanship, rich in technique and experience - gradually grow with the introduction of new textures, colours, and sizes. Res Art recreates all the original texture effects of trowel-applied, hand-worked resin and transfers them to large porcelain stoneware slabs. The intensity and warmth of a simple, yet artistically rich, material is captured to perfect effect in these new floor and wall solutions for high-impact, all-encompassing designs.",ceramice,RESIN,Res Art,False,,Fondovalle,,Natural,,"120x278x0.6 cm, 120x120x0.6 cm, 60x120x0.6 cm, 5x30x0.6 cm","6 mm / 0.24""",Porcelain,,,fondovalle ceramice
851,Pottery,"Suspended between reality and imagination, these budding collections - imbued with manual excellence and craftsmanship, rich in technique and experience - gradually grow with the introduction of new textures, colours, and sizes. Res Art recreates all the original texture effects of trowel-applied, hand-worked resin and transfers them to large porcelain stoneware slabs. The intensity and warmth of a simple, yet artistically rich, material is captured to perfect effect in these new floor and wall solutions for high-impact, all-encompassing designs.",ceramice,RESIN,Res Art,False,,Fondovalle,,Natural,,"120x278x0.6 cm, 120x120x0.6 cm, 60x120x0.6 cm, 5x30x0.6 cm","6 mm / 0.24""",Porcelain,,,fondovalle ceramice
852,Light,"Jura Mood is a rigorous contemporary reinterpretation of an ancient sedimentary stone with uniform background in which it is possible to identify the different material inclusions that have accumulated over time as a result of marine deposits to create variegated and calibrated textures with soft and warm contours. An aesthetic designed to last and to adapt to different styles thanks to its consummate blend of visual balance and material depth, perfect for creating harmonious indoor and outdoor spaces.",ceramice,Stone,Jura Mood,False,,Fondovalle,,"3D Texture Real Matt, 3D Texture Satin, Grip Outdoor",,"120x278x0.6 cm, 120x120x0.85 cm, 60x120x0.85 cm","6 mm / 0.24"" - 8,5 mm / 0.33"" - 2cm 2.OUT / 0.8''",Ceramic,,,fondovalle ceramice
853,Nude,"Jura Mood is a rigorous contemporary reinterpretation of an ancient sedimentary stone with uniform background in which it is possible to identify the different material inclusions that have accumulated over time as a result of marine deposits to create variegated and calibrated textures with soft and warm contours. An aesthetic designed to last and to adapt to different styles thanks to its consummate blend of visual balance and material depth, perfect for creating harmonious indoor and outdoor spaces.",ceramice,Stone,Jura Mood,False,,Fondovalle,,"3D Texture Real Matt, 3D Texture Satin, Grip Outdoor",,"120x278x0.6 cm, 120x120x0.85 cm, 60x120x0.85 cm","6 mm / 0.24"" - 8,5 mm / 0.33"" - 2cm 2.OUT / 0.8''",Ceramic,,,fondovalle ceramice
854,Natural,"Jura Mood is a rigorous contemporary reinterpretation of an ancient sedimentary stone with uniform background in which it is possible to identify the different material inclusions that have accumulated over time as a result of marine deposits to create variegated and calibrated textures with soft and warm contours. An aesthetic designed to last and to adapt to different styles thanks to its consummate blend of visual balance and material depth, perfect for creating harmonious indoor and outdoor spaces.",ceramice,Stone,Jura Mood,False,,Fondovalle,,"3D Texture Real Matt, 3D Texture Satin, Grip Outdoor",,"120x278x0.6 cm, 120x120x0.85 cm, 60x120x0.85 cm","6 mm / 0.24"" - 8,5 mm / 0.33"" - 2cm 2.OUT / 0.8''",Ceramic,,,fondovalle ceramice
855,White,"A highly expressive split stone effect porcelain stoneware criss-crossed with changeable patterns rich in mineral details, veining and enveloping colours, made unique by 3D Texture technology, on which the light brings out the glossiness of the matter and the smooth relief effects. Slight shading and tactile variations underline the aesthetic of a surface with centuries of history, now admirably reinterpreted to become a contemporary design material.",ceramice,Stone,Slaten Stone,False,,Fondovalle,,"3D Texture, Grip Outdoor",,"120x278x0.6 cm, 120x120x0.85 cm, 60x120x0.85 cm, 60x60x0.85 cm, 30x60x0.85 cm","6 mm / 0.24"" - 8,5 mm / 0.33"" - 2cm 2.OUT / 0.8''",Porcelain,,,fondovalle ceramice
856,Beige,"A highly expressive split stone effect porcelain stoneware criss-crossed with changeable patterns rich in mineral details, veining and enveloping colours, made unique by 3D Texture technology, on which the light brings out the glossiness of the matter and the smooth relief effects. Slight shading and tactile variations underline the aesthetic of a surface with centuries of history, now admirably reinterpreted to become a contemporary design material.",ceramice,Stone,Slaten Stone,False,,Fondovalle,,"3D Texture, Grip Outdoor",,"120x278x0.6 cm, 120x120x0.85 cm, 60x120x0.85 cm, 60x60x0.85 cm, 30x60x0.85 cm","6 mm / 0.24"" - 8,5 mm / 0.33"" - 2cm 2.OUT / 0.8''",Porcelain,,,fondovalle ceramice
857,Concrete,"A highly expressive split stone effect porcelain stoneware criss-crossed with changeable patterns rich in mineral details, veining and enveloping colours, made unique by 3D Texture technology, on which the light brings out the glossiness of the matter and the smooth relief effects. Slight shading and tactile variations underline the aesthetic of a surface with centuries of history, now admirably reinterpreted to become a contemporary design material.",ceramice,Stone,Slaten Stone,False,,Fondovalle,,"3D Texture, Grip Outdoor",,"120x278x0.6 cm, 120x120x0.85 cm, 60x120x0.85 cm, 60x60x0.85 cm, 30x60x0.85 cm","6 mm / 0.24"" - 8,5 mm / 0.33"" - 2cm 2.OUT / 0.8''",Porcelain,,,fondovalle ceramice
858,Bianco,"Colours, textures, and veining evoke the Italian landscape and the warm tones of Tivoli, where nature and classical architecture come together, stirring up primordial feelings and creating an aesthetic steeped in history. Royal Travertino is the contemporary vision of a millenary stone, available in the latest generation porcelain stoneware, designed to lend architecture extraordinary beauty and textural intensity.",ceramice,Stone,Royal Travertino,False,,Fondovalle,,"Real Matt, 3D Texture Honed, 3D Texture Satin, Grip Outdoor",,"120x278x0.6 cm, 60x120x0.85 cm, 60x120x0.6 cm","6 mm / 0.24"" - 8,5 mm / 0.33"" - 2cm 2.OUT / 0.8''",Porcelain,,,fondovalle ceramice
859,Ebur,"Colours, textures, and veining evoke the Italian landscape and the warm tones of Tivoli, where nature and classical architecture come together, stirring up primordial feelings and creating an aesthetic steeped in history. Royal Travertino is the contemporary vision of a millenary stone, available in the latest generation porcelain stoneware, designed to lend architecture extraordinary beauty and textural intensity.",ceramice,Stone,Royal Travertino,False,,Fondovalle,,"Real Matt, 3D Texture Honed, 3D Texture Satin, Grip Outdoor",,"120x278x0.6 cm, 60x120x0.85 cm, 60x120x0.6 cm","6 mm / 0.24"" - 8,5 mm / 0.33"" - 2cm 2.OUT / 0.8''",Porcelain,,,fondovalle ceramice
860,Griseo,"Colours, textures, and veining evoke the Italian landscape and the warm tones of Tivoli, where nature and classical architecture come together, stirring up primordial feelings and creating an aesthetic steeped in history. Royal Travertino is the contemporary vision of a millenary stone, available in the latest generation porcelain stoneware, designed to lend architecture extraordinary beauty and textural intensity.",ceramice,Stone,Royal Travertino,False,,Fondovalle,,"Real Matt, 3D Texture Honed, 3D Texture Satin, Grip Outdoor",,"120x278x0.6 cm, 60x120x0.85 cm, 60x120x0.6 cm","6 mm / 0.24"" - 8,5 mm / 0.33"" - 2cm 2.OUT / 0.8''",Porcelain,,,fondovalle ceramice
861,Fuscus,"Colours, textures, and veining evoke the Italian landscape and the warm tones of Tivoli, where nature and classical architecture come together, stirring up primordial feelings and creating an aesthetic steeped in history. Royal Travertino is the contemporary vision of a millenary stone, available in the latest generation porcelain stoneware, designed to lend architecture extraordinary beauty and textural intensity.",ceramice,Stone,Royal Travertino,False,,Fondovalle,,"Real Matt, 3D Texture Honed, 3D Texture Satin, Grip Outdoor",,"120x278x0.6 cm, 60x120x0.85 cm, 60x120x0.6 cm","6 mm / 0.24"" - 8,5 mm / 0.33"" - 2cm 2.OUT / 0.8''",Porcelain,,,fondovalle ceramice
862,Snowy,"Time flows by leaving its traces through layers of materials that settle and amalgamate, stratifications of dust and natural elements shaped by atmospheric agents and a continuous flow of sea water, which smoothes and compacts surfaces. Background finds its inspiration in a limestone of calcareous origin with an almost monochrome texture. Placed in these settings dominated by strong, uncontaminated nature, it retains the primary elements that characterise it but evolves them to produce a porcelain stoneware with a minimalist aesthetic and extremely matt finish that is pleasant to the touch, covering rooms with rare beauty.",ceramice,Stone,Background,False,,Fondovalle,,"Real Matt, 3D Texture Real Matt, Grip Outdoor",,"120x278x0.6 cm, 120x120x0.6 cm, 100x100x0.85 cm, 80x80x0.85 cm, 60x120x0.85 cm","6 mm / 0.24"" - 8,5 mm / 0.33"" - 2cm 2.OUT / 0.8''",Porcelain,,,fondovalle ceramice
863,Cream,"Time flows by leaving its traces through layers of materials that settle and amalgamate, stratifications of dust and natural elements shaped by atmospheric agents and a continuous flow of sea water, which smoothes and compacts surfaces. Background finds its inspiration in a limestone of calcareous origin with an almost monochrome texture. Placed in these settings dominated by strong, uncontaminated nature, it retains the primary elements that characterise it but evolves them to produce a porcelain stoneware with a minimalist aesthetic and extremely matt finish that is pleasant to the touch, covering rooms with rare beauty.",ceramice,Stone,Background,False,,Fondovalle,,"Real Matt, 3D Texture Real Matt, Grip Outdoor",,"120x278x0.6 cm, 120x120x0.6 cm, 100x100x0.85 cm, 80x80x0.85 cm, 60x120x0.85 cm, 100x100x0.6 cm","6 mm / 0.24"" - 8,5 mm / 0.33"" - 2cm 2.OUT / 0.8''",Porcelain,,,fondovalle ceramice
864,Cloud,"Time flows by leaving its traces through layers of materials that settle and amalgamate, stratifications of dust and natural elements shaped by atmospheric agents and a continuous flow of sea water, which smoothes and compacts surfaces. Background finds its inspiration in a limestone of calcareous origin with an almost monochrome texture. Placed in these settings dominated by strong, uncontaminated nature, it retains the primary elements that characterise it but evolves them to produce a porcelain stoneware with a minimalist aesthetic and extremely matt finish that is pleasant to the touch, covering rooms with rare beauty.",ceramice,Stone,Background,False,,Fondovalle,,"Real Matt, 3D Texture Real Matt, Grip Outdoor",,"120x278x0.6 cm, 120x120x0.6 cm, 100x100x0.85 cm, 80x80x0.85 cm, 60x120x0.85 cm, 100x100x0.6 cm","6 mm / 0.24"" - 8,5 mm / 0.33"" - 2cm 2.OUT / 0.8''",Porcelain,,,fondovalle ceramice
865,Caviar,"Time flows by leaving its traces through layers of materials that settle and amalgamate, stratifications of dust and natural elements shaped by atmospheric agents and a continuous flow of sea water, which smoothes and compacts surfaces. Background finds its inspiration in a limestone of calcareous origin with an almost monochrome texture. Placed in these settings dominated by strong, uncontaminated nature, it retains the primary elements that characterise it but evolves them to produce a porcelain stoneware with a minimalist aesthetic and extremely matt finish that is pleasant to the touch, covering rooms with rare beauty.",ceramice,Stone,Background,False,,Fondovalle,,"Real Matt, 3D Texture Real Matt, Grip Outdoor",,"120x278x0.6 cm, 120x120x0.6 cm, 80x80x0.85 cm, 60x120x0.85 cm","6 mm / 0.24"" - 8,5 mm / 0.33"" - 2cm 2.OUT / 0.8''",Porcelain,,,fondovalle ceramice
866,Silver Stone,,ceramice,Stone,Stone Lab,False,,Fondovalle,,"Natural, 3D Texture, Grip Outdoor",,160x320x0.6 cm,"6 mm / 0.24"" - 2cm 2.OUT / 0.8''",Ceramic,,,fondovalle ceramice
867,Ceppo,,ceramice,Stone,Stone Lab,False,,Fondovalle,,"Natural, 3D Texture, Grip Outdoor",,"120x278x0.6 cm, 100x100x0.6 cm","6 mm / 0.24"" - 2cm 2.OUT / 0.8''",Ceramic,,,fondovalle ceramice
868,Original,"Natural warmth and texture. Contemporary minimalism and severity. An on-trend imitation wood creation available in 240 cm-long, 6 mm-thick ‘boards’. Designed to recreate the seamless beauty of the veining and knots found in real wood, this material, available with a nuanced finish in five natural tones, offers a sense of intense harmony and comfort. The collection is completed by the Lodge décor in the 120x278 cm size, which interprets the wood material through a scan of contrasting vertical lines, creating new covering solutions.",ceramice,WOOD,Komi,False,,Fondovalle,,"Natural, Grip Outdoor",,"40x240x0.6 cm, 24x240x0.6 cm, 24x120x0.6 cm, 40x120x0.6 cm","6 mm / 0.24"" - 2cm 2.OUT / 0.8''",Ceramic,,,fondovalle ceramice
869,Natural,"Natural warmth and texture. Contemporary minimalism and severity. An on-trend imitation wood creation available in 240 cm-long, 6 mm-thick ‘boards’. Designed to recreate the seamless beauty of the veining and knots found in real wood, this material, available with a nuanced finish in five natural tones, offers a sense of intense harmony and comfort. The collection is completed by the Lodge décor in the 120x278 cm size, which interprets the wood material through a scan of contrasting vertical lines, creating new covering solutions.",ceramice,WOOD,Komi,False,,Fondovalle,,"Natural, Grip Outdoor",,"40x240x0.6 cm, 24x240x0.6 cm, 24x120x0.6 cm, 40x120x0.6 cm","6 mm / 0.24"" - 2cm 2.OUT / 0.8''",Ceramic,,,fondovalle ceramice
870,Elegant,"Natural warmth and texture. Contemporary minimalism and severity. An on-trend imitation wood creation available in 240 cm-long, 6 mm-thick ‘boards’. Designed to recreate the seamless beauty of the veining and knots found in real wood, this material, available with a nuanced finish in five natural tones, offers a sense of intense harmony and comfort. The collection is completed by the Lodge décor in the 120x278 cm size, which interprets the wood material through a scan of contrasting vertical lines, creating new covering solutions.",ceramice,WOOD,Komi,False,,Fondovalle,,"Natural, Grip Outdoor",,"40x240x0.6 cm, 24x240x0.6 cm, 24x120x0.6 cm","6 mm / 0.24"" - 2cm 2.OUT / 0.8''",Ceramic,,,fondovalle ceramice
871,Classic,"Natural warmth and texture. Contemporary minimalism and severity. An on-trend imitation wood creation available in 240 cm-long, 6 mm-thick ‘boards’. Designed to recreate the seamless beauty of the veining and knots found in real wood, this material, available with a nuanced finish in five natural tones, offers a sense of intense harmony and comfort. The collection is completed by the Lodge décor in the 120x278 cm size, which interprets the wood material through a scan of contrasting vertical lines, creating new covering solutions.",ceramice,WOOD,Komi,False,,Fondovalle,,"Natural, Grip Outdoor",,"40x240x0.6 cm, 24x240x0.6 cm, 24x120x0.6 cm","6 mm / 0.24"" - 2cm 2.OUT / 0.8''",Ceramic,,,fondovalle ceramice
872,Pearl Grey,"Small size (6x24.6 cm) ceramic tiles with a slightly uneven Shiny surface, that capture light’s every refraction on a colour palette in the hues of the Mediterranean Sea. Shapes and textures create a dynamic visual pattern, in which waves generate ever-changing scenarios, just as the light striking the walls constantly evokes new atmospheres. A homage to the Italian ceramic tradition that bestows a new, exquisite, vibrant tactile beauty on interiors, for combination with a variety of surfaces in elegant cross-over design schemes.",ceramice,BRICK,Brit,False,,Fondovalle,,Shiny,,,"9 mm / 0.35""",Ceramic,,,fondovalle ceramice
873,Almond,"Small size (6x24.6 cm) ceramic tiles with a slightly uneven Shiny surface, that capture light’s every refraction on a colour palette in the hues of the Mediterranean Sea. Shapes and textures create a dynamic visual pattern, in which waves generate ever-changing scenarios, just as the light striking the walls constantly evokes new atmospheres. A homage to the Italian ceramic tradition that bestows a new, exquisite, vibrant tactile beauty on interiors, for combination with a variety of surfaces in elegant cross-over design schemes.",ceramice,BRICK,Brit,False,,Fondovalle,,Shiny,,,"9 mm / 0.35""",Ceramic,,,fondovalle ceramice
874,Mint,"Small size (6x24.6 cm) ceramic tiles with a slightly uneven Shiny surface, that capture light’s every refraction on a colour palette in the hues of the Mediterranean Sea. Shapes and textures create a dynamic visual pattern, in which waves generate ever-changing scenarios, just as the light striking the walls constantly evokes new atmospheres. A homage to the Italian ceramic tradition that bestows a new, exquisite, vibrant tactile beauty on interiors, for combination with a variety of surfaces in elegant cross-over design schemes.",ceramice,BRICK,Brit,False,,Fondovalle,,Shiny,,,"9 mm / 0.35""",Ceramic,,,fondovalle ceramice
875,Ocean,"Small size (6x24.6 cm) ceramic tiles with a slightly uneven Shiny surface, that capture light’s every refraction on a colour palette in the hues of the Mediterranean Sea. Shapes and textures create a dynamic visual pattern, in which waves generate ever-changing scenarios, just as the light striking the walls constantly evokes new atmospheres. A homage to the Italian ceramic tradition that bestows a new, exquisite, vibrant tactile beauty on interiors, for combination with a variety of surfaces in elegant cross-over design schemes.",ceramice,BRICK,Brit,False,,Fondovalle,,Shiny,,,"9 mm / 0.35""",Ceramic,,,fondovalle ceramice
900,Elements Pebbles Beige,"Casalgrande Padana presents Elements , its new collection of porcelain stoneware tiles that comes in three finishes – Essence , Pebbles , and Texture – a perfectly balanced colour palette, and modular formats. In particular, Essence stands out for its exquisite wood effect, Pebbles for its interplay of solid and void, and Texture for its delicate spatula strokes and cloud-like patterns. The new Elements tile collection is incredibly versatile and offers a wide range of customisation options. It’s where urban chic meets the warmth and beauty of wood for fascinating, creative compositions. Innovative combinations capture the very essence of the materials, creating new ways to imagine spaces where details can be mixed and matched to deliver an extraordinary tactile, visual and sensory experience. The three finishes of the Elements porcelain stoneware tiles can be arranged in elegant tone-on-tone or contrasting colour combinations to create smooth transitions between different areas of the home or define functional areas both indoors and outdoors.",placi ceramice,CONCRETE,Elements Pebbles,False,CASALGRANDE PADANA,Casalgrande Padana,,"Bocciardata R11, Natural R10",,"120 x 120 cm, 120 x 278 cm, 30 x 60 cm, 60 x 120 cm, 60 x 60 cm, 90 x 90 cm","20mm, 6mm, 9mm",Porcelain stoneware,,,casalgrande padana
901,Elements Pebbles Black,"Casalgrande Padana presents Elements , its new collection of porcelain stoneware tiles that comes in three finishes – Essence , Pebbles , and Texture – a perfectly balanced colour palette, and modular formats. In particular, Essence stands out for its exquisite wood effect, Pebbles for its interplay of solid and void, and Texture for its delicate spatula strokes and cloud-like patterns. The new Elements tile collection is incredibly versatile and offers a wide range of customisation options. It’s where urban chic meets the warmth and beauty of wood for fascinating, creative compositions. Innovative combinations capture the very essence of the materials, creating new ways to imagine spaces where details can be mixed and matched to deliver an extraordinary tactile, visual and sensory experience. The three finishes of the Elements porcelain stoneware tiles can be arranged in elegant tone-on-tone or contrasting colour combinations to create smooth transitions between different areas of the home or define functional areas both indoors and outdoors.",placi ceramice,CONCRETE,Elements Pebbles,False,CASALGRANDE PADANA,Casalgrande Padana,,"Bocciardata R11, Natural R10",,"120 x 120 cm, 120 x 278 cm, 30 x 60 cm, 60 x 120 cm, 60 x 60 cm, 90 x 90 cm","20mm, 6mm, 9mm",Porcelain stoneware,,,casalgrande padana
902,Elements Pebbles Taupe,"Casalgrande Padana presents Elements , its new collection of porcelain stoneware tiles that comes in three finishes – Essence , Pebbles , and Texture – a perfectly balanced colour palette, and modular formats. In particular, Essence stands out for its exquisite wood effect, Pebbles for its interplay of solid and void, and Texture for its delicate spatula strokes and cloud-like patterns. The new Elements tile collection is incredibly versatile and offers a wide range of customisation options. It’s where urban chic meets the warmth and beauty of wood for fascinating, creative compositions. Innovative combinations capture the very essence of the materials, creating new ways to imagine spaces where details can be mixed and matched to deliver an extraordinary tactile, visual and sensory experience. The three finishes of the Elements porcelain stoneware tiles can be arranged in elegant tone-on-tone or contrasting colour combinations to create smooth transitions between different areas of the home or define functional areas both indoors and outdoors.",placi ceramice,CONCRETE,Elements Pebbles,False,CASALGRANDE PADANA,Casalgrande Padana,,"Bocciardata R11, Natural R10",,"120 x 120 cm, 120 x 278 cm, 30 x 60 cm, 60 x 120 cm, 60 x 60 cm, 90 x 90 cm","20mm, 6mm, 9mm",Porcelain stoneware,,,casalgrande padana
903,Elements Pebbles Tobacco,"Casalgrande Padana presents Elements , its new collection of porcelain stoneware tiles that comes in three finishes – Essence , Pebbles , and Texture – a perfectly balanced colour palette, and modular formats. In particular, Essence stands out for its exquisite wood effect, Pebbles for its interplay of solid and void, and Texture for its delicate spatula strokes and cloud-like patterns. The new Elements tile collection is incredibly versatile and offers a wide range of customisation options. It’s where urban chic meets the warmth and beauty of wood for fascinating, creative compositions. Innovative combinations capture the very essence of the materials, creating new ways to imagine spaces where details can be mixed and matched to deliver an extraordinary tactile, visual and sensory experience. The three finishes of the Elements porcelain stoneware tiles can be arranged in elegant tone-on-tone or contrasting colour combinations to create smooth transitions between different areas of the home or define functional areas both indoors and outdoors.",placi ceramice,CONCRETE,Elements Pebbles,False,CASALGRANDE PADANA,Casalgrande Padana,,"Bocciardata R11, Natural R10",,"120 x 120 cm, 120 x 278 cm, 30 x 60 cm, 60 x 120 cm, 60 x 60 cm, 90 x 90 cm","20mm, 6mm, 9mm",Porcelain stoneware,,,casalgrande padana
904,Terrae Beige,"Terrae combines a modern take on the classic essence of terracotta with the strength and practical appeal of latest-generation porcelain stoneware. In bright, vibrant, engaging, regenerating colours and delicate, discreet, subtle, inviting shades, strikingly decorative earthy tones are back in the forefront of interior design trends. A profound desire to reconnect with nature shapes a range of colours that embody the pleasure and the thrill of designing living spaces with a timeless charm, able to convey an immediate sensation of well-being. A warm touch that reveals the endless shades of colour offered by the pigments and precious minerals of the earth, in a porcelain stoneware collection able to capture the attention and bring a vibrant, exotic allure to settings.",placi ceramice,CONCRETE,Terrae,False,CASALGRANDE PADANA,Casalgrande Padana,,"Grip R11, Naturale R10 A+B PTV>36",,"120 x 120 cm, 120 x 278 cm, 20 x 20 cm, 30 x 60 cm, 60 x 120 cm, 60 x 60 cm, 8.2 x 25 cm, 90 x 90 cm","20mm, 6mm, 9mm",Porcelain stoneware,,,casalgrande padana
905,Terrae Caramel,"Terrae combines a modern take on the classic essence of terracotta with the strength and practical appeal of latest-generation porcelain stoneware. In bright, vibrant, engaging, regenerating colours and delicate, discreet, subtle, inviting shades, strikingly decorative earthy tones are back in the forefront of interior design trends. A profound desire to reconnect with nature shapes a range of colours that embody the pleasure and the thrill of designing living spaces with a timeless charm, able to convey an immediate sensation of well-being. A warm touch that reveals the endless shades of colour offered by the pigments and precious minerals of the earth, in a porcelain stoneware collection able to capture the attention and bring a vibrant, exotic allure to settings.",placi ceramice,CONCRETE,Terrae,False,CASALGRANDE PADANA,Casalgrande Padana,,"Grip R11, Naturale R10 A+B PTV>36",,"120 x 120 cm, 120 x 278 cm, 20 x 20 cm, 30 x 60 cm, 60 x 120 cm, 60 x 60 cm, 8.2 x 25 cm, 90 x 90 cm","20mm, 6mm, 9mm",Porcelain stoneware,,,casalgrande padana
906,Terrae Mattone,"Terrae combines a modern take on the classic essence of terracotta with the strength and practical appeal of latest-generation porcelain stoneware. In bright, vibrant, engaging, regenerating colours and delicate, discreet, subtle, inviting shades, strikingly decorative earthy tones are back in the forefront of interior design trends. A profound desire to reconnect with nature shapes a range of colours that embody the pleasure and the thrill of designing living spaces with a timeless charm, able to convey an immediate sensation of well-being. A warm touch that reveals the endless shades of colour offered by the pigments and precious minerals of the earth, in a porcelain stoneware collection able to capture the attention and bring a vibrant, exotic allure to settings.",placi ceramice,CONCRETE,Terrae,False,CASALGRANDE PADANA,Casalgrande Padana,,"Grip R11, Naturale R10 A+B PTV>36",,"120 x 120 cm, 120 x 278 cm, 20 x 20 cm, 30 x 60 cm, 60 x 120 cm, 60 x 60 cm, 8.2 x 25 cm, 90 x 90 cm","20mm, 6mm, 9mm",Porcelain stoneware,,,casalgrande padana
907,Terrae Tortora,"Terrae combines a modern take on the classic essence of terracotta with the strength and practical appeal of latest-generation porcelain stoneware. In bright, vibrant, engaging, regenerating colours and delicate, discreet, subtle, inviting shades, strikingly decorative earthy tones are back in the forefront of interior design trends. A profound desire to reconnect with nature shapes a range of colours that embody the pleasure and the thrill of designing living spaces with a timeless charm, able to convey an immediate sensation of well-being. A warm touch that reveals the endless shades of colour offered by the pigments and precious minerals of the earth, in a porcelain stoneware collection able to capture the attention and bring a vibrant, exotic allure to settings.",placi ceramice,CONCRETE,Terrae,False,CASALGRANDE PADANA,Casalgrande Padana,,"Grip R11, Naturale R10 A+B PTV>36",,"120 x 120 cm, 120 x 278 cm, 20 x 20 cm, 30 x 60 cm, 60 x 120 cm, 60 x 60 cm, 8.2 x 25 cm, 90 x 90 cm","20mm, 6mm, 9mm",Porcelain stoneware,,,casalgrande padana
908,Circle,"cm 20x20 – 7 7/8”x7 7/8”

Available in the versions: BE/TA: Beige + Tabacco BI/TO: Bianco + Tortora BE/CA: Beige + Caramel BI/MA: Bianco + Mattone

Terrae combines a modern take on the classic essence of terracotta with the strength and practical appeal of latest-generation porcelain stoneware. In bright, vibrant, engaging, regenerating colours and delicate, discreet, subtle, inviting shades, strikingly decorative earthy tones are back in the forefront of interior design trends. A profound desire to reconnect with nature shapes a range of colours that embody the pleasure and the thrill of designing living spaces with a timeless charm, able to convey an immediate sensation of well-being. A warm touch that reveals the endless shades of colour offered by the pigments and precious minerals of the earth, in a porcelain stoneware collection able to capture the attention and bring a vibrant, exotic allure to settings.",placi ceramice,CONCRETE,Terrae,False,CASALGRANDE PADANA,Casalgrande Padana,,"Grip R11, Naturale R10 A+B PTV>36",,"120 x 120 cm, 120 x 278 cm, 20 x 20 cm, 30 x 60 cm, 60 x 120 cm, 60 x 60 cm, 8.2 x 25 cm, 90 x 90 cm","20mm, 6mm, 9mm",Porcelain stoneware,,,casalgrande padana
909,Metro Mud,"The Metropolis porcelain stoneware collection Casalgrande Padana offers a new slant on the contemporary nature of concrete, creating original surfaces with a striking visual impact, able to offer designers endless potential for expression. A concrete-effect collection that goes beyond the modular tile concept, towards the design of continuous, fluid spaces, in which the ceramic tile becomes a design element that can be used for covering all kinds of surfaces, both indoors and outdoors.",placi ceramice,CONCRETE,Metropolis,False,CASALGRANDE PADANA,Casalgrande Padana,,"Grip R11 A+B, Matt, Natural R 10 A+B, Natural R10",,"120 x 120 cm, 120 x 278 cm, 30 x 60 cm, 45 x 90 cm, 60 x 120 cm, 60 x 60 cm, 90 x 90 cm","20mm, 6mm, 9mm",Porcelain stoneware,,,casalgrande padana
910,Metro Greige,"The Metropolis porcelain stoneware collection Casalgrande Padana offers a new slant on the contemporary nature of concrete, creating original surfaces with a striking visual impact, able to offer designers endless potential for expression. A concrete-effect collection that goes beyond the modular tile concept, towards the design of continuous, fluid spaces, in which the ceramic tile becomes a design element that can be used for covering all kinds of surfaces, both indoors and outdoors.",placi ceramice,CONCRETE,Metropolis,False,CASALGRANDE PADANA,Casalgrande Padana,,"Grip R11 A+B, Matt, Natural R 10 A+B, Natural R10",,"120 x 120 cm, 120 x 278 cm, 30 x 60 cm, 45 x 90 cm, 60 x 120 cm, 60 x 60 cm, 90 x 90 cm","20mm, 6mm, 9mm",Porcelain stoneware,,,casalgrande padana
911,Metro Grey,"The Metropolis porcelain stoneware collection Casalgrande Padana offers a new slant on the contemporary nature of concrete, creating original surfaces with a striking visual impact, able to offer designers endless potential for expression. A concrete-effect collection that goes beyond the modular tile concept, towards the design of continuous, fluid spaces, in which the ceramic tile becomes a design element that can be used for covering all kinds of surfaces, both indoors and outdoors.",placi ceramice,CONCRETE,Metropolis,False,CASALGRANDE PADANA,Casalgrande Padana,,"Grip R11 A+B, Matt, Natural R 10 A+B, Natural R10",,"120 x 120 cm, 120 x 278 cm, 30 x 60 cm, 45 x 90 cm, 60 x 120 cm, 60 x 60 cm, 90 x 90 cm","20mm, 6mm, 9mm",Porcelain stoneware,,,casalgrande padana
912,Metro Silver,"The Metropolis porcelain stoneware collection Casalgrande Padana offers a new slant on the contemporary nature of concrete, creating original surfaces with a striking visual impact, able to offer designers endless potential for expression. A concrete-effect collection that goes beyond the modular tile concept, towards the design of continuous, fluid spaces, in which the ceramic tile becomes a design element that can be used for covering all kinds of surfaces, both indoors and outdoors.",placi ceramice,CONCRETE,Metropolis,False,CASALGRANDE PADANA,Casalgrande Padana,,"Grip R11 A+B, Matt, Natural R 10 A+B, Natural R10",,"120 x 120 cm, 120 x 278 cm, 30 x 60 cm, 45 x 90 cm, 60 x 120 cm, 60 x 60 cm, 90 x 90 cm","20mm, 6mm, 9mm",Porcelain stoneware,,,casalgrande padana
913,Metropolis Mosaico Mud 5x5,"cm 30x30 - 11 3/4”x11 3/4”

Tessera cm 5x5 - 2”x2”

Available in all colours. On net

The Metropolis porcelain stoneware collection Casalgrande Padana offers a new slant on the contemporary nature of concrete, creating original surfaces with a striking visual impact, able to offer designers endless potential for expression. A concrete-effect collection that goes beyond the modular tile concept, towards the design of continuous, fluid spaces, in which the ceramic tile becomes a design element that can be used for covering all kinds of surfaces, both indoors and outdoors.",placi ceramice,CONCRETE,Metropolis,False,CASALGRANDE PADANA,Casalgrande Padana,,"Grip R11 A+B, Matt, Natural R 10 A+B, Natural R10",,"120 x 120 cm, 120 x 278 cm, 30 x 60 cm, 45 x 90 cm, 60 x 120 cm, 60 x 60 cm, 90 x 90 cm","20mm, 6mm, 9mm",Porcelain stoneware,,,casalgrande padana
914,Cemento Cassero Antracite,"These concrete-like tiles cater to contemporary architecture and are perfect for residential, commercial, and public spaces.",placi ceramice,CONCRETE,Cemento,False,CASALGRANDE PADANA,Casalgrande Padana,,"Cassero R10 A+B, Natural R 10 A+B, Rasato R9 PTV>36",,"160 x 320 cm, 30 x 60 cm, 60 x 120 cm, 60 x 60 cm","12mm, 9mm",Porcelain stoneware,,,casalgrande padana
915,Cemento Cassero Beige,"These concrete-like tiles cater to contemporary architecture and are perfect for residential, commercial, and public spaces.",placi ceramice,CONCRETE,Cemento,False,CASALGRANDE PADANA,Casalgrande Padana,,"Cassero R10 A+B, Natural R 10 A+B, Rasato R9 PTV>36",,"160 x 320 cm, 30 x 60 cm, 60 x 120 cm, 60 x 60 cm","12mm, 9mm",Porcelain stoneware,,,casalgrande padana
916,Cemento Cassero Bianco,"These concrete-like tiles cater to contemporary architecture and are perfect for residential, commercial, and public spaces.",placi ceramice,CONCRETE,Cemento,False,CASALGRANDE PADANA,Casalgrande Padana,,"Cassero R10 A+B, Natural R 10 A+B, Rasato R9 PTV>36",,"160 x 320 cm, 30 x 60 cm, 60 x 120 cm, 60 x 60 cm","12mm, 9mm",Porcelain stoneware,,,casalgrande padana
917,Cemento Rasato Grigio,"These concrete-like tiles cater to contemporary architecture and are perfect for residential, commercial, and public spaces.",placi ceramice,CONCRETE,Cemento,False,CASALGRANDE PADANA,Casalgrande Padana,,"Cassero R10 A+B, Natural R 10 A+B, Rasato R9 PTV>36",,"160 x 320 cm, 30 x 60 cm, 60 x 120 cm, 60 x 60 cm","12mm, 9mm",Porcelain stoneware,,,casalgrande padana
918,Grigio Antico,"Aesthetic research, technological innovation, and sophisticated processes have made it possible to replicate the low-relief veining created over the centuries in sedimentary rocks worldwide. Marmora is the perfect combination of design and technical features: beautiful streaks filled with light and harmonious colour contrasts give life to an ideal balance of patterns and structure, evoking the finest marble nature has to offer.",placi ceramice,Marble,Marmora,False,CASALGRANDE PADANA,Casalgrande Padana,,"Honed, Lucida, Smooth, Vein-Touch",,"10 x 60 cm, 120 x 120 cm, 120 x 278 cm, 30 x 60 cm, 60 x 120 cm, 60 x 60 cm","6mm, 9mm",Porcelain stoneware,,,casalgrande padana
919,Lunense,"Aesthetic research, technological innovation, and sophisticated processes have made it possible to replicate the low-relief veining created over the centuries in sedimentary rocks worldwide. Marmora is the perfect combination of design and technical features: beautiful streaks filled with light and harmonious colour contrasts give life to an ideal balance of patterns and structure, evoking the finest marble nature has to offer.",placi ceramice,Marble,Marmora,False,CASALGRANDE PADANA,Casalgrande Padana,,"Honed, Lucida, Smooth, Vein-Touch",,"10 x 60 cm, 120 x 120 cm, 120 x 278 cm, 30 x 60 cm, 60 x 120 cm, 60 x 60 cm","6mm, 9mm",Porcelain stoneware,,,casalgrande padana
920,Nero Antico,"Aesthetic research, technological innovation, and sophisticated processes have made it possible to replicate the low-relief veining created over the centuries in sedimentary rocks worldwide. Marmora is the perfect combination of design and technical features: beautiful streaks filled with light and harmonious colour contrasts give life to an ideal balance of patterns and structure, evoking the finest marble nature has to offer.",placi ceramice,Marble,Marmora,False,CASALGRANDE PADANA,Casalgrande Padana,,"Honed, Lucida, Smooth, Vein-Touch",,"10 x 60 cm, 120 x 120 cm, 120 x 278 cm, 30 x 60 cm, 60 x 120 cm, 60 x 60 cm","6mm, 9mm",Porcelain stoneware,,,casalgrande padana
921,Pavonazzetto,"Aesthetic research, technological innovation, and sophisticated processes have made it possible to replicate the low-relief veining created over the centuries in sedimentary rocks worldwide. Marmora is the perfect combination of design and technical features: beautiful streaks filled with light and harmonious colour contrasts give life to an ideal balance of patterns and structure, evoking the finest marble nature has to offer.",placi ceramice,Marble,Marmora,False,CASALGRANDE PADANA,Casalgrande Padana,,"Honed, Lucida, Smooth, Vein-Touch",,"10 x 60 cm, 120 x 120 cm, 120 x 278 cm, 30 x 60 cm, 60 x 120 cm, 60 x 60 cm","6mm, 9mm",Porcelain stoneware,,,casalgrande padana
922,Mosaico Listelli Marmora,"30x30 cm -11 ¾” x 11 ¾”

Available in all the colours of the collection. Tessera 5x15 cm - 2”x57/8”. On net

Aesthetic research, technological innovation, and sophisticated processes have made it possible to replicate the low-relief veining created over the centuries in sedimentary rocks worldwide. Marmora is the perfect combination of design and technical features: beautiful streaks filled with light and harmonious colour contrasts give life to an ideal balance of patterns and structure, evoking the finest marble nature has to offer.",placi ceramice,Marble,Marmora,False,CASALGRANDE PADANA,Casalgrande Padana,,"Honed, Lucida, Smooth, Vein-Touch",,"10 x 60 cm, 120 x 120 cm, 120 x 278 cm, 30 x 60 cm, 60 x 120 cm, 60 x 60 cm","6mm, 9mm",Porcelain stoneware,,,casalgrande padana
923,Calacatta Extra,"The Marmoker collection replicates marble’s veining, shine, and beautiful colour effects, making every tile truly unique. Marmoker includes a vast selection of colours and textures, ten sizes, and three finishes, giving a contemporary edge to classic marble surfaces. These tiles with first-class technical features are a natural choice if you want to add a luxurious and elegant touch to the floors of walls of any setting.",placi ceramice,Marble,Marmoker,False,CASALGRANDE PADANA,Casalgrande Padana,,"Honed R10 A+B, Honed R9, Lucida",,"120 x 120 cm, 120 x 240 cm, 120 x 278 cm, 160 x 320 cm, 30 x 60 cm, 45 x 45 cm, 45 x 90 cm, 60 x 120 cm, 60 x 60 cm, 90 x 180 cm, 90 x 90 cm","10mm, 12mm, 6mm, 9mm",Porcelain stoneware,,,casalgrande padana
924,Extra Oro,"The Marmoker collection replicates marble’s veining, shine, and beautiful colour effects, making every tile truly unique. Marmoker includes a vast selection of colours and textures, ten sizes, and three finishes, giving a contemporary edge to classic marble surfaces. These tiles with first-class technical features are a natural choice if you want to add a luxurious and elegant touch to the floors of walls of any setting.",placi ceramice,Marble,Marmoker,False,CASALGRANDE PADANA,Casalgrande Padana,,"Honed R10 A+B, Honed R9, Lucida",,"120 x 120 cm, 120 x 240 cm, 120 x 278 cm, 160 x 320 cm, 30 x 60 cm, 45 x 45 cm, 45 x 90 cm, 60 x 120 cm, 60 x 60 cm, 90 x 180 cm, 90 x 90 cm","10mm, 12mm, 6mm, 9mm",Porcelain stoneware,,,casalgrande padana
925,Deep Dark,"The Marmoker collection replicates marble’s veining, shine, and beautiful colour effects, making every tile truly unique. Marmoker includes a vast selection of colours and textures, ten sizes, and three finishes, giving a contemporary edge to classic marble surfaces. These tiles with first-class technical features are a natural choice if you want to add a luxurious and elegant touch to the floors of walls of any setting.",placi ceramice,Marble,Marmoker,False,CASALGRANDE PADANA,Casalgrande Padana,,"Honed R10 A+B, Honed R9, Lucida",,"120 x 120 cm, 120 x 240 cm, 120 x 278 cm, 160 x 320 cm, 30 x 60 cm, 45 x 45 cm, 45 x 90 cm, 60 x 120 cm, 60 x 60 cm, 90 x 180 cm, 90 x 90 cm","10mm, 12mm, 6mm, 9mm",Porcelain stoneware,,,casalgrande padana
926,Fior di Pesco,"The Marmoker collection replicates marble’s veining, shine, and beautiful colour effects, making every tile truly unique. Marmoker includes a vast selection of colours and textures, ten sizes, and three finishes, giving a contemporary edge to classic marble surfaces. These tiles with first-class technical features are a natural choice if you want to add a luxurious and elegant touch to the floors of walls of any setting.",placi ceramice,Marble,Marmoker,False,CASALGRANDE PADANA,Casalgrande Padana,,"Honed R10 A+B, Honed R9, Lucida",,"120 x 120 cm, 120 x 240 cm, 120 x 278 cm, 160 x 320 cm, 30 x 60 cm, 45 x 45 cm, 45 x 90 cm, 60 x 120 cm, 60 x 60 cm, 90 x 180 cm, 90 x 90 cm","10mm, 12mm, 6mm, 9mm",Porcelain stoneware,,,casalgrande padana
927,Grafite,"The Marmoker collection replicates marble’s veining, shine, and beautiful colour effects, making every tile truly unique. Marmoker includes a vast selection of colours and textures, ten sizes, and three finishes, giving a contemporary edge to classic marble surfaces. These tiles with first-class technical features are a natural choice if you want to add a luxurious and elegant touch to the floors of walls of any setting.",placi ceramice,Marble,Marmoker,False,CASALGRANDE PADANA,Casalgrande Padana,,"Honed R10 A+B, Honed R9, Lucida",,"120 x 120 cm, 120 x 240 cm, 120 x 278 cm, 160 x 320 cm, 30 x 60 cm, 45 x 45 cm, 45 x 90 cm, 60 x 120 cm, 60 x 60 cm, 90 x 180 cm, 90 x 90 cm","10mm, 12mm, 6mm, 9mm",Porcelain stoneware,,,casalgrande padana
928,Jolie,"The Marmoker collection replicates marble’s veining, shine, and beautiful colour effects, making every tile truly unique. Marmoker includes a vast selection of colours and textures, ten sizes, and three finishes, giving a contemporary edge to classic marble surfaces. These tiles with first-class technical features are a natural choice if you want to add a luxurious and elegant touch to the floors of walls of any setting.",placi ceramice,Marble,Marmoker,False,CASALGRANDE PADANA,Casalgrande Padana,,"Honed R10 A+B, Honed R9, Lucida",,"120 x 120 cm, 120 x 240 cm, 120 x 278 cm, 160 x 320 cm, 30 x 60 cm, 45 x 45 cm, 45 x 90 cm, 60 x 120 cm, 60 x 60 cm, 90 x 180 cm, 90 x 90 cm","10mm, 12mm, 6mm, 9mm",Porcelain stoneware,,,casalgrande padana
929,Orange Black,"The Marmoker collection replicates marble’s veining, shine, and beautiful colour effects, making every tile truly unique. Marmoker includes a vast selection of colours and textures, ten sizes, and three finishes, giving a contemporary edge to classic marble surfaces. These tiles with first-class technical features are a natural choice if you want to add a luxurious and elegant touch to the floors of walls of any setting.",placi ceramice,Marble,Marmoker,False,CASALGRANDE PADANA,Casalgrande Padana,,"Honed R10 A+B, Honed R9, Lucida",,"120 x 120 cm, 120 x 240 cm, 120 x 278 cm, 160 x 320 cm, 30 x 60 cm, 45 x 45 cm, 45 x 90 cm, 60 x 120 cm, 60 x 60 cm, 90 x 180 cm, 90 x 90 cm","10mm, 12mm, 6mm, 9mm",Porcelain stoneware,,,casalgrande padana
930,Pulpis Tortora,"The Marmoker collection replicates marble’s veining, shine, and beautiful colour effects, making every tile truly unique. Marmoker includes a vast selection of colours and textures, ten sizes, and three finishes, giving a contemporary edge to classic marble surfaces. These tiles with first-class technical features are a natural choice if you want to add a luxurious and elegant touch to the floors of walls of any setting.",placi ceramice,Marble,Marmoker,False,CASALGRANDE PADANA,Casalgrande Padana,,"Honed R10 A+B, Honed R9, Lucida",,"120 x 120 cm, 120 x 240 cm, 120 x 278 cm, 160 x 320 cm, 30 x 60 cm, 45 x 45 cm, 45 x 90 cm, 60 x 120 cm, 60 x 60 cm, 90 x 180 cm, 90 x 90 cm","10mm, 12mm, 6mm, 9mm",Porcelain stoneware,,,casalgrande padana
931,Starry Night,"The Marmoker collection replicates marble’s veining, shine, and beautiful colour effects, making every tile truly unique. Marmoker includes a vast selection of colours and textures, ten sizes, and three finishes, giving a contemporary edge to classic marble surfaces. These tiles with first-class technical features are a natural choice if you want to add a luxurious and elegant touch to the floors of walls of any setting.",placi ceramice,Marble,Marmoker,False,CASALGRANDE PADANA,Casalgrande Padana,,"Honed R10 A+B, Honed R9, Lucida",,"120 x 120 cm, 120 x 240 cm, 120 x 278 cm, 160 x 320 cm, 30 x 60 cm, 45 x 45 cm, 45 x 90 cm, 60 x 120 cm, 60 x 60 cm, 90 x 180 cm, 90 x 90 cm","10mm, 12mm, 6mm, 9mm",Porcelain stoneware,,,casalgrande padana
932,Statuario Altissimo,"The Marmoker collection replicates marble’s veining, shine, and beautiful colour effects, making every tile truly unique. Marmoker includes a vast selection of colours and textures, ten sizes, and three finishes, giving a contemporary edge to classic marble surfaces. These tiles with first-class technical features are a natural choice if you want to add a luxurious and elegant touch to the floors of walls of any setting.",placi ceramice,Marble,Marmoker,False,CASALGRANDE PADANA,Casalgrande Padana,,"Honed R10 A+B, Honed R9, Lucida",,"120 x 120 cm, 120 x 240 cm, 120 x 278 cm, 160 x 320 cm, 30 x 60 cm, 45 x 45 cm, 45 x 90 cm, 60 x 120 cm, 60 x 60 cm, 90 x 180 cm, 90 x 90 cm","10mm, 12mm, 6mm, 9mm",Porcelain stoneware,,,casalgrande padana
933,Titan White,"The Marmoker collection replicates marble’s veining, shine, and beautiful colour effects, making every tile truly unique. Marmoker includes a vast selection of colours and textures, ten sizes, and three finishes, giving a contemporary edge to classic marble surfaces. These tiles with first-class technical features are a natural choice if you want to add a luxurious and elegant touch to the floors of walls of any setting.",placi ceramice,Marble,Marmoker,False,CASALGRANDE PADANA,Casalgrande Padana,,"Honed R10 A+B, Honed R9, Lucida",,"120 x 120 cm, 120 x 240 cm, 120 x 278 cm, 160 x 320 cm, 30 x 60 cm, 45 x 45 cm, 45 x 90 cm, 60 x 120 cm, 60 x 60 cm, 90 x 180 cm, 90 x 90 cm","10mm, 12mm, 6mm, 9mm",Porcelain stoneware,,,casalgrande padana
934,Verde Aver,"The Marmoker collection replicates marble’s veining, shine, and beautiful colour effects, making every tile truly unique. Marmoker includes a vast selection of colours and textures, ten sizes, and three finishes, giving a contemporary edge to classic marble surfaces. These tiles with first-class technical features are a natural choice if you want to add a luxurious and elegant touch to the floors of walls of any setting.",placi ceramice,Marble,Marmoker,False,CASALGRANDE PADANA,Casalgrande Padana,,"Honed R10 A+B, Honed R9, Lucida",,"120 x 120 cm, 120 x 240 cm, 120 x 278 cm, 160 x 320 cm, 30 x 60 cm, 45 x 45 cm, 45 x 90 cm, 60 x 120 cm, 60 x 60 cm, 90 x 180 cm, 90 x 90 cm","10mm, 12mm, 6mm, 9mm",Porcelain stoneware,,,casalgrande padana
935,Texture Canvas Beige,"Casalgrande Padana presents Elements , its new collection of porcelain stoneware tiles that comes in three finishes – Essence , Pebbles , and Texture – a perfectly balanced colour palette, and modular formats. In particular, Essence stands out for its exquisite wood effect, Pebbles for its interplay of solid and void, and Texture for its delicate spatula strokes and cloud-like patterns.

With its soft touch, the original feel and appearance of the Canvas surface, and the Canneté slatted wood option, Texture is ideal for simple, balanced spaces. It adapts easily to any style, from Art Deco inspirations to minimalist settings, and looks great in Scandinavian, classic, industrial chic or eclectic interiors.

The new Elements tile collection is incredibly versatile and offers a wide range of customisation options. It’s where urban chic meets the warmth and beauty of wood for fascinating, creative compositions. Innovative combinations capture the very essence of the materials, creating new ways to imagine spaces where details can be mixed and matched to deliver an extraordinary tactile, visual and sensory experience. The three finishes of the Elements porcelain stoneware tiles can be arranged in elegant tone-on-tone or contrasting colour combinations to create smooth transitions between different areas of the home or define functional areas both indoors and outdoors.",placi ceramice,RESIN,Elements Texture,False,CASALGRANDE PADANA,Casalgrande Padana,,"Canvas, Matt",,"120 x 120 cm, 120 x 278 cm, 60 x 120 cm, 60 x 60 cm","6mm, 9mm",Porcelain stoneware,,,casalgrande padana
936,Texture Canvas White,"Casalgrande Padana presents Elements , its new collection of porcelain stoneware tiles that comes in three finishes – Essence , Pebbles , and Texture – a perfectly balanced colour palette, and modular formats. In particular, Essence stands out for its exquisite wood effect, Pebbles for its interplay of solid and void, and Texture for its delicate spatula strokes and cloud-like patterns.

With its soft touch, the original feel and appearance of the Canvas surface, and the Canneté slatted wood option, Texture is ideal for simple, balanced spaces. It adapts easily to any style, from Art Deco inspirations to minimalist settings, and looks great in Scandinavian, classic, industrial chic or eclectic interiors.

The new Elements tile collection is incredibly versatile and offers a wide range of customisation options. It’s where urban chic meets the warmth and beauty of wood for fascinating, creative compositions. Innovative combinations capture the very essence of the materials, creating new ways to imagine spaces where details can be mixed and matched to deliver an extraordinary tactile, visual and sensory experience. The three finishes of the Elements porcelain stoneware tiles can be arranged in elegant tone-on-tone or contrasting colour combinations to create smooth transitions between different areas of the home or define functional areas both indoors and outdoors.",placi ceramice,RESIN,Elements Texture,False,CASALGRANDE PADANA,Casalgrande Padana,,"Canvas, Matt",,"120 x 120 cm, 120 x 278 cm, 60 x 120 cm, 60 x 60 cm","6mm, 9mm",Porcelain stoneware,,,casalgrande padana
937,Texture Naturale Antracite,"Casalgrande Padana presents Elements , its new collection of porcelain stoneware tiles that comes in three finishes – Essence , Pebbles , and Texture – a perfectly balanced colour palette, and modular formats. In particular, Essence stands out for its exquisite wood effect, Pebbles for its interplay of solid and void, and Texture for its delicate spatula strokes and cloud-like patterns.

With its soft touch, the original feel and appearance of the Canvas surface, and the Canneté slatted wood option, Texture is ideal for simple, balanced spaces. It adapts easily to any style, from Art Deco inspirations to minimalist settings, and looks great in Scandinavian, classic, industrial chic or eclectic interiors.

The new Elements tile collection is incredibly versatile and offers a wide range of customisation options. It’s where urban chic meets the warmth and beauty of wood for fascinating, creative compositions. Innovative combinations capture the very essence of the materials, creating new ways to imagine spaces where details can be mixed and matched to deliver an extraordinary tactile, visual and sensory experience. The three finishes of the Elements porcelain stoneware tiles can be arranged in elegant tone-on-tone or contrasting colour combinations to create smooth transitions between different areas of the home or define functional areas both indoors and outdoors.",placi ceramice,RESIN,Elements Texture,False,CASALGRANDE PADANA,Casalgrande Padana,,"Canvas, Matt",,"120 x 120 cm, 120 x 278 cm, 60 x 120 cm, 60 x 60 cm","6mm, 9mm",Porcelain stoneware,,,casalgrande padana
938,Texture Canvas Antracite,"Casalgrande Padana presents Elements , its new collection of porcelain stoneware tiles that comes in three finishes – Essence , Pebbles , and Texture – a perfectly balanced colour palette, and modular formats. In particular, Essence stands out for its exquisite wood effect, Pebbles for its interplay of solid and void, and Texture for its delicate spatula strokes and cloud-like patterns.

With its soft touch, the original feel and appearance of the Canvas surface, and the Canneté slatted wood option, Texture is ideal for simple, balanced spaces. It adapts easily to any style, from Art Deco inspirations to minimalist settings, and looks great in Scandinavian, classic, industrial chic or eclectic interiors.

The new Elements tile collection is incredibly versatile and offers a wide range of customisation options. It’s where urban chic meets the warmth and beauty of wood for fascinating, creative compositions. Innovative combinations capture the very essence of the materials, creating new ways to imagine spaces where details can be mixed and matched to deliver an extraordinary tactile, visual and sensory experience. The three finishes of the Elements porcelain stoneware tiles can be arranged in elegant tone-on-tone or contrasting colour combinations to create smooth transitions between different areas of the home or define functional areas both indoors and outdoors.",placi ceramice,RESIN,Elements Texture,False,CASALGRANDE PADANA,Casalgrande Padana,,"Canvas, Matt",,"120 x 120 cm, 120 x 278 cm, 60 x 120 cm, 60 x 60 cm","6mm, 9mm",Porcelain stoneware,,,casalgrande padana
939,Texture Naturale Beige,"Casalgrande Padana presents Elements , its new collection of porcelain stoneware tiles that comes in three finishes – Essence , Pebbles , and Texture – a perfectly balanced colour palette, and modular formats. In particular, Essence stands out for its exquisite wood effect, Pebbles for its interplay of solid and void, and Texture for its delicate spatula strokes and cloud-like patterns.

With its soft touch, the original feel and appearance of the Canvas surface, and the Canneté slatted wood option, Texture is ideal for simple, balanced spaces. It adapts easily to any style, from Art Deco inspirations to minimalist settings, and looks great in Scandinavian, classic, industrial chic or eclectic interiors.

The new Elements tile collection is incredibly versatile and offers a wide range of customisation options. It’s where urban chic meets the warmth and beauty of wood for fascinating, creative compositions. Innovative combinations capture the very essence of the materials, creating new ways to imagine spaces where details can be mixed and matched to deliver an extraordinary tactile, visual and sensory experience. The three finishes of the Elements porcelain stoneware tiles can be arranged in elegant tone-on-tone or contrasting colour combinations to create smooth transitions between different areas of the home or define functional areas both indoors and outdoors.",placi ceramice,RESIN,Elements Texture,False,CASALGRANDE PADANA,Casalgrande Padana,,"Canvas, Matt",,"120 x 120 cm, 120 x 278 cm, 60 x 120 cm, 60 x 60 cm","6mm, 9mm",Porcelain stoneware,,,casalgrande padana
940,Texture Naturale White,"Casalgrande Padana presents Elements , its new collection of porcelain stoneware tiles that comes in three finishes – Essence , Pebbles , and Texture – a perfectly balanced colour palette, and modular formats. In particular, Essence stands out for its exquisite wood effect, Pebbles for its interplay of solid and void, and Texture for its delicate spatula strokes and cloud-like patterns.

With its soft touch, the original feel and appearance of the Canvas surface, and the Canneté slatted wood option, Texture is ideal for simple, balanced spaces. It adapts easily to any style, from Art Deco inspirations to minimalist settings, and looks great in Scandinavian, classic, industrial chic or eclectic interiors.

The new Elements tile collection is incredibly versatile and offers a wide range of customisation options. It’s where urban chic meets the warmth and beauty of wood for fascinating, creative compositions. Innovative combinations capture the very essence of the materials, creating new ways to imagine spaces where details can be mixed and matched to deliver an extraordinary tactile, visual and sensory experience. The three finishes of the Elements porcelain stoneware tiles can be arranged in elegant tone-on-tone or contrasting colour combinations to create smooth transitions between different areas of the home or define functional areas both indoors and outdoors.",placi ceramice,RESIN,Elements Texture,False,CASALGRANDE PADANA,Casalgrande Padana,,"Canvas, Matt",,"120 x 120 cm, 120 x 278 cm, 60 x 120 cm, 60 x 60 cm","6mm, 9mm",Porcelain stoneware,,,casalgrande padana
941,Lithos Beige,"Lithos brings a modern spin to the powerful, expressive beauty of Portland stone. Delicate shades of colour, soft cloudy effects and subtle touches of light envelop the tiles in the new Lithos collection, embellishing it with distinctive graphic details to create simple yet sophisticated surfaces able to adapt to all kinds of applications and living spaces.",placi ceramice,Stone Effect,Lithos,False,CASALGRANDE PADANA,Casalgrande Padana,,"Grip R11, Naturale R10 A+B PTV>36, Satin",,"120 x 120 cm, 120 x 278 cm, 30 x 60 cm, 60 x 120 cm, 60 x 60 cm, 90 x 90 cm","20mm, 6mm, 9mm",Porcelain stoneware,,,casalgrande padana
942,Lithos Bianco,"Lithos brings a modern spin to the powerful, expressive beauty of Portland stone. Delicate shades of colour, soft cloudy effects and subtle touches of light envelop the tiles in the new Lithos collection, embellishing it with distinctive graphic details to create simple yet sophisticated surfaces able to adapt to all kinds of applications and living spaces.",placi ceramice,Stone Effect,Lithos,False,CASALGRANDE PADANA,Casalgrande Padana,,"Grip R11, Naturale R10 A+B PTV>36, Satin",,"120 x 120 cm, 120 x 278 cm, 30 x 60 cm, 60 x 120 cm, 60 x 60 cm, 90 x 90 cm","20mm, 6mm, 9mm",Porcelain stoneware,,,casalgrande padana
943,Lithos Nero,"Lithos brings a modern spin to the powerful, expressive beauty of Portland stone. Delicate shades of colour, soft cloudy effects and subtle touches of light envelop the tiles in the new Lithos collection, embellishing it with distinctive graphic details to create simple yet sophisticated surfaces able to adapt to all kinds of applications and living spaces.",placi ceramice,Stone Effect,Lithos,False,CASALGRANDE PADANA,Casalgrande Padana,,"Grip R11, Naturale R10 A+B PTV>36, Satin",,"120 x 120 cm, 120 x 278 cm, 30 x 60 cm, 60 x 120 cm, 60 x 60 cm, 90 x 90 cm","20mm, 6mm, 9mm",Porcelain stoneware,,,casalgrande padana
944,Aventino Vein,"Precious Italian heritage full of charm and history comes to life in the porcelain stoneware tiles from the new Pietra Tiburtina collection, achieving the perfect balance between design, craftsmanship, creativity, and innovation.

Fragments of stone gush from the caves of ancient Tibur to take us on a journey through history. Ancient Romans used travertine – or lapis tiburtinus, as they used to call it – as an ornamental and construction material. Centuries later, this natural stone has maintained its unlimited potential, inspiring artists and architects of every era.

Casalgrande Padana’s new Pietra Tiburtina collection comes in both a vein-cut version, which emphasises the lengthwise layers of limestone, and a cross-cut version, with an antiqued finish also available, which highlights the subtle cloud-like effects and gives the tiles an aged flavour of times gone by. Both versions combine stone’s charm and porcelain stoneware’s sturdiness. Delicate earthy shades, beautiful streaks, and a three-dimensional play of light and shadow give these tiles a texture full of charm and elegance.",placi ceramice,Stone Effect,Pietra Tiburtina,False,CASALGRANDE PADANA,Casalgrande Padana,,"Grip R11 PTV>36, Matt, Rigata, Smooth",,"120 x 120 cm, 120 x 278 cm, 30 x 60 cm, 60 x 120 cm, 60 x 60 cm","20mm, 6mm, 9mm",Porcelain stoneware,,,casalgrande padana
945,Campidoglio Vein,"Precious Italian heritage full of charm and history comes to life in the porcelain stoneware tiles from the new Pietra Tiburtina collection, achieving the perfect balance between design, craftsmanship, creativity, and innovation.

Fragments of stone gush from the caves of ancient Tibur to take us on a journey through history. Ancient Romans used travertine – or lapis tiburtinus, as they used to call it – as an ornamental and construction material. Centuries later, this natural stone has maintained its unlimited potential, inspiring artists and architects of every era.

Casalgrande Padana’s new Pietra Tiburtina collection comes in both a vein-cut version, which emphasises the lengthwise layers of limestone, and a cross-cut version, with an antiqued finish also available, which highlights the subtle cloud-like effects and gives the tiles an aged flavour of times gone by. Both versions combine stone’s charm and porcelain stoneware’s sturdiness. Delicate earthy shades, beautiful streaks, and a three-dimensional play of light and shadow give these tiles a texture full of charm and elegance.",placi ceramice,Stone Effect,Pietra Tiburtina,False,CASALGRANDE PADANA,Casalgrande Padana,,"Grip R11 PTV>36, Matt, Rigata, Smooth",,"120 x 120 cm, 120 x 278 cm, 30 x 60 cm, 60 x 120 cm, 60 x 60 cm","20mm, 6mm, 9mm",Porcelain stoneware,,,casalgrande padana
946,Campidoglio Cross,"Precious Italian heritage full of charm and history comes to life in the porcelain stoneware tiles from the new Pietra Tiburtina collection, achieving the perfect balance between design, craftsmanship, creativity, and innovation.

Fragments of stone gush from the caves of ancient Tibur to take us on a journey through history. Ancient Romans used travertine – or lapis tiburtinus, as they used to call it – as an ornamental and construction material. Centuries later, this natural stone has maintained its unlimited potential, inspiring artists and architects of every era.

Casalgrande Padana’s new Pietra Tiburtina collection comes in both a vein-cut version, which emphasises the lengthwise layers of limestone, and a cross-cut version, with an antiqued finish also available, which highlights the subtle cloud-like effects and gives the tiles an aged flavour of times gone by. Both versions combine stone’s charm and porcelain stoneware’s sturdiness. Delicate earthy shades, beautiful streaks, and a three-dimensional play of light and shadow give these tiles a texture full of charm and elegance.",placi ceramice,Stone Effect,Pietra Tiburtina,False,CASALGRANDE PADANA,Casalgrande Padana,,"Grip R11 PTV>36, Matt, Rigata, Smooth",,"120 x 120 cm, 120 x 278 cm, 30 x 60 cm, 60 x 120 cm, 60 x 60 cm","20mm, 6mm, 9mm",Porcelain stoneware,,,casalgrande padana
947,Celio Vein,"Precious Italian heritage full of charm and history comes to life in the porcelain stoneware tiles from the new Pietra Tiburtina collection, achieving the perfect balance between design, craftsmanship, creativity, and innovation.

Fragments of stone gush from the caves of ancient Tibur to take us on a journey through history. Ancient Romans used travertine – or lapis tiburtinus, as they used to call it – as an ornamental and construction material. Centuries later, this natural stone has maintained its unlimited potential, inspiring artists and architects of every era.

Casalgrande Padana’s new Pietra Tiburtina collection comes in both a vein-cut version, which emphasises the lengthwise layers of limestone, and a cross-cut version, with an antiqued finish also available, which highlights the subtle cloud-like effects and gives the tiles an aged flavour of times gone by. Both versions combine stone’s charm and porcelain stoneware’s sturdiness. Delicate earthy shades, beautiful streaks, and a three-dimensional play of light and shadow give these tiles a texture full of charm and elegance.",placi ceramice,Stone Effect,Pietra Tiburtina,False,CASALGRANDE PADANA,Casalgrande Padana,,"Grip R11 PTV>36, Matt, Rigata, Smooth",,"120 x 120 cm, 120 x 278 cm, 30 x 60 cm, 60 x 120 cm, 60 x 60 cm","20mm, 6mm, 9mm",Porcelain stoneware,,,casalgrande padana
948,Celio Anticata Cross,"Precious Italian heritage full of charm and history comes to life in the porcelain stoneware tiles from the new Pietra Tiburtina collection, achieving the perfect balance between design, craftsmanship, creativity, and innovation.

Fragments of stone gush from the caves of ancient Tibur to take us on a journey through history. Ancient Romans used travertine – or lapis tiburtinus, as they used to call it – as an ornamental and construction material. Centuries later, this natural stone has maintained its unlimited potential, inspiring artists and architects of every era.

Casalgrande Padana’s new Pietra Tiburtina collection comes in both a vein-cut version, which emphasises the lengthwise layers of limestone, and a cross-cut version, with an antiqued finish also available, which highlights the subtle cloud-like effects and gives the tiles an aged flavour of times gone by. Both versions combine stone’s charm and porcelain stoneware’s sturdiness. Delicate earthy shades, beautiful streaks, and a three-dimensional play of light and shadow give these tiles a texture full of charm and elegance.",placi ceramice,Stone Effect,Pietra Tiburtina,False,CASALGRANDE PADANA,Casalgrande Padana,,"Grip R11 PTV>36, Matt, Rigata, Smooth",,"120 x 120 cm, 120 x 278 cm, 30 x 60 cm, 60 x 120 cm, 60 x 60 cm","20mm, 6mm, 9mm",Porcelain stoneware,,,casalgrande padana
949,Palatino Cross,"Precious Italian heritage full of charm and history comes to life in the porcelain stoneware tiles from the new Pietra Tiburtina collection, achieving the perfect balance between design, craftsmanship, creativity, and innovation.

Fragments of stone gush from the caves of ancient Tibur to take us on a journey through history. Ancient Romans used travertine – or lapis tiburtinus, as they used to call it – as an ornamental and construction material. Centuries later, this natural stone has maintained its unlimited potential, inspiring artists and architects of every era.

Casalgrande Padana’s new Pietra Tiburtina collection comes in both a vein-cut version, which emphasises the lengthwise layers of limestone, and a cross-cut version, with an antiqued finish also available, which highlights the subtle cloud-like effects and gives the tiles an aged flavour of times gone by. Both versions combine stone’s charm and porcelain stoneware’s sturdiness. Delicate earthy shades, beautiful streaks, and a three-dimensional play of light and shadow give these tiles a texture full of charm and elegance.",placi ceramice,Stone Effect,Pietra Tiburtina,False,CASALGRANDE PADANA,Casalgrande Padana,,"Grip R11 PTV>36, Matt, Rigata, Smooth",,"120 x 120 cm, 120 x 278 cm, 30 x 60 cm, 60 x 120 cm, 60 x 60 cm","20mm, 6mm, 9mm",Porcelain stoneware,,,casalgrande padana
950,Palatino Vein,"Precious Italian heritage full of charm and history comes to life in the porcelain stoneware tiles from the new Pietra Tiburtina collection, achieving the perfect balance between design, craftsmanship, creativity, and innovation.

Fragments of stone gush from the caves of ancient Tibur to take us on a journey through history. Ancient Romans used travertine – or lapis tiburtinus, as they used to call it – as an ornamental and construction material. Centuries later, this natural stone has maintained its unlimited potential, inspiring artists and architects of every era.

Casalgrande Padana’s new Pietra Tiburtina collection comes in both a vein-cut version, which emphasises the lengthwise layers of limestone, and a cross-cut version, with an antiqued finish also available, which highlights the subtle cloud-like effects and gives the tiles an aged flavour of times gone by. Both versions combine stone’s charm and porcelain stoneware’s sturdiness. Delicate earthy shades, beautiful streaks, and a three-dimensional play of light and shadow give these tiles a texture full of charm and elegance.",placi ceramice,Stone Effect,Pietra Tiburtina,False,CASALGRANDE PADANA,Casalgrande Padana,,"Grip R11 PTV>36, Matt, Rigata, Smooth",,"120 x 120 cm, 120 x 278 cm, 30 x 60 cm, 60 x 120 cm, 60 x 60 cm","20mm, 6mm, 9mm",Porcelain stoneware,,,casalgrande padana
951,Supreme Dark,"Supreme tiles result from Casalgrande Padana’s research. They draw inspiration from rock salt crystallisation, replicating its colours, consistency, and shine. Nature’s precious masterpieces from sedimentary rocks from around the world are recreated in the porcelain stoneware tiles from the new Supreme collection. A fascinating journey to the centre of the earth to discover the colours and tactile features of rock crystal, an element used since ancient times for its many benefits.",placi ceramice,Stone Effect,Supreme,False,CASALGRANDE PADANA,Casalgrande Padana,,"Grip R11, Lucida, Natural R 10 A+B",,"120 x 120 cm, 120 x 278 cm, 30 x 60 cm, 60 x 120 cm, 60 x 60 cm","6mm, 9mm",Porcelain stoneware,,,casalgrande padana
952,Supreme Sand,"Supreme tiles result from Casalgrande Padana’s research. They draw inspiration from rock salt crystallisation, replicating its colours, consistency, and shine. Nature’s precious masterpieces from sedimentary rocks from around the world are recreated in the porcelain stoneware tiles from the new Supreme collection. A fascinating journey to the centre of the earth to discover the colours and tactile features of rock crystal, an element used since ancient times for its many benefits.",placi ceramice,Stone Effect,Supreme,False,CASALGRANDE PADANA,Casalgrande Padana,,"Grip R11, Lucida, Natural R 10 A+B",,"120 x 120 cm, 120 x 278 cm, 30 x 60 cm, 60 x 120 cm, 60 x 60 cm","6mm, 9mm",Porcelain stoneware,,,casalgrande padana
953,Supreme Taupe,"Supreme tiles result from Casalgrande Padana’s research. They draw inspiration from rock salt crystallisation, replicating its colours, consistency, and shine. Nature’s precious masterpieces from sedimentary rocks from around the world are recreated in the porcelain stoneware tiles from the new Supreme collection. A fascinating journey to the centre of the earth to discover the colours and tactile features of rock crystal, an element used since ancient times for its many benefits.",placi ceramice,Stone Effect,Supreme,False,CASALGRANDE PADANA,Casalgrande Padana,,"Grip R11, Lucida, Natural R 10 A+B",,"120 x 120 cm, 120 x 278 cm, 30 x 60 cm, 60 x 120 cm, 60 x 60 cm","6mm, 9mm",Porcelain stoneware,,,casalgrande padana
954,Mosaico Listelli Supreme,"cm 26,5x56 - 10 3/8”x22”

On net

Supreme tiles result from Casalgrande Padana’s research. They draw inspiration from rock salt crystallisation, replicating its colours, consistency, and shine. Nature’s precious masterpieces from sedimentary rocks from around the world are recreated in the porcelain stoneware tiles from the new Supreme collection. A fascinating journey to the centre of the earth to discover the colours and tactile features of rock crystal, an element used since ancient times for its many benefits.",placi ceramice,Stone Effect,Supreme,False,CASALGRANDE PADANA,Casalgrande Padana,,"Grip R11, Lucida, Natural R 10 A+B",,"120 x 120 cm, 120 x 278 cm, 30 x 60 cm, 60 x 120 cm, 60 x 60 cm","6mm, 9mm",Porcelain stoneware,,,casalgrande padana
955,Era Bianca,"The Era collection results from continuous aesthetic research and advanced technologies and is the latest addition to Casalgrande Padana’s range of stone-effect porcelain stoneware tiles. These modern tiles combine stone’s natural charm and porcelain stoneware’s outstanding technical features, elevating their application potential. Irregular veining, harmonious nuvolato effects, delicate colours, and play of light and shadow emphasise these tiles’ colour and the pleasant tactile quality of their reference material.",placi ceramice,Stone Effect,Era,False,CASALGRANDE PADANA,Casalgrande Padana,,"Grip R11, Natural R 10 A+B",,"120 x 120 cm, 120 x 278 cm, 30 x 60 cm, 60 x 120 cm, 60 x 60 cm","20mm, 6mm, 9mm",Porcelain stoneware,,,casalgrande padana
956,Era Grigia,"The Era collection results from continuous aesthetic research and advanced technologies and is the latest addition to Casalgrande Padana’s range of stone-effect porcelain stoneware tiles. These modern tiles combine stone’s natural charm and porcelain stoneware’s outstanding technical features, elevating their application potential. Irregular veining, harmonious nuvolato effects, delicate colours, and play of light and shadow emphasise these tiles’ colour and the pleasant tactile quality of their reference material.",placi ceramice,Stone Effect,Era,False,CASALGRANDE PADANA,Casalgrande Padana,,"Grip R11, Natural R 10 A+B",,"120 x 120 cm, 120 x 278 cm, 30 x 60 cm, 60 x 120 cm, 60 x 60 cm","20mm, 6mm, 9mm",Porcelain stoneware,,,casalgrande padana
957,Era Pepe,"The Era collection results from continuous aesthetic research and advanced technologies and is the latest addition to Casalgrande Padana’s range of stone-effect porcelain stoneware tiles. These modern tiles combine stone’s natural charm and porcelain stoneware’s outstanding technical features, elevating their application potential. Irregular veining, harmonious nuvolato effects, delicate colours, and play of light and shadow emphasise these tiles’ colour and the pleasant tactile quality of their reference material.",placi ceramice,Stone Effect,Era,False,CASALGRANDE PADANA,Casalgrande Padana,,"Grip R11, Natural R 10 A+B",,"120 x 120 cm, 120 x 278 cm, 30 x 60 cm, 60 x 120 cm, 60 x 60 cm","20mm, 6mm, 9mm",Porcelain stoneware,,,casalgrande padana
958,Era Bruna,"The Era collection results from continuous aesthetic research and advanced technologies and is the latest addition to Casalgrande Padana’s range of stone-effect porcelain stoneware tiles. These modern tiles combine stone’s natural charm and porcelain stoneware’s outstanding technical features, elevating their application potential. Irregular veining, harmonious nuvolato effects, delicate colours, and play of light and shadow emphasise these tiles’ colour and the pleasant tactile quality of their reference material.",placi ceramice,Stone Effect,Era,False,CASALGRANDE PADANA,Casalgrande Padana,,"Grip R11, Natural R 10 A+B",,"120 x 120 cm, 120 x 278 cm, 30 x 60 cm, 60 x 120 cm, 60 x 60 cm","20mm, 6mm, 9mm",Porcelain stoneware,,,casalgrande padana
959,Era Crema,"The Era collection results from continuous aesthetic research and advanced technologies and is the latest addition to Casalgrande Padana’s range of stone-effect porcelain stoneware tiles. These modern tiles combine stone’s natural charm and porcelain stoneware’s outstanding technical features, elevating their application potential. Irregular veining, harmonious nuvolato effects, delicate colours, and play of light and shadow emphasise these tiles’ colour and the pleasant tactile quality of their reference material.",placi ceramice,Stone Effect,Era,False,CASALGRANDE PADANA,Casalgrande Padana,,"Grip R11, Natural R 10 A+B",,"120 x 120 cm, 120 x 278 cm, 30 x 60 cm, 60 x 120 cm, 60 x 60 cm","20mm, 6mm, 9mm",Porcelain stoneware,,,casalgrande padana
960,Era Perla,"The Era collection results from continuous aesthetic research and advanced technologies and is the latest addition to Casalgrande Padana’s range of stone-effect porcelain stoneware tiles. These modern tiles combine stone’s natural charm and porcelain stoneware’s outstanding technical features, elevating their application potential. Irregular veining, harmonious nuvolato effects, delicate colours, and play of light and shadow emphasise these tiles’ colour and the pleasant tactile quality of their reference material.",placi ceramice,Stone Effect,Era,False,CASALGRANDE PADANA,Casalgrande Padana,,"Grip R11, Natural R 10 A+B",,"120 x 120 cm, 120 x 278 cm, 30 x 60 cm, 60 x 120 cm, 60 x 60 cm","20mm, 6mm, 9mm",Porcelain stoneware,,,casalgrande padana
961,"Mosaico Listelli A (Bianca, Grigia, Pepe)","cm 30x30

11 3/4”x11 3/4”

On net

The Era collection results from continuous aesthetic research and advanced technologies and is the latest addition to Casalgrande Padana’s range of stone-effect porcelain stoneware tiles. These modern tiles combine stone’s natural charm and porcelain stoneware’s outstanding technical features, elevating their application potential. Irregular veining, harmonious nuvolato effects, delicate colours, and play of light and shadow emphasise these tiles’ colour and the pleasant tactile quality of their reference material.",placi ceramice,Stone Effect,Era,False,CASALGRANDE PADANA,Casalgrande Padana,,"Grip R11, Natural R 10 A+B",,"120 x 120 cm, 120 x 278 cm, 30 x 60 cm, 60 x 120 cm, 60 x 60 cm","20mm, 6mm, 9mm",Porcelain stoneware,,,casalgrande padana
962,"Mosaico Listelli B (Perla, Crema, Bruna)","cm 30x30

11 3/4”x11 3/4”

On net

The Era collection results from continuous aesthetic research and advanced technologies and is the latest addition to Casalgrande Padana’s range of stone-effect porcelain stoneware tiles. These modern tiles combine stone’s natural charm and porcelain stoneware’s outstanding technical features, elevating their application potential. Irregular veining, harmonious nuvolato effects, delicate colours, and play of light and shadow emphasise these tiles’ colour and the pleasant tactile quality of their reference material.",placi ceramice,Stone Effect,Era,False,CASALGRANDE PADANA,Casalgrande Padana,,"Grip R11, Natural R 10 A+B",,"120 x 120 cm, 120 x 278 cm, 30 x 60 cm, 60 x 120 cm, 60 x 60 cm","20mm, 6mm, 9mm",Porcelain stoneware,,,casalgrande padana
1000,92.50 Carbi -- White Carrara Marble Aggregate Terrazzo for Modern Style,White Carrara Marble Aggregate Terrazzo for Modern Style,terrazzo,GRANULATIE FINA,Standard,False,EUVAL,Euval,,"R9, R10, R11",,,,Terrazzo,,,euval
1001,92.40 ESCO -- Terrazzo with White and Ebony Marble Aggregates for Modern Design,Terrazzo with White and Ebony Marble Aggregates for Modern Design,terrazzo,GRANULATIE FINA,Standard,False,EUVAL,Euval,,"R9, R10, R11",,,,Terrazzo,,,euval
1002,92.60 PALMA -- Neutral Nuance Terrazzo for Stylish Spaces,Neutral Nuance Terrazzo for Stylish Spaces,terrazzo,GRANULATIE FINA,Standard,False,EUVAL,Euval,,"R9, R10, R11",,,,Terrazzo,,,euval
1003,93.00 BONO -- Neutral Tone Terrazzo for Contemporary Environments,Neutral Tone Terrazzo for Contemporary Environments,terrazzo,GRANULATIE FINA,Standard,False,EUVAL,Euval,,"R9, R10, R11",,,,Terrazzo,,,euval
1004,92.90 LEGREY -- Pearl Grey Terrazzo for Modern Living Spaces,Pearl Grey Terrazzo for Modern Living Spaces,terrazzo,GRANULATIE FINA,Standard,False,EUVAL,Euval,,"R9, R10, R11",,,,Terrazzo,,,euval
1005,99.70 BLAMAR -- Refined Terrazzo with Black Marble Aggregates on an Ash-Colored Base,Refined Terrazzo with Black Marble Aggregates on an Ash-Colored Base,terrazzo,GRANULATIE FINA,Standard,False,EUVAL,Euval,,"R9, R10, R11",,,,Terrazzo,,,euval
1006,80.50 ALWER -- Green Shade Terrazzo for Warm-Toned Combinations,Green Shade Terrazzo for Warm-Toned Combinations,terrazzo,GRANULATIE FINA,Abrasion,False,EUVAL,Euval,,"R9, R10, R11",,,,Terrazzo,,,euval
1007,80.20 CARAN -- Anthracite-Colored Marble Aggregate Terrazzo for Sophisticated Style,Anthracite-Colored Marble Aggregate Terrazzo for Sophisticated Style,terrazzo,GRANULATIE FINA,Abrasion,False,EUVAL,Euval,,"R9, R10, R11",,,,Terrazzo,,,euval
1008,81.30 SCHIBAS -- White and Beige Marble aggregates Terrazzo for Commercial Stairs and Floors,White and Beige Marble aggregates Terrazzo for Commercial Stairs and Floors,terrazzo,GRANULATIE FINA,Essential,False,EUVAL,Euval,,"R9, R10, R11",,,,Terrazzo,,,euval
1009,81.40 SANEC -- Warm Toned Terrazzo for a Sophisticated Look,Warm Toned Terrazzo for a Sophisticated Look,terrazzo,GRANULATIE FINA,Essential,False,EUVAL,Euval,,"R9, R10, R11",,,,Terrazzo,,,euval
1010,82.70 CEPPO 130 -- Neutral Palette Terrazzo with Intriguing Texture,"Neutral Palette Terrazzo with Intriguing Texture

a terrazzo realized with grits of a natural agglomerate that leads the user through a unique and boundless journey. Nature has skillfully composed a material with taupe shades, where you can find ebony, cream, jasper red and deep green accents.

In a neural colour scale, we find different nuances and textures that make the material one of a kind. 82.70 Ceppo 130 is an innovative terrazzo with high technical performance. A refine material that finds its distinctive element in the diversity of grits with which it is composed.

Each and every piece tells a different story.",terrazzo,GRANULATIE MEDIE,Ceppo,False,EUVAL,Euval,,"R9, R10, R11",,,,Terrazzo,,,euval
1011,90.21 BA15 -- Terrazzo with Warm Tone Marble Aggregates for Elegant Spaces,Terrazzo with Warm Tone Marble Aggregates for Elegant Spaces,terrazzo,GRANULATIE MEDIE,Standard,False,EUVAL,Euval,,"R9, R10, R11",,,,Terrazzo,,,euval
1012,"82.80 VEKRA -- Terrazzo with Green, Ochre, and Red Aggregates on Ivory Background","Terrazzo with Green, Ochre, and Red Aggregates on Ivory Background",terrazzo,GRANULATIE MEDIE,Standard,False,EUVAL,Euval,,"R9, R10, R11",,,,Terrazzo,,,euval
1013,94.32 VERDALP 25 -- Green Shade Terrazzo for Nature-Inspired Rooms,Green Shade Terrazzo for Nature-Inspired Rooms,terrazzo,GRANULATIE MEDIE,Standard,False,EUVAL,Euval,,"R9,R10, R11",,,,Terrazzo,,,euval
1014,99.50 BILAK -- Anthracite Terrazzo for Contemporary Design Spaces,Anthracite Terrazzo for Contemporary Design Spaces,terrazzo,GRANULATIE MEDIE,Standard,False,EUVAL,Euval,,"R9, R10 , R11",,,,Terrazzo,,,euval
1015,90.22 BA25 -- Neutral Toned Terrazzo for Bright Spaces,Neutral Toned Terrazzo for Bright Spaces,terrazzo,GRANULATIE MARE,Standard,False,EUVAL,Euval,,"R9, R10, R10",,,,Terrazzo,,,euval
1016,90.32 BOT25 -- Terrazzo with Warm Toned Marble Aggregates for Sophisticated Environments,Terrazzo with Warm Toned Marble Aggregates for Sophisticated Environments,terrazzo,GRANULATIE MARE,Standard,False,EUVAL,Euval,,"R9, R10, R11",,,,Terrazzo,,,euval
1017,82.20 NAZAN -- Light Grey Terrazzo for Elegant and Stylish Spaces,Light Grey Terrazzo for Elegant and Stylish Spaces,terrazzo,GRANULATIE MARE,Matheria,False,EUVAL,Euval,,"R9, R10, R11",,,,Terrazzo,,,euval
1018,82.30 MEDAS -- Dark Green and Dove Grey Marble Aggregates Terrazzo for Eco-Friendly Spaces,Dark Green and Dove Grey Marble Aggregates Terrazzo for Eco-Friendly Spaces,terrazzo,GRANULATIE MARE,Matheria,False,EUVAL,Euval,,"R9, R10, R11",,,,Terrazzo,,,euval
1019,82.60 MAVEL -- Black and White Marble Aggregate Terrazzo for Refined Designs,Black and White Marble Aggregate Terrazzo for Refined Designs,terrazzo,GRANULATIE MARE,Matheria,False,EUVAL,Euval,,"R9, R10, R11",,,,Terrazzo,,,euval
1020,83.10 KOREN -- Terrazzo with a composition of marble aggregates in warm and refined tones,Terrazzo with a composition of marble aggregates in warm and refined tones,terrazzo,GRANULATIE MARE,Matheria,False,EUVAL,Euval,,"R9, R10, R11",,,,Terrazzo,,,euval
1021,"83.20 TAKAI -- Elegant terrazzo with ice white, silver grey, and anthracite marble aggregates, perfect for contemporary projects","Elegant terrazzo with ice white, silver grey, and anthracite marble aggregates, perfect for contemporary projects",terrazzo,GRANULATIE MARE,Matheria,False,EUVAL,Euval,,"R9, R10, R11",,,,Terrazzo,,,euval
1022,"83.00 NUREK -- Vibrant and sophisticated terrazzo, ideal for spaces full of character","Vibrant and sophisticated terrazzo, ideal for spaces full of character",terrazzo,GRANULATIE MARE,Matheria,False,EUVAL,Euval,,"R9, R10, R11",,,,Terrazzo,,,euval
1100,Nostromo - Baterie joasă,"Single-control washbasin mixer, cylindrical handle

- Design: Davide Mercatali
- Collection: Fantini
- Traditional cartridge
- 4 1/2'' spout projection
- Water flow restricted to 1.2 gpm
- flexible supply lines
- Drain not included, please select W095U or W097U in the Miscellaneous Articles section.

Single-control washbasin mixer, cylindrical handle Art. 5002E904WU - Series Nostromo - Design: Davide Mercatali

Design: Davide Mercatali",sanitare,BATERII,Davide Mercatali,False,DE BLAT,Fantini,,"Brushed Stainless Steel, Chrome, Deep Black Pvd, Matte Black, Matte British Gold Pvd, Matte Copper Pvd, Matte Gun Metal Pvd, Matte White, Pure Brass Pvd, Raw Metal Pvd",,,,Brass,,,fantini sanitare
1101,Nostromo - Baterie înaltă,"Single-control vessel mixer, cylindrical handle

- Design: Davide Mercatali
- Collection: Fantini
- 5 3/4'' spout projection
- Water flow restricted to 1.2 gpm
- Traditional cartridge
- flexible supply lines
- Drain not included, please select W095U or W097U in the Miscellaneous Articles section.

Single-control vessel mixer, cylindrical handle Art. 5002E906WU - Series Nostromo - Design: Davide Mercatali

Design: Davide Mercatali",sanitare,BATERII,Davide Mercatali,False,DE BLAT,Fantini,,"Brushed Stainless Steel, Chrome, Deep Black Pvd, Matte Black, Matte British Gold Pvd, Matte Copper Pvd, Matte Gun Metal Pvd, Matte White, Pure Brass Pvd, Raw Metal Pvd",,,,Brass,,,fantini sanitare
1102,Nostromo - Baterie încastrată,"Wall-mount single-control washbasin mixer, handle with lever

- Design: Davide Mercatali
- Collection: Fantini
- Traditional cartridge
- 5 7/8'' spout projection
- Spout to the left
- Round escutcheon
- Water flow restricted to 1.2 gpm
- Drain not included, please select W095U or W097U in the Miscellaneous Articles section.

Wall-mount single-control washbasin mixer, handle with lever Art. 5002E809BU+4400M011AU - Series Nostromo - Design: Davide Mercatali

Design: Davide Mercatali",sanitare,BATERII,Davide Mercatali,False,DE PERETE,Fantini,,"Brushed Stainless Steel, Chrome, Deep Black Pvd, Matte Black, Matte British Gold Pvd, Matte Copper Pvd, Matte Gun Metal Pvd, Matte White, Pure Brass Pvd, Raw Metal Pvd",,,,Brass,,,fantini sanitare
1103,Nostromo - Baterie înaltă freestanding,"Floor-mount single-control washbasin mixer, handle with lever

- Design: Davide Mercatali
- Collection: Fantini
- 7 1/2'' spout projection
- Water flow restricted to 1.2 gpm
- Drain not included, please select W095U or W097U in the Miscellaneous Articles section.

Floor-mount single-control washbasin mixer, handle with lever Art. 5002E836BU+19003336AU - Series Nostromo - Design: Davide Mercatali

Design: Davide Mercatali",sanitare,BATERII,Davide Mercatali,False,FREESTANDING,Fantini,,"Chrome, Deep Black Pvd, Matte Black, Matte British Gold Pvd, Matte Copper Pvd, Matte Gun Metal Pvd, Matte White",,,,Brass,,,fantini sanitare
1104,Nostromo - Baterie bideu,"Single-control bidet mixer, handle with lever

- Design: Davide Mercatali
- Collection: Fantini
- 5 1/8'' spout projection
- Traditional cartridge
- flexible supply lines
- Handle included
- Drain not included, please select W095U or W097U in the Miscellaneous Articles section.

Single-control bidet mixer, handle with lever Art. 5002E808WU - Series Nostromo - Design: Davide Mercatali

Design: Davide Mercatali",sanitare,BATERII,Davide Mercatali,False,DE BIDEU,Fantini,,"Brushed Stainless Steel, Chrome, Deep Black Pvd, Matte Black, Matte British Gold Pvd, Matte Copper Pvd, Matte Gun Metal Pvd, Matte White, Pure Brass Pvd, Raw Metal Pvd",,,,Brass,,,fantini sanitare
1105,Nostromo - Sistem de duș încastrat,"Wall-mount non-thermostatic tub controls with handshower

- Design: Davide Mercatali
- Collection: Fantini
- 2-way diverter with turning knob
- Cylindrical handshower with anti-siphon check valve
- water plug with showerholder
- 58'' vinyl hose
- 1/2'' inlets
- Water flow restricted to 1.8 gpm for handshower
- 5.9 gpm @ 60 psi

Wall-mount non-thermostatic tub controls with handshower Art. 5002M784BU+4400R084AU - Series Nostromo - Design: Davide Mercatali

Design: Davide Mercatali",sanitare,BATERII,Davide Mercatali,False,DUS,Fantini,,"Brushed Stainless Steel, Chrome, Deep Black Pvd, Matte Black, Matte British Gold Pvd, Matte Copper Pvd, Matte Gun Metal Pvd, Matte White, Pure Brass Pvd, Raw Metal Pvd",,,,Brass,,,fantini sanitare
1106,Nostromo - Cap de duș/cadă încastrat,"Wall-mount adjustable showerhead

- Design: CRS Fantini
- Collection: Fantini
- 1/2'' NPT male connection
- anti-lime scale system
- Round escutcheon
- Water flow restricted to 2.0 gpm
- Compatible with all Fantini wall and ceiling mount shower arms

Wall-mount adjustable showerhead Art. 86028147U - Series Nostromo - Design: CRS Fantini

Design: CRS Fantini",sanitare,BATERII,Davide Mercatali,False,DUS,Fantini,,"Brushed Stainless Steel, Chrome, Deep Black Pvd, Matte Black, Matte British Gold Pvd, Matte Copper Pvd, Matte Gun Metal Pvd, Matte White, Pure Brass Pvd, Raw Metal Pvd",,,,Brass,,,fantini sanitare
1107,Nostromo - Set de cadă încastrat,"Wall-mount non-thermostatic tub set

- Design: Davide Mercatali
- Collection: Fantini
- 5 7/8'' spout projection
- 2-way diverter with turning knob
- Cylindrical handshower with anti-siphon check valve
- water plug with showerholder
- 58'' vinyl hose
- 1/2'' inlets
- Water flow restricted to 1.8 gpm for handshower
- 5.9 gpm @ 60 psi

Wall-mount non-thermostatic tub set Art. 5002M720BU+4400R021AU - Series Nostromo - Design: Davide Mercatali

Design: Davide Mercatali",sanitare,BATERII,Davide Mercatali,False,CADA,Fantini,,"Brushed Stainless Steel, Chrome, Deep Black Pvd, Matte Black, Matte British Gold Pvd, Matte Copper Pvd, Matte Gun Metal Pvd, Matte White, Pure Brass Pvd, Raw Metal Pvd",,,,Brass,,,fantini sanitare
1108,Nostromo - Baterie înaltă freestanding cu duș,"Floor-mount single-control tub filler

- Design: Davide Mercatali
- Collection: Fantini
- 7 7/8'' spout projection
- handle
- open/close handle with flow and temperature control
- FIT handshower
- handshower holder
- 58'' PVC hose
- 1/2'' inlets
- Water flow restricted to 1.8 gpm for handshower
- 6.84 GPM @ 60 psi
- Traditional cartridge

Floor-mount single-control tub filler Art. 5002E880BU+4400R080AU - Series Nostromo - Design: Davide Mercatali

Design: Davide Mercatali",sanitare,BATERII,Davide Mercatali,False,CADA,Fantini,,"Brushed Stainless Steel, Chrome, Deep Black Pvd, Matte Black, Matte British Gold Pvd, Matte Copper Pvd, Matte Gun Metal Pvd, Matte White, Pure Brass Pvd, Raw Metal Pvd",,,,Brass,,,fantini sanitare
1109,Flora - Baterie înaltă,"- Design: Vincent Van Duysen
- Collection: Fantini
- handles.4
- spout projection 15 cm
- flow restrictor 5 l/min at 3 bar
- 90° ceramic cartridge
- flexible supply lines
- WITHOUT WASTE
- Ceramic cartridges

Art. 7602J607W - Series Flora - Design: Vincent Van Duysen

Design: Vincent Van Duysen",sanitare,BATERII,Vincent Van Duysen,False,DE BLAT,Fantini,,"Brushed Steel Look Pvd, Chrome, Matt Gun Metal Pvd, Mokka Pvd, Polished Nickel Pvd",,,,Brass,,,fantini sanitare
1110,Flora -Baterie încastrată,"- Design: Vincent Van Duysen
- Collection: Fantini
- handles.4
- spout projection 15 cm
- flow restrictor 5 l/min at 3 bar
- 90° ceramic cartridge
- 1/2'' inlets
- WITHOUT WASTE
- Ceramic cartridges

Art. 7602J610B+4400R010A - Series Flora - Design: Vincent Van Duysen

Design: Vincent Van Duysen",sanitare,BATERII,Vincent Van Duysen,False,DE PERETE,Fantini,,"Brushed Steel Look Pvd, Chrome, Matt Gun Metal Pvd, Mokka Pvd, Polished Nickel Pvd",,,,Brass,,,fantini sanitare
1111,Flora - Baterie bideu,"- Design: Vincent Van Duysen
- Collection: Fantini
- handle.1
- spout projection 12,5 cm
- flow restrictor 5 l/min at 3 bar
- articulated aerator
- flexible supply lines
- WITHOUT WASTE
- Traditional cartridge

Art. 7602J708WF - Series Flora - Design: Vincent Van Duysen

Design: Vincent Van Duysen",sanitare,BATERII,Vincent Van Duysen,False,DE BIDEU,Fantini,,"Brushed Steel Look Pvd, Chrome, Matt Gun Metal Pvd, Mokka Pvd, Polished Nickel Pvd",,,,Brass,,,fantini sanitare
1112,Flora - Baterie bideu,"- Design: Vincent Van Duysen
- Collection: Fantini
- handle.1
- spout projection 12,5 cm
- flow restrictor 5 l/min at 3 bar
- flexible supply lines
- WITH pop-up WASTE
- Traditional cartridge

Art. 7602J704F - Series Flora - Design: Vincent Van Duysen

Design: Vincent Van Duysen",sanitare,BATERII,Vincent Van Duysen,False,DUS,Fantini,,"Brushed Steel Look Pvd, Chrome, Matt Gun Metal Pvd, Mokka Pvd, Polished Nickel Pvd",,,,Brass,,,fantini sanitare
1113,Flora I - Cap de duș,"- Design: CRS Fantini
- Collection: Fantini
- ACQUAFIT
- Water functions:
- 1st function: 240 anti - limestone nozzles
- Ø 30 cm
- base material: stainless steel
- check valve
- flow restrictor 14 l/min at 3 bar
- anti-lime scale system
- 1/2'' inlet
- NOTE: conditions necessary for the correct functioning: Min. Flow Rate: 12 l/min

Art. 7938K073 - Series Flora - Design: CRS Fantini

Design: CRS Fantini",sanitare,BATERII,Vincent Van Duysen,False,DUS,Fantini,,"Chrome, Matt Gun Metal Pvd, Polished Nickel Pvd",,,,Brass,,,fantini sanitare
1114,Flora - Brațe de duș,"- Design: C&P
- Collection: Fantini
- 10 cm long
- round backplate
- ceiling-mount
- 1/2'' inlet

Art. 86028121 - Series Flora - Design: C&P

Design: C&P",sanitare,BATERII,Vincent Van Duysen,False,DUS,Fantini,,"Brushed Steel Look Pvd, Chrome, Matt Gun Metal Pvd, Mokka Pvd, Polished Nickel Pvd",,,,Brass,,,fantini sanitare
1115,Flora I - Baterie pentru duș,"- Design: Vincent Van Duysen
- Collection: Fantini
- handles.1
- 3-way diverter with turning knob
- 1/2'' inlets
- soundproof
- for horizontal installation only
- Traditional cartridge

Art. 7602J787B+4400M687A - Series Flora - Design: Vincent Van Duysen

Design: Vincent Van Duysen",sanitare,BATERII,Vincent Van Duysen,False,DUS,Fantini,,"Brushed Steel Look Pvd, Chrome, Mokka Pvd, Polished Nickel Pvd",,,,Brass,,,fantini sanitare
1116,Flora II - Baterie pentru duș,"- Design: Vincent Van Duysen
- Collection: Fantini
- handle.1
- with rosaces
- 2-way diverter with turning knob
- 1/2'' inlets
- soundproof
- for horizontal installation only

Art. 7602J723B+4400M623A - Series Flora - Design: Vincent Van Duysen

Design: Vincent Van Duysen",sanitare,BATERII,Vincent Van Duysen,False,DUS,Fantini,,"Brushed Steel Look Pvd, Chrome, Matt Gun Metal Pvd, Mokka Pvd, Polished Nickel Pvd",,,,Brass,,,fantini sanitare
1117,Flora - Sistem de duș încastrat,"Built-in bathtub mixer

- Design: Vincent Van Duysen
- Collection: Fantini
- handles.4
- without spout
- 2-way diverter with turning knob
- FLORA handshower
- water plug with showerholder
- 150 cm PVC flexible
- 90° ceramic cartridge
- 1/2'' inlets
- Ceramic cartridges

Built-in bathtub mixer Art. 7602J617B+4400R017A - Series Flora - Design: Vincent Van Duysen

Design: Vincent Van Duysen",sanitare,BATERII,Vincent Van Duysen,False,DUS,Fantini,,"Brushed Steel Look Pvd, Chrome, Matt Gun Metal Pvd, Mokka Pvd, Polished Nickel Pvd",,,,Brass,,,fantini sanitare
1118,Flora III - Baterie pentru duș,"- Design: Vincent Van Duysen
- Collection: Fantini
- handle.4
- 2-way shut-off diverter with turning knob
- for horizontal installation only
- 3/4'' inlets
- Thermostatic cartridge

Art. 7602J872B+1900D372A - Series Flora - Design: Vincent Van Duysen

Design: Vincent Van Duysen",sanitare,BATERII,Vincent Van Duysen,False,DUS,Fantini,,"Brushed Steel Look Pvd, Chrome, Matt Gun Metal Pvd, Mokka Pvd, Polished Nickel Pvd",,,,Brass,,,fantini sanitare
1119,Flora - Baterie înaltă freestanding cu duș,"Floor-mount bathtub mixer

- Design: Vincent Van Duysen
- Collection: Fantini
- handle.1
- spout projection 20 cm
- open/close handle with flow and temperature control
- FLORA handshower
- handshower holder
- 150 cm flexible
- 1/2'' inlets
- on foot
- Traditional cartridge

Floor-mount bathtub mixer Art. 7602J780B+4400R080A - Series Flora - Design: Vincent Van Duysen

Design: Vincent Van Duysen",sanitare,BATERII,Vincent Van Duysen,False,CADA,Fantini,,"Brushed Steel Look Pvd, Chrome, Matt Gun Metal Pvd, Mokka Pvd",,,,Brass,,,fantini sanitare
1120,Flora - Set de cadă încastrat,"Built-in bathtub mixer

- Design: Vincent Van Duysen
- Collection: Fantini
- handles.4
- spout projection 20 cm
- 2-way diverter with turning knob
- FLORA handshower
- water plug with showerholder
- 150 cm PVC flexible
- 90° ceramic cartridge
- 1/2'' inlets
- Ceramic cartridges

Built-in bathtub mixer Art. 7602J619B+4400R019A - Series Flora - Design: Vincent Van Duysen

Design: Vincent Van Duysen",sanitare,BATERII,Vincent Van Duysen,False,CADA,Fantini,,"Brushed Steel Look Pvd, Chrome, Matt Gun Metal Pvd, Mokka Pvd",,,,Brass,,,fantini sanitare
1121,AW/PIPE II - Baterie înaltă,"Three-hole washbasin mixer

- Design: Marcel Wanders
- Collection: Aboutwater Boffi Fantini
- 7 7/8'' spout projection
- Without drain
- 1/4 turn ceramic disc cartridge
- flexible supply lines
- Water flow restricted to 1.2 gpm
- Drain not included, please select W095U or W097U in the Miscellaneous Articles section.

Three-hole washbasin mixer Art. 20P5T407WU - Series AW/PIPE - Design: Marcel Wanders

Design: Marcel Wanders",sanitare,BATERII,Marcel Wanders,False,DE BLAT,Fantini,,"Brushed Stainless Steel, Brushed Stainless Steel - Red, Matte Gun Metal Pvd",,,,Brass,,,fantini sanitare
1122,AW/PIPE I - Baterie înaltă,"Two-hole washbasin mixer with single-control

- Design: Marcel Wanders
- Collection: Aboutwater Boffi Fantini
- Traditional cartridge
- 7 7/8'' spout projection
- Without drain
- flexible supply lines
- Water flow restricted to 1.2 gpm
- Drain not included, please select W095U or W097U in the Miscellaneous Articles section.

Two-hole washbasin mixer with single-control Art. 20P5T607WU - Series AW/PIPE - Design: Marcel Wanders

Design: Marcel Wanders",sanitare,BATERII,Marcel Wanders,False,DE BLAT,Fantini,,"Brushed Stainless Steel, Brushed Stainless Steel - Red, Matte Gun Metal Pvd",,,,Brass,,,fantini sanitare
1123,AW/PIPE I - Baterie încastrată,"Wall-mount washbasin mixer

- Design: Marcel Wanders
- Collection: Aboutwater Boffi Fantini
- 8 5/8'' spout projection
- Without drain
- Water flow restricted to 1.2 gpm
- 1/2'' inlets
- Drain not included, please select W095U or W097U in the Miscellaneous Articles section.

Wall-mount washbasin mixer Art. 20P5T513BU+4400M011AU - Series AW/PIPE - Design: Marcel Wanders

Design: Marcel Wanders",sanitare,BATERII,Marcel Wanders,False,DE PERETE,Fantini,,"Brushed Stainless Steel, Brushed Stainless Steel - Red, Matte Gun Metal Pvd",,,,Brass,,,fantini sanitare
1124,AW/PIPE II - Baterie încastrată,"Wall-mount three-hole washbasin mixer

- Design: Marcel Wanders
- Collection: Aboutwater Boffi Fantini
- 8 5/8'' spout projection
- Without drain
- 1/4 turn ceramic disc cartridge
- Water flow restricted to 1.2 gpm
- Drain not included, please select W095U or W097U in the Miscellaneous Articles section.

Wall-mount three-hole washbasin mixer Art. 20P5T413BU+4400R010AU - Series AW/PIPE - Design: Marcel Wanders

Design: Marcel Wanders",sanitare,BATERII,Marcel Wanders,False,DE PERETE,Fantini,,"Brushed Stainless Steel, Brushed Stainless Steel - Red, Matte Gun Metal Pvd",,,,Brass,,,fantini sanitare
1125,AW/PIPE II - Sistem de duș încastrat,"Built-in shower mixer

- Design: Marcel Wanders
- Collection: Aboutwater Boffi Fantini
- 2-way diverter with turning knob
- FIT handshower
- water plug with showerholder
- 58'' PVC hose
- 1/2'' NPT inlet
- Traditional cartridge

Built-in shower mixer Art. 20P5T584BU+4400R084AU - Series AW/PIPE - Design: Marcel Wanders

Design: Marcel Wanders",sanitare,BATERII,Marcel Wanders,False,DUS,Fantini,,"Brushed Stainless Steel, Brushed Stainless Steel - Red, Matte Gun Metal Pvd",,,,Brass,,,fantini sanitare
1126,AW/PIPE - Baterie înaltă freestanding cu duș,"Floor-mount single-control tub filler

- Design: Marcel Wanders
- Collection: Aboutwater Boffi Fantini
- spout projection 19,9 cm
- open/close handle with flow and temperature control
- FIT handshower
- handshower holder
- 58'' PVC hose
- 1/2'' inlets
- Traditional cartridge
- on foot
- 6.0 gpm @ 60 psi

Floor-mount single-control tub filler Art. 20P5T580BU+4400R080AU - Series AW/PIPE - Design: Marcel Wanders

Design: Marcel Wanders",sanitare,BATERII,Marcel Wanders,False,CADA,Fantini,,"Brushed Stainless Steel, Brushed Stainless Steel - Red, Matte Gun Metal Pvd",,,,Brass,,,fantini sanitare
1127,AW/PIPE - Set de cadă încastrat,"Built-in bathtub mixer

- Design: Marcel Wanders
- Collection: Aboutwater Boffi Fantini
- 8 3/4'' spout projection
- 2-way diverter with turning knob
- FIT handshower
- water plug with showerholder
- 58'' PVC hose
- 1/2'' NPT inlet
- Traditional cartridge
- 6.0 gpm @ 60 psi

Built-in bathtub mixer Art. 20P5T521BU+4400R021AU - Series AW/PIPE - Design: Marcel Wanders

Design: Marcel Wanders",sanitare,BATERII,Marcel Wanders,False,CADA,Fantini,,"Brushed Stainless Steel, Brushed Stainless Steel - Red, Matte Gun Metal Pvd",,,,Brass,,,fantini sanitare
1128,AC/ECLIPSE - Baterie joasă,"Single-control washbasin mixer

- Design: Studiocharlie
- Collection: Aboutwater Boffi Fantini
- Traditional cartridge
- 5'' spout projection
- Without drain
- Water flow restricted to 1.2 gpm
- flexible supply lines
- Drain not included, please select W095U or W097U in the Miscellaneous Articles section.

Single-control washbasin mixer Art. 40P5L504WU - Series AC/ECLIPSE - Design: Studiocharlie

Design: Studiocharlie",sanitare,BATERII,Studiocharlie,False,DE BLAT,Fantini,,"Brushed Stainless Steel, Matte Gun Metal Pvd",,,,Brass,,,fantini sanitare
1129,AC/ECLIPSE - Baterie înaltă,"Single-control vessel mixer

- Design: Studiocharlie
- Collection: Aboutwater Boffi Fantini
- Traditional cartridge
- 8'' spout projection
- Without drain
- Handle included
- Water flow restricted to 1.2 gpm
- flexible supply lines
- Drain not included, please select W095U or W097U in the Miscellaneous Articles section.

Single-control vessel mixer Art. 40P5L506WU - Series AC/ECLIPSE - Design: Studiocharlie

Design: Studiocharlie",sanitare,BATERII,Studiocharlie,False,DE BLAT,Fantini,,"Brushed Stainless Steel, Matte Gun Metal Pvd",,,,Brass,,,fantini sanitare
1130,AC/ECLIPSE I - Baterie înaltă,"Two-hole washbasin mixer with single-control

- Design: Studiocharlie
- Collection: Aboutwater Boffi Fantini
- Traditional cartridge
- 6'' spout projection
- Without drain
- flexible supply lines
- Water flow restricted to 1.2 gpm
- Drain not included, please select W095U or W097U in the Miscellaneous Articles section.

Two-hole washbasin mixer with single-control Art. 40P5L807WU - Series AC/ECLIPSE - Design: Studiocharlie

Design: Studiocharlie",sanitare,BATERII,Studiocharlie,False,DE BLAT,Fantini,,"Brushed Stainless Steel, Matte Gun Metal Pvd",,,,Brass,,,fantini sanitare
1131,AC/ECLIPSE II - Baterie înaltă,"Three-hole washbasin mixer

- Design: Studiocharlie
- Collection: Aboutwater Boffi Fantini
- 6'' spout projection
- Without drain
- 1/4 turn ceramic disc cartridge
- flexible supply lines
- Water flow restricted to 1.2 gpm
- Drain not included, please select W095U or W097U in the Miscellaneous Articles section.

Three-hole washbasin mixer Art. 40P5L607WU - Series AC/ECLIPSE - Design: Studiocharlie

Design: Studiocharlie",sanitare,BATERII,Studiocharlie,False,DE BLAT,Fantini,,"Brushed Stainless Steel, Matte Gun Metal Pvd",,,,Brass,,,fantini sanitare
1132,AC/ECLIPSE I - Baterie încastrată,"Wall-mount washbasin mixer

- Design: Studiocharlie
- Collection: Aboutwater Boffi Fantini
- 9'' spout projection
- Without drain
- Water flow restricted to 1.2 gpm
- 1/2'' inlets
- Drain not included, please select W095U or W097U in the Miscellaneous Articles section.

Wall-mount washbasin mixer Art. 40P5L513BU+4000D711AU - Series AC/ECLIPSE - Design: Studiocharlie

Design: Studiocharlie",sanitare,BATERII,Studiocharlie,False,DE PERETE,Fantini,,"Brushed Stainless Steel, Matte Gun Metal Pvd",,,,Brass,,,fantini sanitare
1133,AC/ECLIPSE II - Baterie încastrată,"Wall-mount three-hole washbasin mixer

- Design: Studiocharlie
- Collection: Aboutwater Boffi Fantini
- 8 5/8'' spout projection
- Without drain
- 1/4 turn ceramic disc cartridge
- Water flow restricted to 1.2 gpm
- Drain not included, please select W095U or W097U in the Miscellaneous Articles section.

Wall-mount three-hole washbasin mixer Art. 40P5L613BU+4000D810AU - Series AC/ECLIPSE - Design: Studiocharlie

Design: Studiocharlie",sanitare,BATERII,Studiocharlie,False,DE PERETE,Fantini,,"Brushed Stainless Steel, Matte Gun Metal Pvd",,,,Brass,,,fantini sanitare
1134,AC/ECLIPSE - Baterie înaltă freestanding,"Floor-mount single-control washbasin mixer

- Design: Studiocharlie
- Collection: Aboutwater Boffi Fantini
- 7 5/8'' projection
- Without drain
- Water flow restricted to 1.2 gpm
- 1/2'' inlets
- Drain not included, please select W095U or W097U in the Miscellaneous Articles section.

Floor-mount single-control washbasin mixer Art. 40P5L536BU+4000D736AU - Series AC/ECLIPSE - Design: Studiocharlie

Design: Studiocharlie",sanitare,BATERII,Studiocharlie,False,FREESTANDING,Fantini,,"Brushed Stainless Steel, Matte Gun Metal Pvd",,,,Brass,,,fantini sanitare
1135,AC/ECLIPSE - Pipă înaltă freestanding,"Floor-mount washbasin spout

- Design: Studiocharlie
- Collection: Aboutwater Boffi Fantini
- 8 7/8'' spout projection
- 1/2'' inlet
- Water flow restricted to 1.2 gpm

Floor-mount washbasin spout Art. 40P5Z240BU+4000Z240AU - Series AC/ECLIPSE - Design: Studiocharlie

Design: Studiocharlie",sanitare,BATERII,Studiocharlie,False,FREESTANDING,Fantini,,"Brushed Stainless Steel, Matte Gun Metal Pvd",,,,Brass,,,fantini sanitare
1136,AC/ECLIPSE - Control separat,"Wall-mount separate control for washbasin spouts

- Design: Studiocharlie
- Collection: Aboutwater Boffi Fantini
- 1/2'' inlet
- Round escutcheon
- 7.6 gpm @ 60 psi

Wall-mount separate control for washbasin spouts Art. 40P5L563BU+4000D763AU - Series AC/ECLIPSE - Design: Studiocharlie

Design: Studiocharlie",sanitare,BATERII,Studiocharlie,False,FREESTANDING,Fantini,,"Brushed Stainless Steel, Matte Gun Metal Pvd",,,,Brass,,,fantini sanitare
1137,AC/ECLIPSE - Baterie bideu,"Single-hole bidet mixer

- Design: Studiocharlie
- Collection: Aboutwater Boffi Fantini
- Traditional cartridge
- 5'' spout projection
- Without drain
- Water flow restricted to 1.2 gpm
- articulated aerator
- flexible supply lines
- Drain not included, please select W095U or W097U in the Miscellaneous Articles section.

Single-hole bidet mixer Art. 40P5L508WU - Series AC/ECLIPSE - Design: Studiocharlie

Design: Studiocharlie",sanitare,BATERII,Studiocharlie,False,DE BIDEU,Fantini,,"Brushed Stainless Steel, Matte Gun Metal Pvd",,,,Brass,,,fantini sanitare
1138,AC/ECLIPSE - Sistem de duș încastrat,"1/2'' Thermostatic mixer with 3-way diverter

- Design: Studiocharlie
- Collection: Aboutwater Boffi Fantini
- Thermostatic cartridge
- For horizontal installation
- 1/2'' NPT inlets and outlets
- Accessible shut-off valves and filters

1/2'' Thermostatic mixer with 3-way diverter Art. 40P5L773BU+4000D973AU - Series AC/ECLIPSE - Design: Studiocharlie

Design: Studiocharlie",sanitare,BATERII,Studiocharlie,False,DUS,Fantini,,"Brushed Stainless Steel, Matte Gun Metal Pvd",,,,Brass,,,fantini sanitare
1139,AC/ECLIPSE - Set de cadă încastrat,"Built-in bathtub mixer

- Design: Studiocharlie
- Collection: Aboutwater Boffi Fantini
- 8 3/4'' spout projection
- 2-way diverter with turning knob
- water plug with showerholder
- 58'' PVC hose
- 1/2'' NPT inlet
- Traditional cartridge
- 6.0 gpm @ 60 psi

Built-in bathtub mixer Art. 40P5L521BU+4000D721AU - Series AC/ECLIPSE - Design: Studiocharlie

Design: Studiocharlie",sanitare,BATERII,Studiocharlie,False,CADA,Fantini,,"Brushed Stainless Steel, Matte Gun Metal Pvd",,,,Brass,,,fantini sanitare
1140,AC/ECLIPSE - Set de cadă de blat,"4-Hole Roman tub set

- Design: Studiocharlie
- Collection: Aboutwater Boffi Fantini
- without spout
- 2-way diverter with turning knob
- 58'' metal hose
- 90° ceramic cartridge
- 1/2'' inlets
- flexible supply lines
- Water flow restricted to 1.8 gpm for handshower
- Ceramic cartridges

4-Hole Roman tub set Art. 40P5L667U - Series AC/ECLIPSE - Design: Studiocharlie

Design: Studiocharlie",sanitare,BATERII,Studiocharlie,False,CADA,Fantini,,"Brushed Stainless Steel, Matte Gun Metal Pvd",,,,Brass,,,fantini sanitare
1141,AC/ECLIPSE - Baterie înaltă freestanding cu duș,"Floor-mount single-control tub filler

- Design: Studiocharlie
- Collection: Aboutwater Boffi Fantini
- 9 3/4'' spout projection
- open/close handle with flow and temperature control
- handshower holder
- 58'' PVC hose
- 1/2'' inlets
- on foot
- Traditional cartridge
- 6.0 gpm @ 60 psi

Floor-mount single-control tub filler Art. 40P5L580BU+4000D736AU - Series AC/ECLIPSE - Design: Studiocharlie

Design: Studiocharlie",sanitare,BATERII,Studiocharlie,False,CADA,Fantini,,"Brushed Stainless Steel, Matte Gun Metal Pvd",,,,Brass,,,fantini sanitare
1142,AF/21 - Baterie joasă,"Three-hole washbasin mixer - Handles in Marquinia black Marble

- Design: Naoto Fukasawa
- Collection: Aboutwater Boffi Fantini
- Ceramic cartridges
- 6 1/8'' spout projection
- Without drain
- Aerated flow
- 1/4 turn ceramic disc cartridge
- flexible supply lines
- Water flow restricted to 1.2 gpm
- Drain not included, please select W095U or W097U in the Miscellaneous Articles section.

Three-hole washbasin mixer - Handles in Marquinia black Marble Art. 2702A204WUCY - Series AF/21 - Design: Naoto Fukasawa

Design: Naoto Fukasawa",sanitare,BATERII,Naoto Fukasawa,False,DE BLAT,Fantini,,"Brushed Stainless Steel, Chrome, Matte Gun Metal Pvd",,,,Brass,,,fantini sanitare
1143,AF/21 - Baterie înaltă,"Three-hole vessel mixer - Handles in Carrara white Marble

- Design: Naoto Fukasawa
- Collection: Aboutwater Boffi Fantini
- Ceramic cartridges
- 6 1/8'' spout projection
- Without drain
- Aerated flow
- 1/4 turn ceramic disc cartridge
- flexible supply lines
- Water flow restricted to 1.2 gpm
- Drain not included, please select W095U or W097U in the Miscellaneous Articles section.

Three-hole vessel mixer - Handles in Carrara white Marble Art. 2702A206WUCX - Series AF/21 - Design: Naoto Fukasawa

Design: Naoto Fukasawa",sanitare,BATERII,Naoto Fukasawa,False,DE BLAT,Fantini,,"Brushed Stainless Steel, Chrome, Matte Gun Metal Pvd",,,,Brass,,,fantini sanitare
1144,AF/21 I - Baterie încastrată,"Wall-mount single-control washbasin mixer - Handle in Carrara white Marble

- Design: Naoto Fukasawa
- Collection: Aboutwater Boffi Fantini
- 8 1/8'' spout projection
- Without drain
- Aerated flow
- Progressive cartridge
- Water flow restricted to 1.2 gpm
- Drain not included, please select W095U or W097U in the Miscellaneous Articles section.

Wall-mount single-control washbasin mixer - Handle in Carrara white Marble Art. 2702A713BUCX+4400A713AU - Series AF/21 - Design: Naoto Fukasawa

Design: Naoto Fukasawa",sanitare,BATERII,Naoto Fukasawa,False,DE PERETE,Fantini,,"Brushed Stainless Steel, Chrome, Matte Gun Metal Pvd",,,,Brass,,,fantini sanitare
1145,AF/21 II - Baterie încastrată,"Wall-mount three-hole washbasin mixer - Handles in Marquinia black Marble

- Design: Naoto Fukasawa
- Collection: Aboutwater Boffi Fantini
- 8 1/8'' spout projection
- Without drain
- Aerated flow
- 1/4 turn ceramic disc cartridge
- Water flow restricted to 1.2 gpm
- Drain not included, please select W095U or W097U in the Miscellaneous Articles section.

Wall-mount three-hole washbasin mixer - Handles in Marquinia black Marble Art. 2702A813BUCY+4400R010AU - Series AF/21 - Design: Naoto Fukasawa

Design: Naoto Fukasawa",sanitare,BATERII,Naoto Fukasawa,False,DE PERETE,Fantini,,"Brushed Stainless Steel, Chrome, Matte Gun Metal Pvd",,,,Brass,,,fantini sanitare
1146,AF/21 - Sistem de duș încastrat,"Wall-mount tub filler - Handles in Marquinia black Marble

- Design: Naoto Fukasawa
- Collection: Aboutwater Boffi Fantini
- without spout
- Cylindrical handshower with anti-siphon check valve
- 1/2'' female inlets
- Handshower holder with 58'' PVC hose and water outlet
- 2-way diverter
- 1/4 turn ceramic disc cartridge
- Water flow restricted to 1.8 gpm for handshower

Wall-mount tub filler - Handles in Marquinia black Marble Art. 2702A817BUCY+4400A817AU - Series AF/21 - Design: Naoto Fukasawa

Design: Naoto Fukasawa",sanitare,BATERII,Naoto Fukasawa,False,DUS,Fantini,,"Brushed Stainless Steel, Chrome, Matte Gun Metal Pvd",,,,Brass,,,fantini sanitare
1147,AF/21 - Duș de mână,"Wall-mount handshower set

- Design: Naoto Fukasawa
- Collection: Aboutwater Boffi Fantini
- Cylindrical handshower with anti-siphon check valve
- anti-lime scale system
- 58'' PVC hose
- Water outlet with holder
- 1/2'' NPT male connection
- Water flow restricted to 1.8 gpm

Wall-mount handshower set Art. 81028061U - Series AF/21 - Design: Naoto Fukasawa

Design: Naoto Fukasawa",sanitare,BATERII,Naoto Fukasawa,False,DUS,Fantini,,"Brushed Stainless Steel, Chrome, Matte Gun Metal Pvd",,,,Brass,,,fantini sanitare
1148,AF/21 - Baterie pentru duș,"Built-in shower mixer - Handles in Carrara white Marble

- Design: Naoto Fukasawa
- Collection: Aboutwater Boffi Fantini
- Non-thermostatic 1/2'' mixer
- Flow and temperature controlled by a progressive cartridge
- 2-way diverter
- 6.0 gpm @ 60 psi (primary outlet)
- 5.5 gpm @ 60 psi (secondary outlet)
- To be installed with a remote pressure balance valve

Built-in shower mixer - Handles in Carrara white Marble Art. 2702A785BUCX+4400A785AU - Series AF/21 - Design: Naoto Fukasawa

Design: Naoto Fukasawa",sanitare,BATERII,Naoto Fukasawa,False,DUS,Fantini,,"Brushed Stainless Steel, Chrome, Matte Gun Metal Pvd",,,,Brass,,,fantini sanitare
1149,AF/21 - Baterie înaltă freestanding cu duș,"Floor-mount single-control tub filler

- Design: Naoto Fukasawa
- Collection: Aboutwater Boffi Fantini
- 9 7/8'' spout projection
- Cylindrical handshower with anti-siphon check valve
- Pull-out diverter for handshower
- 58'' PVC hose
- Traditional cartridge
- Water flow restricted to 1.8 gpm for handshower
- 6.2 gpm @ 60 psi

Floor-mount single-control tub filler Art. 2702A580BU+1700A036AU - Series AF/21 - Design: Naoto Fukasawa

Design: Naoto Fukasawa",sanitare,BATERII,Naoto Fukasawa,False,CADA,Fantini,,"Brushed Stainless Steel, Chrome, Matte Gun Metal Pvd",,,,Brass,,,fantini sanitare
1150,AF/21 - Set de cadă încastrat,"Wall-mount tub filler - Handles in Carrara white Marble

- Design: Naoto Fukasawa
- Collection: Aboutwater Boffi Fantini
- 8 1/2'' spout projection
- Cylindrical handshower with anti-siphon check valve
- 1/2'' female inlets
- Handshower holder with 58'' PVC hose and water outlet
- 2-way diverter
- 1/4 turn ceramic disc cartridge
- Water flow restricted to 1.8 gpm for handshower
- 7.1 gpm @ 60 psi

Wall-mount tub filler - Handles in Carrara white Marble Art. 2702A819BUCX+4400A819AU - Series AF/21 - Design: Naoto Fukasawa

Design: Naoto Fukasawa",sanitare,BATERII,Naoto Fukasawa,False,CADA,Fantini,,"Brushed Stainless Steel, Chrome, Matte Gun Metal Pvd",,,,Brass,,,fantini sanitare
1200,CleoSteel - Baterie joasă,"Wash basin mixer, 189 mm high, center distance 145 mm long, WITH CLIC/CLAC POP-UP DRAIN.",sanitare,BATERII,CleoSteel 48,False,DE BLAT,Fir Italia,,Stainless Steel,,,,Stainless Steel AISI 316L,,,fir italia
1201,CleoSteel - Baterie înaltă,"Wash basin mixer, 340 mm high, center distance 145 mm long, WITH CLIC/CLAC POP-UP DRAIN.",sanitare,BATERII,CleoSteel 48,False,DE BLAT,Fir Italia,,Stainless Steel,,,,Stainless Steel AISI 316L,,,fir italia
1202,CleoSteel - Pipă de blat,"Deck-mounted water spout, center distance 150 mm long, 233 mm high.",sanitare,BATERII,CleoSteel 48,False,DE BLAT,Fir Italia,,Stainless Steel,,,,Stainless Steel AISI 316L,,,fir italia
1203,CleoSteel - Mixer de blat,Deck-mounted mixer for water spout.,sanitare,BATERII,CleoSteel 48,False,DE BLAT,Fir Italia,,Stainless Steel,,,,Stainless Steel AISI 316L,,,fir italia
1204,CleoSteel - Baterie încastrată I,"External part for wall-mounted built-in basin mixer, 208 mm long, center distance 200 mm long.

Articole complementare necesare: Art. 0580350 : Piesă încorporată pentru baterie de lavoar cu montare pe perete",sanitare,BATERII,CleoSteel 48,False,DE PERETE,Fir Italia,,Stainless Steel,,,,Stainless Steel AISI 316L,,,fir italia
1205,CleoSteel - Mixer de perete,Wall-mounted built-in mixer.,sanitare,BATERII,CleoSteel 48,False,DE PERETE,Fir Italia,,Stainless Steel,,,,Stainless Steel AISI 316L,,,fir italia
1206,CleoSteel - Baterie încastrată II,"External part for wall-mounted built-in basin mixer with plate, 210 mm long, center distance 200 mm long.

Articole complementare necesare: Art. 0510000 : Sistem încorporat universal FirUnico",sanitare,BATERII,CleoSteel 48,False,DE PERETE,Fir Italia,,Stainless Steel,,,,Stainless Steel AISI 316L,,,fir italia
1207,CleoSteel - Baterie înaltă freestanding,"External part for floor-mounted wash basin mixer, 1123 mm high, center distance 250 mm long.

Articole complementare necesare: Art. 0521474 : Piesă încorporată pentru mixer din oțel inoxidabil cu montare pe podea",sanitare,BATERII,CleoSteel 48,False,FREESTANDING,Fir Italia,,Stainless Steel,,,,Stainless Steel AISI 316L,,,fir italia
1208,CleoSteel - Pipă înaltă freestanding,"Floor-mounted water spout 1/2'', center distance 250 mm long, 1145 mm high.

Observații: in combinatie neaparata cu urmatoarele produse: 48.5105.0, 48.5010.9

Articole complementare necesare: Art. 0521474 : Piesă încorporată pentru mixer din oțel inoxidabil cu montare pe podea",sanitare,BATERII,CleoSteel 48,False,FREESTANDING,Fir Italia,,Stainless Steel,,,,Stainless Steel AISI 316L,,,fir italia
1209,CleoSteel - Baterie înaltă freestanding cu duș,External part for floor-mounted bath mixer with shower set.,sanitare,BATERII,CleoSteel 48,False,CADA,Fir Italia,,Stainless Steel,,,,Stainless Steel AISI 316L,,,fir italia
1210,CleoSteel - Pipă de tavan,"Ceiling-mounted water spout 1/2'', 1600 mm long.

Observații: in combinatie neaparata cu urmatoarele produse: 48.5105.0, 48.5010.9",sanitare,BATERII,CleoSteel 48,False,DE TAVAN,Fir Italia,,Stainless Steel,,,,Stainless Steel AISI 316L,,,fir italia
1300,Petra - Vas de toaletă cu picior,,sanitare,VASE DE TOALETA,Petra,False,CU PICIOR,GSG,,"Bianco lucido cod.000, Bianco matt cod.001, Bicolore cipria satinato, Bicolore denim satinato, Bicolore pergamon lucido, Cashmere satinato cod.030, Cipria satinato cod.032, Denim satinato cod.027, Nero matt cod.003, Pergamon cod.013, Salvia satinato cod.031",,,,Ceramica,,,gsg sanitare
1301,Petra - Vas de toaletă suspendat,,sanitare,VASE DE TOALETA,Petra,False,SUSPENDATE,GSG,,"Bianco lucido cod.000, Bianco matt cod.001, Bicolore cipria satinato, Bicolore denim satinato, Bicolore pergamon lucido, Cashmere satinato cod.030, Cipria satinato cod.032, Denim satinato cod.027, Nero matt cod.003, Pergamon cod.013, Salvia satinato cod.031",,,,Ceramica,,,gsg sanitare
1302,Petra - Bideu cu picior,,sanitare,BIDEURI,Petra,False,CU PICIOR,GSG,,"Bianco lucido cod.000, Bianco matt cod.001, Bicolore cipria satinato, Bicolore denim satinato, Bicolore pergamon lucido, Cashmere satinato cod.030, Cipria satinato cod.032, Denim satinato cod.027, Nero matt cod.003, Pergamon cod.013, Salvia satinato cod.031",,,,Ceramica,,,gsg sanitare
1303,Petra - Bideu suspendat,,sanitare,BIDEURI,Petra,False,SUSPENDATE,GSG,,"Bianco lucido cod.000, Bianco matt cod.001, Bicolore cipria satinato, Bicolore denim satinato, Bicolore pergamon lucido, Cashmere satinato cod.030, Cipria satinato cod.032, Denim satinato cod.027, Nero matt cod.003, Pergamon cod.013, Salvia satinato cod.031",,,,Ceramica,,,gsg sanitare
1304,Petra - COLUMN I,,sanitare,LAVOARE,Petra,False,DE BLAT,GSG,,"Bianco lucido cod.000, Bianco matt cod.001, Bicolore cipria satinato, Bicolore denim satinato, Bicolore pergamon lucido, Cashmere satinato cod.030, Cipria satinato cod.032, Denim satinato cod.027, Nero matt cod.003, Pergamon cod.013, Salvia satinato cod.031",,,,Ceramica,,,gsg sanitare
1305,Petra - 42,,sanitare,LAVOARE,Petra,False,DE BLAT,GSG,,"Bianco lucido cod.000, Bianco matt cod.001, Bicolore cipria satinato, Bicolore denim satinato, Bicolore pergamon lucido, Cashmere satinato cod.030, Cipria satinato cod.032, Denim satinato cod.027, Nero matt cod.003, Pergamon cod.013, Salvia satinato cod.031",,,,Ceramica,,,gsg sanitare
1306,Petra - 60,,sanitare,LAVOARE,Petra,False,DE BLAT,GSG,,"Bianco lucido cod.000, Bianco matt cod.001, Bicolore cipria satinato, Bicolore denim satinato, Bicolore pergamon lucido, Cashmere satinato cod.030, Cipria satinato cod.032, Denim satinato cod.027, Nero matt cod.003, Pergamon cod.013, Salvia satinato cod.031",,,,Ceramica,,,gsg sanitare
1307,Petra - 80,,sanitare,LAVOARE,Petra,False,DE BLAT,GSG,,"Bianco lucido cod.000, Bianco matt cod.001, Bicolore cipria satinato, Bicolore denim satinato, Bicolore pergamon lucido, Cashmere satinato cod.030, Cipria satinato cod.032, Denim satinato cod.027, Nero matt cod.003, Pergamon cod.013, Salvia satinato cod.031",,,,Ceramica,,,gsg sanitare
1308,Petra - COLUMN II,,sanitare,LAVOARE,Petra,False,FREESTANDING,GSG,,"Bianco lucido cod.000, Bianco matt cod.001, Bicolore cipria satinato, Bicolore denim satinato, Bicolore pergamon lucido, Cashmere satinato cod.030, Cipria satinato cod.032, Denim satinato cod.027, Nero matt cod.003, Pergamon cod.013, Salvia satinato cod.031",,,,Ceramica,,,gsg sanitare
1309,Petra - Cadă freestanding 150,,sanitare,CAZI,Petra,False,FREESTANDING,GSG,,"Bianco lucido cod.000, Bianco matt cod.001, Cipria satinato cod.032, Denim satinato cod.027, Nero matt cod.003, Pergamon cod.013, Sabbia satinato cod.034, Salvia satinato cod.031, Total bianco matt cod.001-TO",,,,Ceramica,,,gsg sanitare
1310,Cruise - Vas de toaletă cu picior,"Cruise rimless floor-mounted toilet with Smart Clean flush system.

Toilet seat, fixings and technical curve not included.",sanitare,VASE DE TOALETA,Cruise,False,CU PICIOR,GSG,,"Bianco lucido cod.000, Bianco matt cod.001, Bicolore cipria satinato, Bicolore denim satinato, Bicolore pergamon lucido, Cashmere satinato cod.030, Cipria satinato cod.032, Denim satinato cod.027, Nero matt cod.003, Pergamon cod.013, Salvia satinato cod.031",,,,Ceramica,,,gsg sanitare
1311,Cruise - Vas de toaletă suspendat,"Cruise rimless wall-hung toilet with Smart Clean drainage system.

Seat cover and fixings not included.",sanitare,VASE DE TOALETA,Cruise,False,SUSPENDATE,GSG,,"Bianco lucido cod.000, Bianco matt cod.001, Bicolore cipria satinato, Bicolore denim satinato, Bicolore pergamon lucido, Cashmere satinato cod.030, Cipria satinato cod.032, Denim satinato cod.027, Nero matt cod.003, Pergamon cod.013, Salvia satinato cod.031",,,,Ceramica,,,gsg sanitare
1312,Cruise - Bideu cu picior,"Cruise floor-mounted bidet with one hole (no hole, three holes available upon request)",sanitare,BIDEURI,Cruise,False,CU PICIOR,GSG,,"Bianco lucido cod.000, Bianco matt cod.001, Bicolore cipria satinato, Bicolore denim satinato, Bicolore pergamon lucido, Cashmere satinato cod.030, Cipria satinato cod.032, Denim satinato cod.027, Nero matt cod.003, Pergamon cod.013, Salvia satinato cod.031",,,,Ceramica,,,gsg sanitare
1313,Cruise - Bideu suspendat,Bidet wall-hung one hole (no hole on request). Fixing kit not included.,sanitare,BIDEURI,Cruise,False,SUSPENDATE,GSG,,"Bianco lucido cod.000, Bianco matt cod.001, Bicolore cipria satinato, Bicolore denim satinato, Bicolore pergamon lucido, Cashmere satinato cod.030, Cipria satinato cod.032, Denim satinato cod.027, Nero matt cod.003, Pergamon cod.013, Salvia satinato cod.031",,,,Ceramica,,,gsg sanitare
1314,Cruise - Round 45,Cruise round Washbasin cm Ø45 thin edge.,sanitare,LAVOARE,Cruise,False,DE BLAT,GSG,,"Bianco lucido cod.000, Bianco matt cod.001, Bicolore cipria satinato, Bicolore denim satinato, Bicolore pergamon lucido, Cashmere satinato cod.030, Cipria satinato cod.032, Denim satinato cod.027, Nero matt cod.003, Pergamon cod.013, Salvia satinato cod.031",,,,Ceramica,,,gsg sanitare
1315,Cruise - SQUARE 45,Square Washbasin cm 45 thin edge.,sanitare,LAVOARE,Cruise,False,DE BLAT,GSG,,"Bianco lucido cod.000, Bianco matt cod.001, Bicolore cipria satinato, Bicolore denim satinato, Bicolore pergamon lucido, Cashmere satinato cod.030, Cipria satinato cod.032, Denim satinato cod.027, Nero matt cod.003, Pergamon cod.013, Salvia satinato cod.031",,,,Ceramica,,,gsg sanitare
1316,Cruise - OVAL 65,Cruise oval Washbasin cm 65 thin edge.,sanitare,LAVOARE,Cruise,False,DE BLAT,GSG,,"Bianco lucido cod.000, Bianco matt cod.001, Bicolore cipria satinato, Bicolore denim satinato, Bicolore pergamon lucido, Cashmere satinato cod.030, Cipria satinato cod.032, Denim satinato cod.027, Nero matt cod.003, Pergamon cod.013, Salvia satinato cod.031",,,,Ceramica,,,gsg sanitare
1317,Cruise - OVAL 80,Cruise oval free standing washbasin cm 80,sanitare,LAVOARE,Cruise,False,DE BLAT,GSG,,"Bianco lucido cod.000, Bianco matt cod.001, Bicolore cipria satinato, Bicolore denim satinato, Bicolore pergamon lucido, Cashmere satinato cod.030, Cipria satinato cod.032, Denim satinato cod.027, Nero matt cod.003, Pergamon cod.013, Salvia satinato cod.031",,,,Ceramica,,,gsg sanitare
1318,Cruise - Cadă freestanding 172,"Wall or freestanding acrylic bathtub with overflow, 172 x 83 cm.

Complete with drain and waste.",sanitare,CAZI,Cruise,False,FREESTANDING,GSG,,"Bianco lucido cod.000, Bianco matt cod.001, Cipria satinato cod.032, Denim satinato cod.027, Nero matt cod.003, Pergamon cod.013, Sabbia satinato cod.034, Salvia satinato cod.031, Total bianco matt cod.001-TO",,,,Ceramica,,,gsg sanitare
1319,Like - Vas de toaletă cu picior,Wc back to wall CM. 55 rimless with Smart Clean flushing system wall drain suitable for floor drain with technical elbow (see code ACS100 or acs102 or ACS103). Seat Cover fixing kit and technical elbow not included.,sanitare,VASE DE TOALETA,Like,False,CU PICIOR,GSG,,"Bianco lucido cod.000, Bianco matt cod.001, Bicolore cipria satinato, Bicolore denim satinato, Bicolore pergamon lucido, Cashmere satinato cod.030, Cipria satinato cod.032, Denim satinato cod.027, Nero matt cod.003, Pergamon cod.013, Salvia satinato cod.031",,,,Ceramica,,,gsg sanitare
1320,Like - Vas de toaletă suspendat,Wc wall-hung rimless with Eco Clean flushing system. Seat Cover and fixing kit not included.,sanitare,VASE DE TOALETA,Like,False,SUSPENDATE,GSG,,"Bianco lucido cod.000, Bianco matt cod.001, Bicolore cipria satinato, Bicolore denim satinato, Bicolore pergamon lucido, Cashmere satinato cod.030, Cipria satinato cod.032, Denim satinato cod.027, Nero matt cod.003, Pergamon cod.013, Salvia satinato cod.031",,,,Ceramica,,,gsg sanitare
1321,Like - Bideu cu picior,"Bidet back to wall one hole (no hole, three holes on request).",sanitare,BIDEURI,Like,False,CU PICIOR,GSG,,"Bianco lucido cod.000, Bianco matt cod.001, Bicolore cipria satinato, Bicolore denim satinato, Bicolore pergamon lucido, Cashmere satinato cod.030, Cipria satinato cod.032, Denim satinato cod.027, Nero matt cod.003, Pergamon cod.013, Salvia satinato cod.031",,,,Ceramica,,,gsg sanitare
1322,Like - Bideu suspendat,Bidet wall-hung one hole (no hole on request). Fixing kit not included.,sanitare,BIDEURI,Like,False,SUSPENDATE,GSG,,"Bianco lucido cod.000, Bianco matt cod.001, Bicolore cipria satinato, Bicolore denim satinato, Bicolore pergamon lucido, Cashmere satinato cod.030, Cipria satinato cod.032, Denim satinato cod.027, Nero matt cod.003, Pergamon cod.013, Salvia satinato cod.031",,,,Ceramica,,,gsg sanitare
1323,Like - 45,"Like Washbasin cm 45 one hole (no hole, three holes on request). Fixing kit included (see code ACS60).",sanitare,LAVOARE,Like,False,DE BLAT,GSG,,"Bianco lucido cod.000, Bianco matt cod.001, Bicolore cipria satinato, Bicolore denim satinato, Bicolore pergamon lucido, Cashmere satinato cod.030, Cipria satinato cod.032, Denim satinato cod.027, Nero matt cod.003, Pergamon cod.013, Salvia satinato cod.031",,,,Ceramica,,,gsg sanitare
1324,Like - 60,"Like Washbasin cm 60 one hole (no hole, three holes on request). Fixing kit included (see code ACS60).",sanitare,LAVOARE,Like,False,DE BLAT,GSG,,"Bianco lucido cod.000, Bianco matt cod.001, Bicolore cipria satinato, Bicolore denim satinato, Bicolore pergamon lucido, Cashmere satinato cod.030, Cipria satinato cod.032, Denim satinato cod.027, Nero matt cod.003, Pergamon cod.013, Salvia satinato cod.031",,,,Ceramica,,,gsg sanitare
1325,Like I - Cadă freestanding 170,Buthtub free standing or back to wall in acrylic with overflow,sanitare,CAZI,Like,False,FREESTANDING,GSG,,"Bianco lucido cod.000, Bianco matt cod.001, Cipria satinato cod.032, Denim satinato cod.027, Nero matt cod.003, Pergamon cod.013, Sabbia satinato cod.034, Salvia satinato cod.031, Total bianco matt cod.001-TO",,,,Ceramica,,,gsg sanitare
1326,Like II - Cadă freestanding 170,Buthtub free standing or back to wall in acrylic with overflow,sanitare,CAZI,Like,False,FREESTANDING,GSG,,"Bianco lucido cod.000, Bianco matt cod.001, Cipria satinato cod.032, Denim satinato cod.027, Nero matt cod.003, Pergamon cod.013, Sabbia satinato cod.034, Salvia satinato cod.031, Total bianco matt cod.001-TO",,,,Ceramica,,,gsg sanitare
1400,OSO Easy Chair,"The armchair within the OSO collection beckons to us with a captivating allure. Its inviting embrace tempts us to sink in and linger—just to remain, indefinitely. Rarely does such voluminous presence exude such an airy comfort. The expansive seat, adorned with premium straps and eco-friendly upholstery, ensnares us in its embrace, refusing to release its hold. Meanwhile, the generous backrest envelops us like the comforting embrace of a dear friend. Its seemingly weightless design provides both stability and liberation, granting us the perfece balance of support and freedom.",mobilier,INTERIOR,Peter Fehrentz,False,FOTOLII,More,,"Leather Lugano / 2204, Linara / 98 / truffle, Leather Lugano / 0509, Linara / 192 / chinchilla, Leather Lugano / 2594, Linara / 197 / gris, Leather Orta / 3654, Linara / 210 / feathergrey, Leather Orta / 2159, Rami / 6810, leather Orta / 2491, Clunis / 05, Leather Orta / 1431, Gent / 02",,,,,,,more mobilier
1401,SOVA Lounge chair,"This is probably the most comfortable thing that can happen to oiled walnut. A lounge chair called SOVA – its name speaks volumes.

UPHOLSTERY: Cushions with an ecological upholstery (kapok). UPHOLSTERY: FRAME: Frame made of solid wood (walnut) and belting made from flax fibres. FRAME: OPTIONS: Different types of fabrics and leathers available for the cover. OPTIONS:",mobilier,INTERIOR,Bernhard Müller,False,FOTOLII,More,,"Leather Lugano / 2204, Linara / 98 / truffle, Leather Lugano / 0509, Linara / 192 / chinchilla, Leather Lugano / 2594, Linara / 197 / gris, Leather Orta / 3654, Linara / 210 / feathergrey, Leather Orta / 2159, Rami / 6810, leather Orta / 2491, Clunis / 05, Leather Orta / 1431, Gent / 02",,,,,,,more mobilier
1402,SOVA Chaise longue,"The Chaise Longue is our third member of our SOVA collection and closes the gap between SOVA armchair and SOVA bed in the most comfortable way.

The typical, organic-curved and solid walnut frame ensures a maximum stylish nap. The inner values are also impressive. For example, the upholstery is made of natural, breathable kapok fibres.

UPHOLSTERY: Cushions with an ecological upholstery (kapok). UPHOLSTERY: FRAME: Frame made of solid wood (walnut) and belting made from flax fibres. FRAME: OPTIONS: Different types of fabrics and leathers available for the cover. OPTIONS:",mobilier,INTERIOR,Bernhard Müller,False,FOTOLII,More,,"Leather Lugano / 2204, Linara / 98 / truffle, Leather Lugano / 0509, Linara / 192 / chinchilla, Leather Lugano / 2594, Linara / 197 / gris, Leather Orta / 3654, Linara / 210 / feathergrey, Leather Orta / 2159, Rami / 6810, leather Orta / 2491, Clunis / 05, Leather Orta / 1431, Gent / 02",,,,,,,more mobilier
1403,ONDA Dining Sofa – Modern Designer Seating for Contemporary Living,"ONDA dining sofa is neither a bench nor a sofa. Rather, it is a celebration of shared life at the table—of communicative comfort, a sense of lightness, and a deliberately reduced formal language. The continuous backrest is slightly recessed and does not align flush with the seat. This creates an intriguing geometry from every perspective, allowing the piece to be freely positioned within a space.",mobilier,INTERIOR,Bernhard Müller,False,BANCHETE,More,,"Leather Lugano / 2204, Linara / 98 / truffle, Leather Lugano / 0509, Linara / 192 / chinchilla, Leather Lugano / 2594, Linara / 197 / gris, Leather Orta / 3654, Linara / 210 / feathergrey, Leather Orta / 2159, Rami / 6810, leather Orta / 2491, Clunis / 05, Leather Orta / 1431, Gent / 02",,,,,,,more mobilier
1404,LAX Daybed 75 cm – Minimalist Design for Modern Spaces,"Thinking, dreaming, floating. With a width of 75 cm, LAX becomes a daybed. Calm proportions, clear lines, and a light appearance define its character. For moments of rest, for reading, or for a short pause. Reduced to what matters.",mobilier,INTERIOR,Gil Coste,False,BANCHETE,More,,"steel / brushed - anthracite, Leather Lugano / 2204, Linara / 98 / truffle, steel / brushed - tobacco-brown, Leather Lugano / 0509, Linara / 192 / chinchilla, Leather Lugano / 2594, Linara / 197 / gris, Leather Orta / 3654, Linara / 210 / feathergrey, Leather Orta / 2159, Rami / 6810, leather Orta / 2491, Clunis / 05, Leather Orta / 1431, Gent / 02",,,,,,,more mobilier
1405,LUZ Chair,"Our LUZ chair brings the charm of a 1960s hotel lounge into your living room. Its sweeping, rounded seat shell and backrest are made of wood, harvested naturally from sustainable forests. The luxurious upholstery has an ecofriendly mixture of new wool and a cold foam made from castor oil.",mobilier,INTERIOR,Bernhard Müller & Çağdaş Sarıkaya,False,SCAUNE,More,,"Natural walnut, Leather Lugano / 2204, Flash / 9843 / steel, Oak Black, Leather Lugano / 0509, Loop / 02 / graphite, Leather Lugano / 2594, Loop / 01 / carbon grey, Leather Orta / 3654, Loop / 36 / olive, Leather Orta / 2159, Jette / 17, leather Orta / 2491, Rami / 6972, Leather Orta / 1431, Rami / 3072",,,,,,,more mobilier
1406,YAN Chair,"The name YAN means “side” in Turkish, and makes referen-ce to the fact that the combination of symmetry and asymmetry in the lines is particularly noticeable when viewed from the side. Together with the natural upholstery, the exciting design offers comfortable, stylish seating. A design that harmoniously complements the AVAR table, but also cuts a fine figure on its own.",mobilier,INTERIOR,Çağdaş Sarıkaya,False,SCAUNE,More,,"Leather Lugano / 2204, Flash / 9843 / steel, Leather Lugano / 0509, Loop / 02 / graphite, Leather Lugano / 2594, Loop / 01 / carbon grey, Leather Orta / 3654, Loop / 36 / olive, Leather Orta / 2159, Jette / 17, leather Orta / 2491, Rami / 6972, Leather Orta / 1431, Rami / 3072",,,,,,,more mobilier
1407,OSO Chair,Few elements for a lot of comfort. The backrest and armrests of the OSO chair form a lavishly upholstered and particularly comfortable unit. The filigree tubular frame with its striking radii is reminiscent of Bauhaus designs from the 1930s.,mobilier,INTERIOR,Peter Fehrentz,False,SCAUNE,More,,"Leather Lugano / 2204, Flash / 9843 / steel, Leather Lugano / 0509, Loop / 02 / graphite, Leather Lugano / 2594, Loop / 01 / carbon grey, Leather Orta / 3654, Loop / 36 / olive, Leather Orta / 2159, Jette / 17, leather Orta / 2491, Rami / 6972, Leather Orta / 1431, Rami / 3072",,,,,,,more mobilier
1408,OSO Table,"OSO is a table like a bear. Strong, calm and yet surprisingly agile. The legs are sturdy, like a triangle with rounded corners and outwardly curved sides. The tabletop stretches out above it and, despite its strength, has a particularly delicate appearance, also rounded outwards.",mobilier,INTERIOR,Peter Fehrentz,False,MESE,More,,"Oak Light, Oak Sand, Oak Taupe, Oak Basalt, Oak Graphit, Smoked Oak",,,,,,,more mobilier
1409,CUT Table,CUT is nothing less than the idea of architecture in the form of a table. The harmonious interweaving of generous surfaces executed with low material thicknesses combines stability with lightness resulting in an inspiring place for creativity or for shared indulgence. CUT is as much at home in the refectory of a Buddhist monastery as it is in an artist’s studio or in your living room.,mobilier,INTERIOR,Peter Fehrentz,False,MESE,More,,"Oak Light, Oak Sand, Oak Taupe, Oak Basalt, Oak Graphit, Smoked Oak",,,,,,,more mobilier
1410,EEVA Table,"In a world where everything seems to get more and more complicated, we need a table that can be made as simple as possible and as big as possible. That‘s the idea behind EEVA. From the outside it looks like an object. Inside, and therefore invisible, it is equipped with extension leaves. Sophisticated, robust, made of solid wood. Also available as a large conference table.",mobilier,INTERIOR,Bernhard Müller & Çağdaş Sarıkaya,False,MESE,More,,"Oak Light, Oak Sand, Oak Taupe, Oak Basalt, Oak Graphit, Smoked Oak",,,,,,,more mobilier
1411,NIL Table,"Traditional lightness, an organic shape and absolute sturdiness make this table NIL an expressive table. Even in expansive interior spaces, it serves as a solid anchor piece. The organically curved NIL is delicate, yet strong.

TABLETOP: Solid wood, top thickness: 3 cm TABLETOP: FRAME: Solid wood FRAME: OPTIONS: Available in different wood types. Surfaces oiled and waxed or matt varnished. OPTIONS:",mobilier,INTERIOR,Gil Coste,False,MESE,More,,"Oak Light, Oak Sand, Oak Taupe, Oak Basalt, Oak Graphit, Smoked Oak",,,,,,,more mobilier
1412,CUT Table round,"CUT is nothing less than the idea of architecture in the form of a table. The harmonious interweaving of generous surfaces executed with low material thicknesses combines stability with lightness resulting in an inspiring place for creativity or for shared indulgence. CUT is as much at home in the refectory of a Buddhist monastery as it is in an artist’s studio or in your living room.

Tabletop: Made from glued and laminated solid wood. Top thickness: 2,8 cm. Table edges run down to 0.8 cm. Tabletop: Frame: Solid wood Frame: Options: Available in different wood types. Surfaces oiled and waxed or matt varnished. Options:",mobilier,INTERIOR,Peter Fehrentz,False,MESE,More,,"Oak Light, Oak Sand, Oak Taupe, Oak Basalt, Oak Graphit, Smoked Oak",,,,,,,more mobilier
1413,CUT III,"Particularly striking as a side table: the basic principle of CUT – with its legs reminiscent of a sailing yacht’s rudder.

TABLETOP: Solid wood, top thickness: 2,8cm TABLETOP: FRAME: Solid wood FRAME: OPTIONS: Available in different wood types. Surfaces oiled and waxed or matt varnished. OPTIONS:",mobilier,INTERIOR,Peter Fehrentz,False,MĂSUȚE DE CAFEA,More,,"Oak Light, Oak Sand, Oak Taupe, Oak Basalt, Oak Graphit, Smoked Oak",,,,,,,more mobilier
1414,SOVA Bed by more – designed to look good from every angle,"With our SOVA bed, we’re deliberately not showing off our best side, because every side should look good, and its elegance shows when standing free in a room. With its opulent, leather-covered cushion, you can lie in a haven of tranquility for hours, even when reading.",mobilier,INTERIOR,Bernhard Müller,False,PATURI,More,,"Oak Light, Leather Lugano / 2204, Flash / 9843 / steel, Oak Sand, Leather Lugano / 0509, Loop / 02 / graphite, Oak Taupe, Leather Lugano / 2594, Loop / 01 / carbon grey, Oak Basalt, Leather Orta / 3654, Loop / 36 / olive, Oak Graphit, Leather Orta / 2159, Jette / 17, Smoked Oak, leather Orta / 2491, Rami / 6972, Natural walnut, Leather Orta / 1431, Rami / 3072",,,,,,,more mobilier
1415,NOVA bed by more – the bed that doesn’t look like a bed,"What does a bed that shouldn't look like a bed actually look like? NOVA is reduced in design, thereby achieving maximum comfort and flexibility. Between the aluminum frame and a continuous profile, the head sections can be inserted as required. This way, NOVA can become a sofa.",mobilier,INTERIOR,Bernhard Müller,False,PATURI,More,,"steel / anthracite, Leather Lugano / 2204, Flash / 9843 / steel, Aluminium anodised, Leather Lugano / 0509, Loop / 02 / graphite, Leather Lugano / 2594, Loop / 01 / carbon grey, Leather Orta / 3654, Loop / 36 / olive, Leather Orta / 2159, Jette / 17, leather Orta / 2491, Rami / 6972, Leather Orta / 1431, Rami / 3072",,,,,,,more mobilier
1500,Amalfi - Fotoliu,"Con il nuovo modello Amalfi, continuiamo ad esplorare i concetti di leggerezza e funzionalità.

Linee sinuose e volumi aperti dialogano con la luce che filtra attraverso l’intreccio in corda. Il telaio, rigorosamente pensato e sviluppato in alluminio, garantisce robustezza e maneggevolezza .

L’intreccio in speciale corda olefin (o polipropilene per la versione Pearl White) assicura le massime performance per l’utilizzo outdoor . Grazie all’elevatissima resistenza agli agenti atmosferici e allo scolorimento generato dai raggi uv, questi materiali rendono il prodotto estremamente pratico poiché quasi del tutto esente da necessità particolari di manutenzione.

Le cuscinature di serie, proposte già di base in tessuto olefin ad alta performanza, fanno un ulteriore balzo in avanti a livello qualitativo.

La poltrona della serie Amalfi è realizzato con struttura in alluminio e intreccio manuale in speciale corda olefin/polipropilene di alta qualità (disponibile di serie in due finiture: Pearl White e Desert Mix ).

La linea raffinata ed essenziale , l’altissima qualità dei materiali , l’equilibrio perfetto tra design e tradizione, rendono la poltrona Amalfi adatto ad arredare sia spazi interni che esterni .

Like the other outdoor products by Rosa Splendiani , this armchair is not affected by the weather and temperature changes thanks to the certification of the woven fibre.

I cuscini standard sono in tessuto olefin per esterno, colore “off white”. Possibilità di personalizzare i tessuti

Codice Articolo : 60-191 DM/PW

Misure: Larghezza: 80 cm; Profondità: 68 cm; Altezza Schienale: 90 cm; Altezza seduta: 42 cm

La linea “Amalfi” nasce nel ROSA CREATIVE LAB .

In its in-house studio, in fact, the team Rosa Splendiani in collaboration with free lance designers, elaborates ideas and carries out continuous research on materials. In this way, products and concepts always in step with the trends of the moment come to life.",mobilier,EXTERIOR,Amalfi,False,FOTOLII,Rosa Splendiani,,"Desert Mix, Pearl White",,,,Aluminium / Olefin rope,,,rosa splendiani mobilier
1501,Dakota - Fotoliu,"The collection Dakota by Rosa Splendiani represents the perfect combination of tradition and innovation, nature and technique.

La Poltrona della serie Dakota è realizzata con struttura in teak massiccio e intreccio manuale in corda Olefin/Polipropilene di alta qualità (disponibile di serie in due finiture: Pearl White e Desert Mix ). Il telaio dello schienale è in alluminio verniciato a polvere epossidica.

The refined and essential line, the very high quality of the materials , the perfect balance between design and tradition, make the armchair Dakota suitable to furnish both indoor and outdoor spaces.

Like the other products outdoor signed Rosa Splendiani , this sofa is not afraid of weather and temperature changes thanks to the certification of the interwoven fiber.

I cuscini standard sono in colore tortora (wheat). Possibilità di personalizzare i tessuti

Codice Articolo : 60-201 DM/PW

Measurements: Width: 78 cm; Depth: 80 cm; Back Height: 68 cm; Seat Height: 45 cm

The line ""Dakota"" was born in the ROSA CREATIVE ROOM .

In its in-house studio, in fact, the team Rosa Splendiani in collaboration with free lance designers, elaborates ideas and carries out continuous research on materials. In this way, products and concepts always in step with the trends of the moment come to life.

Other items in the collection Dakota",mobilier,EXTERIOR,Dakota,False,FOTOLII,Rosa Splendiani,,"Desert Mix, Pearl White",,,,Aluminium / Olefin rope,,,rosa splendiani mobilier
1502,Gilda - Fotoliu,"The series armchair Gilda has a minimalist and modern design.

It is characterised by its visible white lacquered aluminium frame and its manual weaving in fabric rope Olefin. The materials it is made of make it perfect for outdoor use .

Thanks to the selection and high quality of the materials used, it has a high resistance to atmospheric agents (UV rays, rain, saltiness): it does not rust and does not discolour .

In addition, its structure has a low weight (about 8 kg excluding cushions) which allows for maximum manoeuvrability . At the same time, the armchair Gilda is characterised by its excellent robustness .

Standard cushions are in ""white"" colour with contrasting border in ""rope"" colour. Possibility to customize the fabrics

Measurements: Width: 85 cm; Depth: 82 cm; Back Height: 76 cm; Seat Height: 45 cm

The Collection Gilda was conceived, designed and conceived by "" Rosa Creative Room “ our in-house design, research and development studio.

Thanks to the collaboration between our internal team and several freelance designers , in fact, at the Rosa Splendiani we can always count on innovative ideas , in step with the latest trends in the furniture sector, without ever losing the traditional characteristics that distinguish the brand.

Other items in the collection Gilda",mobilier,EXTERIOR,Gilda,False,FOTOLII,Rosa Splendiani,,Sunproof Sand,,,,Aluminium / Olefin rope,,,rosa splendiani mobilier
1503,Zante - Fotoliu,"The relax armchair Zante by Rosa Splendiani is an outdoor seat of great aesthetic impact and unique functionality .

The armchair Zante is made with a solid teak frame with a natural finish. The backrest and seat are hand woven using a special polyrattan rope branded Viro of the highest quality (available as standard in Off White finish ) .

Thanks to the selection of materials and their quality, this outdoor relaxation armchair is able to withstand the elements , requiring very little maintenance.

Width: 60 cm; Length: 80 cm; Height: 75 cm",mobilier,EXTERIOR,Zante,False,FOTOLII,Rosa Splendiani,,"Rope - Off White, Rope - Cappuccino",,,,Aluminium / Olefin rope,,,rosa splendiani mobilier
1504,Amalfi - Canapea,"Con il nuovo modello Amalfi, continuiamo ad esplorare i concetti di leggerezza e funzionalità.

Linee sinuose e volumi aperti dialogano con la luce che filtra attraverso l’intreccio in corda. Il telaio, rigorosamente pensato e sviluppato in alluminio, garantisce robustezza e maneggevolezza .

L’intreccio in speciale corda olefin (o polipropilene per la versione Pearl White) assicura le massime performance per l’utilizzo outdoor . Grazie all’elevatissima resistenza agli agenti atmosferici e allo scolorimento generato dai raggi uv, questi materiali rendono il prodotto estremamente pratico poiché quasi del tutto esente da necessità particolari di manutenzione.

Le cuscinature di serie, proposte già di base in tessuto olefin ad alta performanza, fanno un ulteriore balzo in avanti a livello qualitativo.

Il Divano della serie Amalfi è realizzato con struttura in alluminio e intreccio manuale in speciale corda olefin/polipropilene di alta qualità (disponibile di serie in due finiture: Pearl White e Desert Mix ).

La linea raffinata ed essenziale , l’altissima qualità dei materiali , l’equilibrio perfetto tra design e tradizione, rendono il divano Amalfi adatto ad arredare sia spazi interni che esterni .

Like the other products outdoor signed Rosa Splendiani , this sofa is not afraid of weather and temperature changes thanks to the certification of the interwoven fiber.

I cuscini standard sono in tessuto olefin per esterno, colore “off white”. Possibilità di personalizzare i tessuti

Codice Articolo : 60-192 DM/PW

Misure: Larghezza: 158 cm; Profondità: 68 cm; Altezza Schienale: 90 cm; Altezza seduta: 42 cm

La linea “Amalfi” nasce nel ROSA CREATIVE LAB .

In its in-house studio, in fact, the team Rosa Splendiani in collaboration with free lance designers, elaborates ideas and carries out continuous research on materials. In this way, products and concepts always in step with the trends of the moment come to life.",mobilier,EXTERIOR,Amalfi,False,CANAPELE,Rosa Splendiani,,"Desert Mix, Pearl White",,,,Aluminium / Olefin rope,,,rosa splendiani mobilier
1505,Dakota - Canapea,"The collection Dakota by Rosa Splendiani represents the perfect combination of tradition and innovation, nature and technique.

Il Divano della serie Dakota è realizzato con struttura in teak massiccio e intreccio manuale in speciale corda olefin/polipropilene di alta qualità (disponibile di serie in due finiture: Pearl White e Desert Mix ). Il telaio dello schienale è in alluminio verniciato a polvere epossidica.

The refined and essential line, the very high quality of the materials , the perfect balance between design and tradition, make the sofa Dakota suitable to furnish both indoor and outdoor spaces.

Like the other products outdoor signed Rosa Splendiani , this sofa is not afraid of weather and temperature changes thanks to the certification of the interwoven fiber.

I cuscini standard sono in tessuto poliestere per esterno, colore tortora (“wheat”) con bordino a contrasto “cioccolato”. Possibilità di personalizzare i tessuti

Codice Articolo : 60-203 DM/PW

Measurements: Width: 178 cm; Depth: 80 cm; Back Height: 68 cm; Seat Height: 45 cm

The line ""Dakota"" was born in ROSA CREATIVE LAB .

In its in-house studio, in fact, the team Rosa Splendiani in collaboration with free lance designers, elaborates ideas and carries out continuous research on materials. In this way, products and concepts always in step with the trends of the moment come to life.

Other items in the collection Dakota",mobilier,EXTERIOR,Dakota,False,CANAPELE,Rosa Splendiani,,"Desert Mix, Pearl White",,,,Aluminium / Olefin rope,,,rosa splendiani mobilier
1506,Gilda - Canapea,"The three-seater sofa from the series Gilda has minimalist and modern design.

It is characterized by the visible structure in white lacquered aluminium and by the manual weaving in fabri Olefinc rope . The materials with which it is made make it perfect for outdoor use.

Thanks to the selection and high quality of the materials used, it has a high resistance to atmospheric agents (UV rays, rain, saltiness): it does not rust and does not discolour .

The structure of the sofa Gilda has a reduced weight (approximately 12 kg excluding the cushions) which allows for maximum manoeuvrability . At the same time, this outdoor sofa is characterised by excellent sturdiness and solidity .

Standard cushions are in ""white"" colour with contrasting border in ""rope"" colour. Possibility to customize the fabrics

Measurements: Width: 200 cm; Depth: 82 cm; Back Height: 76 cm; Seat Height: 45 cm

The Collection Gilda was conceived, designed and conceived by the Rosa Creative Room our in-house design, research and development studio.

Thanks to the collaboration between our internal team and several freelance designers , in fact, at Rosa Splendiani we can always count on innovative ideas , in step with the most current trends in the furniture sector, without ever losing the traditional characteristics that distinguish the brand.

Other items in the collection Gilda",mobilier,EXTERIOR,Gilda,False,CANAPELE,Rosa Splendiani,,Sunproof Sand,,,,Aluminium / Olefin rope,,,rosa splendiani mobilier
1507,BAHIA - Canapea modulară,"Il divano modulare BAHIA di Rosa Splendiani porta all’estremo il concetto di modularità per la zona lounge, sia in spazi outdoor che interiors.

Il sistema modulare Bahia si compone di tre differenti elementi seduta in teak a doga larga, con piede tornito. Tutti sono dotati di base di cuscino seduta .

Ci sono poi un elemento schienale in alluminio verniciato a polvere e intrecciato in corda (olefon / polipropilene) a sezione tonda e un set di cuscini schienale e cuscini ornamentali .

Dalla combinazione di questi semplici elementi, si può arrivare a creare qualsiasi tipo di composizione lounge . Il concept del Bahia, si spinge molto oltre quello di divano componibile o angolare, abbattendo i limiti dei classici sistemi modulari.

Grazie al sistema tecnico adottato, infatti, si possono generare un numero infinito e inaspettato di soluzioni per ogni esigenza spaziale e funzionale .

Thanks to its particular structure and aesthetics, it does not need to be placed close to a wall, because it is beautiful to see even from behind.

E’ dotato, di serie, di una cuscinatura apposita in tessuto outdoor color “light grey” 100% Olefin con fondo in poliestere. E’ sempre possibile personalizzare i tessuti

60-301 Modulo Singolo 90×90 (misure 90 x 90 x 40 h)

60-303 Modulo Esagonale angolare (misure 200 x 126 x 40h)

60-302 Modulo Doppio 180×90 (misure 180 x 90 x 40 h)

60-304CU Set Cuscini schienale e ornamentali

60-30 DM/GY Schienale in alluminio intrecciato in corda

FINITURE DISPONIBILI PER LO SCHIENALE

Elementi della collezione BAHIA

Il sistema lounge modulare “BAHIA” nasce dalle idee dal lavoro della ROSA CREATIVE ROOM

In its in-house studio , the team Rosa Splendiani collaborates with designers , architects , interior decorators and other professionals in the sector.

This is how the best ideas are born for the development of innovative projects and products , in step with the latest trends in the world of furniture outdoor and interior design .",mobilier,EXTERIOR,BAHIA,False,CANAPELE,Rosa Splendiani,,"Desert Mix / GREY, MODUL SIMPLU 90x90, Modul de colț 180×90, Modul dublu 180x90, Set spătar și perne decorative, Spătar din aluminiu împletit cu frânghie",,,,Aluminium / Olefin rope,,,rosa splendiani mobilier
1508,Tosca - Canapea modulară,"The modular outdoor sofa ""Tosca"" by Rosa Splendiani , embodies the evolution of modularity for furniture outdoor.

It is possible to set up the most suitable composition for different space and furnishing requirements . There are six modular elements : a single module, a classic corner module, a large corner module, a double module and a pouff module. In addition, there are pouff-stools in various diameters and heights.

The structure is made of QuickDry technology draining rubber (breathable, prevents the formation of mould and microbes) and MultiTech marine multilayer , of certified quality.

The upholstery of the sofa Tosca is made of a special fabric for outdoor use with very high standards of light resistance (prevents the sun's rays from discolouring the fabric over time). Naturally, the fabrics used are water-repellent and water-resistant. They also have a high resistance to abrasion, rubbing and staining.

The outdoor sofa Tosca is characterised by its minimalist design and straight lines, as well as by the infinite possibilities for customising the fabrics.

You can customise the fabrics as you wish, choosing from our fabric folders.

Elements of the collection Tosca :

MATERIALS/COMPOSITION : Structure: Certified marine plywood + Elastic straps Padding: QuickDry Technology draining rubber + Dacron Feet: Aluminium Upholstery: Water-repellent, photoresistant, stain-resistant Dralon/Acrylic/PVC fabrics

Elements of the collection Tosca

Tosca Round pouff diam.50 h 55

The ""Tosca"" collection was born from the ideas of the ROSA CREATIVE ROOM

In its in-house studio , the team Rosa Splendiani collaborates with designers , architects , interior decorators and other professionals in the sector.

This is how the best ideas are born for the development of innovative projects and products , in step with the latest trends in the world of furniture outdoor and interior design .",mobilier,EXTERIOR,Tosca,False,CANAPELE,Rosa Splendiani,,"MODUL SIMPLU 70 x 90, Modul de colț 90 x 90, Modul dublu 140 x 90, Modul de colț mare 115 x 115, Modul puf 70 x 90, modul puf rotund 80, modul puf rotund 50",,,,Aluminium / Olefin rope,,,rosa splendiani mobilier
1509,Amalfi - Scaun,"The modular outdoor sofa ""Tosca"" by Rosa Splendiani , embodies the evolution of modularity for furniture outdoor.

It is possible to set up the most suitable composition for different space and furnishing requirements . There are six modular elements : a single module, a classic corner module, a large corner module, a double module and a pouff module. In addition, there are pouff-stools in various diameters and heights.

The structure is made of QuickDry technology draining rubber (breathable, prevents the formation of mould and microbes) and MultiTech marine multilayer , of certified quality.

The upholstery of the sofa Tosca is made of a special fabric for outdoor use with very high standards of light resistance (prevents the sun's rays from discolouring the fabric over time). Naturally, the fabrics used are water-repellent and water-resistant. They also have a high resistance to abrasion, rubbing and staining.

The outdoor sofa Tosca is characterised by its minimalist design and straight lines, as well as by the infinite possibilities for customising the fabrics.

You can customise the fabrics as you wish, choosing from our fabric folders.

Elements of the collection Tosca :

MATERIALS/COMPOSITION : Structure: Certified marine plywood + Elastic straps Padding: QuickDry Technology draining rubber + Dacron Feet: Aluminium Upholstery: Water-repellent, photoresistant, stain-resistant Dralon/Acrylic/PVC fabrics

Elements of the collection Tosca

Tosca Round pouff diam.50 h 55

The ""Tosca"" collection was born from the ideas of the ROSA CREATIVE ROOM

In its in-house studio , the team Rosa Splendiani collaborates with designers , architects , interior decorators and other professionals in the sector.

This is how the best ideas are born for the development of innovative projects and products , in step with the latest trends in the world of furniture outdoor and interior design .",mobilier,EXTERIOR,Amalfi,False,SCAUNE,Rosa Splendiani,,"Desert Mix, Pearl White",,,,Aluminium / Olefin rope,,,rosa splendiani mobilier
1510,Dakota - Scaun,"The collection Dakota by Rosa Splendiani represents the perfect combination of tradition and innovation, nature and technique.

La Poltroncina da pranzo della serie Dakota è realizzata con struttura in teak massiccio e intreccio manuale in speciale corda Olefin/Polipropilene (nelle finiture Pearl White e Desert Mix ) oppure in polyrattan di altissima qualità (nella finitura Java Brown ). Il telaio dello schienale è in alluminio verniciato a polvere epossidica.

The refined and essential line, the very high quality of the materials , the perfect balance between design and tradition, make the small armchair Dakota suitable to furnish both indoor and outdoor spaces.

Like the other products outdoor signed Rosa Splendiani , this armchair is not afraid of bad weather and temperature changes thanks to the certification of the woven fibre.

The standard seat cushion is in ""rope"" colour with contrasting ""chocolate"" edging. Possibility of customize fabrics

Codice Articolo : 60-205 DM/PW/JB

Measurements: Width: 60 cm; Depth: 60 cm; Back Height: 77 cm; Seat Height: 47 cm

The line ""Dakota"" was born in the ROSA CREATIVE ROOM .

In its in-house studio, in fact, the team Rosa Splendiani in collaboration with free lance designers, elaborates ideas and carries out continuous research on materials. In this way, products and concepts always in step with the trends of the moment come to life.

Other items in the collection Dakota",mobilier,EXTERIOR,Dakota,False,SCAUNE,Rosa Splendiani,,"Desert Mix, Pearl White, Java Brown",,,,Aluminium / Olefin rope,,,rosa splendiani mobilier
1511,Gilda - Scaun,"The dining chair Gilda has a minimalist and modern design.

It is characterized by the visible structure in white lacquered aluminium and by the manual weaving in fabri Olefinc rope . The materials it is made of make it perfect for outdoor use.

Thanks to the selection and high quality of the materials used, it has a high resistance to atmospheric agents (UV rays, rain, saltiness): it does not rust and does not discolour .

In addition, it has a very low weight (about 3 kg) that allows maximum handling and at the same time is characterized by excellent robustness . The Gilda chair can be stacked up to 6 high without any problems.

Measurements: Width: 52 cm; Depth: 59 cm; Back Height: 81 cm; Seat Height: 47 cm

The Collection Gilda was conceived, designed and conceived by the Rosa Creative Room our in-house design, research and development studio.

Thanks to the collaboration between our internal team and several freelance designers , in fact, at Rosa Splendiani we can always count on innovative ideas , in step with the most current trends in the furniture sector, without ever losing the traditional characteristics that distinguish the brand.

Other items in the collection Gilda

Alternative or combinable products",mobilier,EXTERIOR,Gilda,False,SCAUNE,Rosa Splendiani,,Sunproof Sand,,,,Aluminium / Olefin rope,,,rosa splendiani mobilier
1512,Lidia - Scaun,"La sedia Lidia, nata dall’idea della “Rosa Creative Room”, coniuga stile unico, praticità di utilizzo e resistenza agli genti atmosferici.

Il telaio, pensato e sviluppato in alluminio, garantisce robustezza e maneggevolezza .

La seduta e lo schienale sono realizzati in corda di poliestere , con un trattamento apposito del filato che offre caratteristiche di resistenza e comfort allo stesso tempo, oltre che praticità di manutenzione e pulizia. Ciò assicura elevate performance per l’utilizzo outdoor .

La linea raffinata ed essenziale , la qualità dei materiali , rendono la sedia Lidia adatta ad arredare sia spazi residenziali che contract .

Come gli altri prodotti outdoor firmati Rosa Splendiani, questa sedia non teme intemperie e sbalzi termici.

Il cuscino seduta è incluso, in colore standard “dirty white”.

Misure: Larghezza: 62 cm; Profondità: 57 cm; Altezza Schienale: 84 cm; Altezza seduta: 46 cm

Alluminio “Avorio” + Corda “Terra”

La sedia Lidia nasce nel ROSA CREATIVE LAB .

In its in-house studio, in fact, the team Rosa Splendiani in collaboration with free lance designers, elaborates ideas and carries out continuous research on materials. In this way, products and concepts always in step with the trends of the moment come to life.",mobilier,EXTERIOR,Lidia,False,SCAUNE,Rosa Splendiani,,,,,,Aluminium / Olefin rope,,,rosa splendiani mobilier
1513,Juniper - Masă extensibilă,"The new extensible table Juniper in teak, signed Rosa Splendiani represents the maximum meeting point between functionality, aesthetics and design.

The structure and top is handcrafted using real solid teak with a completely natural brushed finish .

The extensible dining table Juniper is perfect to be placed in sheltered outdoor spaces, and can comfortably accommodate up to 12 diners, giving space and life to moments of sociability and conviviality.

The high quality of the materials, the essentiality of the lines and the craftsmanship of the workmanship make it an essential piece for outdoor and indoor furniture .

Measurements cm : Length 210/270 , Width 100 , Height 76

Measurements: Length: 210/270 cm; Width: 100 cm; Height: 76 cm

The "" Juniper "" was born from the idea and the study of ROSA CREATIVE ROOM .

In its in-house design office , the team constantly works with designers Rosa Splendiani collaborates constantly with designers , architects , interior decorators and other professionals in the sector.

This is how the best ideas are born for the development of innovative projects and products , in step with the latest trends in the world of furniture outdoor and interior design .",mobilier,EXTERIOR,Juniper,False,MESE,Rosa Splendiani,,Natural Teak,,,,Aluminium / Olefin rope,,,rosa splendiani mobilier
1514,Dakota - Șezlong,"The collection Dakota by Rosa Splendiani represents the perfect combination of tradition and innovation, nature and technique.

Il lettino della serie Dakota è realizzato con struttura in teak massiccio e intreccio manuale in corda Olefin/Polipropilene di alta qualità (disponibile di serie in due finiture: Pearl White e Desert Mix ) con tessitura incrociata. Il controtelaio interno è in alluminio verniciato a polvere epossidica.

La linea raffinata ed essenziale , l’altissima qualità dei materiali , l’equilibrio perfetto tra design e tradizione, rendono il lettino prendisole Dakota adatto ad arredare sia spazi interni che esterni .

Come gli altri prodotti outdoor firmati Rosa Splendiani, questo lettino non teme intemperie e sbalzi termici grazie alla certificazione della fibra di intreccio e all’alta qualità generale dei materiali utilizzati.

I cuscini standard sono in colore tortora (wheat). Possibilità di personalizzare i tessuti

Codice Articolo : 60-206 DM/PW

Misure: Larghezza: 72 cm; Profondità: 195 cm; Altezza seduta: 36 cm

The line ""Dakota"" was born in the ROSA CREATIVE ROOM .

In its in-house studio, in fact, the team Rosa Splendiani in collaboration with free lance designers, elaborates ideas and carries out continuous research on materials. In this way, products and concepts always in step with the trends of the moment come to life.

Other items in the collection Dakota",mobilier,EXTERIOR,Dakota,False,Șezlonguri,Rosa Splendiani,,"Desert Mix, Pearl White",,,,Aluminium / Olefin rope,,,rosa splendiani mobilier
1515,Melvin - Șezlong,"The small bed Melvin by Rosa Splendiani is characterized by a slightly shaped profile at ""onda"" and essential aesthetics combined with absolute functionality.

The Melvin lounger is made entirely of natural , untreated solid teak wood from sustainable forests and certified legal sources .

Teak is the outdoor wood par excellence , it does not fear the passage of time and the changing of seasons, because thanks to its intrinsic characteristics of hardness, oiliness and resilience , it remains structurally stable and therefore has an extraordinary longevity .

To learn about this and other materials used by us at Rosa Splendiani , visit our dedicated section .

It is equipped with discreet and comfortable wheels that make it easy to move around and guarantee excellent manoeuvrability. In addition, it has a backrest that can be reclined in different positions to adapt the inclination to different comfort needs .

The whole cushion (optional) is made of outdoor fabric in ""white"" colour. Possibility of customize fabrics

Measurements: Width: 200 cm; Depth: 65 cm; Height: 35 cm

This product was born from the ideas of the ROSA CREATIVE ROOM

In its in-house studio , the team Rosa Splendiani collaborates with designers , architects , interior decorators and other professionals in the sector.

This is how the best ideas are born for the development of innovative projects and products , in step with the latest trends in the world of furniture outdoor and interior design .",mobilier,EXTERIOR,Melvin,False,Șezlonguri,Rosa Splendiani,,Natural Teak,,,,Aluminium / Olefin rope,,,rosa splendiani mobilier
1516,Dakota - masuță,"The collection Dakota by Rosa Splendiani represents the perfect combination of tradition and innovation, nature and technique.

The Dakota series coffee table is made of solid teak in a natural finish.

The refined and essential line, the high quality of the materials , the perfect balance between design and tradition, make the coffee table Dakota suitable to furnish both indoor and outdoor spaces.

Measurements: Width: 60 cm; Depth: 100 cm; Height: 32 cm

The line ""Dakota"" was born in ROSA CREATIVE LAB .

In its in-house studio, in fact, the team Rosa Splendiani in collaboration with free lance designers, elaborates ideas and carries out continuous research on materials. In this way, products and concepts always in step with the trends of the moment come to life.

Other items in the collection Dakota",mobilier,EXTERIOR,Dakota,False,Masuțe de cafea,Rosa Splendiani,,Natural Teak,,,,Aluminium / Olefin rope,,,rosa splendiani mobilier
1600,Loop K - Baterie joasă,Se pot vopsi în orice culoare RAL. Pentru mai multe informații legate de produsele SANYCCES vă rugăm să consultați catalogul producătorului.,sanitare,BATERII,Loop K,False,DE BLAT,Sanycces,,"BG Brushed gold, BM Black matt, CR Chrome plate, MG Metal gun, NB Nickel brushed, RG Brushed rose gold",,,,Finishes,,,sanycces
1601,Loop K - Baterie înaltă,Se pot vopsi în orice culoare RAL. Pentru mai multe informații legate de produsele SANYCCES vă rugăm să consultați catalogul producătorului.,sanitare,BATERII,Loop K,False,DE BLAT,Sanycces,,"BG Brushed gold, BM Black matt, CR Chrome plate, MG Metal gun, NB Nickel brushed, RG Brushed rose gold",,,,Finishes,,,sanycces
1602,Pool - Baterie joasă,Se pot vopsi în orice culoare RAL. Pentru mai multe informații legate de produsele SANYCCES vă rugăm să consultați catalogul producătorului.,sanitare,BATERII,Pool,False,DE BLAT,Sanycces,,"NB Nickel brushed, RM Raw metal",,,,Finishes,,,sanycces
1603,Pool - Baterie înaltă,Se pot vopsi în orice culoare RAL. Pentru mai multe informații legate de produsele SANYCCES vă rugăm să consultați catalogul producătorului.,sanitare,BATERII,Pool,False,DE BLAT,Sanycces,,"NB Nickel brushed, RM Raw metal",,,,Finishes,,,sanycces
1604,Loop K - Baterie încastrată,Se pot vopsi în orice culoare RAL. Pentru mai multe informații legate de produsele SANYCCES vă rugăm să consultați catalogul producătorului.,sanitare,BATERII,Loop K,False,DE PERETE,Sanycces,,"BG Brushed gold, BM Black matt, CR Chrome plate, MG Metal gun, NB Nickel brushed, RG Brushed rose gold",,,,Finishes,,,sanycces
1605,Pool - Baterie încastrată,Se pot vopsi în orice culoare RAL. Pentru mai multe informații legate de produsele SANYCCES vă rugăm să consultați catalogul producătorului.,sanitare,BATERII,Pool,False,DE PERETE,Sanycces,,"NB Nickel brushed, RM Raw metal",,,,Finishes,,,sanycces
1606,Loop K - Baterie freestanding,Se pot vopsi în orice culoare RAL. Pentru mai multe informații legate de produsele SANYCCES vă rugăm să consultați catalogul producătorului.,sanitare,BATERII,Loop K,False,FREESTANDING,Sanycces,,"BG Brushed gold, BM Black matt, CR Chrome plate, MG Metal gun, NB Nickel brushed, RG Brushed rose gold",,,,Finishes,,,sanycces
1607,Pool - Baterie freestanding,Se pot vopsi în orice culoare RAL. Pentru mai multe informații legate de produsele SANYCCES vă rugăm să consultați catalogul producătorului.,sanitare,BATERII,Pool,False,FREESTANDING,Sanycces,,"NB Nickel brushed, RM Raw metal",,,,Finishes,,,sanycces
1608,Loop K - Baterie bideu,Se pot vopsi în orice culoare RAL. Pentru mai multe informații legate de produsele SANYCCES vă rugăm să consultați catalogul producătorului.,sanitare,BATERII,Loop K,False,DE BIDEU,Sanycces,,"BG Brushed gold, BM Black matt, CR Chrome plate, MG Metal gun, NB Nickel brushed, RG Brushed rose gold",,,,Finishes,,,sanycces
1609,Pool - Baterie bideu,Se pot vopsi în orice culoare RAL. Pentru mai multe informații legate de produsele SANYCCES vă rugăm să consultați catalogul producătorului.,sanitare,BATERII,Pool,False,DE BIDEU,Sanycces,,"NB Nickel brushed, RM Raw metal",,,,Finishes,,,sanycces
1610,Loop K - Baterie wc,Se pot vopsi în orice culoare RAL. Pentru mai multe informații legate de produsele SANYCCES vă rugăm să consultați catalogul producătorului.,sanitare,BATERII,Pool,False,DE BIDEU,Sanycces,,"BG Brushed gold, BM Black matt, CR Chrome plate, MG Metal gun, NB Nickel brushed, RG Brushed rose gold",,,,Finishes,,,sanycces
1611,Loop K - Sistem de duș cu coloană aparenă,Se pot vopsi în orice culoare RAL. Pentru mai multe informații legate de produsele SANYCCES vă rugăm să consultați catalogul producătorului.,sanitare,BATERII,Loop K,False,DUS,Sanycces,,"BG Brushed gold, BM Black matt, CR Chrome plate, MG Metal gun, NB Nickel brushed, RG Brushed rose gold",,,,Finishes,,,sanycces
1612,Pool - Sistem de duș cu coloană aparenă,Se pot vopsi în orice culoare RAL. Pentru mai multe informații legate de produsele SANYCCES vă rugăm să consultați catalogul producătorului.,sanitare,BATERII,Pool,False,DUS,Sanycces,,"NB Nickel brushed, RM Raw metal",,,,Finishes,,,sanycces
1613,Loop K - Sistem de duș încastrat,Se pot vopsi în orice culoare RAL. Pentru mai multe informații legate de produsele SANYCCES vă rugăm să consultați catalogul producătorului.,sanitare,BATERII,Loop K,False,DUS,Sanycces,,"BG Brushed gold, BM Black matt, CR Chrome plate, MG Metal gun, NB Nickel brushed, RG Brushed rose gold",,,,Finishes,,,sanycces
1614,Pool - Sistem de duș încastrat,Se pot vopsi în orice culoare RAL. Pentru mai multe informații legate de produsele SANYCCES vă rugăm să consultați catalogul producătorului.,sanitare,BATERII,Pool,False,DUS,Sanycces,,"NB Nickel brushed, RM Raw metal",,,,Finishes,,,sanycces
1615,Pool - Baterie freestanding cu duș,Se pot vopsi în orice culoare RAL. Pentru mai multe informații legate de produsele SANYCCES vă rugăm să consultați catalogul producătorului.,sanitare,BATERII,Pool,False,CADA,Sanycces,,"NB Nickel brushed, RM Raw metal",,,,Finishes,,,sanycces
1616,Loop - Baterie freestanding cu duș,Se pot vopsi în orice culoare RAL. Pentru mai multe informații legate de produsele SANYCCES vă rugăm să consultați catalogul producătorului.,sanitare,BATERII,Loop K,False,CADA,Sanycces,,"BG Brushed gold, BM Black matt, CR Chrome plate, MG Metal gun, NB Nickel brushed, RG Brushed rose gold",,,,Finishes,,,sanycces
1617,Pool - Set baterie de cadă,Se pot vopsi în orice culoare RAL. Pentru mai multe informații legate de produsele SANYCCES vă rugăm să consultați catalogul producătorului.,sanitare,BATERII,Pool,False,CADA,Sanycces,,"NB Nickel brushed, RM Raw metal",,,,Finishes,,,sanycces
1618,Franc - Vas de toaletă,Se pot vopsi în orice culoare RAL. Pentru mai multe informații legate de produsele SANYCCES vă rugăm să consultați catalogul producătorului.,sanitare,VASE DE TOALETĂ,Franc,False,SUSPENDATE,Sanycces,,"Black matt, White gloss, White matt",,,,Finishes,,,sanycces
1619,Arc - Vas de toaletă,Se pot vopsi în orice culoare RAL. Pentru mai multe informații legate de produsele SANYCCES vă rugăm să consultați catalogul producătorului.,sanitare,VASE DE TOALETĂ,Arc,False,SUSPENDATE,Sanycces,,"Black matt, White gloss, White matt",,,,Finishes,,,sanycces
1620,Arc - Vas de toaletă,Se pot vopsi în orice culoare RAL. Pentru mai multe informații legate de produsele SANYCCES vă rugăm să consultați catalogul producătorului.,sanitare,VASE DE TOALETĂ,Arc,False,CU PICIOR,Sanycces,,"Black matt, White gloss, White matt",,,,Finishes,,,sanycces
1621,Franc - Bideu,Se pot vopsi în orice culoare RAL. Pentru mai multe informații legate de produsele SANYCCES vă rugăm să consultați catalogul producătorului.,sanitare,BIDEURI,Franc,False,SUSPENDATE,Sanycces,,"Black matt, White gloss, White matt",,,,Finishes,,,sanycces
1622,Arc - Bideu I,Se pot vopsi în orice culoare RAL. Pentru mai multe informații legate de produsele SANYCCES vă rugăm să consultați catalogul producătorului.,sanitare,BIDEURI,Arc,False,SUSPENDATE,Sanycces,,"Black matt, White gloss, White matt",,,,Finishes,,,sanycces
1623,Arc - Bideu II,Se pot vopsi în orice culoare RAL. Pentru mai multe informații legate de produsele SANYCCES vă rugăm să consultați catalogul producătorului.,sanitare,BIDEURI,Arc,False,CU PICIOR,Sanycces,,"Black matt, White gloss, White matt",,,,Finishes,,,sanycces
1624,Duna,Se pot vopsi în orice culoare RAL. Pentru mai multe informații legate de produsele SANYCCES vă rugăm să consultați catalogul producătorului.,sanitare,LAVOARE,Duna,False,DE BLAT,Sanycces,,"Carrara Marble, Marquina Marble, Pietra Grey Stone, White matt",,,,Finishes,,,sanycces
1625,Oasis,Se pot vopsi în orice culoare RAL. Pentru mai multe informații legate de produsele SANYCCES vă rugăm să consultați catalogul producătorului.,sanitare,LAVOARE,Oasis,False,DE BLAT,Sanycces,,"Carrara Marble, Marquina Marble, Pietra Grey Stone, White matt",,,,Finishes,,,sanycces
1626,Oasis semipedestal,Se pot vopsi în orice culoare RAL. Pentru mai multe informații legate de produsele SANYCCES vă rugăm să consultați catalogul producătorului.,sanitare,LAVOARE,Oasis,False,DE BLAT,Sanycces,,"Carrara Marble, Marquina Marble, Pietra Grey Stone, White matt",,,,Finishes,,,sanycces
1627,Tempo pedestal,Se pot vopsi în orice culoare RAL. Pentru mai multe informații legate de produsele SANYCCES vă rugăm să consultați catalogul producătorului.,sanitare,LAVOARE,Tempo,False,FREESTANDING,Sanycces,,"White gloss, White matt",,,,Finishes,,,sanycces
1628,Circo Joy,Se pot vopsi în orice culoare RAL. Pentru mai multe informații legate de produsele SANYCCES vă rugăm să consultați catalogul producătorului.,sanitare,LAVOARE,Joy,False,FREESTANDING,Sanycces,,White matt,,,,Finishes,,,sanycces
1629,Cuadra Joy,Se pot vopsi în orice culoare RAL. Pentru mai multe informații legate de produsele SANYCCES vă rugăm să consultați catalogul producătorului.,sanitare,LAVOARE,Joy,False,FREESTANDING,Sanycces,,White matt,,,,Finishes,,,sanycces
1630,Duna 170,Se pot vopsi în orice culoare RAL. Pentru mai multe informații legate de produsele SANYCCES vă rugăm să consultați catalogul producătorului.,sanitare,CAZI,Duna,False,CAZI,Sanycces,,White matt,,,,Finishes,,,sanycces
1631,Duna Ofuro,Se pot vopsi în orice culoare RAL. Pentru mai multe informații legate de produsele SANYCCES vă rugăm să consultați catalogul producătorului.,sanitare,CAZI,Duna,False,CAZI,Sanycces,,White matt,,,,Finishes,,,sanycces
1632,Tempo 170,Se pot vopsi în orice culoare RAL. Pentru mai multe informații legate de produsele SANYCCES vă rugăm să consultați catalogul producătorului.,sanitare,CAZI,Tempo,False,CAZI,Sanycces,,"White gloss, White matt",,,,Finishes,,,sanycces
1633,Arc Ø130,Se pot vopsi în orice culoare RAL. Pentru mai multe informații legate de produsele SANYCCES vă rugăm să consultați catalogul producătorului.,sanitare,CAZI,Arc,False,CAZI,Sanycces,,"White gloss, White matt",,,,Finishes,,,sanycces
1634,Oasis 170,Se pot vopsi în orice culoare RAL. Pentru mai multe informații legate de produsele SANYCCES vă rugăm să consultați catalogul producătorului.,sanitare,CAZI,Oasis,False,CAZI,Sanycces,,White matt,,,,Finishes,,,sanycces
1635,Calma 170,Se pot vopsi în orice culoare RAL. Pentru mai multe informații legate de produsele SANYCCES vă rugăm să consultați catalogul producătorului.,sanitare,CAZI,Calma,False,CAZI,Sanycces,,"White gloss, White matt",,,,Finishes,,,sanycces
1636,Duna pedestal - lavoare DUNA,Se pot vopsi în orice culoare RAL. Pentru mai multe informații legate de produsele SANYCCES vă rugăm să consultați catalogul producătorului.,sanitare,ACCESORII SI PIESE TEHNICE,Complements,False,PIEDESTALE,Sanycces,,"White matt, Oak",,,,Finishes,,,sanycces
1637,Oasis pedestal - lavoare OASIM,Se pot vopsi în orice culoare RAL. Pentru mai multe informații legate de produsele SANYCCES vă rugăm să consultați catalogul producătorului.,sanitare,ACCESORII SI PIESE TEHNICE,Complements,False,PIEDESTALE,Sanycces,,"White matt, American walnut",,,,Finishes,,,sanycces
1638,Oasis semipedestal - lavoare OASIM,Se pot vopsi în orice culoare RAL. Pentru mai multe informații legate de produsele SANYCCES vă rugăm să consultați catalogul producătorului.,sanitare,ACCESORII SI PIESE TEHNICE,Complements,False,PIEDESTALE,Sanycces,,"White matt, Oak wood slats",,,,Finishes,,,sanycces
1639,Calma - accesoriu pentru cadă CALMA,Se pot vopsi în orice culoare RAL. Pentru mai multe informații legate de produsele SANYCCES vă rugăm să consultați catalogul producătorului.,sanitare,ACCESORII SI PIESE TEHNICE,Auxiliar,False,ACCESORII,Sanycces,,Iroko wood,,,,Finishes,,,sanycces
1640,Gregal,Se pot vopsi în orice culoare RAL. Pentru mai multe informații legate de produsele SANYCCES vă rugăm să consultați catalogul producătorului.,sanitare,ACCESORII SI PIESE TEHNICE,Auxiliar,False,ACCESORII,Sanycces,,Iroko wood,,,,Finishes,,,sanycces
1641,Mistral,Se pot vopsi în orice culoare RAL. Pentru mai multe informații legate de produsele SANYCCES vă rugăm să consultați catalogul producătorului.,sanitare,ACCESORII SI PIESE TEHNICE,Auxiliar,False,ACCESORII,Sanycces,,Iroko wood,,,,Finishes,,,sanycces
1642,Duna - Treaptă din plută neagră,Se pot vopsi în orice culoare RAL. Pentru mai multe informații legate de produsele SANYCCES vă rugăm să consultați catalogul producătorului.,sanitare,ACCESORII SI PIESE TEHNICE,Auxiliar,False,ACCESORII,Sanycces,,Black cork,,,,Finishes,,,sanycces
1643,Isla alta | Isla baja,Se pot vopsi în orice culoare RAL. Pentru mai multe informații legate de produsele SANYCCES vă rugăm să consultați catalogul producătorului.,sanitare,ACCESORII SI PIESE TEHNICE,Auxiliar,False,ACCESORII,Sanycces,,"Carrara Marble, Marquina Marble, Pietra Grey Stone, Grey, Oak, Sage green, Steel blue, Terracotta, Anthracite",,,,Finishes,,,sanycces
1644,Poniente,Se pot vopsi în orice culoare RAL. Pentru mai multe informații legate de produsele SANYCCES vă rugăm să consultați catalogul producătorului.,sanitare,ACCESORII SI PIESE TEHNICE,Auxiliar,False,ACCESORII,Sanycces,,"Beige nautical textile, Iroko wood",,,,,,,sanycces
1645,Pool - Suport pentru prosoape,Se pot vopsi în orice culoare RAL. Pentru mai multe informații legate de produsele SANYCCES vă rugăm să consultați catalogul producătorului.,sanitare,ACCESORII SI PIESE TEHNICE,Auxiliar,False,ACCESORII,Sanycces,,"NB Nickel brushed, RM Raw metal",,,,Finishes,,,sanycces
1646,Duna - accesorii,Se pot vopsi în orice culoare RAL. Pentru mai multe informații legate de produsele SANYCCES vă rugăm să consultați catalogul producătorului.,sanitare,ACCESORII SI PIESE TEHNICE,Auxiliar,False,ACCESORII,Sanycces,,"Carrara Marble, Marquina Marble, Pietra Grey Stone",,,,Finishes,,,sanycces
1647,Pool - Suport pentru hartie,Se pot vopsi în orice culoare RAL. Pentru mai multe informații legate de produsele SANYCCES vă rugăm să consultați catalogul producătorului.,sanitare,ACCESORII SI PIESE TEHNICE,Auxiliar,False,ACCESORII,Sanycces,,"NB Nickel brushed, RM Raw metal",,,,Finishes,,,sanycces
1648,Cuadra Joy - Săpunieră,Se pot vopsi în orice culoare RAL. Pentru mai multe informații legate de produsele SANYCCES vă rugăm să consultați catalogul producătorului.,sanitare,ACCESORII SI PIESE TEHNICE,Auxiliar,False,ACCESORII,Sanycces,,"Iroko wood, White matt",,,,,,,sanycces
1649,Circo Joy - Săpunieră,Se pot vopsi în orice culoare RAL. Pentru mai multe informații legate de produsele SANYCCES vă rugăm să consultați catalogul producătorului.,sanitare,ACCESORII SI PIESE TEHNICE,Auxiliar,False,ACCESORII,Sanycces,,"Iroko wood, White matt",,,,Finishes,,,sanycces
1700,RIO,"Marble-cement is obtained by mixing marble chipping selected according to their colour and their dimensions, and concrete fillers. When compared to marble-resin, it offers more solidity and a higher durability, a more unique tactile sensation and a much lower price thanks to the concrete fillers involved in the production, much cheaper than the special resins that are used to produce marble-resin materials.",terrazzo,GRANULATIE FINA,Marble-cement,False,,Terrazzo Italiano,,"Polished, Brushed, Honed",,,,Marble-cement,,,terrazzo italiano
1701,PESCATORI,"Marble-cement is obtained by mixing marble chipping selected according to their colour and their dimensions, and concrete fillers. When compared to marble-resin, it offers more solidity and a higher durability, a more unique tactile sensation and a much lower price thanks to the concrete fillers involved in the production, much cheaper than the special resins that are used to produce marble-resin materials.",terrazzo,GRANULATIE FINA,Marble-cement,False,,Terrazzo Italiano,,"Polished, Brushed, Honed",,,,Marble-cement,,,terrazzo italiano
1702,CALLE,"Marble-cement is obtained by mixing marble chipping selected according to their colour and their dimensions, and concrete fillers. When compared to marble-resin, it offers more solidity and a higher durability, a more unique tactile sensation and a much lower price thanks to the concrete fillers involved in the production, much cheaper than the special resins that are used to produce marble-resin materials.",terrazzo,GRANULATIE FINA,Marble-cement,False,,Terrazzo Italiano,,"Polished, Brushed, Honed",,,,Marble-cement,,,terrazzo italiano
1703,PALAZZETTO,"Marble-cement is obtained by mixing marble chipping selected according to their colour and their dimensions, and concrete fillers. When compared to marble-resin, it offers more solidity and a higher durability, a more unique tactile sensation and a much lower price thanks to the concrete fillers involved in the production, much cheaper than the special resins that are used to produce marble-resin materials.",terrazzo,GRANULATIE FINA,Marble-cement,False,,Terrazzo Italiano,,"Polished, Brushed, Honed",,,,Marble-cement,,,terrazzo italiano
1704,MUSEO,"Marble-cement is obtained by mixing marble chipping selected according to their colour and their dimensions, and concrete fillers. When compared to marble-resin, it offers more solidity and a higher durability, a more unique tactile sensation and a much lower price thanks to the concrete fillers involved in the production, much cheaper than the special resins that are used to produce marble-resin materials.",terrazzo,GRANULATIE FINA,Marble-cement,False,,Terrazzo Italiano,,"Polished, Brushed, Honed",,,,Marble-cement,,,terrazzo italiano
1705,SALEPEPE,"Marble-cement is obtained by mixing marble chipping selected according to their colour and their dimensions, and concrete fillers. When compared to marble-resin, it offers more solidity and a higher durability, a more unique tactile sensation and a much lower price thanks to the concrete fillers involved in the production, much cheaper than the special resins that are used to produce marble-resin materials.",terrazzo,GRANULATIE FINA,Marble-cement,False,,Terrazzo Italiano,,"Polished, Brushed, Honed",,,,Marble-cement,,,terrazzo italiano
1706,GRAND-HOTEL,"Marble-cement is obtained by mixing marble chipping selected according to their colour and their dimensions, and concrete fillers. When compared to marble-resin, it offers more solidity and a higher durability, a more unique tactile sensation and a much lower price thanks to the concrete fillers involved in the production, much cheaper than the special resins that are used to produce marble-resin materials.",terrazzo,GRANULATIE FINA,Marble-cement,False,,Terrazzo Italiano,,"Polished, Brushed, Honed",,,,Marble-cement,,,terrazzo italiano
1707,CANALE,"Marble-cement is obtained by mixing marble chipping selected according to their colour and their dimensions, and concrete fillers. When compared to marble-resin, it offers more solidity and a higher durability, a more unique tactile sensation and a much lower price thanks to the concrete fillers involved in the production, much cheaper than the special resins that are used to produce marble-resin materials.",terrazzo,GRANULATIE FINA,Marble-cement,False,,Terrazzo Italiano,,"Polished, Brushed, Honed",,,,Marble-cement,,,terrazzo italiano
1708,PORTICI,"Marble-cement is obtained by mixing marble chipping selected according to their colour and their dimensions, and concrete fillers. When compared to marble-resin, it offers more solidity and a higher durability, a more unique tactile sensation and a much lower price thanks to the concrete fillers involved in the production, much cheaper than the special resins that are used to produce marble-resin materials.",terrazzo,GRANULATIE FINA,Marble-cement,False,,Terrazzo Italiano,,"Polished, Brushed, Honed",,,,Marble-cement,,,terrazzo italiano
1709,SAN MARCO,"Marble-cement is obtained by mixing marble chipping selected according to their colour and their dimensions, and concrete fillers. When compared to marble-resin, it offers more solidity and a higher durability, a more unique tactile sensation and a much lower price thanks to the concrete fillers involved in the production, much cheaper than the special resins that are used to produce marble-resin materials.",terrazzo,GRANULATIE FINA,Marble-cement,False,,Terrazzo Italiano,,"Polished, Brushed, Honedv",,,,Marble-cement,,,terrazzo italiano
1710,APERITIVO,"Marble-cement is obtained by mixing marble chipping selected according to their colour and their dimensions, and concrete fillers. When compared to marble-resin, it offers more solidity and a higher durability, a more unique tactile sensation and a much lower price thanks to the concrete fillers involved in the production, much cheaper than the special resins that are used to produce marble-resin materials.",terrazzo,GRANULATIE FINA,Marble-cement,False,,Terrazzo Italiano,,"Polished, Brushed, Honed",,,,Marble-cement,,,terrazzo italiano
1711,STRADALLA,"Marble-resin is a special marble agglomerate obtained by the careful mixing of first choice marble granules, hand-picked according to their colour and their dimensions, and special high performance resins. Compared to the marble-cement it shows a much higher resistance to acids and stains. From a more aesthetic point of view, marble-resin is defined by larger pebbles and stone fragments. During the process it can be cut into thinner slabs that will be lighter and easier to install, especially when large surfaces are involved.",terrazzo,GRANULATIE FINA,MARBLE-RESIN,False,,Terrazzo Italiano,,"Polished, Brushed, Honed",,,,Marble-resin,,,terrazzo italiano
1712,RIALTO,"Marble-resin is a special marble agglomerate obtained by the careful mixing of first choice marble granules, hand-picked according to their colour and their dimensions, and special high performance resins. Compared to the marble-cement it shows a much higher resistance to acids and stains. From a more aesthetic point of view, marble-resin is defined by larger pebbles and stone fragments. During the process it can be cut into thinner slabs that will be lighter and easier to install, especially when large surfaces are involved.",terrazzo,GRANULATIE MEDIE,Marble-cement,False,,Terrazzo Italiano,,"Polished, Brushed, Honed",,,,Marble-cement,,,terrazzo italiano
1713,BACARO,"Marble-cement is obtained by mixing marble chipping selected according to their colour and their dimensions, and concrete fillers. When compared to marble-resin, it offers more solidity and a higher durability, a more unique tactile sensation and a much lower price thanks to the concrete fillers involved in the production, much cheaper than the special resins that are used to produce marble-resin materials.",terrazzo,GRANULATIE MEDIE,Marble-cement,False,,Terrazzo Italiano,,"Polished, Brushed, Honed",,,,Marble-cement,,,terrazzo italiano
1714,PUNTA,"Marble-cement is obtained by mixing marble chipping selected according to their colour and their dimensions, and concrete fillers. When compared to marble-resin, it offers more solidity and a higher durability, a more unique tactile sensation and a much lower price thanks to the concrete fillers involved in the production, much cheaper than the special resins that are used to produce marble-resin materials.",terrazzo,GRANULATIE MEDIE,Marble-cement,False,,Terrazzo Italiano,,"Polished, Brushed, Honed",,,,Marble-cement,,,terrazzo italiano
1715,DOGANA,"Marble-cement is obtained by mixing marble chipping selected according to their colour and their dimensions, and concrete fillers. When compared to marble-resin, it offers more solidity and a higher durability, a more unique tactile sensation and a much lower price thanks to the concrete fillers involved in the production, much cheaper than the special resins that are used to produce marble-resin materials.",terrazzo,GRANULATIE MEDIE,Marble-cement,False,,Terrazzo Italiano,,"Polished, Brushed, Honed",,,,Marble-cement,,,terrazzo italiano
1716,MASCHERA,"Marble-resin is a special marble agglomerate obtained by the careful mixing of first choice marble granules, hand-picked according to their colour and their dimensions, and special high performance resins. Compared to the marble-cement it shows a much higher resistance to acids and stains. From a more aesthetic point of view, marble-resin is defined by larger pebbles and stone fragments. During the process it can be cut into thinner slabs that will be lighter and easier to install, especially when large surfaces are involved.",terrazzo,GRANULATIE MEDIE,MARBLE-RESIN,False,,Terrazzo Italiano,,"Polished, Brushed, Honed",,,,Marble-resin,,,terrazzo italiano
1717,FESTA,"Marble-resin is a special marble agglomerate obtained by the careful mixing of first choice marble granules, hand-picked according to their colour and their dimensions, and special high performance resins. Compared to the marble-cement it shows a much higher resistance to acids and stains. From a more aesthetic point of view, marble-resin is defined by larger pebbles and stone fragments. During the process it can be cut into thinner slabs that will be lighter and easier to install, especially when large surfaces are involved..",terrazzo,GRANULATIE MEDIE,MARBLE-RESIN,False,,Terrazzo Italiano,,"Polished, Brushed, Honed",,,,Marble-resin,,,terrazzo italiano
1718,CORIANDOLI,"Marble-cement is obtained by mixing marble chipping selected according to their colour and their dimensions, and concrete fillers. When compared to marble-resin, it offers more solidity and a higher durability, a more unique tactile sensation and a much lower price thanks to the concrete fillers involved in the production, much cheaper than the special resins that are used to produce marble-resin materials.",terrazzo,GRANULATIE MARE,Marble-cement,False,,Terrazzo Italiano,,"Polished, Brushed, Honed",,,,Marble-cement,,,terrazzo italiano
1719,GREPPO,"Marble-cement is obtained by mixing marble chipping selected according to their colour and their dimensions, and concrete fillers. When compared to marble-resin, it offers more solidity and a higher durability, a more unique tactile sensation and a much lower price thanks to the concrete fillers involved in the production, much cheaper than the special resins that are used to produce marble-resin materials.",terrazzo,GRANULATIE MARE,Marble-cement,False,,Terrazzo Italiano,,"Polished, Brushed, Honed",,,,Marble-cement,,,terrazzo italiano
1720,SMERALDO,"Marble-cement is obtained by mixing marble chipping selected according to their colour and their dimensions, and concrete fillers. When compared to marble-resin, it offers more solidity and a higher durability, a more unique tactile sensation and a much lower price thanks to the concrete fillers involved in the production, much cheaper than the special resins that are used to produce marble-resin materials.",terrazzo,GRANULATIE MARE,Marble-cement,False,,Terrazzo Italiano,,"Polished, Brushed, Honed",,,,Marble-cement,,,terrazzo italiano
1721,CONFETTI,"Marble-resin is a special marble agglomerate obtained by the careful mixing of first choice marble granules, hand-picked according to their colour and their dimensions, and special high performance resins. Compared to the marble-cement it shows a much higher resistance to acids and stains. From a more aesthetic point of view, marble-resin is defined by larger pebbles and stone fragments. During the process it can be cut into thinner slabs that will be lighter and easier to install, especially when large surfaces are involved.",terrazzo,GRANULATIE MARE,MARBLE-RESIN,False,,Terrazzo Italiano,,"Polished, Brushed, Honed",,,,Marble-resin,,,terrazzo italiano
1722,DOGE,"Marble-resin is a special marble agglomerate obtained by the careful mixing of first choice marble granules, hand-picked according to their colour and their dimensions, and special high performance resins. Compared to the marble-cement it shows a much higher resistance to acids and stains. From a more aesthetic point of view, marble-resin is defined by larger pebbles and stone fragments. During the process it can be cut into thinner slabs that will be lighter and easier to install, especially when large surfaces are involved.",terrazzo,GRANULATIE MARE,MARBLE-RESIN,False,,Terrazzo Italiano,,"Polished, Brushed, Honed",,,,Marble-resin,,,terrazzo italiano
1723,FIOR DI PESCO,"Marble-resin is a special marble agglomerate obtained by the careful mixing of first choice marble granules, hand-picked according to their colour and their dimensions, and special high performance resins. Compared to the marble-cement it shows a much higher resistance to acids and stains. From a more aesthetic point of view, marble-resin is defined by larger pebbles and stone fragments. During the process it can be cut into thinner slabs that will be lighter and easier to install, especially when large surfaces are involved.",terrazzo,GRANULATIE MARE,MARBLE-RESIN,False,,Terrazzo Italiano,,"Polished, Brushed, Honed",,,,Marble-resin,,,terrazzo italiano
1724,LAGUNA,"Marble-resin is a special marble agglomerate obtained by the careful mixing of first choice marble granules, hand-picked according to their colour and their dimensions, and special high performance resins. Compared to the marble-cement it shows a much higher resistance to acids and stains. From a more aesthetic point of view, marble-resin is defined by larger pebbles and stone fragments. During the process it can be cut into thinner slabs that will be lighter and easier to install, especially when large surfaces are involved.",terrazzo,GRANULATIE MARE,MARBLE-RESIN,False,,Terrazzo Italiano,,"Polished, Brushed, Honed",,,,Marble-resin,,,terrazzo italiano
1725,MORETTA,"Marble-resin is a special marble agglomerate obtained by the careful mixing of first choice marble granules, hand-picked according to their colour and their dimensions, and special high performance resins. Compared to the marble-cement it shows a much higher resistance to acids and stains. From a more aesthetic point of view, marble-resin is defined by larger pebbles and stone fragments. During the process it can be cut into thinner slabs that will be lighter and easier to install, especially when large surfaces are involved.",terrazzo,GRANULATIE MARE,MARBLE-RESIN,False,,Terrazzo Italiano,,"Polished, Brushed, Honed",,,,Marble-resin,,,terrazzo italiano
1800,Tris,"The three widths can be arranged as required to play with shapes and create a refined effect. Alternating the arrangement of 90, 110 and 135 mm wide floor boards gives original dynamic patterns.

Pentru mai multe tipuri de lemn și de finisaje puteți consulta catalogul producătorului.",parchet,CLASSIC,Tris,False,,Unikolegno,,"American Elm oiled / varnished, Elite Oak varnished Bruges, American Walnut varnished E-Matt",,,,Wood,,,unikolegno
1801,Four,"From an elegant mix of four different widths, 70, 90, 110 and 135 mm, a more original and modern installation geometry is born, that highlights the natural differences and peculiarities between one floorboard and the next.

Pentru mai multe tipuri de lemn și de finisaje puteți consulta catalogul producătorului.",parchet,CLASSIC,Four,False,,Unikolegno,,"Oak varnished Light, Oak varnished E-Matt",,,,Wood,,,unikolegno
1802,Type,"The perfect balance of beauty and technology also applies to large sizes. The result of research into quality materials and production techniques, two-layer wood flooring provides superb reliability and stunning good looks.

Pentru mai multe tipuri de lemn și de finisaje puteți consulta catalogul producătorului.",parchet,CLASSIC,Type,False,,Unikolegno,,"Oak varnished Cuoio, Elite Oak varnished Bruges, Oak Thermo 175° varnished Evo, Oak varnished Metropolitan Trafalgar Square, Oak varnished Porfido, Rustic Ash Thermo 175° varnished Evo",,,,Wood,,,unikolegno
1803,Loft Spina,"The refined herringbone and chevron laying patterns bring out the wonderful natural grain of the wood and create an attractive effect of movement in the floors of the Loft Collection. The parquet floors are made with two cutting angles at 30 and 45 degrees.

Pentru mai multe tipuri de lemn și de finisaje puteți consulta catalogul producătorului.",parchet,CHEVRON & HERRINGBONE,Spina,False,,Unikolegno,,"Elite Oak varnished Bruges, Oak Thermo 175° varnished Evo, Oak Thermo 157° varnished Evo / E-Matt, Oak Thermo 130° varnished Evo / E-Matt, American Walnut varnished E-Matt, Ash oiled Meschio",,,,Wood,,,unikolegno
1804,Loft Classic Spina,"The classic elegance created by the herringbone pattern enhances the quality of the refined woody essences. The Loft Classic Spina parquets, designed to develop this splendid pattern, are suited to laying with a cutting angle of 90 degrees.

Pentru mai multe tipuri de lemn și de finisaje puteți consulta catalogul producătorului.",parchet,CHEVRON & HERRINGBONE,Spina,False,,Unikolegno,,"Oak Thermo 130° varnished Evo / E-Matt, Oak Thermo 157° varnished Evo / E-Matt, Oak Thermo 175° varnished Evo, American Walnut Evo, American Walnut varnished E-Matt, Elite Oak Hills oiled Braga",,,,Wood,,,unikolegno
1805,Twenty,"Three lengths, one width, infinite compositions. Twenty is a new idea for wood flooring, easy to choose and live with. The concept is based on a 20cm wide module in three different lengths: 40, 60 and 80 cm. You can make up a customised wood floor as you wish, with a harmoniously proportioned pattern, charming to see and extremely practical.

Pentru mai multe tipuri de lemn și de finisaje puteți consulta catalogul producătorului.",parchet,SPECIALE,Twenty,False,,Unikolegno,,"European Walnut varnished E-Matt, Oak varnished Evo, Ash varnished Lia",,,,Wood,,,unikolegno
1806,76 Rosso Diavolo,,terrazzo,GRANULATIE FINA,Terrazzo,False,,Grandinetti,,"Antique, Heavy Brushed (R10), Honed, Honed And Bevelled, Opaque (To Be Polished On Site), Polished And Bevelled",,"10x10x1.2CM, 20x20x1.2CM, 20x20x1.3CM, 20x20x2CM, 25x25x2CM, 305x125x2CM, 305x125x3CM, 30x30x2CM, 40x40x2CM, 40x8x1.5CM, 60x30x2CM, 60x60x2CM",,,,,grandinetti
1807,78 Bianco,,terrazzo,GRANULATIE FINA,Terrazzo,False,,Grandinetti,,"Antique, Heavy Brushed (R10), Honed, Honed And Bevelled, Opaque (To Be Polished On Site), Polished And Bevelled",,"10x10x1.2CM, 20x20x1.2CM, 20x20x1.3CM, 20x20x2CM, 25x25x2CM, 305x125x2CM, 305x125x3CM, 30x30x2CM, 40x40x2CM, 40x8x1.5CM, 60x30x2CM, 60x60x2CM",,,,,grandinetti
1808,80 Salmone,,terrazzo,GRANULATIE FINA,Terrazzo,False,,Grandinetti,,"Antique, Heavy Brushed (R10), Honed, Honed And Bevelled, Opaque (To Be Polished On Site), Polished And Bevelled",,"10x10x1.2CM, 20x20x1.2CM, 20x20x1.3CM, 20x20x2CM, 25x25x2CM, 305x125x2CM, 305x125x3CM, 30x30x2CM, 40x40x2CM, 40x8x1.5CM, 60x30x2CM, 60x60x2CM",,,,,grandinetti
1809,86 Nero grigio,,terrazzo,GRANULATIE FINA,Terrazzo,False,,Grandinetti,,"Antique, Heavy Brushed (R10), Honed, Honed And Bevelled, Opaque (To Be Polished On Site), Polished And Bevelled",,"10x10x1.2CM, 20x20x1.2CM, 20x20x1.3CM, 20x20x2CM, 25x25x2CM, 305x125x2CM, 305x125x3CM, 30x30x2CM, 40x40x2CM, 40x8x1.5CM, 60x30x2CM, 60x60x2CM",,,,,grandinetti
1810,89 Rosa antico,,terrazzo,GRANULATIE FINA,Terrazzo,False,,Grandinetti,,"Antique, Heavy Brushed (R10), Honed, Honed And Bevelled, Opaque (To Be Polished On Site), Polished And Bevelled",,"10x10x1.2CM, 20x20x1.2CM, 20x20x1.3CM, 20x20x2CM, 25x25x2CM, 305x125x2CM, 305x125x3CM, 30x30x2CM, 40x40x2CM, 40x8x1.5CM, 60x30x2CM, 60x60x2CM",,,,,grandinetti
1811,96 Vecchia graniglia,,terrazzo,GRANULATIE FINA,Terrazzo,False,,Grandinetti,,"Antique, Heavy Brushed (R10), Honed, Honed And Bevelled, Opaque (To Be Polished On Site), Polished And Bevelled",,"10x10x1.2CM, 20x20x1.2CM, 20x20x1.3CM, 20x20x2CM, 25x25x2CM, 305x125x2CM, 305x125x3CM, 30x30x2CM, 40x40x2CM, 40x8x1.5CM, 60x30x2CM, 60x60x2CM",,,,,grandinetti
1812,97 Laguna,,terrazzo,GRANULATIE FINA,Terrazzo,False,,Grandinetti,,"Antique, Heavy Brushed (R10), Honed, Honed And Bevelled, Opaque (To Be Polished On Site), Polished And Bevelled",,"10x10x1.2CM, 20x20x1.2CM, 20x20x1.3CM, 20x20x2CM, 25x25x2CM, 305x125x2CM, 305x125x3CM, 30x30x2CM, 40x40x2CM, 40x8x1.5CM, 60x30x2CM, 60x60x2CM",,,,,grandinetti
1813,108 Minestrone,,terrazzo,GRANULATIE FINA,Terrazzo,False,,Grandinetti,,"Antique, Heavy Brushed (R10), Honed, Honed And Bevelled, Opaque (To Be Polished On Site), Polished And Bevelled",,"10x10x1.2CM, 20x20x1.2CM, 20x20x1.3CM, 20x20x2CM, 25x25x2CM, 305x125x2CM, 305x125x3CM, 30x30x2CM, 40x40x2CM, 40x8x1.5CM, 60x30x2CM, 60x60x2CM",,,,,grandinetti
1814,111 Botticino,,terrazzo,GRANULATIE FINA,Terrazzo,False,,Grandinetti,,"Antique, Heavy Brushed (R10), Honed, Honed And Bevelled, Opaque (To Be Polished On Site), Polished And Bevelled",,"10x10x1.2CM, 20x20x1.2CM, 20x20x1.3CM, 20x20x2CM, 25x25x2CM, 305x125x2CM, 305x125x3CM, 30x30x2CM, 40x40x2CM, 40x8x1.5CM, 60x30x2CM, 60x60x2CM",,,,,grandinetti
1815,118 Bianconera,,terrazzo,GRANULATIE FINA,Terrazzo,False,,Grandinetti,,"Antique, Heavy Brushed (R10), Honed, Honed And Bevelled, Opaque (To Be Polished On Site), Polished And Bevelled",,"10x10x1.2CM, 20x20x1.2CM, 20x20x1.3CM, 20x20x2CM, 25x25x2CM, 305x125x2CM, 305x125x3CM, 30x30x2CM, 40x40x2CM, 40x8x1.5CM, 60x30x2CM, 60x60x2CM",,,,,grandinetti
1816,117 Minestrone primavera,,terrazzo,GRANULATIE FINA,Terrazzo,False,,Grandinetti,,"Antique, Heavy Brushed (R10), Honed, Honed And Bevelled, Opaque (To Be Polished On Site), Polished And Bevelled",,"10x10x1.2CM, 20x20x1.2CM, 20x20x1.3CM, 20x20x2CM, 25x25x2CM, 305x125x2CM, 305x125x3CM, 30x30x2CM, 40x40x2CM, 40x8x1.5CM, 60x30x2CM, 60x60x2CM",,,,,grandinetti
1817,120 Geretto,,terrazzo,GRANULATIE FINA,Terrazzo,False,,Grandinetti,,"Antique, Heavy Brushed (R10), Honed, Honed And Bevelled, Opaque (To Be Polished On Site), Polished And Bevelled",,"10x10x1.2CM, 20x20x1.2CM, 20x20x1.3CM, 20x20x2CM, 25x25x2CM, 305x125x2CM, 305x125x3CM, 30x30x2CM, 40x40x2CM, 40x8x1.5CM, 60x30x2CM, 60x60x2CM",,,,,grandinetti
1818,1C3,,terrazzo,GRANULATIE FINA,Out of catalog,False,,Grandinetti,,"Antique, Heavy Brushed (R10), Honed, Honed And Bevelled, Opaque (To Be Polished On Site), Polished And Bevelled",,"10x10x1.2CM, 20x20x1.2CM, 20x20x1.3CM, 20x20x2CM, 25x25x2CM, 305x125x2CM, 305x125x3CM, 30x30x2CM, 40x40x2CM, 60x30x2CM, 60x60x2CM",,,,,grandinetti
1819,4B6,,terrazzo,GRANULATIE FINA,Out of catalog,False,,Grandinetti,,"Antique, Heavy Brushed (R10), Honed, Honed And Bevelled, Opaque (To Be Polished On Site), Polished And Bevelled",,"10x10x1.2CM, 20x20x1.2CM, 20x20x1.3CM, 20x20x2CM, 25x25x1.3CM, 25x25x2CM, 305x125x2CM, 305x125x3CM, 30x30x2CM, 40x40x2CM, 60x30x2CM, 60x60x2CM",,,,,grandinetti
1820,4C2,,terrazzo,GRANULATIE FINA,Out of catalog,False,,Grandinetti,,"Antique, Heavy Brushed (R10), Honed, Honed And Bevelled, Opaque (To Be Polished On Site), Polished And Bevelled",,"10x10x1.2CM, 20x20x1.2CM, 20x20x1.3CM, 20x20x2CM, 25x25x2CM, 305x125x2CM, 305x125x3CM, 30x30x2CM, 40x40x2CM, 60x30x2CM, 60x60x2CM",,,,,grandinetti
1821,5B1,,terrazzo,GRANULATIE FINA,Out of catalog,False,,Grandinetti,,"Antique, Heavy Brushed (R10), Honed, Honed And Bevelled, Opaque (To Be Polished On Site), Polished And Bevelled",,"10x10x1.2CM, 20x20x1.2CM, 20x20x1.3CM, 20x20x2CM, 25x25x2CM, 305x125x2CM, 305x125x3CM, 30x30x2CM, 40x40x2CM, 60x30x2CM, 60x60x2CM",,,,,grandinetti
1822,5C6,,terrazzo,GRANULATIE FINA,Out of catalog,False,,Grandinetti,,"Antique, Heavy Brushed (R10), Honed, Honed And Bevelled, Opaque (To Be Polished On Site), Polished And Bevelled",,"10x10x1.2CM, 20x20x1.2CM, 20x20x1.3CM, 20x20x2CM, 25x25x1.3CM, 25x25x2CM, 305x125x2CM, 305x125x3CM, 30x30x2CM, 40x40x2CM, 60x30x2CM, 60x60x2CM",,,,,grandinetti
1823,5D3,,terrazzo,GRANULATIE FINA,Out of catalog,False,,Grandinetti,,"Antique, Heavy Brushed (R10), Honed, Honed And Bevelled, Opaque (To Be Polished On Site), Polished And Bevelled",,"10x10x1.2CM, 20x20x1.2CM, 20x20x1.3CM, 20x20x2CM, 25x25x1.3CM, 25x25x2CM, 305x125x2CM, 305x125x3CM, 30x30x2CM, 40x40x2CM, 60x30x2CM, 60x60x2CM",,,,,grandinetti
1824,7I6,,terrazzo,GRANULATIE FINA,Out of catalog,False,,Grandinetti,,"Antique, Heavy Brushed (R10), Honed, Honed And Bevelled, Opaque (To Be Polished On Site), Polished And Bevelled",,"10x10x1.2CM, 20x20x1.2CM, 20x20x1.3CM, 20x20x2CM, 25x25x2CM, 305x125x2CM, 305x125x3CM, 30x30x2CM, 40x40x2CM, 60x30x2CM, 60x60x2CM",,,,,grandinetti
1825,om2,,terrazzo,GRANULATIE MEDIE,Romanorum opus musivum,False,,Grandinetti,,"Antique, Heavy Brushed (R10), Honed, Honed And Bevelled, Polished And Bevelled",,"10x10x1.2CM, 20x20x1.2CM, 20x20x1.3CM, 20x20x2CM, 25x25x2CM, 305x125x2CM, 305x125x3CM, 30x30x2CM, 40x40x2CM, 40x8x1.5CM, 60x30x2CM, 60x60x2CM",,,,,grandinetti
1826,om4,,terrazzo,GRANULATIE MEDIE,Romanorum opus musivum,False,,Grandinetti,,"Antique, Heavy Brushed (R10)",,"10x10x1.2CM, 20x20x1.2CM, 20x20x1.3CM, 20x20x2CM, 25x25x2CM, 305x125x2CM, 305x125x3CM, 30x30x2CM, 40x40x2CM, 40x8x1.5CM, 60x30x2CM, 60x60x2CM",,,,,grandinetti
1827,om5,,terrazzo,GRANULATIE MEDIE,Romanorum opus musivum,False,,Grandinetti,,"Antique, Heavy Brushed (R10)",,"10x10x1.2CM, 20x20x1.2CM, 20x20x1.3CM, 20x20x2CM, 25x25x2CM, 305x125x2CM, 305x125x3CM, 30x30x2CM, 40x40x2CM, 40x8x1.5CM, 60x30x2CM, 60x60x2CM",,,,,grandinetti
1828,om6,,terrazzo,GRANULATIE MEDIE,Romanorum opus musivum,False,,Grandinetti,,"Antique, Heavy Brushed (R10)",,"10x10x1.2CM, 20x20x1.2CM, 20x20x1.3CM, 20x20x2CM, 25x25x2CM, 305x125x2CM, 305x125x3CM, 30x30x2CM, 40x40x2CM, 40x8x1.5CM, 60x30x2CM, 60x60x2CM",,,,,grandinetti
1829,om7,,terrazzo,GRANULATIE MEDIE,Romanorum opus musivum,False,,Grandinetti,,"Antique, Heavy Brushed (R10), Honed, Honed And Bevelled, Polished And Bevelled",,"10x10x1.2CM, 20x20x1.2CM, 20x20x1.3CM, 20x20x2CM, 25x25x2CM, 305x125x2CM, 305x125x3CM, 30x30x2CM, 40x40x2CM, 40x8x1.5CM, 60x30x2CM, 60x60x2CM",,,,,grandinetti
1830,201 Arlecchino Donna,,terrazzo,GRANULATIE MEDIE,Gra veneziana,False,,Grandinetti,,"Antique, Heavy Brushed (R10), Honed, Honed And Bevelled, Opaque (To Be Polished On Site), Polished And Bevelled",,"10x10x1.2CM, 20x20x1.2CM, 20x20x1.3CM, 20x20x2CM, 25x25x2CM, 305x125x2CM, 305x125x3CM, 30x30x2CM, 40x40x2CM, 40x8x1.5CM, 60x30x2CM, 60x60x2CM",,,,,grandinetti
1831,210 Terzetto,,terrazzo,GRANULATIE MEDIE,Gra veneziana,False,,Grandinetti,,"Antique, Heavy Brushed (R10), Honed, Honed And Bevelled, Opaque (To Be Polished On Site), Polished And Bevelled",,"10x10x1.2CM, 20x20x1.2CM, 20x20x1.3CM, 20x20x2CM, 25x25x2CM, 305x125x2CM, 305x125x3CM, 30x30x2CM, 40x40x2CM, 40x8x1.5CM, 60x30x2CM, 60x60x2CM",,,,,grandinetti
1832,205 Corallo,,terrazzo,GRANULATIE MEDIE,Gra veneziana,False,,Grandinetti,,"Antique, Heavy Brushed (R10), Honed, Honed And Bevelled, Opaque (To Be Polished On Site), Polished And Bevelled",,"10x10x1.2CM, 20x20x1.2CM, 20x20x1.3CM, 20x20x2CM, 25x25x2CM, 305x125x2CM, 305x125x3CM, 30x30x2CM, 40x40x2CM, 40x8x1.5CM, 60x30x2CM, 60x60x2CM",,,,,grandinetti
1833,Listone Maestro Rovere Naturale,,parchet,CLASSIC,Prefiniti Classici,False,,Milano Parquet,,"Neted, Periat",,"90 mm, 600/1200 ca. mm",,Stejar,,PLACI,milano
1834,Listone Maestro Teak,,parchet,CLASSIC,Prefiniti Classici,False,,Milano Parquet,,Neted,,"90 mm, 600/1200 ca. mm",,Tec,,,milano
1835,Naturale,,parchet,CLASSIC,Eco-Light,False,,Milano Parquet,,Periat,,"125/150 mm, 1200 (80% ca.)",,Stejar,,PLACI,milano
1836,Naturale New,,parchet,CLASSIC,Eco-Light,False,,Milano Parquet,,Periat,,"125/150 mm, 1200 (80% ca.)",,Wood,,,milano
1837,Smoked New,,parchet,CLASSIC,Eco-Light,False,,Milano Parquet,,Periat,,"125/150 mm, 1200 (80% ca.)",,Wood,,,milano
1838,Chevron 45° Rovere Naturalizzato 10x70x530,,parchet,CHEVRON & HERRINGBONE,Chevron 45°,False,,Milano Parquet,,"Periat, Muchie Teșită",,7x53x1 cm,,Wood,,,milano
1839,ILW Duomo Spina 90° Rovere Naturale,,parchet,CHEVRON & HERRINGBONE,ILW Duomo Spina 90°,False,,Milano Parquet,,"Periat, Muchie Teșită",,9x60x1.4 cm,,Stejar,,Spina 90°,milano
1840,ILW Duomo Spina 90° Rovere Naturalizzato Select,,parchet,CHEVRON & HERRINGBONE,ILW Duomo Spina 90°,False,,Milano Parquet,,"Periat, Muchie Teșită",,9x60x1.4 cm,,Wood,,,milano
1841,ILW Duomo Spina 90° Rovere Light Smoked,,parchet,CHEVRON & HERRINGBONE,ILW Duomo Spina 90°,False,,Milano Parquet,,"Periat, Muchie Teșită",,9x60x1.4 cm,,Wood,,,milano
1842,Bamboo Dark Brown,,parchet,OUTDOOR DECK,OUTDOOR,False,,Milano Parquet,,Șlefuit Sau Cu Canelate,,,,Bambus termocompozit,,PLACI,milano
1843,Teak Asia,,parchet,OUTDOOR DECK,OUTDOOR,False,,Milano Parquet,,Șlefuit,,,,Tec,,,milano
1844,Bamboo Light Brown,,parchet,OUTDOOR DECK,OUTDOOR,False,,Milano Parquet,,Șlefuit Sau Cu Canelate,,,,Bambus termocompozit,,,milano
1845,Blunt medium & small,,mobilier,MESE,FONDOVALLE,False,,Fondovalle,,,,,,,,,fondovalle mobilier
1846,Blunt ext,,mobilier,MESE,FONDOVALLE,False,,Fondovalle,,,,,,,,,fondovalle mobilier
1847,Plana,,mobilier,MESE,FONDOVALLE,False,,Fondovalle,,,,,,,,,fondovalle mobilier
1848,Plana ext,,mobilier,MESE,FONDOVALLE,False,,Fondovalle,,,,,,,,,fondovalle mobilier
1849,Side round,,mobilier,MESE,FONDOVALLE,False,,Fondovalle,,,,,,,,,fondovalle mobilier
1850,Side rectangular,,mobilier,MESE,FONDOVALLE,False,,Fondovalle,,,,,,,,,fondovalle mobilier
1851,Side square,,mobilier,MESE,FONDOVALLE,False,,Fondovalle,,,,,,,,,fondovalle mobilier
1852,Raki,,mobilier,MESE,FONDOVALLE,False,,Fondovalle,,,,,,,,,fondovalle mobilier
1853,Raki round,,mobilier,MESE,FONDOVALLE,False,,Fondovalle,,,,,,,,,fondovalle mobilier
1854,My Contract,,mobilier,MESE,FONDOVALLE,False,,Fondovalle,,,,,,,,,fondovalle mobilier
