id,product_id,sku,color,url,gallery_photos,technical_photos
9500,1600,SAN_9500,BG Brushed gold,https://sanycces.es/en/product/loop-k-3/,"[""https://sanycces.es/wp-content/uploads/2024/05/179zkiAeCMIJ-cI6gLuLmIhYWUZk25Y0K.jpg"", ""https://sanycces.es/wp-content/uploads/2021/02/LOOP-K-MONOMANDO-LAVABO-NB-1.jpg"", ""https://sanycces.es/wp-content/uploads/2021/02/LOOP-K-MONOMANDO-LAVABO-NB-2.jpg""]","[""https://sanycces.es/wp-content/uploads/2021/02/MNO011_FTC.png""]"
9501,1600,SAN_9501,BM Black matt,https://sanycces.es/en/product/loop-k-3/,"[""https://sanycces.es/wp-content/uploads/2024/05/179zkiAeCMIJ-cI6gLuLmIhYWUZk25Y0K.jpg"", ""https://sanycces.es/wp-content/uploads/2021/02/LOOP-K-MONOMANDO-LAVABO-NB-1.jpg"", ""https://sanycces.es/wp-content/uploads/2021/02/LOOP-K-MONOMANDO-LAVABO-NB-2.jpg""]","[""https://sanycces.es/wp-content/uploads/2021/02/MNO011_FTC.png""]"
9502,1600,SAN_9502,CR Chrome plate,https://sanycces.es/en/product/loop-k-3/,"[""https://sanycces.es/wp-content/uploads/2024/05/179zkiAeCMIJ-cI6gLuLmIhYWUZk25Y0K.jpg"", ""https://sanycces.es/wp-content/uploads/2021/02/LOOP-K-MONOMANDO-LAVABO-NB-1.jpg"", ""https://sanycces.es/wp-content/uploads/2021/02/LOOP-K-MONOMANDO-LAVABO-NB-2.jpg""]","[""https://sanycces.es/wp-content/uploads/2021/02/MNO011_FTC.png""]"
9503,1600,SAN_9503,MG Metal gun,https://sanycces.es/en/product/loop-k-3/,"[""https://sanycces.es/wp-content/uploads/2024/05/179zkiAeCMIJ-cI6gLuLmIhYWUZk25Y0K.jpg"", ""https://sanycces.es/wp-content/uploads/2021/02/LOOP-K-MONOMANDO-LAVABO-NB-1.jpg"", ""https://sanycces.es/wp-content/uploads/2021/02/LOOP-K-MONOMANDO-LAVABO-NB-2.jpg""]","[""https://sanycces.es/wp-content/uploads/2021/02/MNO011_FTC.png""]"
9504,1600,SAN_9504,NB Nickel brushed,https://sanycces.es/en/product/loop-k-3/,"[""https://sanycces.es/wp-content/uploads/2024/05/179zkiAeCMIJ-cI6gLuLmIhYWUZk25Y0K.jpg"", ""https://sanycces.es/wp-content/uploads/2021/02/LOOP-K-MONOMANDO-LAVABO-NB-1.jpg"", ""https://sanycces.es/wp-content/uploads/2021/02/LOOP-K-MONOMANDO-LAVABO-NB-2.jpg""]","[""https://sanycces.es/wp-content/uploads/2021/02/MNO011_FTC.png""]"
9505,1600,SAN_9505,RG Brushed rose gold,https://sanycces.es/en/product/loop-k-3/,"[""https://sanycces.es/wp-content/uploads/2024/05/179zkiAeCMIJ-cI6gLuLmIhYWUZk25Y0K.jpg"", ""https://sanycces.es/wp-content/uploads/2021/02/LOOP-K-MONOMANDO-LAVABO-NB-1.jpg"", ""https://sanycces.es/wp-content/uploads/2021/02/LOOP-K-MONOMANDO-LAVABO-NB-2.jpg""]","[""https://sanycces.es/wp-content/uploads/2021/02/MNO011_FTC.png""]"
9506,1601,SAN_9506,BG Brushed gold,https://sanycces.es/en/product/loop-k-4/,"[""https://sanycces.es/wp-content/uploads/2024/05/179lCCOteES-omw6pZhe2mw5GhHOBp2OY.jpg"", ""https://sanycces.es/wp-content/uploads/2021/02/02_-PRESENTACION-LOOP-BG.jpg"", ""https://sanycces.es/wp-content/uploads/2021/02/LOOP-MOOD-05-Caldera-contrast-OR-A.jpg""]","[""https://sanycces.es/wp-content/uploads/2021/02/MOA011_FTC.png""]"
9507,1601,SAN_9507,BM Black matt,https://sanycces.es/en/product/loop-k-4/,"[""https://sanycces.es/wp-content/uploads/2024/05/179lCCOteES-omw6pZhe2mw5GhHOBp2OY.jpg"", ""https://sanycces.es/wp-content/uploads/2021/02/02_-PRESENTACION-LOOP-BG.jpg"", ""https://sanycces.es/wp-content/uploads/2021/02/LOOP-MOOD-05-Caldera-contrast-OR-A.jpg""]","[""https://sanycces.es/wp-content/uploads/2021/02/MOA011_FTC.png""]"
9508,1601,SAN_9508,CR Chrome plate,https://sanycces.es/en/product/loop-k-4/,"[""https://sanycces.es/wp-content/uploads/2024/05/179lCCOteES-omw6pZhe2mw5GhHOBp2OY.jpg"", ""https://sanycces.es/wp-content/uploads/2021/02/02_-PRESENTACION-LOOP-BG.jpg"", ""https://sanycces.es/wp-content/uploads/2021/02/LOOP-MOOD-05-Caldera-contrast-OR-A.jpg""]","[""https://sanycces.es/wp-content/uploads/2021/02/MOA011_FTC.png""]"
9509,1601,SAN_9509,MG Metal gun,https://sanycces.es/en/product/loop-k-4/,"[""https://sanycces.es/wp-content/uploads/2024/05/179lCCOteES-omw6pZhe2mw5GhHOBp2OY.jpg"", ""https://sanycces.es/wp-content/uploads/2021/02/02_-PRESENTACION-LOOP-BG.jpg"", ""https://sanycces.es/wp-content/uploads/2021/02/LOOP-MOOD-05-Caldera-contrast-OR-A.jpg""]","[""https://sanycces.es/wp-content/uploads/2021/02/MOA011_FTC.png""]"
9510,1601,SAN_9510,NB Nickel brushed,https://sanycces.es/en/product/loop-k-4/,"[""https://sanycces.es/wp-content/uploads/2024/05/179lCCOteES-omw6pZhe2mw5GhHOBp2OY.jpg"", ""https://sanycces.es/wp-content/uploads/2021/02/02_-PRESENTACION-LOOP-BG.jpg"", ""https://sanycces.es/wp-content/uploads/2021/02/LOOP-MOOD-05-Caldera-contrast-OR-A.jpg""]","[""https://sanycces.es/wp-content/uploads/2021/02/MOA011_FTC.png""]"
9511,1601,SAN_9511,RG Brushed rose gold,https://sanycces.es/en/product/loop-k-4/,"[""https://sanycces.es/wp-content/uploads/2024/05/179lCCOteES-omw6pZhe2mw5GhHOBp2OY.jpg"", ""https://sanycces.es/wp-content/uploads/2021/02/02_-PRESENTACION-LOOP-BG.jpg"", ""https://sanycces.es/wp-content/uploads/2021/02/LOOP-MOOD-05-Caldera-contrast-OR-A.jpg""]","[""https://sanycces.es/wp-content/uploads/2021/02/MOA011_FTC.png""]"
9512,1602,SAN_9512,NB Nickel brushed,https://sanycces.es/en/product/pool_monomando_lavabo/,"[""https://sanycces.es/wp-content/uploads/2026/04/SANYCCES_POOL_MONOMANDO-LAVABO.png"", ""https://sanycces.es/wp-content/uploads/2026/04/SANYCCES_POOL_MONOMANDO-LAVABO-RM.png"", ""https://sanycces.es/wp-content/uploads/2026/04/SANYCCES-POOL_MONOMANDO-DE-LAVABO_6.jpg"", ""https://sanycces.es/wp-content/uploads/2026/04/SANYCCES-POOL_MONOMANDO-DE-LAVABO_7.jpg"", ""https://sanycces.es/wp-content/uploads/2026/04/SANYCCES-POOL_MONOMANDO-DE-LAVABO_1.jpg"", ""https://sanycces.es/wp-content/uploads/2026/04/SANYCCES-POOL_MONOMANDO-DE-LAVABO_2.jpg"", ""https://sanycces.es/wp-content/uploads/2026/04/SANYCCES-POOL_MONOMANDO-DE-LAVABO_3.jpg"", ""https://sanycces.es/wp-content/uploads/2026/04/SANYCCES-POOL_MONOMANDO-DE-LAVABO_4.jpg"", ""https://sanycces.es/wp-content/uploads/2026/04/SANYCCES-POOL_MONOMANDO-DE-LAVABO_5.jpg""]","[""https://sanycces.es/wp-content/uploads/2026/04/FAUCETS_POOL_2026-1.png""]"
9513,1602,SAN_9513,RM Raw metal,https://sanycces.es/en/product/pool_monomando_lavabo/,"[""https://sanycces.es/wp-content/uploads/2026/04/SANYCCES_POOL_MONOMANDO-LAVABO.png"", ""https://sanycces.es/wp-content/uploads/2026/04/SANYCCES_POOL_MONOMANDO-LAVABO-RM.png"", ""https://sanycces.es/wp-content/uploads/2026/04/SANYCCES-POOL_MONOMANDO-DE-LAVABO_6.jpg"", ""https://sanycces.es/wp-content/uploads/2026/04/SANYCCES-POOL_MONOMANDO-DE-LAVABO_7.jpg"", ""https://sanycces.es/wp-content/uploads/2026/04/SANYCCES-POOL_MONOMANDO-DE-LAVABO_1.jpg"", ""https://sanycces.es/wp-content/uploads/2026/04/SANYCCES-POOL_MONOMANDO-DE-LAVABO_2.jpg"", ""https://sanycces.es/wp-content/uploads/2026/04/SANYCCES-POOL_MONOMANDO-DE-LAVABO_3.jpg"", ""https://sanycces.es/wp-content/uploads/2026/04/SANYCCES-POOL_MONOMANDO-DE-LAVABO_4.jpg"", ""https://sanycces.es/wp-content/uploads/2026/04/SANYCCES-POOL_MONOMANDO-DE-LAVABO_5.jpg""]","[""https://sanycces.es/wp-content/uploads/2026/04/FAUCETS_POOL_2026-1.png""]"
9514,1603,SAN_9514,NB Nickel brushed,https://sanycces.es/en/product/pool_monomando_alto_lavabo/,"[""https://sanycces.es/wp-content/uploads/2026/04/SANYCCES_POOL_MONOMANDO-LAVABO-ALTO.png"", ""https://sanycces.es/wp-content/uploads/2026/04/SANYCCES_POOL_MONOMANDO-LAVABO-ALTO-RM.png"", ""https://sanycces.es/wp-content/uploads/2026/04/SANYCCES-POOL_MONOMANDO-ALTO-DE-LAVABO_1.jpg"", ""https://sanycces.es/wp-content/uploads/2026/04/SANYCCES-POOL_MONOMANDO-ALTO-DE-LAVABO_2.jpg"", ""https://sanycces.es/wp-content/uploads/2026/04/SANYCCES-POOL_MONOMANDO-ALTO-DE-LAVABO_3.jpg"", ""https://sanycces.es/wp-content/uploads/2026/04/SANYCCES-POOL_MONOMANDO-ALTO-DE-LAVABO_4.jpg""]","[""https://sanycces.es/wp-content/uploads/2021/02/MOA001.png""]"
9515,1603,SAN_9515,RM Raw metal,https://sanycces.es/en/product/pool_monomando_alto_lavabo/,"[""https://sanycces.es/wp-content/uploads/2026/04/SANYCCES_POOL_MONOMANDO-LAVABO-ALTO.png"", ""https://sanycces.es/wp-content/uploads/2026/04/SANYCCES_POOL_MONOMANDO-LAVABO-ALTO-RM.png"", ""https://sanycces.es/wp-content/uploads/2026/04/SANYCCES-POOL_MONOMANDO-ALTO-DE-LAVABO_1.jpg"", ""https://sanycces.es/wp-content/uploads/2026/04/SANYCCES-POOL_MONOMANDO-ALTO-DE-LAVABO_2.jpg"", ""https://sanycces.es/wp-content/uploads/2026/04/SANYCCES-POOL_MONOMANDO-ALTO-DE-LAVABO_3.jpg"", ""https://sanycces.es/wp-content/uploads/2026/04/SANYCCES-POOL_MONOMANDO-ALTO-DE-LAVABO_4.jpg""]","[""https://sanycces.es/wp-content/uploads/2021/02/MOA001.png""]"
9516,1604,SAN_9516,BG Brushed gold,https://sanycces.es/en/product/loop-k-6/,"[""https://sanycces.es/wp-content/uploads/2024/05/177Y4StqQW5xtRDnWOZkl9lZqKbrCrDtK.jpg"", ""https://sanycces.es/wp-content/uploads/2021/02/MEN011R18CRCR-scaled.jpg""]","[""https://sanycces.es/wp-content/uploads/2021/02/MEN011R14-18_CAT.png""]"
9517,1604,SAN_9517,BM Black matt,https://sanycces.es/en/product/loop-k-6/,"[""https://sanycces.es/wp-content/uploads/2024/05/177Y4StqQW5xtRDnWOZkl9lZqKbrCrDtK.jpg"", ""https://sanycces.es/wp-content/uploads/2021/02/MEN011R18CRCR-scaled.jpg""]","[""https://sanycces.es/wp-content/uploads/2021/02/MEN011R14-18_CAT.png""]"
9518,1604,SAN_9518,CR Chrome plate,https://sanycces.es/en/product/loop-k-6/,"[""https://sanycces.es/wp-content/uploads/2024/05/177Y4StqQW5xtRDnWOZkl9lZqKbrCrDtK.jpg"", ""https://sanycces.es/wp-content/uploads/2021/02/MEN011R18CRCR-scaled.jpg""]","[""https://sanycces.es/wp-content/uploads/2021/02/MEN011R14-18_CAT.png""]"
9519,1604,SAN_9519,MG Metal gun,https://sanycces.es/en/product/loop-k-6/,"[""https://sanycces.es/wp-content/uploads/2024/05/177Y4StqQW5xtRDnWOZkl9lZqKbrCrDtK.jpg"", ""https://sanycces.es/wp-content/uploads/2021/02/MEN011R18CRCR-scaled.jpg""]","[""https://sanycces.es/wp-content/uploads/2021/02/MEN011R14-18_CAT.png""]"
9520,1604,SAN_9520,NB Nickel brushed,https://sanycces.es/en/product/loop-k-6/,"[""https://sanycces.es/wp-content/uploads/2024/05/177Y4StqQW5xtRDnWOZkl9lZqKbrCrDtK.jpg"", ""https://sanycces.es/wp-content/uploads/2021/02/MEN011R18CRCR-scaled.jpg""]","[""https://sanycces.es/wp-content/uploads/2021/02/MEN011R14-18_CAT.png""]"
9521,1604,SAN_9521,RG Brushed rose gold,https://sanycces.es/en/product/loop-k-6/,"[""https://sanycces.es/wp-content/uploads/2024/05/177Y4StqQW5xtRDnWOZkl9lZqKbrCrDtK.jpg"", ""https://sanycces.es/wp-content/uploads/2021/02/MEN011R18CRCR-scaled.jpg""]","[""https://sanycces.es/wp-content/uploads/2021/02/MEN011R14-18_CAT.png""]"
9522,1605,SAN_9522,NB Nickel brushed,https://sanycces.es/en/product/pool-2/,"[""https://sanycces.es/wp-content/uploads/2026/04/SANYCCES_POOL_MONOMANDO-MURAL.png"", ""https://sanycces.es/wp-content/uploads/2026/04/SANYCCES_POOL_MONOMANDO-MURAL-rm.png"", ""https://sanycces.es/wp-content/uploads/2026/04/SANYCCES-POOL_MONOMANDO-LAVABO_MURAL_2.jpg"", ""https://sanycces.es/wp-content/uploads/2026/04/SANYCCES-POOL_MONOMANDO-LAVABO_MURAL_6.jpg"", ""https://sanycces.es/wp-content/uploads/2026/04/SANYCCES-POOL_MONOMANDO-LAVABO_MURAL_7.jpg"", ""https://sanycces.es/wp-content/uploads/2026/04/SANYCCES-POOL_MONOMANDO-LAVABO_MURAL_8.jpg"", ""https://sanycces.es/wp-content/uploads/2026/04/SANYCCES-POOL_MONOMANDO-LAVABO_MURAL_9.jpg"", ""https://sanycces.es/wp-content/uploads/2026/04/SANYCCES-POOL_MONOMANDO-LAVABO_MURAL_1.jpg""]","[""https://sanycces.es/wp-content/uploads/2026/04/MEN006SSR.png""]"
9523,1605,SAN_9523,RM Raw metal,https://sanycces.es/en/product/pool-2/,"[""https://sanycces.es/wp-content/uploads/2026/04/SANYCCES_POOL_MONOMANDO-MURAL.png"", ""https://sanycces.es/wp-content/uploads/2026/04/SANYCCES_POOL_MONOMANDO-MURAL-rm.png"", ""https://sanycces.es/wp-content/uploads/2026/04/SANYCCES-POOL_MONOMANDO-LAVABO_MURAL_2.jpg"", ""https://sanycces.es/wp-content/uploads/2026/04/SANYCCES-POOL_MONOMANDO-LAVABO_MURAL_6.jpg"", ""https://sanycces.es/wp-content/uploads/2026/04/SANYCCES-POOL_MONOMANDO-LAVABO_MURAL_7.jpg"", ""https://sanycces.es/wp-content/uploads/2026/04/SANYCCES-POOL_MONOMANDO-LAVABO_MURAL_8.jpg"", ""https://sanycces.es/wp-content/uploads/2026/04/SANYCCES-POOL_MONOMANDO-LAVABO_MURAL_9.jpg"", ""https://sanycces.es/wp-content/uploads/2026/04/SANYCCES-POOL_MONOMANDO-LAVABO_MURAL_1.jpg""]","[""https://sanycces.es/wp-content/uploads/2026/04/MEN006SSR.png""]"
9524,1606,SAN_9524,BG Brushed gold,https://sanycces.es/en/product/loop-10/,"[""https://sanycces.es/wp-content/uploads/2024/05/16brep9Do-_bS9jYDGGpxJXG0f_8dWmEs.jpg"", ""https://sanycces.es/wp-content/uploads/2025/01/1QjBz4-nd0vCa9hIR_GBWEAN72v2daWCn.jpg"", ""https://sanycces.es/wp-content/uploads/2025/01/1Qt0RyQCHwHTSAGrHuU3ghzplDQCXYPRt.jpg"", ""https://sanycces.es/wp-content/uploads/2025/01/1Qf_9BFjhTJy9G7xPwNa1FEXTsdwbdgk9.jpg"", ""https://sanycces.es/wp-content/uploads/2025/01/1Q_2C3ovAcbZkrCyeYpHoYhRrEE5KVZd2.jpg"", ""https://sanycces.es/wp-content/uploads/2025/01/1Qun8O4Ie4kKucnQw2cFBiIPRk9kTH6am.jpg"", ""https://sanycces.es/wp-content/uploads/2025/01/1QZE2xMxrFBF7gEDOMvvmLEEO7A5ViLpp.jpg""]","[""https://sanycces.es/wp-content/uploads/2021/02/MEX001_0.5_TFC.png""]"
9525,1606,SAN_9525,BM Black matt,https://sanycces.es/en/product/loop-10/,"[""https://sanycces.es/wp-content/uploads/2024/05/16brep9Do-_bS9jYDGGpxJXG0f_8dWmEs.jpg"", ""https://sanycces.es/wp-content/uploads/2025/01/1QjBz4-nd0vCa9hIR_GBWEAN72v2daWCn.jpg"", ""https://sanycces.es/wp-content/uploads/2025/01/1Qt0RyQCHwHTSAGrHuU3ghzplDQCXYPRt.jpg"", ""https://sanycces.es/wp-content/uploads/2025/01/1Qf_9BFjhTJy9G7xPwNa1FEXTsdwbdgk9.jpg"", ""https://sanycces.es/wp-content/uploads/2025/01/1Q_2C3ovAcbZkrCyeYpHoYhRrEE5KVZd2.jpg"", ""https://sanycces.es/wp-content/uploads/2025/01/1Qun8O4Ie4kKucnQw2cFBiIPRk9kTH6am.jpg"", ""https://sanycces.es/wp-content/uploads/2025/01/1QZE2xMxrFBF7gEDOMvvmLEEO7A5ViLpp.jpg""]","[""https://sanycces.es/wp-content/uploads/2021/02/MEX001_0.5_TFC.png""]"
9526,1606,SAN_9526,CR Chrome plate,https://sanycces.es/en/product/loop-10/,"[""https://sanycces.es/wp-content/uploads/2024/05/16brep9Do-_bS9jYDGGpxJXG0f_8dWmEs.jpg"", ""https://sanycces.es/wp-content/uploads/2025/01/1QjBz4-nd0vCa9hIR_GBWEAN72v2daWCn.jpg"", ""https://sanycces.es/wp-content/uploads/2025/01/1Qt0RyQCHwHTSAGrHuU3ghzplDQCXYPRt.jpg"", ""https://sanycces.es/wp-content/uploads/2025/01/1Qf_9BFjhTJy9G7xPwNa1FEXTsdwbdgk9.jpg"", ""https://sanycces.es/wp-content/uploads/2025/01/1Q_2C3ovAcbZkrCyeYpHoYhRrEE5KVZd2.jpg"", ""https://sanycces.es/wp-content/uploads/2025/01/1Qun8O4Ie4kKucnQw2cFBiIPRk9kTH6am.jpg"", ""https://sanycces.es/wp-content/uploads/2025/01/1QZE2xMxrFBF7gEDOMvvmLEEO7A5ViLpp.jpg""]","[""https://sanycces.es/wp-content/uploads/2021/02/MEX001_0.5_TFC.png""]"
9527,1606,SAN_9527,MG Metal gun,https://sanycces.es/en/product/loop-10/,"[""https://sanycces.es/wp-content/uploads/2024/05/16brep9Do-_bS9jYDGGpxJXG0f_8dWmEs.jpg"", ""https://sanycces.es/wp-content/uploads/2025/01/1QjBz4-nd0vCa9hIR_GBWEAN72v2daWCn.jpg"", ""https://sanycces.es/wp-content/uploads/2025/01/1Qt0RyQCHwHTSAGrHuU3ghzplDQCXYPRt.jpg"", ""https://sanycces.es/wp-content/uploads/2025/01/1Qf_9BFjhTJy9G7xPwNa1FEXTsdwbdgk9.jpg"", ""https://sanycces.es/wp-content/uploads/2025/01/1Q_2C3ovAcbZkrCyeYpHoYhRrEE5KVZd2.jpg"", ""https://sanycces.es/wp-content/uploads/2025/01/1Qun8O4Ie4kKucnQw2cFBiIPRk9kTH6am.jpg"", ""https://sanycces.es/wp-content/uploads/2025/01/1QZE2xMxrFBF7gEDOMvvmLEEO7A5ViLpp.jpg""]","[""https://sanycces.es/wp-content/uploads/2021/02/MEX001_0.5_TFC.png""]"
9528,1606,SAN_9528,NB Nickel brushed,https://sanycces.es/en/product/loop-10/,"[""https://sanycces.es/wp-content/uploads/2024/05/16brep9Do-_bS9jYDGGpxJXG0f_8dWmEs.jpg"", ""https://sanycces.es/wp-content/uploads/2025/01/1QjBz4-nd0vCa9hIR_GBWEAN72v2daWCn.jpg"", ""https://sanycces.es/wp-content/uploads/2025/01/1Qt0RyQCHwHTSAGrHuU3ghzplDQCXYPRt.jpg"", ""https://sanycces.es/wp-content/uploads/2025/01/1Qf_9BFjhTJy9G7xPwNa1FEXTsdwbdgk9.jpg"", ""https://sanycces.es/wp-content/uploads/2025/01/1Q_2C3ovAcbZkrCyeYpHoYhRrEE5KVZd2.jpg"", ""https://sanycces.es/wp-content/uploads/2025/01/1Qun8O4Ie4kKucnQw2cFBiIPRk9kTH6am.jpg"", ""https://sanycces.es/wp-content/uploads/2025/01/1QZE2xMxrFBF7gEDOMvvmLEEO7A5ViLpp.jpg""]","[""https://sanycces.es/wp-content/uploads/2021/02/MEX001_0.5_TFC.png""]"
9529,1606,SAN_9529,RG Brushed rose gold,https://sanycces.es/en/product/loop-10/,"[""https://sanycces.es/wp-content/uploads/2024/05/16brep9Do-_bS9jYDGGpxJXG0f_8dWmEs.jpg"", ""https://sanycces.es/wp-content/uploads/2025/01/1QjBz4-nd0vCa9hIR_GBWEAN72v2daWCn.jpg"", ""https://sanycces.es/wp-content/uploads/2025/01/1Qt0RyQCHwHTSAGrHuU3ghzplDQCXYPRt.jpg"", ""https://sanycces.es/wp-content/uploads/2025/01/1Qf_9BFjhTJy9G7xPwNa1FEXTsdwbdgk9.jpg"", ""https://sanycces.es/wp-content/uploads/2025/01/1Q_2C3ovAcbZkrCyeYpHoYhRrEE5KVZd2.jpg"", ""https://sanycces.es/wp-content/uploads/2025/01/1Qun8O4Ie4kKucnQw2cFBiIPRk9kTH6am.jpg"", ""https://sanycces.es/wp-content/uploads/2025/01/1QZE2xMxrFBF7gEDOMvvmLEEO7A5ViLpp.jpg""]","[""https://sanycces.es/wp-content/uploads/2021/02/MEX001_0.5_TFC.png""]"
9530,1607,SAN_9530,NB Nickel brushed,https://sanycces.es/en/product/pool-3/,"[""https://sanycces.es/wp-content/uploads/2026/04/SANYCCES_POOL_MONOMANDO-LAVABO-EXENTO.png"", ""https://sanycces.es/wp-content/uploads/2026/04/SANYCCES_POOL_MONOMANDO-LAVABO-EXENTO-RM.png"", ""https://sanycces.es/wp-content/uploads/2026/04/SANYCCES-POOL_MONOMANDO-ALTO-DE-LAVABO_2-1.jpg"", ""https://sanycces.es/wp-content/uploads/2026/04/SANYCCES-POOL_MONOMANDO-EXENTO-DE-LAVABO_1.jpg"", ""https://sanycces.es/wp-content/uploads/2026/04/SANYCCES-POOL_MONOMANDO-EXENTO-DE-LAVABO_2.jpg"", ""https://sanycces.es/wp-content/uploads/2026/04/SANYCCES-POOL_MONOMANDO-EXENTO-DE-LAVABO_3.jpg"", ""https://sanycces.es/wp-content/uploads/2026/04/SANYCCES-POOL_MONOMANDO-EXENTO-DE-LAVABO_4.jpg"", ""https://sanycces.es/wp-content/uploads/2026/04/SANYCCES-POOL_MONOMANDO-EXENTO-DE-LAVABO_5.jpg"", ""https://sanycces.es/wp-content/uploads/2026/04/SANYCCES-POOL_MONOMANDO-EXENTO-DE-LAVABO_6.jpg"", ""https://sanycces.es/wp-content/uploads/2026/04/SANYCCES-POOL_MONOMANDO-EXENTO-DE-LAVABO_7.jpg""]","[""https://sanycces.es/wp-content/uploads/2026/04/MEX006SS.png""]"
9531,1607,SAN_9531,RM Raw metal,https://sanycces.es/en/product/pool-3/,"[""https://sanycces.es/wp-content/uploads/2026/04/SANYCCES_POOL_MONOMANDO-LAVABO-EXENTO.png"", ""https://sanycces.es/wp-content/uploads/2026/04/SANYCCES_POOL_MONOMANDO-LAVABO-EXENTO-RM.png"", ""https://sanycces.es/wp-content/uploads/2026/04/SANYCCES-POOL_MONOMANDO-ALTO-DE-LAVABO_2-1.jpg"", ""https://sanycces.es/wp-content/uploads/2026/04/SANYCCES-POOL_MONOMANDO-EXENTO-DE-LAVABO_1.jpg"", ""https://sanycces.es/wp-content/uploads/2026/04/SANYCCES-POOL_MONOMANDO-EXENTO-DE-LAVABO_2.jpg"", ""https://sanycces.es/wp-content/uploads/2026/04/SANYCCES-POOL_MONOMANDO-EXENTO-DE-LAVABO_3.jpg"", ""https://sanycces.es/wp-content/uploads/2026/04/SANYCCES-POOL_MONOMANDO-EXENTO-DE-LAVABO_4.jpg"", ""https://sanycces.es/wp-content/uploads/2026/04/SANYCCES-POOL_MONOMANDO-EXENTO-DE-LAVABO_5.jpg"", ""https://sanycces.es/wp-content/uploads/2026/04/SANYCCES-POOL_MONOMANDO-EXENTO-DE-LAVABO_6.jpg"", ""https://sanycces.es/wp-content/uploads/2026/04/SANYCCES-POOL_MONOMANDO-EXENTO-DE-LAVABO_7.jpg""]","[""https://sanycces.es/wp-content/uploads/2026/04/MEX006SS.png""]"
9532,1608,SAN_9532,BG Brushed gold,https://sanycces.es/en/product/loop-7/,"[""https://sanycces.es/wp-content/uploads/2024/05/16d2z17owD2gnjuVxj0hzG-FoPmS8u7au.jpg"", ""https://sanycces.es/wp-content/uploads/2025/01/1PjgCR_7INS-zOFLE_uLIm22wuxxcq4sd.jpg"", ""https://sanycces.es/wp-content/uploads/2025/01/1PlVbIDTElnpZOnxav72zTXne-d40fgH6.jpg"", ""https://sanycces.es/wp-content/uploads/2025/01/1PhuEMYg-A0Ot0tAg2IdrBBcIc4sncykO.jpg"", ""https://sanycces.es/wp-content/uploads/2025/01/1PeKS6BBozY0lWAEVFVJd3slVb-bNFAZ2.jpg"", ""https://sanycces.es/wp-content/uploads/2025/01/1PlwIfWT4SLTnRx20QwF0bnZhsF-hu52o.jpg"", ""https://sanycces.es/wp-content/uploads/2025/01/1PdCLNUz_zFkTwrZY9w8cPD-jNK1bxEqh.jpg""]","[""https://sanycces.es/wp-content/uploads/2021/02/MBD001_FTC.png""]"
9533,1608,SAN_9533,BM Black matt,https://sanycces.es/en/product/loop-7/,"[""https://sanycces.es/wp-content/uploads/2024/05/16d2z17owD2gnjuVxj0hzG-FoPmS8u7au.jpg"", ""https://sanycces.es/wp-content/uploads/2025/01/1PjgCR_7INS-zOFLE_uLIm22wuxxcq4sd.jpg"", ""https://sanycces.es/wp-content/uploads/2025/01/1PlVbIDTElnpZOnxav72zTXne-d40fgH6.jpg"", ""https://sanycces.es/wp-content/uploads/2025/01/1PhuEMYg-A0Ot0tAg2IdrBBcIc4sncykO.jpg"", ""https://sanycces.es/wp-content/uploads/2025/01/1PeKS6BBozY0lWAEVFVJd3slVb-bNFAZ2.jpg"", ""https://sanycces.es/wp-content/uploads/2025/01/1PlwIfWT4SLTnRx20QwF0bnZhsF-hu52o.jpg"", ""https://sanycces.es/wp-content/uploads/2025/01/1PdCLNUz_zFkTwrZY9w8cPD-jNK1bxEqh.jpg""]","[""https://sanycces.es/wp-content/uploads/2021/02/MBD001_FTC.png""]"
9534,1608,SAN_9534,CR Chrome plate,https://sanycces.es/en/product/loop-7/,"[""https://sanycces.es/wp-content/uploads/2024/05/16d2z17owD2gnjuVxj0hzG-FoPmS8u7au.jpg"", ""https://sanycces.es/wp-content/uploads/2025/01/1PjgCR_7INS-zOFLE_uLIm22wuxxcq4sd.jpg"", ""https://sanycces.es/wp-content/uploads/2025/01/1PlVbIDTElnpZOnxav72zTXne-d40fgH6.jpg"", ""https://sanycces.es/wp-content/uploads/2025/01/1PhuEMYg-A0Ot0tAg2IdrBBcIc4sncykO.jpg"", ""https://sanycces.es/wp-content/uploads/2025/01/1PeKS6BBozY0lWAEVFVJd3slVb-bNFAZ2.jpg"", ""https://sanycces.es/wp-content/uploads/2025/01/1PlwIfWT4SLTnRx20QwF0bnZhsF-hu52o.jpg"", ""https://sanycces.es/wp-content/uploads/2025/01/1PdCLNUz_zFkTwrZY9w8cPD-jNK1bxEqh.jpg""]","[""https://sanycces.es/wp-content/uploads/2021/02/MBD001_FTC.png""]"
9535,1608,SAN_9535,MG Metal gun,https://sanycces.es/en/product/loop-7/,"[""https://sanycces.es/wp-content/uploads/2024/05/16d2z17owD2gnjuVxj0hzG-FoPmS8u7au.jpg"", ""https://sanycces.es/wp-content/uploads/2025/01/1PjgCR_7INS-zOFLE_uLIm22wuxxcq4sd.jpg"", ""https://sanycces.es/wp-content/uploads/2025/01/1PlVbIDTElnpZOnxav72zTXne-d40fgH6.jpg"", ""https://sanycces.es/wp-content/uploads/2025/01/1PhuEMYg-A0Ot0tAg2IdrBBcIc4sncykO.jpg"", ""https://sanycces.es/wp-content/uploads/2025/01/1PeKS6BBozY0lWAEVFVJd3slVb-bNFAZ2.jpg"", ""https://sanycces.es/wp-content/uploads/2025/01/1PlwIfWT4SLTnRx20QwF0bnZhsF-hu52o.jpg"", ""https://sanycces.es/wp-content/uploads/2025/01/1PdCLNUz_zFkTwrZY9w8cPD-jNK1bxEqh.jpg""]","[""https://sanycces.es/wp-content/uploads/2021/02/MBD001_FTC.png""]"
9536,1608,SAN_9536,NB Nickel brushed,https://sanycces.es/en/product/loop-7/,"[""https://sanycces.es/wp-content/uploads/2024/05/16d2z17owD2gnjuVxj0hzG-FoPmS8u7au.jpg"", ""https://sanycces.es/wp-content/uploads/2025/01/1PjgCR_7INS-zOFLE_uLIm22wuxxcq4sd.jpg"", ""https://sanycces.es/wp-content/uploads/2025/01/1PlVbIDTElnpZOnxav72zTXne-d40fgH6.jpg"", ""https://sanycces.es/wp-content/uploads/2025/01/1PhuEMYg-A0Ot0tAg2IdrBBcIc4sncykO.jpg"", ""https://sanycces.es/wp-content/uploads/2025/01/1PeKS6BBozY0lWAEVFVJd3slVb-bNFAZ2.jpg"", ""https://sanycces.es/wp-content/uploads/2025/01/1PlwIfWT4SLTnRx20QwF0bnZhsF-hu52o.jpg"", ""https://sanycces.es/wp-content/uploads/2025/01/1PdCLNUz_zFkTwrZY9w8cPD-jNK1bxEqh.jpg""]","[""https://sanycces.es/wp-content/uploads/2021/02/MBD001_FTC.png""]"
9537,1608,SAN_9537,RG Brushed rose gold,https://sanycces.es/en/product/loop-7/,"[""https://sanycces.es/wp-content/uploads/2024/05/16d2z17owD2gnjuVxj0hzG-FoPmS8u7au.jpg"", ""https://sanycces.es/wp-content/uploads/2025/01/1PjgCR_7INS-zOFLE_uLIm22wuxxcq4sd.jpg"", ""https://sanycces.es/wp-content/uploads/2025/01/1PlVbIDTElnpZOnxav72zTXne-d40fgH6.jpg"", ""https://sanycces.es/wp-content/uploads/2025/01/1PhuEMYg-A0Ot0tAg2IdrBBcIc4sncykO.jpg"", ""https://sanycces.es/wp-content/uploads/2025/01/1PeKS6BBozY0lWAEVFVJd3slVb-bNFAZ2.jpg"", ""https://sanycces.es/wp-content/uploads/2025/01/1PlwIfWT4SLTnRx20QwF0bnZhsF-hu52o.jpg"", ""https://sanycces.es/wp-content/uploads/2025/01/1PdCLNUz_zFkTwrZY9w8cPD-jNK1bxEqh.jpg""]","[""https://sanycces.es/wp-content/uploads/2021/02/MBD001_FTC.png""]"
9538,1609,SAN_9538,NB Nickel brushed,https://sanycces.es/en/product/pool_bidet_mixer/,"[""https://sanycces.es/wp-content/uploads/2026/04/SANYCCES_POOL_MONOMANDO-BIDET.png"", ""https://sanycces.es/wp-content/uploads/2026/04/SANYCCES_POOL_MONOMANDO-BIDET-rm.png"", ""https://sanycces.es/wp-content/uploads/2026/04/SANYCCES-POOL_MONOMANDO-DE-BIDET_1.jpg"", ""https://sanycces.es/wp-content/uploads/2026/04/SANYCCES-POOL_MONOMANDO-DE-BIDET_2.jpg"", ""https://sanycces.es/wp-content/uploads/2026/04/SANYCCES-POOL_MONOMANDO-DE-BIDET_3.jpg"", ""https://sanycces.es/wp-content/uploads/2026/04/SANYCCES-POOL_MONOMANDO-DE-BIDET_4.jpg""]","[""https://sanycces.es/wp-content/uploads/2026/04/MBD006SS.png""]"
9539,1609,SAN_9539,RM Raw metal,https://sanycces.es/en/product/pool_bidet_mixer/,"[""https://sanycces.es/wp-content/uploads/2026/04/SANYCCES_POOL_MONOMANDO-BIDET.png"", ""https://sanycces.es/wp-content/uploads/2026/04/SANYCCES_POOL_MONOMANDO-BIDET-rm.png"", ""https://sanycces.es/wp-content/uploads/2026/04/SANYCCES-POOL_MONOMANDO-DE-BIDET_1.jpg"", ""https://sanycces.es/wp-content/uploads/2026/04/SANYCCES-POOL_MONOMANDO-DE-BIDET_2.jpg"", ""https://sanycces.es/wp-content/uploads/2026/04/SANYCCES-POOL_MONOMANDO-DE-BIDET_3.jpg"", ""https://sanycces.es/wp-content/uploads/2026/04/SANYCCES-POOL_MONOMANDO-DE-BIDET_4.jpg""]","[""https://sanycces.es/wp-content/uploads/2026/04/MBD006SS.png""]"
9540,1610,SAN_9540,BG Brushed gold,https://sanycces.es/en/product/loop-19/,"[""https://sanycces.es/wp-content/uploads/2024/05/16bcnogrLkilo_llLGB6Bz9ZKMACfL75Z.jpg"", ""https://sanycces.es/wp-content/uploads/2025/01/1RWXjNHVAPPr2GoVVaidJhdFMPxqaVVRc.jpg"", ""https://sanycces.es/wp-content/uploads/2025/01/1R_ksTJaT33enmeKfDXHWNrvmOR36dOBP.jpg"", ""https://sanycces.es/wp-content/uploads/2025/01/1RSuhIwur2v-Zrwkay6zx2qaZFXCahuDG.jpg"", ""https://sanycces.es/wp-content/uploads/2025/01/1Quusxv0sJpE_fvSNrYtkpr3l07AkS1kB.jpg"", ""https://sanycces.es/wp-content/uploads/2025/01/1RPB3YOYzOE1K_Nv4CN4IHCwbV8OQs5pP.jpg"", ""https://sanycces.es/wp-content/uploads/2025/01/1Rq0JLxosDhRbYkB50tReudBcHK9iGvw-.jpg"", ""https://sanycces.es/wp-content/uploads/2025/01/1RMaRJXP9LuC2jfAmgvmcg53OOASk-pTu.jpg""]","[""https://sanycces.es/wp-content/uploads/2021/02/WCSH001_FTC.png""]"
9541,1610,SAN_9541,BM Black matt,https://sanycces.es/en/product/loop-19/,"[""https://sanycces.es/wp-content/uploads/2024/05/16bcnogrLkilo_llLGB6Bz9ZKMACfL75Z.jpg"", ""https://sanycces.es/wp-content/uploads/2025/01/1RWXjNHVAPPr2GoVVaidJhdFMPxqaVVRc.jpg"", ""https://sanycces.es/wp-content/uploads/2025/01/1R_ksTJaT33enmeKfDXHWNrvmOR36dOBP.jpg"", ""https://sanycces.es/wp-content/uploads/2025/01/1RSuhIwur2v-Zrwkay6zx2qaZFXCahuDG.jpg"", ""https://sanycces.es/wp-content/uploads/2025/01/1Quusxv0sJpE_fvSNrYtkpr3l07AkS1kB.jpg"", ""https://sanycces.es/wp-content/uploads/2025/01/1RPB3YOYzOE1K_Nv4CN4IHCwbV8OQs5pP.jpg"", ""https://sanycces.es/wp-content/uploads/2025/01/1Rq0JLxosDhRbYkB50tReudBcHK9iGvw-.jpg"", ""https://sanycces.es/wp-content/uploads/2025/01/1RMaRJXP9LuC2jfAmgvmcg53OOASk-pTu.jpg""]","[""https://sanycces.es/wp-content/uploads/2021/02/WCSH001_FTC.png""]"
9542,1610,SAN_9542,CR Chrome plate,https://sanycces.es/en/product/loop-19/,"[""https://sanycces.es/wp-content/uploads/2024/05/16bcnogrLkilo_llLGB6Bz9ZKMACfL75Z.jpg"", ""https://sanycces.es/wp-content/uploads/2025/01/1RWXjNHVAPPr2GoVVaidJhdFMPxqaVVRc.jpg"", ""https://sanycces.es/wp-content/uploads/2025/01/1R_ksTJaT33enmeKfDXHWNrvmOR36dOBP.jpg"", ""https://sanycces.es/wp-content/uploads/2025/01/1RSuhIwur2v-Zrwkay6zx2qaZFXCahuDG.jpg"", ""https://sanycces.es/wp-content/uploads/2025/01/1Quusxv0sJpE_fvSNrYtkpr3l07AkS1kB.jpg"", ""https://sanycces.es/wp-content/uploads/2025/01/1RPB3YOYzOE1K_Nv4CN4IHCwbV8OQs5pP.jpg"", ""https://sanycces.es/wp-content/uploads/2025/01/1Rq0JLxosDhRbYkB50tReudBcHK9iGvw-.jpg"", ""https://sanycces.es/wp-content/uploads/2025/01/1RMaRJXP9LuC2jfAmgvmcg53OOASk-pTu.jpg""]","[""https://sanycces.es/wp-content/uploads/2021/02/WCSH001_FTC.png""]"
9543,1610,SAN_9543,MG Metal gun,https://sanycces.es/en/product/loop-19/,"[""https://sanycces.es/wp-content/uploads/2024/05/16bcnogrLkilo_llLGB6Bz9ZKMACfL75Z.jpg"", ""https://sanycces.es/wp-content/uploads/2025/01/1RWXjNHVAPPr2GoVVaidJhdFMPxqaVVRc.jpg"", ""https://sanycces.es/wp-content/uploads/2025/01/1R_ksTJaT33enmeKfDXHWNrvmOR36dOBP.jpg"", ""https://sanycces.es/wp-content/uploads/2025/01/1RSuhIwur2v-Zrwkay6zx2qaZFXCahuDG.jpg"", ""https://sanycces.es/wp-content/uploads/2025/01/1Quusxv0sJpE_fvSNrYtkpr3l07AkS1kB.jpg"", ""https://sanycces.es/wp-content/uploads/2025/01/1RPB3YOYzOE1K_Nv4CN4IHCwbV8OQs5pP.jpg"", ""https://sanycces.es/wp-content/uploads/2025/01/1Rq0JLxosDhRbYkB50tReudBcHK9iGvw-.jpg"", ""https://sanycces.es/wp-content/uploads/2025/01/1RMaRJXP9LuC2jfAmgvmcg53OOASk-pTu.jpg""]","[""https://sanycces.es/wp-content/uploads/2021/02/WCSH001_FTC.png""]"
9544,1610,SAN_9544,NB Nickel brushed,https://sanycces.es/en/product/loop-19/,"[""https://sanycces.es/wp-content/uploads/2024/05/16bcnogrLkilo_llLGB6Bz9ZKMACfL75Z.jpg"", ""https://sanycces.es/wp-content/uploads/2025/01/1RWXjNHVAPPr2GoVVaidJhdFMPxqaVVRc.jpg"", ""https://sanycces.es/wp-content/uploads/2025/01/1R_ksTJaT33enmeKfDXHWNrvmOR36dOBP.jpg"", ""https://sanycces.es/wp-content/uploads/2025/01/1RSuhIwur2v-Zrwkay6zx2qaZFXCahuDG.jpg"", ""https://sanycces.es/wp-content/uploads/2025/01/1Quusxv0sJpE_fvSNrYtkpr3l07AkS1kB.jpg"", ""https://sanycces.es/wp-content/uploads/2025/01/1RPB3YOYzOE1K_Nv4CN4IHCwbV8OQs5pP.jpg"", ""https://sanycces.es/wp-content/uploads/2025/01/1Rq0JLxosDhRbYkB50tReudBcHK9iGvw-.jpg"", ""https://sanycces.es/wp-content/uploads/2025/01/1RMaRJXP9LuC2jfAmgvmcg53OOASk-pTu.jpg""]","[""https://sanycces.es/wp-content/uploads/2021/02/WCSH001_FTC.png""]"
9545,1610,SAN_9545,RG Brushed rose gold,https://sanycces.es/en/product/loop-19/,"[""https://sanycces.es/wp-content/uploads/2024/05/16bcnogrLkilo_llLGB6Bz9ZKMACfL75Z.jpg"", ""https://sanycces.es/wp-content/uploads/2025/01/1RWXjNHVAPPr2GoVVaidJhdFMPxqaVVRc.jpg"", ""https://sanycces.es/wp-content/uploads/2025/01/1R_ksTJaT33enmeKfDXHWNrvmOR36dOBP.jpg"", ""https://sanycces.es/wp-content/uploads/2025/01/1RSuhIwur2v-Zrwkay6zx2qaZFXCahuDG.jpg"", ""https://sanycces.es/wp-content/uploads/2025/01/1Quusxv0sJpE_fvSNrYtkpr3l07AkS1kB.jpg"", ""https://sanycces.es/wp-content/uploads/2025/01/1RPB3YOYzOE1K_Nv4CN4IHCwbV8OQs5pP.jpg"", ""https://sanycces.es/wp-content/uploads/2025/01/1Rq0JLxosDhRbYkB50tReudBcHK9iGvw-.jpg"", ""https://sanycces.es/wp-content/uploads/2025/01/1RMaRJXP9LuC2jfAmgvmcg53OOASk-pTu.jpg""]","[""https://sanycces.es/wp-content/uploads/2021/02/WCSH001_FTC.png""]"
9546,1611,SAN_9546,BG Brushed gold,https://sanycces.es/en/product/loop-k-13/,"[""https://sanycces.es/wp-content/uploads/2024/05/17ALeDjZETBeXSpYos6WaXXUbR6dFKdhM.jpg"", ""https://sanycces.es/wp-content/uploads/2021/02/LOOP-COLUMNA-DE-DUCHA-MONOMANDO-NB.jpg"", ""https://sanycces.es/wp-content/uploads/2021/02/DETALLE-LOOP-COLUMNA-DE-DUCHA-MONOMANDO-NB.jpg"", ""https://sanycces.es/wp-content/uploads/2021/02/LOOP-BARRA-DE-DUCHA-DESLIZANTE-DETALLE-BG-2.jpg""]","[""https://sanycces.es/wp-content/uploads/2021/02/COMO011_0.5_FTC.png""]"
9547,1611,SAN_9547,BM Black matt,https://sanycces.es/en/product/loop-k-13/,"[""https://sanycces.es/wp-content/uploads/2024/05/17ALeDjZETBeXSpYos6WaXXUbR6dFKdhM.jpg"", ""https://sanycces.es/wp-content/uploads/2021/02/LOOP-COLUMNA-DE-DUCHA-MONOMANDO-NB.jpg"", ""https://sanycces.es/wp-content/uploads/2021/02/DETALLE-LOOP-COLUMNA-DE-DUCHA-MONOMANDO-NB.jpg"", ""https://sanycces.es/wp-content/uploads/2021/02/LOOP-BARRA-DE-DUCHA-DESLIZANTE-DETALLE-BG-2.jpg""]","[""https://sanycces.es/wp-content/uploads/2021/02/COMO011_0.5_FTC.png""]"
9548,1611,SAN_9548,CR Chrome plate,https://sanycces.es/en/product/loop-k-13/,"[""https://sanycces.es/wp-content/uploads/2024/05/17ALeDjZETBeXSpYos6WaXXUbR6dFKdhM.jpg"", ""https://sanycces.es/wp-content/uploads/2021/02/LOOP-COLUMNA-DE-DUCHA-MONOMANDO-NB.jpg"", ""https://sanycces.es/wp-content/uploads/2021/02/DETALLE-LOOP-COLUMNA-DE-DUCHA-MONOMANDO-NB.jpg"", ""https://sanycces.es/wp-content/uploads/2021/02/LOOP-BARRA-DE-DUCHA-DESLIZANTE-DETALLE-BG-2.jpg""]","[""https://sanycces.es/wp-content/uploads/2021/02/COMO011_0.5_FTC.png""]"
9549,1611,SAN_9549,MG Metal gun,https://sanycces.es/en/product/loop-k-13/,"[""https://sanycces.es/wp-content/uploads/2024/05/17ALeDjZETBeXSpYos6WaXXUbR6dFKdhM.jpg"", ""https://sanycces.es/wp-content/uploads/2021/02/LOOP-COLUMNA-DE-DUCHA-MONOMANDO-NB.jpg"", ""https://sanycces.es/wp-content/uploads/2021/02/DETALLE-LOOP-COLUMNA-DE-DUCHA-MONOMANDO-NB.jpg"", ""https://sanycces.es/wp-content/uploads/2021/02/LOOP-BARRA-DE-DUCHA-DESLIZANTE-DETALLE-BG-2.jpg""]","[""https://sanycces.es/wp-content/uploads/2021/02/COMO011_0.5_FTC.png""]"
9550,1611,SAN_9550,NB Nickel brushed,https://sanycces.es/en/product/loop-k-13/,"[""https://sanycces.es/wp-content/uploads/2024/05/17ALeDjZETBeXSpYos6WaXXUbR6dFKdhM.jpg"", ""https://sanycces.es/wp-content/uploads/2021/02/LOOP-COLUMNA-DE-DUCHA-MONOMANDO-NB.jpg"", ""https://sanycces.es/wp-content/uploads/2021/02/DETALLE-LOOP-COLUMNA-DE-DUCHA-MONOMANDO-NB.jpg"", ""https://sanycces.es/wp-content/uploads/2021/02/LOOP-BARRA-DE-DUCHA-DESLIZANTE-DETALLE-BG-2.jpg""]","[""https://sanycces.es/wp-content/uploads/2021/02/COMO011_0.5_FTC.png""]"
9551,1611,SAN_9551,RG Brushed rose gold,https://sanycces.es/en/product/loop-k-13/,"[""https://sanycces.es/wp-content/uploads/2024/05/17ALeDjZETBeXSpYos6WaXXUbR6dFKdhM.jpg"", ""https://sanycces.es/wp-content/uploads/2021/02/LOOP-COLUMNA-DE-DUCHA-MONOMANDO-NB.jpg"", ""https://sanycces.es/wp-content/uploads/2021/02/DETALLE-LOOP-COLUMNA-DE-DUCHA-MONOMANDO-NB.jpg"", ""https://sanycces.es/wp-content/uploads/2021/02/LOOP-BARRA-DE-DUCHA-DESLIZANTE-DETALLE-BG-2.jpg""]","[""https://sanycces.es/wp-content/uploads/2021/02/COMO011_0.5_FTC.png""]"
9552,1612,SAN_9552,NB Nickel brushed,https://sanycces.es/en/product/pool_mixer-shower-column/,"[""https://sanycces.es/wp-content/uploads/2026/04/SANYCCES_POOL_COLUMNA-DE-DUCHA-MONOMANDO.png"", ""https://sanycces.es/wp-content/uploads/2026/04/SANYCCES_POOL_COLUMNA-DE-DUCHA-MONOMANDO-RM.png"", ""https://sanycces.es/wp-content/uploads/2026/04/SANYCCES-Pool-COMO_4.jpg"", ""https://sanycces.es/wp-content/uploads/2026/04/SANYCCES-Pool-COMO_1.jpg"", ""https://sanycces.es/wp-content/uploads/2026/04/SANYCCES-Pool-COMO_2.jpg"", ""https://sanycces.es/wp-content/uploads/2026/04/SANYCCES-Pool-COMO_3.jpg"", ""https://sanycces.es/wp-content/uploads/2026/04/SANYCCES-Pool-COMO_5.jpg"", ""https://sanycces.es/wp-content/uploads/2026/04/SANYCCES-Pool-COMO_6.jpg"", ""https://sanycces.es/wp-content/uploads/2026/04/SANYCCES-Pool-COTE_2.jpg"", ""https://sanycces.es/wp-content/uploads/2026/04/SANYCCES-Pool-COTE_5.jpg"", ""https://sanycces.es/wp-content/uploads/2026/04/SANYCCES-Pool-COTE_7.jpg""]","[""https://sanycces.es/wp-content/uploads/2026/04/COMO006SS.png""]"
9553,1612,SAN_9553,RM Raw metal,https://sanycces.es/en/product/pool_mixer-shower-column/,"[""https://sanycces.es/wp-content/uploads/2026/04/SANYCCES_POOL_COLUMNA-DE-DUCHA-MONOMANDO.png"", ""https://sanycces.es/wp-content/uploads/2026/04/SANYCCES_POOL_COLUMNA-DE-DUCHA-MONOMANDO-RM.png"", ""https://sanycces.es/wp-content/uploads/2026/04/SANYCCES-Pool-COMO_4.jpg"", ""https://sanycces.es/wp-content/uploads/2026/04/SANYCCES-Pool-COMO_1.jpg"", ""https://sanycces.es/wp-content/uploads/2026/04/SANYCCES-Pool-COMO_2.jpg"", ""https://sanycces.es/wp-content/uploads/2026/04/SANYCCES-Pool-COMO_3.jpg"", ""https://sanycces.es/wp-content/uploads/2026/04/SANYCCES-Pool-COMO_5.jpg"", ""https://sanycces.es/wp-content/uploads/2026/04/SANYCCES-Pool-COMO_6.jpg"", ""https://sanycces.es/wp-content/uploads/2026/04/SANYCCES-Pool-COTE_2.jpg"", ""https://sanycces.es/wp-content/uploads/2026/04/SANYCCES-Pool-COTE_5.jpg"", ""https://sanycces.es/wp-content/uploads/2026/04/SANYCCES-Pool-COTE_7.jpg""]","[""https://sanycces.es/wp-content/uploads/2026/04/COMO006SS.png""]"
9554,1613,SAN_9554,BG Brushed gold,https://sanycces.es/en/product/loop-23/,"[""https://sanycces.es/wp-content/uploads/2024/06/16xRXEqnFUzgb5sRWACywleM0fgEuRQZD.jpg"", ""https://sanycces.es/wp-content/uploads/2024/06/1HOMMQhesJ3xoGd4ZjgWG_YQvrVx2kFyL.jpg"", ""https://sanycces.es/wp-content/uploads/2024/06/1HPaSnteDqtplEXG0zkekEwFr0AEm8my6.jpg"", ""https://sanycces.es/wp-content/uploads/2025/01/1TZM6ytjLGoxCQhG1AfG8zqb8hA6OuNzr.jpg"", ""https://sanycces.es/wp-content/uploads/2025/01/1T_aJL3dVmIa8vY2_J9MoUG7QAD0z_5Ig.jpg"", ""https://sanycces.es/wp-content/uploads/2025/01/1TZ4u3ZczK-ZiyTIOBzzTc6jWFiqP1N39.jpg"", ""https://sanycces.es/wp-content/uploads/2025/01/1TQztcY6BrOEjSJQXEV3NzPRnXqvzyk8H.jpg"", ""https://sanycces.es/wp-content/uploads/2025/01/1Tbaklr-qeguGTvmNuyaHUN56Ua6NbdOQ.jpg"", ""https://sanycces.es/wp-content/uploads/2025/01/1TQUbSg31wnPXN4AkUxDpM_H-UsxWRZ-q.jpg""]","[""https://sanycces.es/wp-content/uploads/2024/06/1HOCvzUO7zqRlC-MvLt7Id_bt1sOJpB4C.jpg""]"
9555,1613,SAN_9555,BM Black matt,https://sanycces.es/en/product/loop-23/,"[""https://sanycces.es/wp-content/uploads/2024/06/16xRXEqnFUzgb5sRWACywleM0fgEuRQZD.jpg"", ""https://sanycces.es/wp-content/uploads/2024/06/1HOMMQhesJ3xoGd4ZjgWG_YQvrVx2kFyL.jpg"", ""https://sanycces.es/wp-content/uploads/2024/06/1HPaSnteDqtplEXG0zkekEwFr0AEm8my6.jpg"", ""https://sanycces.es/wp-content/uploads/2025/01/1TZM6ytjLGoxCQhG1AfG8zqb8hA6OuNzr.jpg"", ""https://sanycces.es/wp-content/uploads/2025/01/1T_aJL3dVmIa8vY2_J9MoUG7QAD0z_5Ig.jpg"", ""https://sanycces.es/wp-content/uploads/2025/01/1TZ4u3ZczK-ZiyTIOBzzTc6jWFiqP1N39.jpg"", ""https://sanycces.es/wp-content/uploads/2025/01/1TQztcY6BrOEjSJQXEV3NzPRnXqvzyk8H.jpg"", ""https://sanycces.es/wp-content/uploads/2025/01/1Tbaklr-qeguGTvmNuyaHUN56Ua6NbdOQ.jpg"", ""https://sanycces.es/wp-content/uploads/2025/01/1TQUbSg31wnPXN4AkUxDpM_H-UsxWRZ-q.jpg""]","[""https://sanycces.es/wp-content/uploads/2024/06/1HOCvzUO7zqRlC-MvLt7Id_bt1sOJpB4C.jpg""]"
9556,1613,SAN_9556,CR Chrome plate,https://sanycces.es/en/product/loop-23/,"[""https://sanycces.es/wp-content/uploads/2024/06/16xRXEqnFUzgb5sRWACywleM0fgEuRQZD.jpg"", ""https://sanycces.es/wp-content/uploads/2024/06/1HOMMQhesJ3xoGd4ZjgWG_YQvrVx2kFyL.jpg"", ""https://sanycces.es/wp-content/uploads/2024/06/1HPaSnteDqtplEXG0zkekEwFr0AEm8my6.jpg"", ""https://sanycces.es/wp-content/uploads/2025/01/1TZM6ytjLGoxCQhG1AfG8zqb8hA6OuNzr.jpg"", ""https://sanycces.es/wp-content/uploads/2025/01/1T_aJL3dVmIa8vY2_J9MoUG7QAD0z_5Ig.jpg"", ""https://sanycces.es/wp-content/uploads/2025/01/1TZ4u3ZczK-ZiyTIOBzzTc6jWFiqP1N39.jpg"", ""https://sanycces.es/wp-content/uploads/2025/01/1TQztcY6BrOEjSJQXEV3NzPRnXqvzyk8H.jpg"", ""https://sanycces.es/wp-content/uploads/2025/01/1Tbaklr-qeguGTvmNuyaHUN56Ua6NbdOQ.jpg"", ""https://sanycces.es/wp-content/uploads/2025/01/1TQUbSg31wnPXN4AkUxDpM_H-UsxWRZ-q.jpg""]","[""https://sanycces.es/wp-content/uploads/2024/06/1HOCvzUO7zqRlC-MvLt7Id_bt1sOJpB4C.jpg""]"
9557,1613,SAN_9557,MG Metal gun,https://sanycces.es/en/product/loop-23/,"[""https://sanycces.es/wp-content/uploads/2024/06/16xRXEqnFUzgb5sRWACywleM0fgEuRQZD.jpg"", ""https://sanycces.es/wp-content/uploads/2024/06/1HOMMQhesJ3xoGd4ZjgWG_YQvrVx2kFyL.jpg"", ""https://sanycces.es/wp-content/uploads/2024/06/1HPaSnteDqtplEXG0zkekEwFr0AEm8my6.jpg"", ""https://sanycces.es/wp-content/uploads/2025/01/1TZM6ytjLGoxCQhG1AfG8zqb8hA6OuNzr.jpg"", ""https://sanycces.es/wp-content/uploads/2025/01/1T_aJL3dVmIa8vY2_J9MoUG7QAD0z_5Ig.jpg"", ""https://sanycces.es/wp-content/uploads/2025/01/1TZ4u3ZczK-ZiyTIOBzzTc6jWFiqP1N39.jpg"", ""https://sanycces.es/wp-content/uploads/2025/01/1TQztcY6BrOEjSJQXEV3NzPRnXqvzyk8H.jpg"", ""https://sanycces.es/wp-content/uploads/2025/01/1Tbaklr-qeguGTvmNuyaHUN56Ua6NbdOQ.jpg"", ""https://sanycces.es/wp-content/uploads/2025/01/1TQUbSg31wnPXN4AkUxDpM_H-UsxWRZ-q.jpg""]","[""https://sanycces.es/wp-content/uploads/2024/06/1HOCvzUO7zqRlC-MvLt7Id_bt1sOJpB4C.jpg""]"
9558,1613,SAN_9558,NB Nickel brushed,https://sanycces.es/en/product/loop-23/,"[""https://sanycces.es/wp-content/uploads/2024/06/16xRXEqnFUzgb5sRWACywleM0fgEuRQZD.jpg"", ""https://sanycces.es/wp-content/uploads/2024/06/1HOMMQhesJ3xoGd4ZjgWG_YQvrVx2kFyL.jpg"", ""https://sanycces.es/wp-content/uploads/2024/06/1HPaSnteDqtplEXG0zkekEwFr0AEm8my6.jpg"", ""https://sanycces.es/wp-content/uploads/2025/01/1TZM6ytjLGoxCQhG1AfG8zqb8hA6OuNzr.jpg"", ""https://sanycces.es/wp-content/uploads/2025/01/1T_aJL3dVmIa8vY2_J9MoUG7QAD0z_5Ig.jpg"", ""https://sanycces.es/wp-content/uploads/2025/01/1TZ4u3ZczK-ZiyTIOBzzTc6jWFiqP1N39.jpg"", ""https://sanycces.es/wp-content/uploads/2025/01/1TQztcY6BrOEjSJQXEV3NzPRnXqvzyk8H.jpg"", ""https://sanycces.es/wp-content/uploads/2025/01/1Tbaklr-qeguGTvmNuyaHUN56Ua6NbdOQ.jpg"", ""https://sanycces.es/wp-content/uploads/2025/01/1TQUbSg31wnPXN4AkUxDpM_H-UsxWRZ-q.jpg""]","[""https://sanycces.es/wp-content/uploads/2024/06/1HOCvzUO7zqRlC-MvLt7Id_bt1sOJpB4C.jpg""]"
9559,1613,SAN_9559,RG Brushed rose gold,https://sanycces.es/en/product/loop-23/,"[""https://sanycces.es/wp-content/uploads/2024/06/16xRXEqnFUzgb5sRWACywleM0fgEuRQZD.jpg"", ""https://sanycces.es/wp-content/uploads/2024/06/1HOMMQhesJ3xoGd4ZjgWG_YQvrVx2kFyL.jpg"", ""https://sanycces.es/wp-content/uploads/2024/06/1HPaSnteDqtplEXG0zkekEwFr0AEm8my6.jpg"", ""https://sanycces.es/wp-content/uploads/2025/01/1TZM6ytjLGoxCQhG1AfG8zqb8hA6OuNzr.jpg"", ""https://sanycces.es/wp-content/uploads/2025/01/1T_aJL3dVmIa8vY2_J9MoUG7QAD0z_5Ig.jpg"", ""https://sanycces.es/wp-content/uploads/2025/01/1TZ4u3ZczK-ZiyTIOBzzTc6jWFiqP1N39.jpg"", ""https://sanycces.es/wp-content/uploads/2025/01/1TQztcY6BrOEjSJQXEV3NzPRnXqvzyk8H.jpg"", ""https://sanycces.es/wp-content/uploads/2025/01/1Tbaklr-qeguGTvmNuyaHUN56Ua6NbdOQ.jpg"", ""https://sanycces.es/wp-content/uploads/2025/01/1TQUbSg31wnPXN4AkUxDpM_H-UsxWRZ-q.jpg""]","[""https://sanycces.es/wp-content/uploads/2024/06/1HOCvzUO7zqRlC-MvLt7Id_bt1sOJpB4C.jpg""]"
9560,1614,SAN_9560,NB Nickel brushed,https://sanycces.es/en/product/pool-horizontal_wall-mounted-_thermostatic_shower_mixer_2-3_ways/,"[""https://sanycces.es/wp-content/uploads/2026/04/SANYCCES_POOL_TERMOSTATICO-DE-DUCHA-MURAL.png"", ""https://sanycces.es/wp-content/uploads/2026/04/SANYCCES_POOL_TERMOSTATICO-DE-DUCHA-MURAL-rm.png"", ""https://sanycces.es/wp-content/uploads/2026/04/SANYCCES-POOL_ENCASTRE_HORIZONTAL_DUCHA_2-1.jpg"", ""https://sanycces.es/wp-content/uploads/2026/04/SANYCCES-POOL_CANO_BANERA_1.jpg"", ""https://sanycces.es/wp-content/uploads/2026/04/SANYCCES-POOL_CANO_BANERA_2.jpg"", ""https://sanycces.es/wp-content/uploads/2026/04/SANYCCES-POOL_ENCASTRE_HORIZONTAL_DUCHA_1-1.jpg"", ""https://sanycces.es/wp-content/uploads/2026/04/SANYCCES-POOL_ENCASTRE_HORIZONTAL_DUCHA_3-1.jpg"", ""https://sanycces.es/wp-content/uploads/2026/04/SANYCCES-POOL_ENCASTRE_HORIZONTAL_DUCHA_6.jpg""]","[""https://sanycces.es/wp-content/uploads/2026/04/TH2D006SS.png""]"
9561,1614,SAN_9561,RM Raw metal,https://sanycces.es/en/product/pool-horizontal_wall-mounted-_thermostatic_shower_mixer_2-3_ways/,"[""https://sanycces.es/wp-content/uploads/2026/04/SANYCCES_POOL_TERMOSTATICO-DE-DUCHA-MURAL.png"", ""https://sanycces.es/wp-content/uploads/2026/04/SANYCCES_POOL_TERMOSTATICO-DE-DUCHA-MURAL-rm.png"", ""https://sanycces.es/wp-content/uploads/2026/04/SANYCCES-POOL_ENCASTRE_HORIZONTAL_DUCHA_2-1.jpg"", ""https://sanycces.es/wp-content/uploads/2026/04/SANYCCES-POOL_CANO_BANERA_1.jpg"", ""https://sanycces.es/wp-content/uploads/2026/04/SANYCCES-POOL_CANO_BANERA_2.jpg"", ""https://sanycces.es/wp-content/uploads/2026/04/SANYCCES-POOL_ENCASTRE_HORIZONTAL_DUCHA_1-1.jpg"", ""https://sanycces.es/wp-content/uploads/2026/04/SANYCCES-POOL_ENCASTRE_HORIZONTAL_DUCHA_3-1.jpg"", ""https://sanycces.es/wp-content/uploads/2026/04/SANYCCES-POOL_ENCASTRE_HORIZONTAL_DUCHA_6.jpg""]","[""https://sanycces.es/wp-content/uploads/2026/04/TH2D006SS.png""]"
9562,1615,SAN_9562,NB Nickel brushed,https://sanycces.es/en/product/pool_freestanding_bathtub_faucet/,"[""https://sanycces.es/wp-content/uploads/2026/04/SANYCCES_POOL_MONOMANDO-BANARA-EXENTO.png"", ""https://sanycces.es/wp-content/uploads/2026/04/SANYCCES-POOL_GRIFERIA-_PIE_BANERA_1.jpg"", ""https://sanycces.es/wp-content/uploads/2026/04/SANYCCES-POOL_GRIFERIA-_PIE_BANERA_4.jpg"", ""https://sanycces.es/wp-content/uploads/2026/04/SANYCCES-POOL_GRIFERIA-_PIE_BANERA_5.jpg"", ""https://sanycces.es/wp-content/uploads/2026/04/SANYCCES-POOL_GRIFERIA-_PIE_BANERA_2.jpg"", ""https://sanycces.es/wp-content/uploads/2026/04/SANYCCES_POOL_MONOMANDO-BANARA-EXENTO-RM.png"", ""https://sanycces.es/wp-content/uploads/2026/04/SANYCCES-POOL_GRIFERIA-_PIE_BANERA76.jpg"", ""https://sanycces.es/wp-content/uploads/2026/04/SANYCCES-POOL_GRIFERIA-_PIE_BANERA-8.jpg"", ""https://sanycces.es/wp-content/uploads/2026/04/SANYCCES-POOL_GRIFERIA-_PIE_BANERA_6.jpg"", ""https://sanycces.es/wp-content/uploads/2026/04/SANYCCES-POOL_GRIFERIA-_PIE_BANERA_3.jpg""]","[""https://sanycces.es/wp-content/uploads/2026/04/BNEX006SS.png""]"
9563,1615,SAN_9563,RM Raw metal,https://sanycces.es/en/product/pool_freestanding_bathtub_faucet/,"[""https://sanycces.es/wp-content/uploads/2026/04/SANYCCES_POOL_MONOMANDO-BANARA-EXENTO.png"", ""https://sanycces.es/wp-content/uploads/2026/04/SANYCCES-POOL_GRIFERIA-_PIE_BANERA_1.jpg"", ""https://sanycces.es/wp-content/uploads/2026/04/SANYCCES-POOL_GRIFERIA-_PIE_BANERA_4.jpg"", ""https://sanycces.es/wp-content/uploads/2026/04/SANYCCES-POOL_GRIFERIA-_PIE_BANERA_5.jpg"", ""https://sanycces.es/wp-content/uploads/2026/04/SANYCCES-POOL_GRIFERIA-_PIE_BANERA_2.jpg"", ""https://sanycces.es/wp-content/uploads/2026/04/SANYCCES_POOL_MONOMANDO-BANARA-EXENTO-RM.png"", ""https://sanycces.es/wp-content/uploads/2026/04/SANYCCES-POOL_GRIFERIA-_PIE_BANERA76.jpg"", ""https://sanycces.es/wp-content/uploads/2026/04/SANYCCES-POOL_GRIFERIA-_PIE_BANERA-8.jpg"", ""https://sanycces.es/wp-content/uploads/2026/04/SANYCCES-POOL_GRIFERIA-_PIE_BANERA_6.jpg"", ""https://sanycces.es/wp-content/uploads/2026/04/SANYCCES-POOL_GRIFERIA-_PIE_BANERA_3.jpg""]","[""https://sanycces.es/wp-content/uploads/2026/04/BNEX006SS.png""]"
9564,1616,SAN_9564,BG Brushed gold,https://sanycces.es/en/product/loop-11/,"[""https://sanycces.es/wp-content/uploads/2024/05/16ayzgLgaiEfGH0PX2VR09dJBaceQiVaV.jpg"", ""https://sanycces.es/wp-content/uploads/2021/02/DETALLE-LOOP-GRIFERNIA-EXENTA-PARA-BANERA-BM.jpg"", ""https://sanycces.es/wp-content/uploads/2021/02/LOOP-GRIFERNIA-EXENTA-PARA-BANERA-BM.jpg"", ""https://sanycces.es/wp-content/uploads/2021/03/GR-NORA-BLACK-A1.jpg"", ""https://sanycces.es/wp-content/uploads/2021/03/GR-NORA-A1-1.jpg"", ""https://sanycces.es/wp-content/uploads/2025/01/1S9Gl9cQBY-OJQKFS46n1R6tOc-SfowyW.jpg"", ""https://sanycces.es/wp-content/uploads/2025/01/1SAO1xbG3ZELd4np21ilL4QGonZc5VK0Q.jpg"", ""https://sanycces.es/wp-content/uploads/2025/01/1RwB0saukO2FMv5FlJSIyhDV1uBIS6J4P.jpg"", ""https://sanycces.es/wp-content/uploads/2025/01/1SFAYpCmRtqjFe8G280NrSlpovBxvD-Io.jpg"", ""https://sanycces.es/wp-content/uploads/2025/01/1RvNalGlNQYnRtGuV39iLFKQ4414pNqp9.jpg"", ""https://sanycces.es/wp-content/uploads/2025/01/1S5gXC3g0asx8pKj-exFK1kEgyUpeVyNK.jpg""]","[""https://sanycces.es/wp-content/uploads/2021/02/BNEX001_0.5_FTC.png""]"
9565,1616,SAN_9565,BM Black matt,https://sanycces.es/en/product/loop-11/,"[""https://sanycces.es/wp-content/uploads/2024/05/16ayzgLgaiEfGH0PX2VR09dJBaceQiVaV.jpg"", ""https://sanycces.es/wp-content/uploads/2021/02/DETALLE-LOOP-GRIFERNIA-EXENTA-PARA-BANERA-BM.jpg"", ""https://sanycces.es/wp-content/uploads/2021/02/LOOP-GRIFERNIA-EXENTA-PARA-BANERA-BM.jpg"", ""https://sanycces.es/wp-content/uploads/2021/03/GR-NORA-BLACK-A1.jpg"", ""https://sanycces.es/wp-content/uploads/2021/03/GR-NORA-A1-1.jpg"", ""https://sanycces.es/wp-content/uploads/2025/01/1S9Gl9cQBY-OJQKFS46n1R6tOc-SfowyW.jpg"", ""https://sanycces.es/wp-content/uploads/2025/01/1SAO1xbG3ZELd4np21ilL4QGonZc5VK0Q.jpg"", ""https://sanycces.es/wp-content/uploads/2025/01/1RwB0saukO2FMv5FlJSIyhDV1uBIS6J4P.jpg"", ""https://sanycces.es/wp-content/uploads/2025/01/1SFAYpCmRtqjFe8G280NrSlpovBxvD-Io.jpg"", ""https://sanycces.es/wp-content/uploads/2025/01/1RvNalGlNQYnRtGuV39iLFKQ4414pNqp9.jpg"", ""https://sanycces.es/wp-content/uploads/2025/01/1S5gXC3g0asx8pKj-exFK1kEgyUpeVyNK.jpg""]","[""https://sanycces.es/wp-content/uploads/2021/02/BNEX001_0.5_FTC.png""]"
9566,1616,SAN_9566,CR Chrome plate,https://sanycces.es/en/product/loop-11/,"[""https://sanycces.es/wp-content/uploads/2024/05/16ayzgLgaiEfGH0PX2VR09dJBaceQiVaV.jpg"", ""https://sanycces.es/wp-content/uploads/2021/02/DETALLE-LOOP-GRIFERNIA-EXENTA-PARA-BANERA-BM.jpg"", ""https://sanycces.es/wp-content/uploads/2021/02/LOOP-GRIFERNIA-EXENTA-PARA-BANERA-BM.jpg"", ""https://sanycces.es/wp-content/uploads/2021/03/GR-NORA-BLACK-A1.jpg"", ""https://sanycces.es/wp-content/uploads/2021/03/GR-NORA-A1-1.jpg"", ""https://sanycces.es/wp-content/uploads/2025/01/1S9Gl9cQBY-OJQKFS46n1R6tOc-SfowyW.jpg"", ""https://sanycces.es/wp-content/uploads/2025/01/1SAO1xbG3ZELd4np21ilL4QGonZc5VK0Q.jpg"", ""https://sanycces.es/wp-content/uploads/2025/01/1RwB0saukO2FMv5FlJSIyhDV1uBIS6J4P.jpg"", ""https://sanycces.es/wp-content/uploads/2025/01/1SFAYpCmRtqjFe8G280NrSlpovBxvD-Io.jpg"", ""https://sanycces.es/wp-content/uploads/2025/01/1RvNalGlNQYnRtGuV39iLFKQ4414pNqp9.jpg"", ""https://sanycces.es/wp-content/uploads/2025/01/1S5gXC3g0asx8pKj-exFK1kEgyUpeVyNK.jpg""]","[""https://sanycces.es/wp-content/uploads/2021/02/BNEX001_0.5_FTC.png""]"
9567,1616,SAN_9567,MG Metal gun,https://sanycces.es/en/product/loop-11/,"[""https://sanycces.es/wp-content/uploads/2024/05/16ayzgLgaiEfGH0PX2VR09dJBaceQiVaV.jpg"", ""https://sanycces.es/wp-content/uploads/2021/02/DETALLE-LOOP-GRIFERNIA-EXENTA-PARA-BANERA-BM.jpg"", ""https://sanycces.es/wp-content/uploads/2021/02/LOOP-GRIFERNIA-EXENTA-PARA-BANERA-BM.jpg"", ""https://sanycces.es/wp-content/uploads/2021/03/GR-NORA-BLACK-A1.jpg"", ""https://sanycces.es/wp-content/uploads/2021/03/GR-NORA-A1-1.jpg"", ""https://sanycces.es/wp-content/uploads/2025/01/1S9Gl9cQBY-OJQKFS46n1R6tOc-SfowyW.jpg"", ""https://sanycces.es/wp-content/uploads/2025/01/1SAO1xbG3ZELd4np21ilL4QGonZc5VK0Q.jpg"", ""https://sanycces.es/wp-content/uploads/2025/01/1RwB0saukO2FMv5FlJSIyhDV1uBIS6J4P.jpg"", ""https://sanycces.es/wp-content/uploads/2025/01/1SFAYpCmRtqjFe8G280NrSlpovBxvD-Io.jpg"", ""https://sanycces.es/wp-content/uploads/2025/01/1RvNalGlNQYnRtGuV39iLFKQ4414pNqp9.jpg"", ""https://sanycces.es/wp-content/uploads/2025/01/1S5gXC3g0asx8pKj-exFK1kEgyUpeVyNK.jpg""]","[""https://sanycces.es/wp-content/uploads/2021/02/BNEX001_0.5_FTC.png""]"
9568,1616,SAN_9568,NB Nickel brushed,https://sanycces.es/en/product/loop-11/,"[""https://sanycces.es/wp-content/uploads/2024/05/16ayzgLgaiEfGH0PX2VR09dJBaceQiVaV.jpg"", ""https://sanycces.es/wp-content/uploads/2021/02/DETALLE-LOOP-GRIFERNIA-EXENTA-PARA-BANERA-BM.jpg"", ""https://sanycces.es/wp-content/uploads/2021/02/LOOP-GRIFERNIA-EXENTA-PARA-BANERA-BM.jpg"", ""https://sanycces.es/wp-content/uploads/2021/03/GR-NORA-BLACK-A1.jpg"", ""https://sanycces.es/wp-content/uploads/2021/03/GR-NORA-A1-1.jpg"", ""https://sanycces.es/wp-content/uploads/2025/01/1S9Gl9cQBY-OJQKFS46n1R6tOc-SfowyW.jpg"", ""https://sanycces.es/wp-content/uploads/2025/01/1SAO1xbG3ZELd4np21ilL4QGonZc5VK0Q.jpg"", ""https://sanycces.es/wp-content/uploads/2025/01/1RwB0saukO2FMv5FlJSIyhDV1uBIS6J4P.jpg"", ""https://sanycces.es/wp-content/uploads/2025/01/1SFAYpCmRtqjFe8G280NrSlpovBxvD-Io.jpg"", ""https://sanycces.es/wp-content/uploads/2025/01/1RvNalGlNQYnRtGuV39iLFKQ4414pNqp9.jpg"", ""https://sanycces.es/wp-content/uploads/2025/01/1S5gXC3g0asx8pKj-exFK1kEgyUpeVyNK.jpg""]","[""https://sanycces.es/wp-content/uploads/2021/02/BNEX001_0.5_FTC.png""]"
9569,1616,SAN_9569,RG Brushed rose gold,https://sanycces.es/en/product/loop-11/,"[""https://sanycces.es/wp-content/uploads/2024/05/16ayzgLgaiEfGH0PX2VR09dJBaceQiVaV.jpg"", ""https://sanycces.es/wp-content/uploads/2021/02/DETALLE-LOOP-GRIFERNIA-EXENTA-PARA-BANERA-BM.jpg"", ""https://sanycces.es/wp-content/uploads/2021/02/LOOP-GRIFERNIA-EXENTA-PARA-BANERA-BM.jpg"", ""https://sanycces.es/wp-content/uploads/2021/03/GR-NORA-BLACK-A1.jpg"", ""https://sanycces.es/wp-content/uploads/2021/03/GR-NORA-A1-1.jpg"", ""https://sanycces.es/wp-content/uploads/2025/01/1S9Gl9cQBY-OJQKFS46n1R6tOc-SfowyW.jpg"", ""https://sanycces.es/wp-content/uploads/2025/01/1SAO1xbG3ZELd4np21ilL4QGonZc5VK0Q.jpg"", ""https://sanycces.es/wp-content/uploads/2025/01/1RwB0saukO2FMv5FlJSIyhDV1uBIS6J4P.jpg"", ""https://sanycces.es/wp-content/uploads/2025/01/1SFAYpCmRtqjFe8G280NrSlpovBxvD-Io.jpg"", ""https://sanycces.es/wp-content/uploads/2025/01/1RvNalGlNQYnRtGuV39iLFKQ4414pNqp9.jpg"", ""https://sanycces.es/wp-content/uploads/2025/01/1S5gXC3g0asx8pKj-exFK1kEgyUpeVyNK.jpg""]","[""https://sanycces.es/wp-content/uploads/2021/02/BNEX001_0.5_FTC.png""]"
9570,1617,SAN_9570,NB Nickel brushed,https://sanycces.es/en/product/pool_deckmounted_mixer_bathtub/,"[""https://sanycces.es/wp-content/uploads/2026/04/SANYCCES_POOL_GRIFERIA-BORDE-BANERA.png"", ""https://sanycces.es/wp-content/uploads/2026/04/SANYCCES_POOL_GRIFERIA-BORDE-BANERA-RM.png"", ""https://sanycces.es/wp-content/uploads/2026/04/SANYCCES-POOL_MONOMANDO-BORDE_BANERA_3.jpg"", ""https://sanycces.es/wp-content/uploads/2026/04/SANYCCES-POOL_MONOMANDO-BORDE_BANERA_11.jpg"", ""https://sanycces.es/wp-content/uploads/2026/04/SANYCCES-POOL_MONOMANDO-BORDE_BANERA_2.jpg"", ""https://sanycces.es/wp-content/uploads/2026/04/SANYCCES-POOL_MONOMANDO-BORDE_BANERA_1.jpg"", ""https://sanycces.es/wp-content/uploads/2026/04/SANYCCES-POOL_MONOMANDO-BORDE_BANERA_4.jpg"", ""https://sanycces.es/wp-content/uploads/2026/04/SANYCCES-POOL_MONOMANDO-BORDE_BANERA_5.jpg"", ""https://sanycces.es/wp-content/uploads/2026/04/SANYCCES-POOL_MONOMANDO-BORDE_BANERA_56.jpg"", ""https://sanycces.es/wp-content/uploads/2026/04/SANYCCES-POOL_MONOMANDO-BORDE_BANERA_6.jpg"", ""https://sanycces.es/wp-content/uploads/2026/04/SANYCCES-POOL_MONOMANDO-BORDE_BANERA_7.jpg"", ""https://sanycces.es/wp-content/uploads/2026/04/SANYCCES-POOL_MONOMANDO-BORDE_BANERA_8.jpg"", ""https://sanycces.es/wp-content/uploads/2026/04/SANYCCES-POOL_MONOMANDO-BORDE_BANERA_12.jpg"", ""https://sanycces.es/wp-content/uploads/2026/04/SANYCCES-POOL_MONOMANDO-BORDE_BANERA_10.jpg"", ""https://sanycces.es/wp-content/uploads/2026/04/SANYCCES-POOL_MONOMANDO-BORDE_BANERA_9.jpg""]","[""https://sanycces.es/wp-content/uploads/2021/02/BNBB001_FTC-0721-02-1-449x595.png""]"
9571,1617,SAN_9571,RM Raw metal,https://sanycces.es/en/product/pool_deckmounted_mixer_bathtub/,"[""https://sanycces.es/wp-content/uploads/2026/04/SANYCCES_POOL_GRIFERIA-BORDE-BANERA.png"", ""https://sanycces.es/wp-content/uploads/2026/04/SANYCCES_POOL_GRIFERIA-BORDE-BANERA-RM.png"", ""https://sanycces.es/wp-content/uploads/2026/04/SANYCCES-POOL_MONOMANDO-BORDE_BANERA_3.jpg"", ""https://sanycces.es/wp-content/uploads/2026/04/SANYCCES-POOL_MONOMANDO-BORDE_BANERA_11.jpg"", ""https://sanycces.es/wp-content/uploads/2026/04/SANYCCES-POOL_MONOMANDO-BORDE_BANERA_2.jpg"", ""https://sanycces.es/wp-content/uploads/2026/04/SANYCCES-POOL_MONOMANDO-BORDE_BANERA_1.jpg"", ""https://sanycces.es/wp-content/uploads/2026/04/SANYCCES-POOL_MONOMANDO-BORDE_BANERA_4.jpg"", ""https://sanycces.es/wp-content/uploads/2026/04/SANYCCES-POOL_MONOMANDO-BORDE_BANERA_5.jpg"", ""https://sanycces.es/wp-content/uploads/2026/04/SANYCCES-POOL_MONOMANDO-BORDE_BANERA_56.jpg"", ""https://sanycces.es/wp-content/uploads/2026/04/SANYCCES-POOL_MONOMANDO-BORDE_BANERA_6.jpg"", ""https://sanycces.es/wp-content/uploads/2026/04/SANYCCES-POOL_MONOMANDO-BORDE_BANERA_7.jpg"", ""https://sanycces.es/wp-content/uploads/2026/04/SANYCCES-POOL_MONOMANDO-BORDE_BANERA_8.jpg"", ""https://sanycces.es/wp-content/uploads/2026/04/SANYCCES-POOL_MONOMANDO-BORDE_BANERA_12.jpg"", ""https://sanycces.es/wp-content/uploads/2026/04/SANYCCES-POOL_MONOMANDO-BORDE_BANERA_10.jpg"", ""https://sanycces.es/wp-content/uploads/2026/04/SANYCCES-POOL_MONOMANDO-BORDE_BANERA_9.jpg""]","[""https://sanycces.es/wp-content/uploads/2021/02/BNBB001_FTC-0721-02-1-449x595.png""]"
9572,1618,SAN_9572,Black matt,https://sanycces.es/en/product/franc/,"[""https://sanycces.es/wp-content/uploads/2025/09/FRANC-WC-WM.png"", ""https://sanycces.es/wp-content/uploads/2025/09/FRANC-WC-WG.png"", ""https://sanycces.es/wp-content/uploads/2025/09/FRANC-WC-BM.png"", ""https://sanycces.es/wp-content/uploads/2025/09/SANYCCES_FRANC_VORTEX.jpg"", ""https://sanycces.es/wp-content/uploads/2025/09/SANYCCES_FRANC_WG.jpg"", ""https://sanycces.es/wp-content/uploads/2025/09/SANYCCES_FRANC_WG_2.jpg""]","[""https://sanycces.es/wp-content/uploads/2025/09/WCM50454-FRANC-INODORO-MURAL.png""]"
9573,1618,SAN_9573,White gloss,https://sanycces.es/en/product/franc/,"[""https://sanycces.es/wp-content/uploads/2025/09/FRANC-WC-WM.png"", ""https://sanycces.es/wp-content/uploads/2025/09/FRANC-WC-WG.png"", ""https://sanycces.es/wp-content/uploads/2025/09/FRANC-WC-BM.png"", ""https://sanycces.es/wp-content/uploads/2025/09/SANYCCES_FRANC_VORTEX.jpg"", ""https://sanycces.es/wp-content/uploads/2025/09/SANYCCES_FRANC_WG.jpg"", ""https://sanycces.es/wp-content/uploads/2025/09/SANYCCES_FRANC_WG_2.jpg""]","[""https://sanycces.es/wp-content/uploads/2025/09/WCM50454-FRANC-INODORO-MURAL.png""]"
9574,1618,SAN_9574,White matt,https://sanycces.es/en/product/franc/,"[""https://sanycces.es/wp-content/uploads/2025/09/FRANC-WC-WM.png"", ""https://sanycces.es/wp-content/uploads/2025/09/FRANC-WC-WG.png"", ""https://sanycces.es/wp-content/uploads/2025/09/FRANC-WC-BM.png"", ""https://sanycces.es/wp-content/uploads/2025/09/SANYCCES_FRANC_VORTEX.jpg"", ""https://sanycces.es/wp-content/uploads/2025/09/SANYCCES_FRANC_WG.jpg"", ""https://sanycces.es/wp-content/uploads/2025/09/SANYCCES_FRANC_WG_2.jpg""]","[""https://sanycces.es/wp-content/uploads/2025/09/WCM50454-FRANC-INODORO-MURAL.png""]"
9575,1619,SAN_9575,Black matt,https://sanycces.es/en/product/arc/,"[""https://sanycces.es/wp-content/uploads/2024/05/18HLmoEUONADehRb06tuZBYGsUMDvDghw.jpg"", ""https://sanycces.es/wp-content/uploads/2024/04/12IIP1R17912E94IZkbkrfi2NLKFTXWKi.jpg"", ""https://sanycces.es/wp-content/uploads/2024/04/12JJRNpntwQqR66NHVjMwisxih8HJ8aPY.jpg"", ""https://sanycces.es/wp-content/uploads/2024/04/12JdWmi0DqTPxZRfu-NzdNUnFzquqbBW8.jpg"", ""https://sanycces.es/wp-content/uploads/2024/04/12JvD2Ll6rHjOcMtQ_FLMVp8XRYmGXXII.jpg""]","[""https://sanycces.es/wp-content/uploads/2023/06/WHTP00503..jpg""]"
9576,1619,SAN_9576,White gloss,https://sanycces.es/en/product/arc/,"[""https://sanycces.es/wp-content/uploads/2024/05/18HLmoEUONADehRb06tuZBYGsUMDvDghw.jpg"", ""https://sanycces.es/wp-content/uploads/2024/04/12IIP1R17912E94IZkbkrfi2NLKFTXWKi.jpg"", ""https://sanycces.es/wp-content/uploads/2024/04/12JJRNpntwQqR66NHVjMwisxih8HJ8aPY.jpg"", ""https://sanycces.es/wp-content/uploads/2024/04/12JdWmi0DqTPxZRfu-NzdNUnFzquqbBW8.jpg"", ""https://sanycces.es/wp-content/uploads/2024/04/12JvD2Ll6rHjOcMtQ_FLMVp8XRYmGXXII.jpg""]","[""https://sanycces.es/wp-content/uploads/2023/06/WHTP00503..jpg""]"
9577,1619,SAN_9577,White matt,https://sanycces.es/en/product/arc/,"[""https://sanycces.es/wp-content/uploads/2024/05/18HLmoEUONADehRb06tuZBYGsUMDvDghw.jpg"", ""https://sanycces.es/wp-content/uploads/2024/04/12IIP1R17912E94IZkbkrfi2NLKFTXWKi.jpg"", ""https://sanycces.es/wp-content/uploads/2024/04/12JJRNpntwQqR66NHVjMwisxih8HJ8aPY.jpg"", ""https://sanycces.es/wp-content/uploads/2024/04/12JdWmi0DqTPxZRfu-NzdNUnFzquqbBW8.jpg"", ""https://sanycces.es/wp-content/uploads/2024/04/12JvD2Ll6rHjOcMtQ_FLMVp8XRYmGXXII.jpg""]","[""https://sanycces.es/wp-content/uploads/2023/06/WHTP00503..jpg""]"
9578,1620,SAN_9578,Black matt,https://sanycces.es/en/product/arc-4/,"[""https://sanycces.es/wp-content/uploads/2024/05/18Hc_jLg6KZW9DhmaiYqCzk3EgsNwsLdM.jpg"", ""https://sanycces.es/wp-content/uploads/2024/04/12M7AXMKfK1GqmUqk-ASD0tXqhyx02Fw4.jpg"", ""https://sanycces.es/wp-content/uploads/2024/04/12LWPoaq-GhTRxmbuNOwmKCWcTE_-he2X.jpg"", ""https://sanycces.es/wp-content/uploads/2024/04/12MdYpio_0R_ryZosvUs9TOFDckHQ7F1U.jpg""]","[""https://sanycces.es/wp-content/uploads/2023/06/FSB00503..jpg""]"
9579,1620,SAN_9579,White gloss,https://sanycces.es/en/product/arc-4/,"[""https://sanycces.es/wp-content/uploads/2024/05/18Hc_jLg6KZW9DhmaiYqCzk3EgsNwsLdM.jpg"", ""https://sanycces.es/wp-content/uploads/2024/04/12M7AXMKfK1GqmUqk-ASD0tXqhyx02Fw4.jpg"", ""https://sanycces.es/wp-content/uploads/2024/04/12LWPoaq-GhTRxmbuNOwmKCWcTE_-he2X.jpg"", ""https://sanycces.es/wp-content/uploads/2024/04/12MdYpio_0R_ryZosvUs9TOFDckHQ7F1U.jpg""]","[""https://sanycces.es/wp-content/uploads/2023/06/FSB00503..jpg""]"
9580,1620,SAN_9580,White matt,https://sanycces.es/en/product/arc-4/,"[""https://sanycces.es/wp-content/uploads/2024/05/18Hc_jLg6KZW9DhmaiYqCzk3EgsNwsLdM.jpg"", ""https://sanycces.es/wp-content/uploads/2024/04/12M7AXMKfK1GqmUqk-ASD0tXqhyx02Fw4.jpg"", ""https://sanycces.es/wp-content/uploads/2024/04/12LWPoaq-GhTRxmbuNOwmKCWcTE_-he2X.jpg"", ""https://sanycces.es/wp-content/uploads/2024/04/12MdYpio_0R_ryZosvUs9TOFDckHQ7F1U.jpg""]","[""https://sanycces.es/wp-content/uploads/2023/06/FSB00503..jpg""]"
9581,1621,SAN_9581,Black matt,https://sanycces.es/en/product/franc-bdm/,"[""https://sanycces.es/wp-content/uploads/2025/09/FRANC-BT-WG.png"", ""https://sanycces.es/wp-content/uploads/2025/09/SANYCCES_FRANC_WG_2.jpg"", ""https://sanycces.es/wp-content/uploads/2025/09/SANYCCES_FRANC_WG.jpg"", ""https://sanycces.es/wp-content/uploads/2025/09/FRANC-BT-WM.png"", ""https://sanycces.es/wp-content/uploads/2025/09/FRANC-BT-BM.png""]","[""https://sanycces.es/wp-content/uploads/2025/09/BDM50454-FRANC-BIDE-MURAL.png""]"
9582,1621,SAN_9582,White gloss,https://sanycces.es/en/product/franc-bdm/,"[""https://sanycces.es/wp-content/uploads/2025/09/FRANC-BT-WG.png"", ""https://sanycces.es/wp-content/uploads/2025/09/SANYCCES_FRANC_WG_2.jpg"", ""https://sanycces.es/wp-content/uploads/2025/09/SANYCCES_FRANC_WG.jpg"", ""https://sanycces.es/wp-content/uploads/2025/09/FRANC-BT-WM.png"", ""https://sanycces.es/wp-content/uploads/2025/09/FRANC-BT-BM.png""]","[""https://sanycces.es/wp-content/uploads/2025/09/BDM50454-FRANC-BIDE-MURAL.png""]"
9583,1621,SAN_9583,White matt,https://sanycces.es/en/product/franc-bdm/,"[""https://sanycces.es/wp-content/uploads/2025/09/FRANC-BT-WG.png"", ""https://sanycces.es/wp-content/uploads/2025/09/SANYCCES_FRANC_WG_2.jpg"", ""https://sanycces.es/wp-content/uploads/2025/09/SANYCCES_FRANC_WG.jpg"", ""https://sanycces.es/wp-content/uploads/2025/09/FRANC-BT-WM.png"", ""https://sanycces.es/wp-content/uploads/2025/09/FRANC-BT-BM.png""]","[""https://sanycces.es/wp-content/uploads/2025/09/BDM50454-FRANC-BIDE-MURAL.png""]"
9584,1622,SAN_9584,Black matt,https://sanycces.es/en/product/arc-2/,"[""https://sanycces.es/wp-content/uploads/2024/05/18H9T4nDlwMcWiPvtTComsY3SaikOVHeQ.jpg"", ""https://sanycces.es/wp-content/uploads/2024/04/12IIP1R17912E94IZkbkrfi2NLKFTXWKi.jpg"", ""https://sanycces.es/wp-content/uploads/2024/04/12JJRNpntwQqR66NHVjMwisxih8HJ8aPY.jpg"", ""https://sanycces.es/wp-content/uploads/2024/04/12JdWmi0DqTPxZRfu-NzdNUnFzquqbBW8.jpg"", ""https://sanycces.es/wp-content/uploads/2024/04/12JvD2Ll6rHjOcMtQ_FLMVp8XRYmGXXII.jpg""]","[""https://sanycces.es/wp-content/uploads/2023/06/WHB00503..jpg""]"
9585,1622,SAN_9585,White gloss,https://sanycces.es/en/product/arc-2/,"[""https://sanycces.es/wp-content/uploads/2024/05/18H9T4nDlwMcWiPvtTComsY3SaikOVHeQ.jpg"", ""https://sanycces.es/wp-content/uploads/2024/04/12IIP1R17912E94IZkbkrfi2NLKFTXWKi.jpg"", ""https://sanycces.es/wp-content/uploads/2024/04/12JJRNpntwQqR66NHVjMwisxih8HJ8aPY.jpg"", ""https://sanycces.es/wp-content/uploads/2024/04/12JdWmi0DqTPxZRfu-NzdNUnFzquqbBW8.jpg"", ""https://sanycces.es/wp-content/uploads/2024/04/12JvD2Ll6rHjOcMtQ_FLMVp8XRYmGXXII.jpg""]","[""https://sanycces.es/wp-content/uploads/2023/06/WHB00503..jpg""]"
9586,1622,SAN_9586,White matt,https://sanycces.es/en/product/arc-2/,"[""https://sanycces.es/wp-content/uploads/2024/05/18H9T4nDlwMcWiPvtTComsY3SaikOVHeQ.jpg"", ""https://sanycces.es/wp-content/uploads/2024/04/12IIP1R17912E94IZkbkrfi2NLKFTXWKi.jpg"", ""https://sanycces.es/wp-content/uploads/2024/04/12JJRNpntwQqR66NHVjMwisxih8HJ8aPY.jpg"", ""https://sanycces.es/wp-content/uploads/2024/04/12JdWmi0DqTPxZRfu-NzdNUnFzquqbBW8.jpg"", ""https://sanycces.es/wp-content/uploads/2024/04/12JvD2Ll6rHjOcMtQ_FLMVp8XRYmGXXII.jpg""]","[""https://sanycces.es/wp-content/uploads/2023/06/WHB00503..jpg""]"
9587,1623,SAN_9587,Black matt,https://sanycces.es/en/product/arc-4/,"[""https://sanycces.es/wp-content/uploads/2024/05/18Hc_jLg6KZW9DhmaiYqCzk3EgsNwsLdM.jpg"", ""https://sanycces.es/wp-content/uploads/2024/04/12M7AXMKfK1GqmUqk-ASD0tXqhyx02Fw4.jpg"", ""https://sanycces.es/wp-content/uploads/2024/04/12LWPoaq-GhTRxmbuNOwmKCWcTE_-he2X.jpg"", ""https://sanycces.es/wp-content/uploads/2024/04/12MdYpio_0R_ryZosvUs9TOFDckHQ7F1U.jpg""]","[""https://sanycces.es/wp-content/uploads/2023/06/FSB00503..jpg""]"
9588,1623,SAN_9588,White gloss,https://sanycces.es/en/product/arc-4/,"[""https://sanycces.es/wp-content/uploads/2024/05/18Hc_jLg6KZW9DhmaiYqCzk3EgsNwsLdM.jpg"", ""https://sanycces.es/wp-content/uploads/2024/04/12M7AXMKfK1GqmUqk-ASD0tXqhyx02Fw4.jpg"", ""https://sanycces.es/wp-content/uploads/2024/04/12LWPoaq-GhTRxmbuNOwmKCWcTE_-he2X.jpg"", ""https://sanycces.es/wp-content/uploads/2024/04/12MdYpio_0R_ryZosvUs9TOFDckHQ7F1U.jpg""]","[""https://sanycces.es/wp-content/uploads/2023/06/FSB00503..jpg""]"
9589,1623,SAN_9589,White matt,https://sanycces.es/en/product/arc-4/,"[""https://sanycces.es/wp-content/uploads/2024/05/18Hc_jLg6KZW9DhmaiYqCzk3EgsNwsLdM.jpg"", ""https://sanycces.es/wp-content/uploads/2024/04/12M7AXMKfK1GqmUqk-ASD0tXqhyx02Fw4.jpg"", ""https://sanycces.es/wp-content/uploads/2024/04/12LWPoaq-GhTRxmbuNOwmKCWcTE_-he2X.jpg"", ""https://sanycces.es/wp-content/uploads/2024/04/12MdYpio_0R_ryZosvUs9TOFDckHQ7F1U.jpg""]","[""https://sanycces.es/wp-content/uploads/2023/06/FSB00503..jpg""]"
9590,1624,SAN_9590,Carrara Marble,https://sanycces.es/en/product/duna-basin/,"[""https://sanycces.es/wp-content/uploads/2024/04/12gQ_XoNXGRfq_0j4eMNnsJb-wco5SOBh.jpg"", ""https://sanycces.es/wp-content/uploads/2024/04/12cQ-MD9TVKKEysbhJkGu03227vf7yqub.jpg"", ""https://sanycces.es/wp-content/uploads/2024/04/12dBh0URQYbh_aHkxz6rV5zzD8LiCZscl.jpg"", ""https://sanycces.es/wp-content/uploads/2024/04/12ZuX88_b31EyXeVjkM_2x_HYHkU0ITPz.jpg"", ""https://sanycces.es/wp-content/uploads/2024/04/12Z3zU23bNhOkoy8j7cprc-YiRJ_4T_H8.jpg"", ""https://sanycces.es/wp-content/uploads/2024/04/12_Xv28qX9Ku3QWX13xDvWyTkdln-v9cz.jpg"", ""https://sanycces.es/wp-content/uploads/2024/04/12emEZpygFS3Qw7InYXNHv9a0qX3n6gVN.jpg"", ""https://sanycces.es/wp-content/uploads/2024/04/12gcyI8PHenOXDb1lT7hk-x24Beo1awaV.jpg""]","[""https://sanycces.es/wp-content/uploads/2024/04/12XueuddopgTwf8UA4ndZJQRmq4XImeJo.jpg""]"
9591,1624,SAN_9591,Marquina Marble,https://sanycces.es/en/product/duna-basin/,"[""https://sanycces.es/wp-content/uploads/2024/04/12gQ_XoNXGRfq_0j4eMNnsJb-wco5SOBh.jpg"", ""https://sanycces.es/wp-content/uploads/2024/04/12cQ-MD9TVKKEysbhJkGu03227vf7yqub.jpg"", ""https://sanycces.es/wp-content/uploads/2024/04/12dBh0URQYbh_aHkxz6rV5zzD8LiCZscl.jpg"", ""https://sanycces.es/wp-content/uploads/2024/04/12ZuX88_b31EyXeVjkM_2x_HYHkU0ITPz.jpg"", ""https://sanycces.es/wp-content/uploads/2024/04/12Z3zU23bNhOkoy8j7cprc-YiRJ_4T_H8.jpg"", ""https://sanycces.es/wp-content/uploads/2024/04/12_Xv28qX9Ku3QWX13xDvWyTkdln-v9cz.jpg"", ""https://sanycces.es/wp-content/uploads/2024/04/12emEZpygFS3Qw7InYXNHv9a0qX3n6gVN.jpg"", ""https://sanycces.es/wp-content/uploads/2024/04/12gcyI8PHenOXDb1lT7hk-x24Beo1awaV.jpg""]","[""https://sanycces.es/wp-content/uploads/2024/04/12XueuddopgTwf8UA4ndZJQRmq4XImeJo.jpg""]"
9592,1624,SAN_9592,Pietra Grey Stone,https://sanycces.es/en/product/duna-basin/,"[""https://sanycces.es/wp-content/uploads/2024/04/12gQ_XoNXGRfq_0j4eMNnsJb-wco5SOBh.jpg"", ""https://sanycces.es/wp-content/uploads/2024/04/12cQ-MD9TVKKEysbhJkGu03227vf7yqub.jpg"", ""https://sanycces.es/wp-content/uploads/2024/04/12dBh0URQYbh_aHkxz6rV5zzD8LiCZscl.jpg"", ""https://sanycces.es/wp-content/uploads/2024/04/12ZuX88_b31EyXeVjkM_2x_HYHkU0ITPz.jpg"", ""https://sanycces.es/wp-content/uploads/2024/04/12Z3zU23bNhOkoy8j7cprc-YiRJ_4T_H8.jpg"", ""https://sanycces.es/wp-content/uploads/2024/04/12_Xv28qX9Ku3QWX13xDvWyTkdln-v9cz.jpg"", ""https://sanycces.es/wp-content/uploads/2024/04/12emEZpygFS3Qw7InYXNHv9a0qX3n6gVN.jpg"", ""https://sanycces.es/wp-content/uploads/2024/04/12gcyI8PHenOXDb1lT7hk-x24Beo1awaV.jpg""]","[""https://sanycces.es/wp-content/uploads/2024/04/12XueuddopgTwf8UA4ndZJQRmq4XImeJo.jpg""]"
9593,1624,SAN_9593,White matt,https://sanycces.es/en/product/duna-basin/,"[""https://sanycces.es/wp-content/uploads/2024/04/12gQ_XoNXGRfq_0j4eMNnsJb-wco5SOBh.jpg"", ""https://sanycces.es/wp-content/uploads/2024/04/12cQ-MD9TVKKEysbhJkGu03227vf7yqub.jpg"", ""https://sanycces.es/wp-content/uploads/2024/04/12dBh0URQYbh_aHkxz6rV5zzD8LiCZscl.jpg"", ""https://sanycces.es/wp-content/uploads/2024/04/12ZuX88_b31EyXeVjkM_2x_HYHkU0ITPz.jpg"", ""https://sanycces.es/wp-content/uploads/2024/04/12Z3zU23bNhOkoy8j7cprc-YiRJ_4T_H8.jpg"", ""https://sanycces.es/wp-content/uploads/2024/04/12_Xv28qX9Ku3QWX13xDvWyTkdln-v9cz.jpg"", ""https://sanycces.es/wp-content/uploads/2024/04/12emEZpygFS3Qw7InYXNHv9a0qX3n6gVN.jpg"", ""https://sanycces.es/wp-content/uploads/2024/04/12gcyI8PHenOXDb1lT7hk-x24Beo1awaV.jpg""]","[""https://sanycces.es/wp-content/uploads/2024/04/12XueuddopgTwf8UA4ndZJQRmq4XImeJo.jpg""]"
9594,1625,SAN_9594,Carrara Marble,https://sanycces.es/en/product/oasis-3/,"[""https://sanycces.es/wp-content/uploads/2024/10/1L7LP2d1R6dQ7ifSei05gTFAcbEH5R9nO.jpg"", ""https://sanycces.es/wp-content/uploads/2025/03/iF_DesignAward_2025.png"", ""https://sanycces.es/wp-content/uploads/2024/10/1L8L3xMOME3e3RSihk3xJlavnUl4yVP32.jpg"", ""https://sanycces.es/wp-content/uploads/2024/10/1L5b-i17313vTUogQnYU8m7Xdn_9kCUFA.jpg"", ""https://sanycces.es/wp-content/uploads/2024/10/1L7KULbK5QhtniWGLCXDtA7YU99bcH4kh.jpg"", ""https://sanycces.es/wp-content/uploads/2024/10/1L-m1wV3brmH31yxkf2ir9EoBU_AEV2TA.jpg"", ""https://sanycces.es/wp-content/uploads/2024/10/1LF-ErwvD04zV4UOl-GVgJ1Xc46zNq62c.jpg"", ""https://sanycces.es/wp-content/uploads/2024/10/1LLJYIpBGEjD_pEUy6eLIbu0GKQMcG2qi.jpg"", ""https://sanycces.es/wp-content/uploads/2024/10/1LLFiu1W40RFBUnVDwxiYVyarvNcGtS6L.jpg"", ""https://sanycces.es/wp-content/uploads/2024/10/1-aB8f_ax65Uedkv4BJW803ohBfuosMDV.jpg"", ""https://sanycces.es/wp-content/uploads/2024/10/1-WylgX8Ctw3VTjvZ82oJgiBNjm69B9qe.jpg"", ""https://sanycces.es/wp-content/uploads/2024/10/1-UEZVab0Rzmu6DyavoeeLt5ch-WDbAPw.jpg""]","[""https://sanycces.es/wp-content/uploads/2024/10/1KwHf9aFKiNEOoy5KsSSDJxRGfE2fMdFZ.jpg""]"
9595,1625,SAN_9595,Marquina Marble,https://sanycces.es/en/product/oasis-3/,"[""https://sanycces.es/wp-content/uploads/2024/10/1L7LP2d1R6dQ7ifSei05gTFAcbEH5R9nO.jpg"", ""https://sanycces.es/wp-content/uploads/2025/03/iF_DesignAward_2025.png"", ""https://sanycces.es/wp-content/uploads/2024/10/1L8L3xMOME3e3RSihk3xJlavnUl4yVP32.jpg"", ""https://sanycces.es/wp-content/uploads/2024/10/1L5b-i17313vTUogQnYU8m7Xdn_9kCUFA.jpg"", ""https://sanycces.es/wp-content/uploads/2024/10/1L7KULbK5QhtniWGLCXDtA7YU99bcH4kh.jpg"", ""https://sanycces.es/wp-content/uploads/2024/10/1L-m1wV3brmH31yxkf2ir9EoBU_AEV2TA.jpg"", ""https://sanycces.es/wp-content/uploads/2024/10/1LF-ErwvD04zV4UOl-GVgJ1Xc46zNq62c.jpg"", ""https://sanycces.es/wp-content/uploads/2024/10/1LLJYIpBGEjD_pEUy6eLIbu0GKQMcG2qi.jpg"", ""https://sanycces.es/wp-content/uploads/2024/10/1LLFiu1W40RFBUnVDwxiYVyarvNcGtS6L.jpg"", ""https://sanycces.es/wp-content/uploads/2024/10/1-aB8f_ax65Uedkv4BJW803ohBfuosMDV.jpg"", ""https://sanycces.es/wp-content/uploads/2024/10/1-WylgX8Ctw3VTjvZ82oJgiBNjm69B9qe.jpg"", ""https://sanycces.es/wp-content/uploads/2024/10/1-UEZVab0Rzmu6DyavoeeLt5ch-WDbAPw.jpg""]","[""https://sanycces.es/wp-content/uploads/2024/10/1KwHf9aFKiNEOoy5KsSSDJxRGfE2fMdFZ.jpg""]"
9596,1625,SAN_9596,Pietra Grey Stone,https://sanycces.es/en/product/oasis-3/,"[""https://sanycces.es/wp-content/uploads/2024/10/1L7LP2d1R6dQ7ifSei05gTFAcbEH5R9nO.jpg"", ""https://sanycces.es/wp-content/uploads/2025/03/iF_DesignAward_2025.png"", ""https://sanycces.es/wp-content/uploads/2024/10/1L8L3xMOME3e3RSihk3xJlavnUl4yVP32.jpg"", ""https://sanycces.es/wp-content/uploads/2024/10/1L5b-i17313vTUogQnYU8m7Xdn_9kCUFA.jpg"", ""https://sanycces.es/wp-content/uploads/2024/10/1L7KULbK5QhtniWGLCXDtA7YU99bcH4kh.jpg"", ""https://sanycces.es/wp-content/uploads/2024/10/1L-m1wV3brmH31yxkf2ir9EoBU_AEV2TA.jpg"", ""https://sanycces.es/wp-content/uploads/2024/10/1LF-ErwvD04zV4UOl-GVgJ1Xc46zNq62c.jpg"", ""https://sanycces.es/wp-content/uploads/2024/10/1LLJYIpBGEjD_pEUy6eLIbu0GKQMcG2qi.jpg"", ""https://sanycces.es/wp-content/uploads/2024/10/1LLFiu1W40RFBUnVDwxiYVyarvNcGtS6L.jpg"", ""https://sanycces.es/wp-content/uploads/2024/10/1-aB8f_ax65Uedkv4BJW803ohBfuosMDV.jpg"", ""https://sanycces.es/wp-content/uploads/2024/10/1-WylgX8Ctw3VTjvZ82oJgiBNjm69B9qe.jpg"", ""https://sanycces.es/wp-content/uploads/2024/10/1-UEZVab0Rzmu6DyavoeeLt5ch-WDbAPw.jpg""]","[""https://sanycces.es/wp-content/uploads/2024/10/1KwHf9aFKiNEOoy5KsSSDJxRGfE2fMdFZ.jpg""]"
9597,1625,SAN_9597,White matt,https://sanycces.es/en/product/oasis-3/,"[""https://sanycces.es/wp-content/uploads/2024/10/1L7LP2d1R6dQ7ifSei05gTFAcbEH5R9nO.jpg"", ""https://sanycces.es/wp-content/uploads/2025/03/iF_DesignAward_2025.png"", ""https://sanycces.es/wp-content/uploads/2024/10/1L8L3xMOME3e3RSihk3xJlavnUl4yVP32.jpg"", ""https://sanycces.es/wp-content/uploads/2024/10/1L5b-i17313vTUogQnYU8m7Xdn_9kCUFA.jpg"", ""https://sanycces.es/wp-content/uploads/2024/10/1L7KULbK5QhtniWGLCXDtA7YU99bcH4kh.jpg"", ""https://sanycces.es/wp-content/uploads/2024/10/1L-m1wV3brmH31yxkf2ir9EoBU_AEV2TA.jpg"", ""https://sanycces.es/wp-content/uploads/2024/10/1LF-ErwvD04zV4UOl-GVgJ1Xc46zNq62c.jpg"", ""https://sanycces.es/wp-content/uploads/2024/10/1LLJYIpBGEjD_pEUy6eLIbu0GKQMcG2qi.jpg"", ""https://sanycces.es/wp-content/uploads/2024/10/1LLFiu1W40RFBUnVDwxiYVyarvNcGtS6L.jpg"", ""https://sanycces.es/wp-content/uploads/2024/10/1-aB8f_ax65Uedkv4BJW803ohBfuosMDV.jpg"", ""https://sanycces.es/wp-content/uploads/2024/10/1-WylgX8Ctw3VTjvZ82oJgiBNjm69B9qe.jpg"", ""https://sanycces.es/wp-content/uploads/2024/10/1-UEZVab0Rzmu6DyavoeeLt5ch-WDbAPw.jpg""]","[""https://sanycces.es/wp-content/uploads/2024/10/1KwHf9aFKiNEOoy5KsSSDJxRGfE2fMdFZ.jpg""]"
9598,1626,SAN_9598,Carrara Marble,https://sanycces.es/en/product/oasis-semipedestal/,"[""https://sanycces.es/wp-content/uploads/2024/10/1Ko_FmnQCiL607S1AcN0tWbfvOORcKXs1.jpg"", ""https://sanycces.es/wp-content/uploads/2024/10/1KpvKDfV08ZRmCcu8Ss614jDAQLJtG3LQ.jpg"", ""https://sanycces.es/wp-content/uploads/2024/10/1LKR-Mk3E1H8NsZYXS-dB6gqpCeBEd8LD.jpg""]","[""https://sanycces.es/wp-content/uploads/2024/10/1KvSy1H3IdVufuyTLImgUP0BaptHsLjkX.jpg""]"
9599,1626,SAN_9599,Marquina Marble,https://sanycces.es/en/product/oasis-semipedestal/,"[""https://sanycces.es/wp-content/uploads/2024/10/1Ko_FmnQCiL607S1AcN0tWbfvOORcKXs1.jpg"", ""https://sanycces.es/wp-content/uploads/2024/10/1KpvKDfV08ZRmCcu8Ss614jDAQLJtG3LQ.jpg"", ""https://sanycces.es/wp-content/uploads/2024/10/1LKR-Mk3E1H8NsZYXS-dB6gqpCeBEd8LD.jpg""]","[""https://sanycces.es/wp-content/uploads/2024/10/1KvSy1H3IdVufuyTLImgUP0BaptHsLjkX.jpg""]"
9600,1626,SAN_9600,Pietra Grey Stone,https://sanycces.es/en/product/oasis-semipedestal/,"[""https://sanycces.es/wp-content/uploads/2024/10/1Ko_FmnQCiL607S1AcN0tWbfvOORcKXs1.jpg"", ""https://sanycces.es/wp-content/uploads/2024/10/1KpvKDfV08ZRmCcu8Ss614jDAQLJtG3LQ.jpg"", ""https://sanycces.es/wp-content/uploads/2024/10/1LKR-Mk3E1H8NsZYXS-dB6gqpCeBEd8LD.jpg""]","[""https://sanycces.es/wp-content/uploads/2024/10/1KvSy1H3IdVufuyTLImgUP0BaptHsLjkX.jpg""]"
9601,1626,SAN_9601,White matt,https://sanycces.es/en/product/oasis-semipedestal/,"[""https://sanycces.es/wp-content/uploads/2024/10/1Ko_FmnQCiL607S1AcN0tWbfvOORcKXs1.jpg"", ""https://sanycces.es/wp-content/uploads/2024/10/1KpvKDfV08ZRmCcu8Ss614jDAQLJtG3LQ.jpg"", ""https://sanycces.es/wp-content/uploads/2024/10/1LKR-Mk3E1H8NsZYXS-dB6gqpCeBEd8LD.jpg""]","[""https://sanycces.es/wp-content/uploads/2024/10/1KvSy1H3IdVufuyTLImgUP0BaptHsLjkX.jpg""]"
9602,1627,SAN_9602,White gloss,https://sanycces.es/en/product/tempo-2/,"[""https://sanycces.es/wp-content/uploads/2024/04/13BfWisBlUa9mGCjrt1KHIztuLkjVUgg4.jpg"", ""https://sanycces.es/wp-content/uploads/2024/12/LV-TEMPO_3_Lavabo.jpg"", ""https://sanycces.es/wp-content/uploads/2024/11/SANYCCES_TEMPO_1.jpg"", ""https://sanycces.es/wp-content/uploads/2024/11/SANYCCES_TEMPO_5.jpg"", ""https://sanycces.es/wp-content/uploads/2024/11/SANYCCES_TEMPO_3.jpg"", ""https://sanycces.es/wp-content/uploads/2024/12/SANICCES_LAVABO_TEMPO_1.jpg"", ""https://sanycces.es/wp-content/uploads/2024/12/SANICCES_LAVABO_TEMPO_2.jpg"", ""https://sanycces.es/wp-content/uploads/2024/12/SANICCES_LAVABO_TEMPO_3.jpg"", ""https://sanycces.es/wp-content/uploads/2024/12/SANICCES_LAVABO_TEMPO_4.jpg"", ""https://sanycces.es/wp-content/uploads/2024/12/SANICCES_LAVABO_TEMPO_8.jpg"", ""https://sanycces.es/wp-content/uploads/2024/12/SANICCES_LAVABO_TEMPO_7.jpg"", ""https://sanycces.es/wp-content/uploads/2024/12/SANICCES_LAVABO_TEMPO_5.jpg"", ""https://sanycces.es/wp-content/uploads/2024/12/SANICCES_LAVABO_TEMPO_6.jpg"", ""https://sanycces.es/wp-content/uploads/2024/12/SANICCES_LAVABO_TEMPO_9.jpg"", ""https://sanycces.es/wp-content/uploads/2024/12/SANYCCES-LAVABO_TEMPO_3.jpg"", ""https://sanycces.es/wp-content/uploads/2024/12/SANYCCES-LAVABO_TEMPO.jpg"", ""https://sanycces.es/wp-content/uploads/2024/11/TEMPO_8.jpg"", ""https://sanycces.es/wp-content/uploads/2024/12/SANYCCES-LAVABO_TEMPO_2.jpg""]","[""https://sanycces.es/wp-content/uploads/2022/07/TEMPO-DRAWINGS-e1658143103168.jpg""]"
9603,1627,SAN_9603,White matt,https://sanycces.es/en/product/tempo-2/,"[""https://sanycces.es/wp-content/uploads/2024/04/13BfWisBlUa9mGCjrt1KHIztuLkjVUgg4.jpg"", ""https://sanycces.es/wp-content/uploads/2024/12/LV-TEMPO_3_Lavabo.jpg"", ""https://sanycces.es/wp-content/uploads/2024/11/SANYCCES_TEMPO_1.jpg"", ""https://sanycces.es/wp-content/uploads/2024/11/SANYCCES_TEMPO_5.jpg"", ""https://sanycces.es/wp-content/uploads/2024/11/SANYCCES_TEMPO_3.jpg"", ""https://sanycces.es/wp-content/uploads/2024/12/SANICCES_LAVABO_TEMPO_1.jpg"", ""https://sanycces.es/wp-content/uploads/2024/12/SANICCES_LAVABO_TEMPO_2.jpg"", ""https://sanycces.es/wp-content/uploads/2024/12/SANICCES_LAVABO_TEMPO_3.jpg"", ""https://sanycces.es/wp-content/uploads/2024/12/SANICCES_LAVABO_TEMPO_4.jpg"", ""https://sanycces.es/wp-content/uploads/2024/12/SANICCES_LAVABO_TEMPO_8.jpg"", ""https://sanycces.es/wp-content/uploads/2024/12/SANICCES_LAVABO_TEMPO_7.jpg"", ""https://sanycces.es/wp-content/uploads/2024/12/SANICCES_LAVABO_TEMPO_5.jpg"", ""https://sanycces.es/wp-content/uploads/2024/12/SANICCES_LAVABO_TEMPO_6.jpg"", ""https://sanycces.es/wp-content/uploads/2024/12/SANICCES_LAVABO_TEMPO_9.jpg"", ""https://sanycces.es/wp-content/uploads/2024/12/SANYCCES-LAVABO_TEMPO_3.jpg"", ""https://sanycces.es/wp-content/uploads/2024/12/SANYCCES-LAVABO_TEMPO.jpg"", ""https://sanycces.es/wp-content/uploads/2024/11/TEMPO_8.jpg"", ""https://sanycces.es/wp-content/uploads/2024/12/SANYCCES-LAVABO_TEMPO_2.jpg""]","[""https://sanycces.es/wp-content/uploads/2022/07/TEMPO-DRAWINGS-e1658143103168.jpg""]"
9604,1628,SAN_9604,White matt,https://sanycces.es/en/product/circo-joy/,"[""https://sanycces.es/wp-content/uploads/2024/11/SANYCCES-CIRCO_JOY_LAVABO_15.jpg"", ""https://sanycces.es/wp-content/uploads/2024/11/SANYCCES-CIRCO_JOY_LAVABO_9.jpg"", ""https://sanycces.es/wp-content/uploads/2024/11/SANYCCES-CIRCO_JOY_LAVABO_5.jpg"", ""https://sanycces.es/wp-content/uploads/2024/11/SANYCCES-CIRCO_JOY_LAVABO_1.jpg"", ""https://sanycces.es/wp-content/uploads/2024/11/SANYCCES-CIRCO_JOY_LAVABO_14.jpg"", ""https://sanycces.es/wp-content/uploads/2024/11/SANYCCES-CIRCO_JOY_LAVABO_3.jpg"", ""https://sanycces.es/wp-content/uploads/2024/11/SANYCCES-CIRCO_JOY_LAVABO_2.jpg"", ""https://sanycces.es/wp-content/uploads/2024/11/SANYCCES-Calma-2025-100612.jpg"", ""https://sanycces.es/wp-content/uploads/2024/11/SANYCCES-CIRCO_JOY_LAVABO_8.jpg"", ""https://sanycces.es/wp-content/uploads/2024/11/SANYCCES-CIRCO_JOY_LAVABO_4.jpg"", ""https://sanycces.es/wp-content/uploads/2024/11/SANYCCES-CIRCO_JOY_LAVABO_11.jpg"", ""https://sanycces.es/wp-content/uploads/2024/11/SANYCCES-CIRCO_JOY_LAVABO_7.jpg"", ""https://sanycces.es/wp-content/uploads/2024/11/SANYCCES-Calma-2025-100590.jpg"", ""https://sanycces.es/wp-content/uploads/2024/11/SANYCCES-Calma-2025-100589.jpg"", ""https://sanycces.es/wp-content/uploads/2024/11/SANYCCES-Calma-2025-100588.jpg"", ""https://sanycces.es/wp-content/uploads/2024/11/SANYCCES-CIRCO_JOY_LAVABO_12.jpg"", ""https://sanycces.es/wp-content/uploads/2024/11/SANYCCES-CIRCO_JOY_LAVABO_6.jpg"", ""https://sanycces.es/wp-content/uploads/2024/11/SANYCCES-CIRCO_JOY_LAVABO_13.jpg"", ""https://sanycces.es/wp-content/uploads/2024/11/SANYCCES_CIRCO-BM-BANDEJAS-MADERA.jpg"", ""https://sanycces.es/wp-content/uploads/2024/11/SANYCCES_CIRCO-BM-BANDEJAS-MADERA_2.jpg"", ""https://sanycces.es/wp-content/uploads/2024/11/SANYCCES_CIRCO-BM-BANDEJAS-MADERA-frontal-det-1.jpg"", ""https://sanycces.es/wp-content/uploads/2024/11/SANYCCES_CIRCO-BM-BANDEJAS-MADERA-frontal-det-2.jpg"", ""https://sanycces.es/wp-content/uploads/2024/11/SANYCCES_CIRCO-SANYCOAT-BANDEJAS-MADERA.jpg""]","[""https://sanycces.es/wp-content/uploads/2024/04/16EwSpH3dhSOLGUlev1g1F5ZiSD-YDVsA.jpg""]"
9605,1628,SAN_9605,Standard,https://sanycces.es/en/product/circo-joy/,"[""https://sanycces.es/wp-content/uploads/2024/11/SANYCCES-CIRCO_JOY_LAVABO_15.jpg"", ""https://sanycces.es/wp-content/uploads/2024/11/SANYCCES-CIRCO_JOY_LAVABO_9.jpg"", ""https://sanycces.es/wp-content/uploads/2024/11/SANYCCES-CIRCO_JOY_LAVABO_5.jpg"", ""https://sanycces.es/wp-content/uploads/2024/11/SANYCCES-CIRCO_JOY_LAVABO_1.jpg"", ""https://sanycces.es/wp-content/uploads/2024/11/SANYCCES-CIRCO_JOY_LAVABO_14.jpg"", ""https://sanycces.es/wp-content/uploads/2024/11/SANYCCES-CIRCO_JOY_LAVABO_3.jpg"", ""https://sanycces.es/wp-content/uploads/2024/11/SANYCCES-CIRCO_JOY_LAVABO_2.jpg"", ""https://sanycces.es/wp-content/uploads/2024/11/SANYCCES-Calma-2025-100612.jpg"", ""https://sanycces.es/wp-content/uploads/2024/11/SANYCCES-CIRCO_JOY_LAVABO_8.jpg"", ""https://sanycces.es/wp-content/uploads/2024/11/SANYCCES-CIRCO_JOY_LAVABO_4.jpg"", ""https://sanycces.es/wp-content/uploads/2024/11/SANYCCES-CIRCO_JOY_LAVABO_11.jpg"", ""https://sanycces.es/wp-content/uploads/2024/11/SANYCCES-CIRCO_JOY_LAVABO_7.jpg"", ""https://sanycces.es/wp-content/uploads/2024/11/SANYCCES-Calma-2025-100590.jpg"", ""https://sanycces.es/wp-content/uploads/2024/11/SANYCCES-Calma-2025-100589.jpg"", ""https://sanycces.es/wp-content/uploads/2024/11/SANYCCES-Calma-2025-100588.jpg"", ""https://sanycces.es/wp-content/uploads/2024/11/SANYCCES-CIRCO_JOY_LAVABO_12.jpg"", ""https://sanycces.es/wp-content/uploads/2024/11/SANYCCES-CIRCO_JOY_LAVABO_6.jpg"", ""https://sanycces.es/wp-content/uploads/2024/11/SANYCCES-CIRCO_JOY_LAVABO_13.jpg"", ""https://sanycces.es/wp-content/uploads/2024/11/SANYCCES_CIRCO-BM-BANDEJAS-MADERA.jpg"", ""https://sanycces.es/wp-content/uploads/2024/11/SANYCCES_CIRCO-BM-BANDEJAS-MADERA_2.jpg"", ""https://sanycces.es/wp-content/uploads/2024/11/SANYCCES_CIRCO-BM-BANDEJAS-MADERA-frontal-det-1.jpg"", ""https://sanycces.es/wp-content/uploads/2024/11/SANYCCES_CIRCO-BM-BANDEJAS-MADERA-frontal-det-2.jpg"", ""https://sanycces.es/wp-content/uploads/2024/11/SANYCCES_CIRCO-SANYCOAT-BANDEJAS-MADERA.jpg""]","[""https://sanycces.es/wp-content/uploads/2024/04/16EwSpH3dhSOLGUlev1g1F5ZiSD-YDVsA.jpg""]"
9606,1629,SAN_9606,White matt,https://sanycces.es/en/product/cuadra-joy/,"[""https://sanycces.es/wp-content/uploads/2024/11/SANYCCES-CUADRA_JOY_11.jpg"", ""https://sanycces.es/wp-content/uploads/2024/11/SANYCCES-CUADRA_JOY_2.jpg"", ""https://sanycces.es/wp-content/uploads/2024/11/SANYCCES-CUADRA_JOY_9.jpg"", ""https://sanycces.es/wp-content/uploads/2024/11/SANYCCES-CUADRA_JOY_1.jpg"", ""https://sanycces.es/wp-content/uploads/2024/11/SANYCCES-CUADRA_JOY_4.jpg"", ""https://sanycces.es/wp-content/uploads/2024/11/SANYCCES-CUADRA_JOY_3.jpg"", ""https://sanycces.es/wp-content/uploads/2024/11/SANYCCES-CUADRA_JOY_5.jpg"", ""https://sanycces.es/wp-content/uploads/2024/11/SANYCCES-CUADRA_JOY_8.jpg"", ""https://sanycces.es/wp-content/uploads/2024/11/SANYCCES-CUADRA_JOY_7.jpg"", ""https://sanycces.es/wp-content/uploads/2024/11/SANYCCES-CUADRA_JOY_6.jpg"", ""https://sanycces.es/wp-content/uploads/2024/11/SANYCCES-CUADRA_JOY_10.jpg"", ""https://sanycces.es/wp-content/uploads/2024/11/SANYCCES_CUADRA-BM-BANDEJAS-BM-1.jpg"", ""https://sanycces.es/wp-content/uploads/2024/11/sanycces_CUADRA-BM-BANDEJAS-Bm.jpg""]","[""https://sanycces.es/wp-content/uploads/2024/04/16BhX_iq8x-UeVNu0f3ADaKhTBEeT3s98.jpg""]"
9607,1629,SAN_9607,Standard,https://sanycces.es/en/product/cuadra-joy/,"[""https://sanycces.es/wp-content/uploads/2024/11/SANYCCES-CUADRA_JOY_11.jpg"", ""https://sanycces.es/wp-content/uploads/2024/11/SANYCCES-CUADRA_JOY_2.jpg"", ""https://sanycces.es/wp-content/uploads/2024/11/SANYCCES-CUADRA_JOY_9.jpg"", ""https://sanycces.es/wp-content/uploads/2024/11/SANYCCES-CUADRA_JOY_1.jpg"", ""https://sanycces.es/wp-content/uploads/2024/11/SANYCCES-CUADRA_JOY_4.jpg"", ""https://sanycces.es/wp-content/uploads/2024/11/SANYCCES-CUADRA_JOY_3.jpg"", ""https://sanycces.es/wp-content/uploads/2024/11/SANYCCES-CUADRA_JOY_5.jpg"", ""https://sanycces.es/wp-content/uploads/2024/11/SANYCCES-CUADRA_JOY_8.jpg"", ""https://sanycces.es/wp-content/uploads/2024/11/SANYCCES-CUADRA_JOY_7.jpg"", ""https://sanycces.es/wp-content/uploads/2024/11/SANYCCES-CUADRA_JOY_6.jpg"", ""https://sanycces.es/wp-content/uploads/2024/11/SANYCCES-CUADRA_JOY_10.jpg"", ""https://sanycces.es/wp-content/uploads/2024/11/SANYCCES_CUADRA-BM-BANDEJAS-BM-1.jpg"", ""https://sanycces.es/wp-content/uploads/2024/11/sanycces_CUADRA-BM-BANDEJAS-Bm.jpg""]","[""https://sanycces.es/wp-content/uploads/2024/04/16BhX_iq8x-UeVNu0f3ADaKhTBEeT3s98.jpg""]"
9608,1630,SAN_9608,White matt,https://sanycces.es/en/product/duna-bathtub-freestanding-170/,"[""https://sanycces.es/wp-content/uploads/2024/04/10BFJzeO0QYviUlgO2ZChdTZUAKVF7pwz.jpg"", ""https://sanycces.es/wp-content/uploads/2024/04/10DNMoDCe22yZMtnnTBYZAIXdSxkv6CBu.jpg"", ""https://sanycces.es/wp-content/uploads/2024/04/10DgE3gIEmFm78vS3JfARXopRyjmmCdfS.jpg"", ""https://sanycces.es/wp-content/uploads/2024/04/10Bd9XvUi7wP1WiUtB7RAyZwBy5jEFFUN.jpg"", ""https://sanycces.es/wp-content/uploads/2024/04/10DWfkBT9oVMDABEuVy1eR7JmZaXERBQQ.jpg"", ""https://sanycces.es/wp-content/uploads/2024/04/10Cz-UwZNABm1GbBwfG0nR79CyN8drFFE.jpg"", ""https://sanycces.es/wp-content/uploads/2024/04/10CwhvVPy100brf2ZCIQIOWcqldZCLDxg.jpg"", ""https://sanycces.es/wp-content/uploads/2024/04/10CgoF865NJ1qtsb16tVKSqR-RGy5D29O.jpg"", ""https://sanycces.es/wp-content/uploads/2024/04/10CcHQuldOqeGl_Zj0v1TQ9QuYCwUOBET.jpg"", ""https://sanycces.es/wp-content/uploads/2024/04/10BKs-NxYaJ5zLtzQjczW7EdghDJ74EGb.jpg""]","[""https://sanycces.es/wp-content/uploads/2024/04/10AJqRTOh-gEfMB92D5tffgwClEuC6NCs.jpg""]"
9609,1631,SAN_9609,White matt,https://sanycces.es/en/product/duna-ofuro/,"[""https://sanycces.es/wp-content/uploads/2024/04/10DObYi-n4hQhd5uG6VeQh8dy6cWF7tu_.jpg"", ""https://sanycces.es/wp-content/uploads/2024/04/130vQ2st4ZdHiKmaE3cuK0ZalXJKND6vT.jpg"", ""https://sanycces.es/wp-content/uploads/2024/04/13-vAkNtMVKuW9VmMRc1S-U72Gt-qM8kN.jpg"", ""https://sanycces.es/wp-content/uploads/2024/04/10BSvk61SKP6j6635TBykMo0Jvtaw_DuL.jpg"", ""https://sanycces.es/wp-content/uploads/2024/04/133yQFbJf8xUJaKwV6t5O2wm0bVNzShCP.jpg"", ""https://sanycces.es/wp-content/uploads/2024/04/131Z95T6Fsietup-6NabSYJrsULvhaGaJ.jpg"", ""https://sanycces.es/wp-content/uploads/2024/04/1310dw_IZw2r0h5_3GwiCr3au3KBXS-4-.jpg"", ""https://sanycces.es/wp-content/uploads/2024/04/134D5MpxPQg0qrW1Bj8PCT5g1Ciz78wnF.jpg""]","[""https://sanycces.es/wp-content/uploads/2024/04/13-s_BDmdMXa9MWLfPZSbTatb-WZ7YvRd.jpg""]"
9610,1632,SAN_9610,White gloss,https://sanycces.es/en/product/tempo/,"[""https://sanycces.es/wp-content/uploads/2022/01/TEMPO_1.jpg"", ""https://sanycces.es/wp-content/uploads/2024/11/SANYCCES_TEMPO_2.jpg"", ""https://sanycces.es/wp-content/uploads/2024/11/SANYCCES_TEMPO_4.jpg"", ""https://sanycces.es/wp-content/uploads/2024/11/TEMPO_1.jpg"", ""https://sanycces.es/wp-content/uploads/2024/11/TEMPO_2.jpg"", ""https://sanycces.es/wp-content/uploads/2024/11/TEMPO_3.jpg"", ""https://sanycces.es/wp-content/uploads/2024/11/TEMPO_4.jpg"", ""https://sanycces.es/wp-content/uploads/2024/11/TEMPO_5.jpg"", ""https://sanycces.es/wp-content/uploads/2024/11/TEMPO_7.jpg"", ""https://sanycces.es/wp-content/uploads/2024/11/TEMPO_6.jpg"", ""https://sanycces.es/wp-content/uploads/2024/11/TEMPO_8.jpg""]","[""https://sanycces.es/wp-content/uploads/2022/01/TEMPO-MEDIDAS.png""]"
9611,1632,SAN_9611,White matt,https://sanycces.es/en/product/tempo/,"[""https://sanycces.es/wp-content/uploads/2022/01/TEMPO_1.jpg"", ""https://sanycces.es/wp-content/uploads/2024/11/SANYCCES_TEMPO_2.jpg"", ""https://sanycces.es/wp-content/uploads/2024/11/SANYCCES_TEMPO_4.jpg"", ""https://sanycces.es/wp-content/uploads/2024/11/TEMPO_1.jpg"", ""https://sanycces.es/wp-content/uploads/2024/11/TEMPO_2.jpg"", ""https://sanycces.es/wp-content/uploads/2024/11/TEMPO_3.jpg"", ""https://sanycces.es/wp-content/uploads/2024/11/TEMPO_4.jpg"", ""https://sanycces.es/wp-content/uploads/2024/11/TEMPO_5.jpg"", ""https://sanycces.es/wp-content/uploads/2024/11/TEMPO_7.jpg"", ""https://sanycces.es/wp-content/uploads/2024/11/TEMPO_6.jpg"", ""https://sanycces.es/wp-content/uploads/2024/11/TEMPO_8.jpg""]","[""https://sanycces.es/wp-content/uploads/2022/01/TEMPO-MEDIDAS.png""]"
9612,1633,SAN_9612,White gloss,https://sanycces.es/en/product/arc-8/,"[""https://sanycces.es/wp-content/uploads/2026/04/SANYCCES_ARC_BATHTUB_2.jpg"", ""https://sanycces.es/wp-content/uploads/2026/04/SANYCCES_ARC_BATHTUB_14.jpg""]","[""https://sanycces.es/wp-content/uploads/2026/04/SANYCCES_ARC_BATHTUB_130.png""]"
9613,1633,SAN_9613,White matt,https://sanycces.es/en/product/arc-8/,"[""https://sanycces.es/wp-content/uploads/2026/04/SANYCCES_ARC_BATHTUB_2.jpg"", ""https://sanycces.es/wp-content/uploads/2026/04/SANYCCES_ARC_BATHTUB_14.jpg""]","[""https://sanycces.es/wp-content/uploads/2026/04/SANYCCES_ARC_BATHTUB_130.png""]"
9614,1634,SAN_9614,White matt,https://sanycces.es/en/product/oasis/,"[""https://sanycces.es/wp-content/uploads/2024/10/1Kt_AVOSIz5MbMnmRHgTajusyiY47I3KY.jpg"", ""https://sanycces.es/wp-content/uploads/2024/10/1KtrnsVsfzLSoEI-MF6PPZo3feVUNBPLQ.jpg"", ""https://sanycces.es/wp-content/uploads/2024/10/1KuMBYW_ABT5tQ6jVPhHKpHdNFfosCZ8D.jpg"", ""https://sanycces.es/wp-content/uploads/2024/10/1KtWXf0UOSGE9dKw8c-USV-lK3cTd4G4h.jpg"", ""https://sanycces.es/wp-content/uploads/2024/11/1KskvriFktVh5N7JXDobFdDy8NT5zEPXa.jpg"", ""https://sanycces.es/wp-content/uploads/2024/10/1Ktheh4OoXZB6Hti5Xls0NoiF4JzAk3qO.jpg"", ""https://sanycces.es/wp-content/uploads/2024/10/1KnOaCXdekp_44xWI4xFWPOnVn7p-Pzdh.jpg"", ""https://sanycces.es/wp-content/uploads/2024/10/1KnXTuKw0JRHbGwaKe7C-iSWA9_exQ18Y.jpg"", ""https://sanycces.es/wp-content/uploads/2024/10/1Km6hBjy31k6TlqYKlwksGXh9QQnis4XZ.jpg""]","[""https://sanycces.es/wp-content/uploads/2024/10/1KwSMOKQDOJ3drC3SO26HOh4lAkLGExXY.jpg""]"
9615,1635,SAN_9615,White gloss,https://sanycces.es/en/product/calma/,"[""https://sanycces.es/wp-content/uploads/2022/01/CALMA_1.jpg"", ""https://sanycces.es/wp-content/uploads/2024/11/CALMA_1.jpg"", ""https://sanycces.es/wp-content/uploads/2024/11/CALMA_2.jpg"", ""https://sanycces.es/wp-content/uploads/2024/11/SANYCCES-Calma-10.jpg"", ""https://sanycces.es/wp-content/uploads/2024/11/SANYCCES-Calma-13.jpg"", ""https://sanycces.es/wp-content/uploads/2024/11/CALMA_6.jpg"", ""https://sanycces.es/wp-content/uploads/2024/11/CALMA_4.jpg"", ""https://sanycces.es/wp-content/uploads/2024/11/CALMA_5.jpg"", ""https://sanycces.es/wp-content/uploads/2024/11/SANYCCES-Calma-12.jpg"", ""https://sanycces.es/wp-content/uploads/2024/11/CALMA_7.jpg"", ""https://sanycces.es/wp-content/uploads/2024/11/CALMA_3.jpg"", ""https://sanycces.es/wp-content/uploads/2024/11/SANYCCES-Calma-11.jpg"", ""https://sanycces.es/wp-content/uploads/2024/11/SANYCCES-Calma-15.jpg"", ""https://sanycces.es/wp-content/uploads/2024/11/SANYCCES-Calma-1.jpg"", ""https://sanycces.es/wp-content/uploads/2024/11/SANYCCES-Calma-3.jpg"", ""https://sanycces.es/wp-content/uploads/2024/11/SANYCCES-Calma-2.jpg"", ""https://sanycces.es/wp-content/uploads/2024/11/SANYCCES-Calma-4.jpg"", ""https://sanycces.es/wp-content/uploads/2024/11/SANYCCES-Calma-5.jpg"", ""https://sanycces.es/wp-content/uploads/2024/11/SANYCCES-Calma-7.jpg"", ""https://sanycces.es/wp-content/uploads/2024/11/SANYCCES-Calma-6.jpg"", ""https://sanycces.es/wp-content/uploads/2024/11/SANYCCES-Calma-14.jpg"", ""https://sanycces.es/wp-content/uploads/2024/11/SANYCCES-Calma-8.jpg"", ""https://sanycces.es/wp-content/uploads/2024/11/SANYCCES-Calma-9.jpg""]","[""https://sanycces.es/wp-content/uploads/2024/05/16YAa8zlQi7F3n2JlpPNMun33id-1E6aA.jpg""]"
9616,1635,SAN_9616,White matt,https://sanycces.es/en/product/calma/,"[""https://sanycces.es/wp-content/uploads/2022/01/CALMA_1.jpg"", ""https://sanycces.es/wp-content/uploads/2024/11/CALMA_1.jpg"", ""https://sanycces.es/wp-content/uploads/2024/11/CALMA_2.jpg"", ""https://sanycces.es/wp-content/uploads/2024/11/SANYCCES-Calma-10.jpg"", ""https://sanycces.es/wp-content/uploads/2024/11/SANYCCES-Calma-13.jpg"", ""https://sanycces.es/wp-content/uploads/2024/11/CALMA_6.jpg"", ""https://sanycces.es/wp-content/uploads/2024/11/CALMA_4.jpg"", ""https://sanycces.es/wp-content/uploads/2024/11/CALMA_5.jpg"", ""https://sanycces.es/wp-content/uploads/2024/11/SANYCCES-Calma-12.jpg"", ""https://sanycces.es/wp-content/uploads/2024/11/CALMA_7.jpg"", ""https://sanycces.es/wp-content/uploads/2024/11/CALMA_3.jpg"", ""https://sanycces.es/wp-content/uploads/2024/11/SANYCCES-Calma-11.jpg"", ""https://sanycces.es/wp-content/uploads/2024/11/SANYCCES-Calma-15.jpg"", ""https://sanycces.es/wp-content/uploads/2024/11/SANYCCES-Calma-1.jpg"", ""https://sanycces.es/wp-content/uploads/2024/11/SANYCCES-Calma-3.jpg"", ""https://sanycces.es/wp-content/uploads/2024/11/SANYCCES-Calma-2.jpg"", ""https://sanycces.es/wp-content/uploads/2024/11/SANYCCES-Calma-4.jpg"", ""https://sanycces.es/wp-content/uploads/2024/11/SANYCCES-Calma-5.jpg"", ""https://sanycces.es/wp-content/uploads/2024/11/SANYCCES-Calma-7.jpg"", ""https://sanycces.es/wp-content/uploads/2024/11/SANYCCES-Calma-6.jpg"", ""https://sanycces.es/wp-content/uploads/2024/11/SANYCCES-Calma-14.jpg"", ""https://sanycces.es/wp-content/uploads/2024/11/SANYCCES-Calma-8.jpg"", ""https://sanycces.es/wp-content/uploads/2024/11/SANYCCES-Calma-9.jpg""]","[""https://sanycces.es/wp-content/uploads/2024/05/16YAa8zlQi7F3n2JlpPNMun33id-1E6aA.jpg""]"
9617,1636,SAN_9617,White matt,https://sanycces.es/en/product/duna-pedestal-exento/,"[""https://sanycces.es/wp-content/uploads/2024/04/12mjXWjrZPrmRYETNsW0BjOH1mAKLqyjD.jpg"", ""https://sanycces.es/wp-content/uploads/2024/04/12mSAlwc7OZabP7m-GFclg9AvaunmES4d.jpg"", ""https://sanycces.es/wp-content/uploads/2024/04/12m04MiSP2ECYx8fg1945JYNBqjmrnnhP.jpg"", ""https://sanycces.es/wp-content/uploads/2024/04/12rSSrm3QUMVQIKv38C7WscTA75t2xPPO.jpg"", ""https://sanycces.es/wp-content/uploads/2024/04/12rGWXre5j4L2DOyDRrVn8aoNTOM3pnEk.jpg"", ""https://sanycces.es/wp-content/uploads/2024/04/12y7z91nCjiTRQ7lnDxZYmtd2Tx3RM0Sh.jpg"", ""https://sanycces.es/wp-content/uploads/2024/04/12nv6-2hMXDlNRx5t1IENT7DF5lks8QgH.jpg"", ""https://sanycces.es/wp-content/uploads/2024/04/12oSLAkhTTZCZzT1wrUFunLcotWoELL9V.jpg"", ""https://sanycces.es/wp-content/uploads/2024/04/12r3WBC2DArGuic49eEB3BBjrhADlDRiZ.jpg""]","[""https://sanycces.es/wp-content/uploads/2024/12/12k3dNv79JPzif-Gg7VWOY9QT_1RCXWZ.jpg""]"
9618,1636,SAN_9618,Oak,https://sanycces.es/en/product/duna-pedestal-exento/,"[""https://sanycces.es/wp-content/uploads/2024/04/12mjXWjrZPrmRYETNsW0BjOH1mAKLqyjD.jpg"", ""https://sanycces.es/wp-content/uploads/2024/04/12mSAlwc7OZabP7m-GFclg9AvaunmES4d.jpg"", ""https://sanycces.es/wp-content/uploads/2024/04/12m04MiSP2ECYx8fg1945JYNBqjmrnnhP.jpg"", ""https://sanycces.es/wp-content/uploads/2024/04/12rSSrm3QUMVQIKv38C7WscTA75t2xPPO.jpg"", ""https://sanycces.es/wp-content/uploads/2024/04/12rGWXre5j4L2DOyDRrVn8aoNTOM3pnEk.jpg"", ""https://sanycces.es/wp-content/uploads/2024/04/12y7z91nCjiTRQ7lnDxZYmtd2Tx3RM0Sh.jpg"", ""https://sanycces.es/wp-content/uploads/2024/04/12nv6-2hMXDlNRx5t1IENT7DF5lks8QgH.jpg"", ""https://sanycces.es/wp-content/uploads/2024/04/12oSLAkhTTZCZzT1wrUFunLcotWoELL9V.jpg"", ""https://sanycces.es/wp-content/uploads/2024/04/12r3WBC2DArGuic49eEB3BBjrhADlDRiZ.jpg""]","[""https://sanycces.es/wp-content/uploads/2024/12/12k3dNv79JPzif-Gg7VWOY9QT_1RCXWZ.jpg""]"
9619,1637,SAN_9619,White matt,https://sanycces.es/en/product/oasis-pedestal-exento/,"[""https://sanycces.es/wp-content/uploads/2024/10/1KsTVfIn2ZxkWbu2nl68NXnxS0PhJ7RzA.jpg"", ""https://sanycces.es/wp-content/uploads/2024/10/1L8rR3DPUVMr9QMBTDUpBaKDdVG9I3V2U.jpg"", ""https://sanycces.es/wp-content/uploads/2024/10/1L9Dqc0SxooGTtb9PXzuvaJAnD-gqbrSl.jpg"", ""https://sanycces.es/wp-content/uploads/2024/10/1LBpMAxX2UIWiFfeHZWfeBOH-nKhDwOu9.jpg"", ""https://sanycces.es/wp-content/uploads/2024/10/1LAamJntHB1IoWuGF7rY353eTpQKZEs4J.jpg"", ""https://sanycces.es/wp-content/uploads/2024/10/1Ko0Ui7Xbc1bdkjAkyrhvER-0_e6dfisS.jpg"", ""https://sanycces.es/wp-content/uploads/2024/10/1L9ooS0em8o27iJNXh-BXKSc0yOmOl3wS.jpg"", ""https://sanycces.es/wp-content/uploads/2024/10/1LAKPgTGQaHLdTi-9cyPQunHw64W9Er8d.jpg""]","[""https://sanycces.es/wp-content/uploads/2024/10/1Kw-9g0wlPjAncEy4OaxM-RXfluwzFjez.jpg""]"
9620,1637,SAN_9620,American walnut,https://sanycces.es/en/product/oasis-pedestal-exento/,"[""https://sanycces.es/wp-content/uploads/2024/10/1KsTVfIn2ZxkWbu2nl68NXnxS0PhJ7RzA.jpg"", ""https://sanycces.es/wp-content/uploads/2024/10/1L8rR3DPUVMr9QMBTDUpBaKDdVG9I3V2U.jpg"", ""https://sanycces.es/wp-content/uploads/2024/10/1L9Dqc0SxooGTtb9PXzuvaJAnD-gqbrSl.jpg"", ""https://sanycces.es/wp-content/uploads/2024/10/1LBpMAxX2UIWiFfeHZWfeBOH-nKhDwOu9.jpg"", ""https://sanycces.es/wp-content/uploads/2024/10/1LAamJntHB1IoWuGF7rY353eTpQKZEs4J.jpg"", ""https://sanycces.es/wp-content/uploads/2024/10/1Ko0Ui7Xbc1bdkjAkyrhvER-0_e6dfisS.jpg"", ""https://sanycces.es/wp-content/uploads/2024/10/1L9ooS0em8o27iJNXh-BXKSc0yOmOl3wS.jpg"", ""https://sanycces.es/wp-content/uploads/2024/10/1LAKPgTGQaHLdTi-9cyPQunHw64W9Er8d.jpg""]","[""https://sanycces.es/wp-content/uploads/2024/10/1Kw-9g0wlPjAncEy4OaxM-RXfluwzFjez.jpg""]"
9621,1638,SAN_9621,White matt,https://sanycces.es/en/product/oasis-semipedestal-exento/,"[""https://sanycces.es/wp-content/uploads/2024/10/1LH247kiWSE41RSQJEhDyIjQ8J4yHpgp_.jpg"", ""https://sanycces.es/wp-content/uploads/2025/03/iF_DesignAward_2025.png"", ""https://sanycces.es/wp-content/uploads/2024/10/1LGoC_HW_xnoOO57fJCT_0aTeUZ0ZJzs7.jpg"", ""https://sanycces.es/wp-content/uploads/2024/10/1LEwavs6uTZut4LQr3Ne7uJ1-Y3rDwTQj.jpg"", ""https://sanycces.es/wp-content/uploads/2024/10/1LJ22oxr3765tu7cJ6PW3KwwuU6zjHC8X.jpg"", ""https://sanycces.es/wp-content/uploads/2024/10/1Kpkb5GOzR7bSogy6BM0CRg5po209xJ1i.jpg"", ""https://sanycces.es/wp-content/uploads/2024/10/1LJfCXbzjlQkIUVshvizSP9f1378Ye2QO.jpg""]","[""https://sanycces.es/wp-content/uploads/2024/10/1KuXC-vHdr06Y1okHnIQ97EYEL-wtBAvc.jpg""]"
9622,1638,SAN_9622,Oak wood slats,https://sanycces.es/en/product/oasis-semipedestal-exento/,"[""https://sanycces.es/wp-content/uploads/2024/10/1LH247kiWSE41RSQJEhDyIjQ8J4yHpgp_.jpg"", ""https://sanycces.es/wp-content/uploads/2025/03/iF_DesignAward_2025.png"", ""https://sanycces.es/wp-content/uploads/2024/10/1LGoC_HW_xnoOO57fJCT_0aTeUZ0ZJzs7.jpg"", ""https://sanycces.es/wp-content/uploads/2024/10/1LEwavs6uTZut4LQr3Ne7uJ1-Y3rDwTQj.jpg"", ""https://sanycces.es/wp-content/uploads/2024/10/1LJ22oxr3765tu7cJ6PW3KwwuU6zjHC8X.jpg"", ""https://sanycces.es/wp-content/uploads/2024/10/1Kpkb5GOzR7bSogy6BM0CRg5po209xJ1i.jpg"", ""https://sanycces.es/wp-content/uploads/2024/10/1LJfCXbzjlQkIUVshvizSP9f1378Ye2QO.jpg""]","[""https://sanycces.es/wp-content/uploads/2024/10/1KuXC-vHdr06Y1okHnIQ97EYEL-wtBAvc.jpg""]"
9623,1639,SAN_9623,Iroko wood,https://sanycces.es/en/product/calma-tray/,"[""https://sanycces.es/wp-content/uploads/2024/04/15_AUnXJMFo1BMzMfujx23eL8ws5NV8jx.jpg"", ""https://sanycces.es/wp-content/uploads/2024/04/15b3Ggt-9ipR38VU-mhW-VQUy56F2_zwN.jpg"", ""https://sanycces.es/wp-content/uploads/2024/04/15ar3A-owAR9DwlBAwDIR7EEwEmfnS0xv.jpg"", ""https://sanycces.es/wp-content/uploads/2024/04/15Zm_5iohKBAAU33mdYKdfirAPvtvKcyE.jpg""]",[]
9624,1640,SAN_9624,Iroko wood,https://sanycces.es/en/product/gregal/,"[""https://sanycces.es/wp-content/uploads/2024/04/16KvSKta9y6My4drYQa3S_qJUZoQz-Ilv.jpg"", ""https://sanycces.es/wp-content/uploads/2024/04/15XH8uVdRUuSjRQdXCvoi9ahU99hmJ7EK.jpg"", ""https://sanycces.es/wp-content/uploads/2024/04/15ZF_8yqwkNxpJ5yUKWEtc4EhTvrYrAGm.jpg"", ""https://sanycces.es/wp-content/uploads/2024/04/10BFJzeO0QYviUlgO2ZChdTZUAKVF7pwz.jpg"", ""https://sanycces.es/wp-content/uploads/2024/04/10BKs-NxYaJ5zLtzQjczW7EdghDJ74EGb.jpg""]",[]
9625,1641,SAN_9625,Iroko wood,https://sanycces.es/en/product/mistral/,"[""https://sanycces.es/wp-content/uploads/2024/04/16KNPgha95UHkPPGxqtUOh-rvysZr7tRw.jpg"", ""https://sanycces.es/wp-content/uploads/2024/04/15_iBw17m4daIY53iD_kAMNH9K-QPvoF8.jpg"", ""https://sanycces.es/wp-content/uploads/2024/04/15WtQb41X9mhW0IsXmwpoT8aWTTtvaRp0.jpg"", ""https://sanycces.es/wp-content/uploads/2024/04/15_HviwHMFNZpWbOE2lrYuSN9Q8A6JQQB.jpg""]",[]
9626,1642,SAN_9626,Black cork,https://sanycces.es/en/product/duna-3/,"[""https://sanycces.es/wp-content/uploads/2024/04/145WrGNFya-WeAvO_gl1C_9NTd4rmiQCH.jpg"", ""https://sanycces.es/wp-content/uploads/2024/04/145gD4Av0xf1xZcl0Rkrr3E3gh9EXAH9T.jpg"", ""https://sanycces.es/wp-content/uploads/2024/04/1476pKL0QNyfODTZ6a63LQuAIx6X9tZuO.jpg"", ""https://sanycces.es/wp-content/uploads/2024/04/146H5U2C-y3r74eMpcjbnLkoOdLoiCxJb.jpg""]","[""https://sanycces.es/wp-content/uploads/2024/04/144iwCPhfrr1e1EY1ti8CWlDVQ-2-F4Q2.jpg""]"
9627,1643,SAN_9627,blat / Carrara Marble,https://sanycces.es/en/product/isla-alta-isla-baja/,"[""https://sanycces.es/wp-content/uploads/2024/04/13zNwvsPyiAgbSppNuaAzcvW2O7ini8nl.jpg"", ""https://sanycces.es/wp-content/uploads/2024/04/13zdrmrZFh2cIOhyCb6Jiy24GE1ZkzW5w.jpg"", ""https://sanycces.es/wp-content/uploads/2024/04/13vuPR7E-XbphGi_dLoSD9zmrpDoeQLbP.jpg"", ""https://sanycces.es/wp-content/uploads/2024/04/13yPcqBRMtLKI1YoqB4wSsqpcpHKz_KDU.jpg"", ""https://sanycces.es/wp-content/uploads/2024/04/13yXZ1Hxpzs43-zXCL88GGalS8z8Pmt0z.jpg"", ""https://sanycces.es/wp-content/uploads/2024/04/13z-QVwqhzMkwC8vIRxGQgHmMsedrF0e3.jpg"", ""https://sanycces.es/wp-content/uploads/2024/04/13z2kJmeKsSWRJcCT_q-zR1US9_DDUQuv.jpg"", ""https://sanycces.es/wp-content/uploads/2024/04/13zF0O5QdsDpWazBcfOKCv-21xxlbp7cF.jpg"", ""https://sanycces.es/wp-content/uploads/2024/04/13zGWWcYwxNLtj0aSFc8u0WRjJMIEw9Sg.jpg"", ""https://sanycces.es/wp-content/uploads/2024/11/1F3Z1429wHmlP45ryYqw3TuJLTMrZKxbr.jpg""]","[""https://sanycces.es/wp-content/uploads/2024/04/13tD6eliBGwb5fJAkN1iOfbSueiN5ORer.jpg""]"
9628,1643,SAN_9628,Marquina Marble,https://sanycces.es/en/product/isla-alta-isla-baja/,"[""https://sanycces.es/wp-content/uploads/2024/04/13zNwvsPyiAgbSppNuaAzcvW2O7ini8nl.jpg"", ""https://sanycces.es/wp-content/uploads/2024/04/13zdrmrZFh2cIOhyCb6Jiy24GE1ZkzW5w.jpg"", ""https://sanycces.es/wp-content/uploads/2024/04/13vuPR7E-XbphGi_dLoSD9zmrpDoeQLbP.jpg"", ""https://sanycces.es/wp-content/uploads/2024/04/13yPcqBRMtLKI1YoqB4wSsqpcpHKz_KDU.jpg"", ""https://sanycces.es/wp-content/uploads/2024/04/13yXZ1Hxpzs43-zXCL88GGalS8z8Pmt0z.jpg"", ""https://sanycces.es/wp-content/uploads/2024/04/13z-QVwqhzMkwC8vIRxGQgHmMsedrF0e3.jpg"", ""https://sanycces.es/wp-content/uploads/2024/04/13z2kJmeKsSWRJcCT_q-zR1US9_DDUQuv.jpg"", ""https://sanycces.es/wp-content/uploads/2024/04/13zF0O5QdsDpWazBcfOKCv-21xxlbp7cF.jpg"", ""https://sanycces.es/wp-content/uploads/2024/04/13zGWWcYwxNLtj0aSFc8u0WRjJMIEw9Sg.jpg"", ""https://sanycces.es/wp-content/uploads/2024/11/1F3Z1429wHmlP45ryYqw3TuJLTMrZKxbr.jpg""]","[""https://sanycces.es/wp-content/uploads/2024/04/13tD6eliBGwb5fJAkN1iOfbSueiN5ORer.jpg""]"
9629,1643,SAN_9629,Pietra Grey Stone,https://sanycces.es/en/product/isla-alta-isla-baja/,"[""https://sanycces.es/wp-content/uploads/2024/04/13zNwvsPyiAgbSppNuaAzcvW2O7ini8nl.jpg"", ""https://sanycces.es/wp-content/uploads/2024/04/13zdrmrZFh2cIOhyCb6Jiy24GE1ZkzW5w.jpg"", ""https://sanycces.es/wp-content/uploads/2024/04/13vuPR7E-XbphGi_dLoSD9zmrpDoeQLbP.jpg"", ""https://sanycces.es/wp-content/uploads/2024/04/13yPcqBRMtLKI1YoqB4wSsqpcpHKz_KDU.jpg"", ""https://sanycces.es/wp-content/uploads/2024/04/13yXZ1Hxpzs43-zXCL88GGalS8z8Pmt0z.jpg"", ""https://sanycces.es/wp-content/uploads/2024/04/13z-QVwqhzMkwC8vIRxGQgHmMsedrF0e3.jpg"", ""https://sanycces.es/wp-content/uploads/2024/04/13z2kJmeKsSWRJcCT_q-zR1US9_DDUQuv.jpg"", ""https://sanycces.es/wp-content/uploads/2024/04/13zF0O5QdsDpWazBcfOKCv-21xxlbp7cF.jpg"", ""https://sanycces.es/wp-content/uploads/2024/04/13zGWWcYwxNLtj0aSFc8u0WRjJMIEw9Sg.jpg"", ""https://sanycces.es/wp-content/uploads/2024/11/1F3Z1429wHmlP45ryYqw3TuJLTMrZKxbr.jpg""]","[""https://sanycces.es/wp-content/uploads/2024/04/13tD6eliBGwb5fJAkN1iOfbSueiN5ORer.jpg""]"
9630,1643,SAN_9630,Grey,https://sanycces.es/en/product/isla-alta-isla-baja/,"[""https://sanycces.es/wp-content/uploads/2024/04/13zNwvsPyiAgbSppNuaAzcvW2O7ini8nl.jpg"", ""https://sanycces.es/wp-content/uploads/2024/04/13zdrmrZFh2cIOhyCb6Jiy24GE1ZkzW5w.jpg"", ""https://sanycces.es/wp-content/uploads/2024/04/13vuPR7E-XbphGi_dLoSD9zmrpDoeQLbP.jpg"", ""https://sanycces.es/wp-content/uploads/2024/04/13yPcqBRMtLKI1YoqB4wSsqpcpHKz_KDU.jpg"", ""https://sanycces.es/wp-content/uploads/2024/04/13yXZ1Hxpzs43-zXCL88GGalS8z8Pmt0z.jpg"", ""https://sanycces.es/wp-content/uploads/2024/04/13z-QVwqhzMkwC8vIRxGQgHmMsedrF0e3.jpg"", ""https://sanycces.es/wp-content/uploads/2024/04/13z2kJmeKsSWRJcCT_q-zR1US9_DDUQuv.jpg"", ""https://sanycces.es/wp-content/uploads/2024/04/13zF0O5QdsDpWazBcfOKCv-21xxlbp7cF.jpg"", ""https://sanycces.es/wp-content/uploads/2024/04/13zGWWcYwxNLtj0aSFc8u0WRjJMIEw9Sg.jpg"", ""https://sanycces.es/wp-content/uploads/2024/11/1F3Z1429wHmlP45ryYqw3TuJLTMrZKxbr.jpg""]","[""https://sanycces.es/wp-content/uploads/2024/04/13tD6eliBGwb5fJAkN1iOfbSueiN5ORer.jpg""]"
9631,1643,SAN_9631,Oak,https://sanycces.es/en/product/isla-alta-isla-baja/,"[""https://sanycces.es/wp-content/uploads/2024/04/13zNwvsPyiAgbSppNuaAzcvW2O7ini8nl.jpg"", ""https://sanycces.es/wp-content/uploads/2024/04/13zdrmrZFh2cIOhyCb6Jiy24GE1ZkzW5w.jpg"", ""https://sanycces.es/wp-content/uploads/2024/04/13vuPR7E-XbphGi_dLoSD9zmrpDoeQLbP.jpg"", ""https://sanycces.es/wp-content/uploads/2024/04/13yPcqBRMtLKI1YoqB4wSsqpcpHKz_KDU.jpg"", ""https://sanycces.es/wp-content/uploads/2024/04/13yXZ1Hxpzs43-zXCL88GGalS8z8Pmt0z.jpg"", ""https://sanycces.es/wp-content/uploads/2024/04/13z-QVwqhzMkwC8vIRxGQgHmMsedrF0e3.jpg"", ""https://sanycces.es/wp-content/uploads/2024/04/13z2kJmeKsSWRJcCT_q-zR1US9_DDUQuv.jpg"", ""https://sanycces.es/wp-content/uploads/2024/04/13zF0O5QdsDpWazBcfOKCv-21xxlbp7cF.jpg"", ""https://sanycces.es/wp-content/uploads/2024/04/13zGWWcYwxNLtj0aSFc8u0WRjJMIEw9Sg.jpg"", ""https://sanycces.es/wp-content/uploads/2024/11/1F3Z1429wHmlP45ryYqw3TuJLTMrZKxbr.jpg""]","[""https://sanycces.es/wp-content/uploads/2024/04/13tD6eliBGwb5fJAkN1iOfbSueiN5ORer.jpg""]"
9632,1643,SAN_9632,Sage green,https://sanycces.es/en/product/isla-alta-isla-baja/,"[""https://sanycces.es/wp-content/uploads/2024/04/13zNwvsPyiAgbSppNuaAzcvW2O7ini8nl.jpg"", ""https://sanycces.es/wp-content/uploads/2024/04/13zdrmrZFh2cIOhyCb6Jiy24GE1ZkzW5w.jpg"", ""https://sanycces.es/wp-content/uploads/2024/04/13vuPR7E-XbphGi_dLoSD9zmrpDoeQLbP.jpg"", ""https://sanycces.es/wp-content/uploads/2024/04/13yPcqBRMtLKI1YoqB4wSsqpcpHKz_KDU.jpg"", ""https://sanycces.es/wp-content/uploads/2024/04/13yXZ1Hxpzs43-zXCL88GGalS8z8Pmt0z.jpg"", ""https://sanycces.es/wp-content/uploads/2024/04/13z-QVwqhzMkwC8vIRxGQgHmMsedrF0e3.jpg"", ""https://sanycces.es/wp-content/uploads/2024/04/13z2kJmeKsSWRJcCT_q-zR1US9_DDUQuv.jpg"", ""https://sanycces.es/wp-content/uploads/2024/04/13zF0O5QdsDpWazBcfOKCv-21xxlbp7cF.jpg"", ""https://sanycces.es/wp-content/uploads/2024/04/13zGWWcYwxNLtj0aSFc8u0WRjJMIEw9Sg.jpg"", ""https://sanycces.es/wp-content/uploads/2024/11/1F3Z1429wHmlP45ryYqw3TuJLTMrZKxbr.jpg""]","[""https://sanycces.es/wp-content/uploads/2024/04/13tD6eliBGwb5fJAkN1iOfbSueiN5ORer.jpg""]"
9633,1643,SAN_9633,Steel blue,https://sanycces.es/en/product/isla-alta-isla-baja/,"[""https://sanycces.es/wp-content/uploads/2024/04/13zNwvsPyiAgbSppNuaAzcvW2O7ini8nl.jpg"", ""https://sanycces.es/wp-content/uploads/2024/04/13zdrmrZFh2cIOhyCb6Jiy24GE1ZkzW5w.jpg"", ""https://sanycces.es/wp-content/uploads/2024/04/13vuPR7E-XbphGi_dLoSD9zmrpDoeQLbP.jpg"", ""https://sanycces.es/wp-content/uploads/2024/04/13yPcqBRMtLKI1YoqB4wSsqpcpHKz_KDU.jpg"", ""https://sanycces.es/wp-content/uploads/2024/04/13yXZ1Hxpzs43-zXCL88GGalS8z8Pmt0z.jpg"", ""https://sanycces.es/wp-content/uploads/2024/04/13z-QVwqhzMkwC8vIRxGQgHmMsedrF0e3.jpg"", ""https://sanycces.es/wp-content/uploads/2024/04/13z2kJmeKsSWRJcCT_q-zR1US9_DDUQuv.jpg"", ""https://sanycces.es/wp-content/uploads/2024/04/13zF0O5QdsDpWazBcfOKCv-21xxlbp7cF.jpg"", ""https://sanycces.es/wp-content/uploads/2024/04/13zGWWcYwxNLtj0aSFc8u0WRjJMIEw9Sg.jpg"", ""https://sanycces.es/wp-content/uploads/2024/11/1F3Z1429wHmlP45ryYqw3TuJLTMrZKxbr.jpg""]","[""https://sanycces.es/wp-content/uploads/2024/04/13tD6eliBGwb5fJAkN1iOfbSueiN5ORer.jpg""]"
9634,1643,SAN_9634,Terracotta,https://sanycces.es/en/product/isla-alta-isla-baja/,"[""https://sanycces.es/wp-content/uploads/2024/04/13zNwvsPyiAgbSppNuaAzcvW2O7ini8nl.jpg"", ""https://sanycces.es/wp-content/uploads/2024/04/13zdrmrZFh2cIOhyCb6Jiy24GE1ZkzW5w.jpg"", ""https://sanycces.es/wp-content/uploads/2024/04/13vuPR7E-XbphGi_dLoSD9zmrpDoeQLbP.jpg"", ""https://sanycces.es/wp-content/uploads/2024/04/13yPcqBRMtLKI1YoqB4wSsqpcpHKz_KDU.jpg"", ""https://sanycces.es/wp-content/uploads/2024/04/13yXZ1Hxpzs43-zXCL88GGalS8z8Pmt0z.jpg"", ""https://sanycces.es/wp-content/uploads/2024/04/13z-QVwqhzMkwC8vIRxGQgHmMsedrF0e3.jpg"", ""https://sanycces.es/wp-content/uploads/2024/04/13z2kJmeKsSWRJcCT_q-zR1US9_DDUQuv.jpg"", ""https://sanycces.es/wp-content/uploads/2024/04/13zF0O5QdsDpWazBcfOKCv-21xxlbp7cF.jpg"", ""https://sanycces.es/wp-content/uploads/2024/04/13zGWWcYwxNLtj0aSFc8u0WRjJMIEw9Sg.jpg"", ""https://sanycces.es/wp-content/uploads/2024/11/1F3Z1429wHmlP45ryYqw3TuJLTMrZKxbr.jpg""]","[""https://sanycces.es/wp-content/uploads/2024/04/13tD6eliBGwb5fJAkN1iOfbSueiN5ORer.jpg""]"
9635,1643,SAN_9635,picior / Grey,https://sanycces.es/en/product/isla-alta-isla-baja/,"[""https://sanycces.es/wp-content/uploads/2024/04/13zNwvsPyiAgbSppNuaAzcvW2O7ini8nl.jpg"", ""https://sanycces.es/wp-content/uploads/2024/04/13zdrmrZFh2cIOhyCb6Jiy24GE1ZkzW5w.jpg"", ""https://sanycces.es/wp-content/uploads/2024/04/13vuPR7E-XbphGi_dLoSD9zmrpDoeQLbP.jpg"", ""https://sanycces.es/wp-content/uploads/2024/04/13yPcqBRMtLKI1YoqB4wSsqpcpHKz_KDU.jpg"", ""https://sanycces.es/wp-content/uploads/2024/04/13yXZ1Hxpzs43-zXCL88GGalS8z8Pmt0z.jpg"", ""https://sanycces.es/wp-content/uploads/2024/04/13z-QVwqhzMkwC8vIRxGQgHmMsedrF0e3.jpg"", ""https://sanycces.es/wp-content/uploads/2024/04/13z2kJmeKsSWRJcCT_q-zR1US9_DDUQuv.jpg"", ""https://sanycces.es/wp-content/uploads/2024/04/13zF0O5QdsDpWazBcfOKCv-21xxlbp7cF.jpg"", ""https://sanycces.es/wp-content/uploads/2024/04/13zGWWcYwxNLtj0aSFc8u0WRjJMIEw9Sg.jpg"", ""https://sanycces.es/wp-content/uploads/2024/11/1F3Z1429wHmlP45ryYqw3TuJLTMrZKxbr.jpg""]","[""https://sanycces.es/wp-content/uploads/2024/04/13tD6eliBGwb5fJAkN1iOfbSueiN5ORer.jpg""]"
9636,1643,SAN_9636,Sage green,https://sanycces.es/en/product/isla-alta-isla-baja/,"[""https://sanycces.es/wp-content/uploads/2024/04/13zNwvsPyiAgbSppNuaAzcvW2O7ini8nl.jpg"", ""https://sanycces.es/wp-content/uploads/2024/04/13zdrmrZFh2cIOhyCb6Jiy24GE1ZkzW5w.jpg"", ""https://sanycces.es/wp-content/uploads/2024/04/13vuPR7E-XbphGi_dLoSD9zmrpDoeQLbP.jpg"", ""https://sanycces.es/wp-content/uploads/2024/04/13yPcqBRMtLKI1YoqB4wSsqpcpHKz_KDU.jpg"", ""https://sanycces.es/wp-content/uploads/2024/04/13yXZ1Hxpzs43-zXCL88GGalS8z8Pmt0z.jpg"", ""https://sanycces.es/wp-content/uploads/2024/04/13z-QVwqhzMkwC8vIRxGQgHmMsedrF0e3.jpg"", ""https://sanycces.es/wp-content/uploads/2024/04/13z2kJmeKsSWRJcCT_q-zR1US9_DDUQuv.jpg"", ""https://sanycces.es/wp-content/uploads/2024/04/13zF0O5QdsDpWazBcfOKCv-21xxlbp7cF.jpg"", ""https://sanycces.es/wp-content/uploads/2024/04/13zGWWcYwxNLtj0aSFc8u0WRjJMIEw9Sg.jpg"", ""https://sanycces.es/wp-content/uploads/2024/11/1F3Z1429wHmlP45ryYqw3TuJLTMrZKxbr.jpg""]","[""https://sanycces.es/wp-content/uploads/2024/04/13tD6eliBGwb5fJAkN1iOfbSueiN5ORer.jpg""]"
9637,1643,SAN_9637,Steel blue,https://sanycces.es/en/product/isla-alta-isla-baja/,"[""https://sanycces.es/wp-content/uploads/2024/04/13zNwvsPyiAgbSppNuaAzcvW2O7ini8nl.jpg"", ""https://sanycces.es/wp-content/uploads/2024/04/13zdrmrZFh2cIOhyCb6Jiy24GE1ZkzW5w.jpg"", ""https://sanycces.es/wp-content/uploads/2024/04/13vuPR7E-XbphGi_dLoSD9zmrpDoeQLbP.jpg"", ""https://sanycces.es/wp-content/uploads/2024/04/13yPcqBRMtLKI1YoqB4wSsqpcpHKz_KDU.jpg"", ""https://sanycces.es/wp-content/uploads/2024/04/13yXZ1Hxpzs43-zXCL88GGalS8z8Pmt0z.jpg"", ""https://sanycces.es/wp-content/uploads/2024/04/13z-QVwqhzMkwC8vIRxGQgHmMsedrF0e3.jpg"", ""https://sanycces.es/wp-content/uploads/2024/04/13z2kJmeKsSWRJcCT_q-zR1US9_DDUQuv.jpg"", ""https://sanycces.es/wp-content/uploads/2024/04/13zF0O5QdsDpWazBcfOKCv-21xxlbp7cF.jpg"", ""https://sanycces.es/wp-content/uploads/2024/04/13zGWWcYwxNLtj0aSFc8u0WRjJMIEw9Sg.jpg"", ""https://sanycces.es/wp-content/uploads/2024/11/1F3Z1429wHmlP45ryYqw3TuJLTMrZKxbr.jpg""]","[""https://sanycces.es/wp-content/uploads/2024/04/13tD6eliBGwb5fJAkN1iOfbSueiN5ORer.jpg""]"
9638,1643,SAN_9638,Terracotta,https://sanycces.es/en/product/isla-alta-isla-baja/,"[""https://sanycces.es/wp-content/uploads/2024/04/13zNwvsPyiAgbSppNuaAzcvW2O7ini8nl.jpg"", ""https://sanycces.es/wp-content/uploads/2024/04/13zdrmrZFh2cIOhyCb6Jiy24GE1ZkzW5w.jpg"", ""https://sanycces.es/wp-content/uploads/2024/04/13vuPR7E-XbphGi_dLoSD9zmrpDoeQLbP.jpg"", ""https://sanycces.es/wp-content/uploads/2024/04/13yPcqBRMtLKI1YoqB4wSsqpcpHKz_KDU.jpg"", ""https://sanycces.es/wp-content/uploads/2024/04/13yXZ1Hxpzs43-zXCL88GGalS8z8Pmt0z.jpg"", ""https://sanycces.es/wp-content/uploads/2024/04/13z-QVwqhzMkwC8vIRxGQgHmMsedrF0e3.jpg"", ""https://sanycces.es/wp-content/uploads/2024/04/13z2kJmeKsSWRJcCT_q-zR1US9_DDUQuv.jpg"", ""https://sanycces.es/wp-content/uploads/2024/04/13zF0O5QdsDpWazBcfOKCv-21xxlbp7cF.jpg"", ""https://sanycces.es/wp-content/uploads/2024/04/13zGWWcYwxNLtj0aSFc8u0WRjJMIEw9Sg.jpg"", ""https://sanycces.es/wp-content/uploads/2024/11/1F3Z1429wHmlP45ryYqw3TuJLTMrZKxbr.jpg""]","[""https://sanycces.es/wp-content/uploads/2024/04/13tD6eliBGwb5fJAkN1iOfbSueiN5ORer.jpg""]"
9639,1643,SAN_9639,Anthracite,https://sanycces.es/en/product/isla-alta-isla-baja/,"[""https://sanycces.es/wp-content/uploads/2024/04/13zNwvsPyiAgbSppNuaAzcvW2O7ini8nl.jpg"", ""https://sanycces.es/wp-content/uploads/2024/04/13zdrmrZFh2cIOhyCb6Jiy24GE1ZkzW5w.jpg"", ""https://sanycces.es/wp-content/uploads/2024/04/13vuPR7E-XbphGi_dLoSD9zmrpDoeQLbP.jpg"", ""https://sanycces.es/wp-content/uploads/2024/04/13yPcqBRMtLKI1YoqB4wSsqpcpHKz_KDU.jpg"", ""https://sanycces.es/wp-content/uploads/2024/04/13yXZ1Hxpzs43-zXCL88GGalS8z8Pmt0z.jpg"", ""https://sanycces.es/wp-content/uploads/2024/04/13z-QVwqhzMkwC8vIRxGQgHmMsedrF0e3.jpg"", ""https://sanycces.es/wp-content/uploads/2024/04/13z2kJmeKsSWRJcCT_q-zR1US9_DDUQuv.jpg"", ""https://sanycces.es/wp-content/uploads/2024/04/13zF0O5QdsDpWazBcfOKCv-21xxlbp7cF.jpg"", ""https://sanycces.es/wp-content/uploads/2024/04/13zGWWcYwxNLtj0aSFc8u0WRjJMIEw9Sg.jpg"", ""https://sanycces.es/wp-content/uploads/2024/11/1F3Z1429wHmlP45ryYqw3TuJLTMrZKxbr.jpg""]","[""https://sanycces.es/wp-content/uploads/2024/04/13tD6eliBGwb5fJAkN1iOfbSueiN5ORer.jpg""]"
9640,1644,SAN_9640,Beige nautical textile,https://sanycces.es/en/product/poniente/,"[""https://sanycces.es/wp-content/uploads/2024/04/13zj5xv12tL4UFfNBnEsnb_hAuAX-uRMs.jpg"", ""https://sanycces.es/wp-content/uploads/2024/04/140iQMkcXWpCBYhlTR2YYQNRN8AVPZQbB.jpg"", ""https://sanycces.es/wp-content/uploads/2024/04/141_-aaYuGV5Siucl2Yj1SytGtUShhFMc.jpg"", ""https://sanycces.es/wp-content/uploads/2024/04/1420US1O-g6nIopizD6I6W57V5bOCI0iq.jpg"", ""https://sanycces.es/wp-content/uploads/2024/04/1428s7hn9AgX0pYW42DM6GIYeozp_EejI.jpg""]","[""https://sanycces.es/wp-content/uploads/2024/04/142a2RwDYDyHszLt1sGYs_X8DFwaz2iTB.jpg""]"
9641,1644,SAN_9641,Iroko wood,https://sanycces.es/en/product/poniente/,"[""https://sanycces.es/wp-content/uploads/2024/04/13zj5xv12tL4UFfNBnEsnb_hAuAX-uRMs.jpg"", ""https://sanycces.es/wp-content/uploads/2024/04/140iQMkcXWpCBYhlTR2YYQNRN8AVPZQbB.jpg"", ""https://sanycces.es/wp-content/uploads/2024/04/141_-aaYuGV5Siucl2Yj1SytGtUShhFMc.jpg"", ""https://sanycces.es/wp-content/uploads/2024/04/1420US1O-g6nIopizD6I6W57V5bOCI0iq.jpg"", ""https://sanycces.es/wp-content/uploads/2024/04/1428s7hn9AgX0pYW42DM6GIYeozp_EejI.jpg""]","[""https://sanycces.es/wp-content/uploads/2024/04/142a2RwDYDyHszLt1sGYs_X8DFwaz2iTB.jpg""]"
9642,1645,SAN_9642,NB Nickel brushed,https://sanycces.es/en/product/pool-towell-rail-20/,"[""https://sanycces.es/wp-content/uploads/2026/04/SANYCCES-accesorios-Pool_toallero_4.jpg"", ""https://sanycces.es/wp-content/uploads/2026/04/POOL_TOALLERO_20-NB.png"", ""https://sanycces.es/wp-content/uploads/2026/04/SANYCCES-accesorios-Pool_portarrollo_4.jpg"", ""https://sanycces.es/wp-content/uploads/2026/04/POOL_TOALLERO_20_RM.png"", ""https://sanycces.es/wp-content/uploads/2026/04/SANYCCES-accesorios-Pool_portarrollo_3.jpg"", ""https://sanycces.es/wp-content/uploads/2026/04/SANYCCES-accesorios-Pool_toallero_1.jpg"", ""https://sanycces.es/wp-content/uploads/2026/04/SANYCCES-accesorios-Pool_toallero_3.jpg""]","[""https://sanycces.es/wp-content/uploads/2026/04/POOL_TOALLERO_45-60.png""]"
9643,1645,SAN_9643,RM Raw metal,https://sanycces.es/en/product/pool-towell-rail-20/,"[""https://sanycces.es/wp-content/uploads/2026/04/SANYCCES-accesorios-Pool_toallero_4.jpg"", ""https://sanycces.es/wp-content/uploads/2026/04/POOL_TOALLERO_20-NB.png"", ""https://sanycces.es/wp-content/uploads/2026/04/SANYCCES-accesorios-Pool_portarrollo_4.jpg"", ""https://sanycces.es/wp-content/uploads/2026/04/POOL_TOALLERO_20_RM.png"", ""https://sanycces.es/wp-content/uploads/2026/04/SANYCCES-accesorios-Pool_portarrollo_3.jpg"", ""https://sanycces.es/wp-content/uploads/2026/04/SANYCCES-accesorios-Pool_toallero_1.jpg"", ""https://sanycces.es/wp-content/uploads/2026/04/SANYCCES-accesorios-Pool_toallero_3.jpg""]","[""https://sanycces.es/wp-content/uploads/2026/04/POOL_TOALLERO_45-60.png""]"
9644,1646,SAN_9644,Carrara Marble,https://sanycces.es/en/product/duna-marble-brush-tumbler/,"[""https://sanycces.es/wp-content/uploads/2024/11/SANYCCES-5-2025-10-0529.jpg"", ""https://sanycces.es/wp-content/uploads/2024/11/SANYCCES-5-2025-10-0526.jpg"", ""https://sanycces.es/wp-content/uploads/2024/11/SANYCCES-5-2025-10-0522.jpg"", ""https://sanycces.es/wp-content/uploads/2024/11/SANYCCES-5-2025-10-0510.jpg"", ""https://sanycces.es/wp-content/uploads/2024/11/SANYCCES-5-2025-10-0532.jpg"", ""https://sanycces.es/wp-content/uploads/2024/11/SANYCCES-5-2025-10-0558.jpg"", ""https://sanycces.es/wp-content/uploads/2024/11/SANYCCES_DUNA_ACCESSORIES_8.jpg"", ""https://sanycces.es/wp-content/uploads/2024/11/SANYCCES_DUNA_ACCESSORIES_3-1.jpg"", ""https://sanycces.es/wp-content/uploads/2024/11/SANYCCES-5-2025-10-0415.jpg"", ""https://sanycces.es/wp-content/uploads/2024/11/SANYCCES_DUNA_ACCESSORIES_5.jpg"", ""https://sanycces.es/wp-content/uploads/2024/11/SANYCCES_DUNA_ACCESSORIES_3.jpg"", ""https://sanycces.es/wp-content/uploads/2024/11/SANYCCES-5-duna_2-1.jpg"", ""https://sanycces.es/wp-content/uploads/2024/11/SANYCCES-5-duna_2.jpg""]","[""https://sanycces.es/wp-content/uploads/2024/10/18MMBP9mhtL2B5kDCaTb4KpW2ZTwcyp9t.jpg""]"
9645,1646,SAN_9645,Marquina Marble,https://sanycces.es/en/product/duna-marble-brush-tumbler/,"[""https://sanycces.es/wp-content/uploads/2024/11/SANYCCES-5-2025-10-0529.jpg"", ""https://sanycces.es/wp-content/uploads/2024/11/SANYCCES-5-2025-10-0526.jpg"", ""https://sanycces.es/wp-content/uploads/2024/11/SANYCCES-5-2025-10-0522.jpg"", ""https://sanycces.es/wp-content/uploads/2024/11/SANYCCES-5-2025-10-0510.jpg"", ""https://sanycces.es/wp-content/uploads/2024/11/SANYCCES-5-2025-10-0532.jpg"", ""https://sanycces.es/wp-content/uploads/2024/11/SANYCCES-5-2025-10-0558.jpg"", ""https://sanycces.es/wp-content/uploads/2024/11/SANYCCES_DUNA_ACCESSORIES_8.jpg"", ""https://sanycces.es/wp-content/uploads/2024/11/SANYCCES_DUNA_ACCESSORIES_3-1.jpg"", ""https://sanycces.es/wp-content/uploads/2024/11/SANYCCES-5-2025-10-0415.jpg"", ""https://sanycces.es/wp-content/uploads/2024/11/SANYCCES_DUNA_ACCESSORIES_5.jpg"", ""https://sanycces.es/wp-content/uploads/2024/11/SANYCCES_DUNA_ACCESSORIES_3.jpg"", ""https://sanycces.es/wp-content/uploads/2024/11/SANYCCES-5-duna_2-1.jpg"", ""https://sanycces.es/wp-content/uploads/2024/11/SANYCCES-5-duna_2.jpg""]","[""https://sanycces.es/wp-content/uploads/2024/10/18MMBP9mhtL2B5kDCaTb4KpW2ZTwcyp9t.jpg""]"
9646,1646,SAN_9646,Pietra Grey Stone,https://sanycces.es/en/product/duna-marble-brush-tumbler/,"[""https://sanycces.es/wp-content/uploads/2024/11/SANYCCES-5-2025-10-0529.jpg"", ""https://sanycces.es/wp-content/uploads/2024/11/SANYCCES-5-2025-10-0526.jpg"", ""https://sanycces.es/wp-content/uploads/2024/11/SANYCCES-5-2025-10-0522.jpg"", ""https://sanycces.es/wp-content/uploads/2024/11/SANYCCES-5-2025-10-0510.jpg"", ""https://sanycces.es/wp-content/uploads/2024/11/SANYCCES-5-2025-10-0532.jpg"", ""https://sanycces.es/wp-content/uploads/2024/11/SANYCCES-5-2025-10-0558.jpg"", ""https://sanycces.es/wp-content/uploads/2024/11/SANYCCES_DUNA_ACCESSORIES_8.jpg"", ""https://sanycces.es/wp-content/uploads/2024/11/SANYCCES_DUNA_ACCESSORIES_3-1.jpg"", ""https://sanycces.es/wp-content/uploads/2024/11/SANYCCES-5-2025-10-0415.jpg"", ""https://sanycces.es/wp-content/uploads/2024/11/SANYCCES_DUNA_ACCESSORIES_5.jpg"", ""https://sanycces.es/wp-content/uploads/2024/11/SANYCCES_DUNA_ACCESSORIES_3.jpg"", ""https://sanycces.es/wp-content/uploads/2024/11/SANYCCES-5-duna_2-1.jpg"", ""https://sanycces.es/wp-content/uploads/2024/11/SANYCCES-5-duna_2.jpg""]","[""https://sanycces.es/wp-content/uploads/2024/10/18MMBP9mhtL2B5kDCaTb4KpW2ZTwcyp9t.jpg""]"
9647,1647,SAN_9647,NB Nickel brushed,https://sanycces.es/en/product/pool-toilet-paper-holder/,"[""https://sanycces.es/wp-content/uploads/2026/04/SANYCCES-accesorios-Pool_portarrollo_7.jpg"", ""https://sanycces.es/wp-content/uploads/2026/04/POOL_PORTARROLLO_NB.png"", ""https://sanycces.es/wp-content/uploads/2026/04/SANYCCES-accesorios-Pool_portarrollo_6.jpg"", ""https://sanycces.es/wp-content/uploads/2026/04/SANYCCES-accesorios-Pool_portarrollo_5.jpg"", ""https://sanycces.es/wp-content/uploads/2026/04/POOL_PORTARROLLO_RM.png"", ""https://sanycces.es/wp-content/uploads/2026/04/SANYCCES-accesorios-Pool_portarrollo_3-1.jpg"", ""https://sanycces.es/wp-content/uploads/2026/04/SANYCCES-accesorios-Pool_portarrollo_4-1.jpg""]","[""https://sanycces.es/wp-content/uploads/2026/04/POOL_PORTARROLLO.png""]"
9648,1647,SAN_9648,RM Raw metal,https://sanycces.es/en/product/pool-toilet-paper-holder/,"[""https://sanycces.es/wp-content/uploads/2026/04/SANYCCES-accesorios-Pool_portarrollo_7.jpg"", ""https://sanycces.es/wp-content/uploads/2026/04/POOL_PORTARROLLO_NB.png"", ""https://sanycces.es/wp-content/uploads/2026/04/SANYCCES-accesorios-Pool_portarrollo_6.jpg"", ""https://sanycces.es/wp-content/uploads/2026/04/SANYCCES-accesorios-Pool_portarrollo_5.jpg"", ""https://sanycces.es/wp-content/uploads/2026/04/POOL_PORTARROLLO_RM.png"", ""https://sanycces.es/wp-content/uploads/2026/04/SANYCCES-accesorios-Pool_portarrollo_3-1.jpg"", ""https://sanycces.es/wp-content/uploads/2026/04/SANYCCES-accesorios-Pool_portarrollo_4-1.jpg""]","[""https://sanycces.es/wp-content/uploads/2026/04/POOL_PORTARROLLO.png""]"
9649,1648,SAN_9649,Iroko wood,https://sanycces.es/en/products/,[],[]
9650,1648,SAN_9650,White matt,https://sanycces.es/en/products/,[],[]
9651,1649,SAN_9651,Iroko wood,https://sanycces.es/en/product/circo-joy-2/,"[""https://sanycces.es/wp-content/uploads/2024/04/165zpnug3Y5z03Q1-X1R8PIuWxizflXYC.jpg"", ""https://sanycces.es/wp-content/uploads/2024/04/164I7mhQaG47Ruw4j4Mq-8eXUnppDs066.jpg"", ""https://sanycces.es/wp-content/uploads/2024/04/165HE9HXYxuBM7Dj7yNqxSSu0mZWeJvTM.jpg""]",[]
9652,1649,SAN_9652,White matt,https://sanycces.es/en/product/circo-joy-2/,"[""https://sanycces.es/wp-content/uploads/2024/04/165zpnug3Y5z03Q1-X1R8PIuWxizflXYC.jpg"", ""https://sanycces.es/wp-content/uploads/2024/04/164I7mhQaG47Ruw4j4Mq-8eXUnppDs066.jpg"", ""https://sanycces.es/wp-content/uploads/2024/04/165HE9HXYxuBM7Dj7yNqxSSu0mZWeJvTM.jpg""]",[]
