id,product_id,sku,color,url,gallery_photos,technical_photos
80000,80000,41Z-0101,Cacao,https://www.41zero42.com/collections/milano70-en/,"[""https://cdn.altrodesign.ro/products/milano70-cacao.jpg"", ""https://www.41zero42.com/wp-content/uploads/2025/04/41zero42_milano_70_bamboo_cognac_001.webp"", ""https://www.41zero42.com/wp-content/uploads/2025/04/milano70-in-cover-14.webp"", ""https://www.41zero42.com/wp-content/uploads/2025/04/milano70-01.webp"", ""https://www.41zero42.com/wp-content/uploads/2025/04/milano70-02.webp"", ""https://www.41zero42.com/wp-content/uploads/2025/04/milano70-03.webp"", ""https://www.41zero42.com/wp-content/uploads/2025/04/milano70-04.webp"", ""https://www.41zero42.com/wp-content/uploads/2025/04/milano70-06.webp"", ""https://www.41zero42.com/wp-content/uploads/2025/04/milano70-07.webp"", ""https://www.41zero42.com/wp-content/uploads/2025/04/milano70-08.webp"", ""https://www.41zero42.com/wp-content/uploads/2025/04/milano70-10.webp"", ""https://www.41zero42.com/wp-content/uploads/2025/04/milano70-13.webp"", ""https://www.41zero42.com/wp-content/uploads/2025/04/milano70-09.webp"", ""https://www.41zero42.com/wp-content/uploads/2025/04/milano70-12.webp"", ""https://www.41zero42.com/wp-content/uploads/2025/04/milano70-11.webp""]",[]
80001,80000,41Z-0102,Cognac,https://www.41zero42.com/collections/milano70-en/,"[""https://cdn.altrodesign.ro/products/milano70-cognac.jpg"", ""https://www.41zero42.com/wp-content/uploads/2025/04/41zero42_milano_70_bamboo_cognac_001.webp"", ""https://www.41zero42.com/wp-content/uploads/2025/04/milano70-in-cover-14.webp"", ""https://www.41zero42.com/wp-content/uploads/2025/04/milano70-01.webp"", ""https://www.41zero42.com/wp-content/uploads/2025/04/milano70-02.webp"", ""https://www.41zero42.com/wp-content/uploads/2025/04/milano70-03.webp"", ""https://www.41zero42.com/wp-content/uploads/2025/04/milano70-04.webp"", ""https://www.41zero42.com/wp-content/uploads/2025/04/milano70-06.webp"", ""https://www.41zero42.com/wp-content/uploads/2025/04/milano70-07.webp"", ""https://www.41zero42.com/wp-content/uploads/2025/04/milano70-08.webp"", ""https://www.41zero42.com/wp-content/uploads/2025/04/milano70-10.webp"", ""https://www.41zero42.com/wp-content/uploads/2025/04/milano70-13.webp"", ""https://www.41zero42.com/wp-content/uploads/2025/04/milano70-09.webp"", ""https://www.41zero42.com/wp-content/uploads/2025/04/milano70-12.webp"", ""https://www.41zero42.com/wp-content/uploads/2025/04/milano70-11.webp""]",[]
80002,80000,41Z-0103,Gold,https://www.41zero42.com/collections/milano70-en/,"[""https://cdn.altrodesign.ro/products/milano70-gold.jpg"", ""https://www.41zero42.com/wp-content/uploads/2025/04/41zero42_milano_70_bamboo_cognac_001.webp"", ""https://www.41zero42.com/wp-content/uploads/2025/04/milano70-in-cover-14.webp"", ""https://www.41zero42.com/wp-content/uploads/2025/04/milano70-01.webp"", ""https://www.41zero42.com/wp-content/uploads/2025/04/milano70-02.webp"", ""https://www.41zero42.com/wp-content/uploads/2025/04/milano70-03.webp"", ""https://www.41zero42.com/wp-content/uploads/2025/04/milano70-04.webp"", ""https://www.41zero42.com/wp-content/uploads/2025/04/milano70-06.webp"", ""https://www.41zero42.com/wp-content/uploads/2025/04/milano70-07.webp"", ""https://www.41zero42.com/wp-content/uploads/2025/04/milano70-08.webp"", ""https://www.41zero42.com/wp-content/uploads/2025/04/milano70-10.webp"", ""https://www.41zero42.com/wp-content/uploads/2025/04/milano70-13.webp"", ""https://www.41zero42.com/wp-content/uploads/2025/04/milano70-09.webp"", ""https://www.41zero42.com/wp-content/uploads/2025/04/milano70-12.webp"", ""https://www.41zero42.com/wp-content/uploads/2025/04/milano70-11.webp""]",[]
80003,80000,41Z-0104,Olive,https://www.41zero42.com/collections/milano70-en/,"[""https://cdn.altrodesign.ro/products/milano70-olive.jpg"", ""https://www.41zero42.com/wp-content/uploads/2025/04/41zero42_milano_70_bamboo_cognac_001.webp"", ""https://www.41zero42.com/wp-content/uploads/2025/04/milano70-in-cover-14.webp"", ""https://www.41zero42.com/wp-content/uploads/2025/04/milano70-01.webp"", ""https://www.41zero42.com/wp-content/uploads/2025/04/milano70-02.webp"", ""https://www.41zero42.com/wp-content/uploads/2025/04/milano70-03.webp"", ""https://www.41zero42.com/wp-content/uploads/2025/04/milano70-04.webp"", ""https://www.41zero42.com/wp-content/uploads/2025/04/milano70-06.webp"", ""https://www.41zero42.com/wp-content/uploads/2025/04/milano70-07.webp"", ""https://www.41zero42.com/wp-content/uploads/2025/04/milano70-08.webp"", ""https://www.41zero42.com/wp-content/uploads/2025/04/milano70-10.webp"", ""https://www.41zero42.com/wp-content/uploads/2025/04/milano70-13.webp"", ""https://www.41zero42.com/wp-content/uploads/2025/04/milano70-09.webp"", ""https://www.41zero42.com/wp-content/uploads/2025/04/milano70-12.webp"", ""https://www.41zero42.com/wp-content/uploads/2025/04/milano70-11.webp""]",[]
80004,80000,41Z-0105,Peacock,https://www.41zero42.com/collections/milano70-en/,"[""https://cdn.altrodesign.ro/products/milano70-peacock.jpg"", ""https://www.41zero42.com/wp-content/uploads/2025/04/41zero42_milano_70_bamboo_cognac_001.webp"", ""https://www.41zero42.com/wp-content/uploads/2025/04/milano70-in-cover-14.webp"", ""https://www.41zero42.com/wp-content/uploads/2025/04/milano70-01.webp"", ""https://www.41zero42.com/wp-content/uploads/2025/04/milano70-02.webp"", ""https://www.41zero42.com/wp-content/uploads/2025/04/milano70-03.webp"", ""https://www.41zero42.com/wp-content/uploads/2025/04/milano70-04.webp"", ""https://www.41zero42.com/wp-content/uploads/2025/04/milano70-06.webp"", ""https://www.41zero42.com/wp-content/uploads/2025/04/milano70-07.webp"", ""https://www.41zero42.com/wp-content/uploads/2025/04/milano70-08.webp"", ""https://www.41zero42.com/wp-content/uploads/2025/04/milano70-10.webp"", ""https://www.41zero42.com/wp-content/uploads/2025/04/milano70-13.webp"", ""https://www.41zero42.com/wp-content/uploads/2025/04/milano70-09.webp"", ""https://www.41zero42.com/wp-content/uploads/2025/04/milano70-12.webp"", ""https://www.41zero42.com/wp-content/uploads/2025/04/milano70-11.webp""]",[]
80005,80001,41Z-0201,Dance,https://www.41zero42.com/collections/stories-en/,"[""https://cdn.altrodesign.ro/products/stories-dance.jpg"", ""https://www.41zero42.com/wp-content/uploads/2025/09/stories-41zero42-amb-22.webp"", ""https://www.41zero42.com/wp-content/uploads/2025/09/stories-41zero42-amb-21.webp"", ""https://www.41zero42.com/wp-content/uploads/2025/09/stories-41zero42-amb-20.webp"", ""https://www.41zero42.com/wp-content/uploads/2025/09/stories-41zero42-amb-19.webp"", ""https://www.41zero42.com/wp-content/uploads/2025/09/stories-41zero42-amb-18.webp"", ""https://www.41zero42.com/wp-content/uploads/2025/09/stories-41zero42-amb-27.webp"", ""https://www.41zero42.com/wp-content/uploads/2025/09/stories-41zero42-amb-01.webp"", ""https://www.41zero42.com/wp-content/uploads/2025/09/stories-41zero42-amb-11.webp"", ""https://www.41zero42.com/wp-content/uploads/2025/09/stories-41zero42-amb-12.webp"", ""https://www.41zero42.com/wp-content/uploads/2025/09/stories-41zero42-amb-13.webp"", ""https://www.41zero42.com/wp-content/uploads/2025/09/stories-41zero42-amb-15.webp"", ""https://www.41zero42.com/wp-content/uploads/2025/09/stories-41zero42-amb-16.webp"", ""https://www.41zero42.com/wp-content/uploads/2025/09/stories-41zero42-amb-17.webp"", ""https://www.41zero42.com/wp-content/uploads/2025/09/stories-41zero42-amb-02.webp"", ""https://www.41zero42.com/wp-content/uploads/2025/09/stories-41zero42-amb-03.webp"", ""https://www.41zero42.com/wp-content/uploads/2025/09/stories-41zero42-amb-23.webp"", ""https://www.41zero42.com/wp-content/uploads/2025/09/stories-41zero42-amb-29.webp"", ""https://www.41zero42.com/wp-content/uploads/2025/09/stories-41zero42-amb-07.webp"", ""https://www.41zero42.com/wp-content/uploads/2025/09/stories-41zero42-amb-04.webp"", ""https://www.41zero42.com/wp-content/uploads/2025/09/stories-41zero42-amb-05.webp"", ""https://www.41zero42.com/wp-content/uploads/2025/09/stories-41zero42-amb-06.webp"", ""https://www.41zero42.com/wp-content/uploads/2025/09/stories-41zero42-amb-09.webp"", ""https://www.41zero42.com/wp-content/uploads/2025/09/stories-41zero42-amb-28.webp"", ""https://www.41zero42.com/wp-content/uploads/2025/09/stories-41zero42-amb-24.webp"", ""https://www.41zero42.com/wp-content/uploads/2025/09/stories-41zero42-amb-08.webp"", ""https://www.41zero42.com/wp-content/uploads/2025/09/stories-41zero42-amb-14.webp""]",[]
80006,80001,41Z-0202,Eddie,https://www.41zero42.com/collections/stories-en/,"[""https://cdn.altrodesign.ro/products/stories-eddie.jpg"", ""https://www.41zero42.com/wp-content/uploads/2025/09/stories-41zero42-amb-22.webp"", ""https://www.41zero42.com/wp-content/uploads/2025/09/stories-41zero42-amb-21.webp"", ""https://www.41zero42.com/wp-content/uploads/2025/09/stories-41zero42-amb-20.webp"", ""https://www.41zero42.com/wp-content/uploads/2025/09/stories-41zero42-amb-19.webp"", ""https://www.41zero42.com/wp-content/uploads/2025/09/stories-41zero42-amb-18.webp"", ""https://www.41zero42.com/wp-content/uploads/2025/09/stories-41zero42-amb-27.webp"", ""https://www.41zero42.com/wp-content/uploads/2025/09/stories-41zero42-amb-01.webp"", ""https://www.41zero42.com/wp-content/uploads/2025/09/stories-41zero42-amb-11.webp"", ""https://www.41zero42.com/wp-content/uploads/2025/09/stories-41zero42-amb-12.webp"", ""https://www.41zero42.com/wp-content/uploads/2025/09/stories-41zero42-amb-13.webp"", ""https://www.41zero42.com/wp-content/uploads/2025/09/stories-41zero42-amb-15.webp"", ""https://www.41zero42.com/wp-content/uploads/2025/09/stories-41zero42-amb-16.webp"", ""https://www.41zero42.com/wp-content/uploads/2025/09/stories-41zero42-amb-17.webp"", ""https://www.41zero42.com/wp-content/uploads/2025/09/stories-41zero42-amb-02.webp"", ""https://www.41zero42.com/wp-content/uploads/2025/09/stories-41zero42-amb-03.webp"", ""https://www.41zero42.com/wp-content/uploads/2025/09/stories-41zero42-amb-23.webp"", ""https://www.41zero42.com/wp-content/uploads/2025/09/stories-41zero42-amb-29.webp"", ""https://www.41zero42.com/wp-content/uploads/2025/09/stories-41zero42-amb-07.webp"", ""https://www.41zero42.com/wp-content/uploads/2025/09/stories-41zero42-amb-04.webp"", ""https://www.41zero42.com/wp-content/uploads/2025/09/stories-41zero42-amb-05.webp"", ""https://www.41zero42.com/wp-content/uploads/2025/09/stories-41zero42-amb-06.webp"", ""https://www.41zero42.com/wp-content/uploads/2025/09/stories-41zero42-amb-09.webp"", ""https://www.41zero42.com/wp-content/uploads/2025/09/stories-41zero42-amb-28.webp"", ""https://www.41zero42.com/wp-content/uploads/2025/09/stories-41zero42-amb-24.webp"", ""https://www.41zero42.com/wp-content/uploads/2025/09/stories-41zero42-amb-08.webp"", ""https://www.41zero42.com/wp-content/uploads/2025/09/stories-41zero42-amb-14.webp""]",[]
80007,80001,41Z-0203,Caravan,https://www.41zero42.com/collections/stories-en/,"[""https://cdn.altrodesign.ro/products/stories-caravan.jpg"", ""https://www.41zero42.com/wp-content/uploads/2025/09/stories-41zero42-amb-22.webp"", ""https://www.41zero42.com/wp-content/uploads/2025/09/stories-41zero42-amb-21.webp"", ""https://www.41zero42.com/wp-content/uploads/2025/09/stories-41zero42-amb-20.webp"", ""https://www.41zero42.com/wp-content/uploads/2025/09/stories-41zero42-amb-19.webp"", ""https://www.41zero42.com/wp-content/uploads/2025/09/stories-41zero42-amb-18.webp"", ""https://www.41zero42.com/wp-content/uploads/2025/09/stories-41zero42-amb-27.webp"", ""https://www.41zero42.com/wp-content/uploads/2025/09/stories-41zero42-amb-01.webp"", ""https://www.41zero42.com/wp-content/uploads/2025/09/stories-41zero42-amb-11.webp"", ""https://www.41zero42.com/wp-content/uploads/2025/09/stories-41zero42-amb-12.webp"", ""https://www.41zero42.com/wp-content/uploads/2025/09/stories-41zero42-amb-13.webp"", ""https://www.41zero42.com/wp-content/uploads/2025/09/stories-41zero42-amb-15.webp"", ""https://www.41zero42.com/wp-content/uploads/2025/09/stories-41zero42-amb-16.webp"", ""https://www.41zero42.com/wp-content/uploads/2025/09/stories-41zero42-amb-17.webp"", ""https://www.41zero42.com/wp-content/uploads/2025/09/stories-41zero42-amb-02.webp"", ""https://www.41zero42.com/wp-content/uploads/2025/09/stories-41zero42-amb-03.webp"", ""https://www.41zero42.com/wp-content/uploads/2025/09/stories-41zero42-amb-23.webp"", ""https://www.41zero42.com/wp-content/uploads/2025/09/stories-41zero42-amb-29.webp"", ""https://www.41zero42.com/wp-content/uploads/2025/09/stories-41zero42-amb-07.webp"", ""https://www.41zero42.com/wp-content/uploads/2025/09/stories-41zero42-amb-04.webp"", ""https://www.41zero42.com/wp-content/uploads/2025/09/stories-41zero42-amb-05.webp"", ""https://www.41zero42.com/wp-content/uploads/2025/09/stories-41zero42-amb-06.webp"", ""https://www.41zero42.com/wp-content/uploads/2025/09/stories-41zero42-amb-09.webp"", ""https://www.41zero42.com/wp-content/uploads/2025/09/stories-41zero42-amb-28.webp"", ""https://www.41zero42.com/wp-content/uploads/2025/09/stories-41zero42-amb-24.webp"", ""https://www.41zero42.com/wp-content/uploads/2025/09/stories-41zero42-amb-08.webp"", ""https://www.41zero42.com/wp-content/uploads/2025/09/stories-41zero42-amb-14.webp""]",[]
80008,80001,41Z-0204,Costiera,https://www.41zero42.com/collections/stories-en/,"[""https://cdn.altrodesign.ro/products/stories-costiera.jpg"", ""https://www.41zero42.com/wp-content/uploads/2025/09/stories-41zero42-amb-22.webp"", ""https://www.41zero42.com/wp-content/uploads/2025/09/stories-41zero42-amb-21.webp"", ""https://www.41zero42.com/wp-content/uploads/2025/09/stories-41zero42-amb-20.webp"", ""https://www.41zero42.com/wp-content/uploads/2025/09/stories-41zero42-amb-19.webp"", ""https://www.41zero42.com/wp-content/uploads/2025/09/stories-41zero42-amb-18.webp"", ""https://www.41zero42.com/wp-content/uploads/2025/09/stories-41zero42-amb-27.webp"", ""https://www.41zero42.com/wp-content/uploads/2025/09/stories-41zero42-amb-01.webp"", ""https://www.41zero42.com/wp-content/uploads/2025/09/stories-41zero42-amb-11.webp"", ""https://www.41zero42.com/wp-content/uploads/2025/09/stories-41zero42-amb-12.webp"", ""https://www.41zero42.com/wp-content/uploads/2025/09/stories-41zero42-amb-13.webp"", ""https://www.41zero42.com/wp-content/uploads/2025/09/stories-41zero42-amb-15.webp"", ""https://www.41zero42.com/wp-content/uploads/2025/09/stories-41zero42-amb-16.webp"", ""https://www.41zero42.com/wp-content/uploads/2025/09/stories-41zero42-amb-17.webp"", ""https://www.41zero42.com/wp-content/uploads/2025/09/stories-41zero42-amb-02.webp"", ""https://www.41zero42.com/wp-content/uploads/2025/09/stories-41zero42-amb-03.webp"", ""https://www.41zero42.com/wp-content/uploads/2025/09/stories-41zero42-amb-23.webp"", ""https://www.41zero42.com/wp-content/uploads/2025/09/stories-41zero42-amb-29.webp"", ""https://www.41zero42.com/wp-content/uploads/2025/09/stories-41zero42-amb-07.webp"", ""https://www.41zero42.com/wp-content/uploads/2025/09/stories-41zero42-amb-04.webp"", ""https://www.41zero42.com/wp-content/uploads/2025/09/stories-41zero42-amb-05.webp"", ""https://www.41zero42.com/wp-content/uploads/2025/09/stories-41zero42-amb-06.webp"", ""https://www.41zero42.com/wp-content/uploads/2025/09/stories-41zero42-amb-09.webp"", ""https://www.41zero42.com/wp-content/uploads/2025/09/stories-41zero42-amb-28.webp"", ""https://www.41zero42.com/wp-content/uploads/2025/09/stories-41zero42-amb-24.webp"", ""https://www.41zero42.com/wp-content/uploads/2025/09/stories-41zero42-amb-08.webp"", ""https://www.41zero42.com/wp-content/uploads/2025/09/stories-41zero42-amb-14.webp""]",[]
80009,80002,41Z-0301,Nok Terra,https://www.41zero42.com/collections/nok-en/,"[""https://cdn.altrodesign.ro/products/nok-terra.jpg"", ""https://www.41zero42.com/wp-content/uploads/2024/09/nok-01.jpg"", ""https://www.41zero42.com/wp-content/uploads/2024/09/nok-02.jpg"", ""https://www.41zero42.com/wp-content/uploads/2024/09/nok-03.jpg"", ""https://www.41zero42.com/wp-content/uploads/2024/09/nok-04.jpg"", ""https://www.41zero42.com/wp-content/uploads/2024/09/nok-05.jpg"", ""https://www.41zero42.com/wp-content/uploads/2024/09/nok-06.jpg"", ""https://www.41zero42.com/wp-content/uploads/2024/09/nok-07.jpg"", ""https://www.41zero42.com/wp-content/uploads/2024/09/nok-08.jpg"", ""https://www.41zero42.com/wp-content/uploads/2024/09/nok-09.jpg"", ""https://www.41zero42.com/wp-content/uploads/2024/09/nok-10.jpg"", ""https://www.41zero42.com/wp-content/uploads/2024/09/nok-11.jpg"", ""https://www.41zero42.com/wp-content/uploads/2024/09/nok-12.jpg"", ""https://www.41zero42.com/wp-content/uploads/2024/09/nok-13.jpg"", ""https://www.41zero42.com/wp-content/uploads/2024/09/nok-14.jpg"", ""https://www.41zero42.com/wp-content/uploads/2024/09/nok-15.jpg"", ""https://www.41zero42.com/wp-content/uploads/2024/09/nok-16.jpg"", ""https://www.41zero42.com/wp-content/uploads/2024/09/nok-17.jpg"", ""https://www.41zero42.com/wp-content/uploads/2024/09/nok-18.jpg"", ""https://www.41zero42.com/wp-content/uploads/2024/09/nok-19.jpg"", ""https://www.41zero42.com/wp-content/uploads/2024/09/nok-21-cover.jpg"", ""https://www.41zero42.com/wp-content/uploads/2024/09/nok-20.jpg"", ""https://www.41zero42.com/wp-content/uploads/2024/09/nok-22.jpg""]",[]
80010,80002,41Z-0302,Nok Ivory,https://www.41zero42.com/collections/nok-en/,"[""https://cdn.altrodesign.ro/products/nok-ivory.jpg"", ""https://www.41zero42.com/wp-content/uploads/2024/09/nok-01.jpg"", ""https://www.41zero42.com/wp-content/uploads/2024/09/nok-02.jpg"", ""https://www.41zero42.com/wp-content/uploads/2024/09/nok-03.jpg"", ""https://www.41zero42.com/wp-content/uploads/2024/09/nok-04.jpg"", ""https://www.41zero42.com/wp-content/uploads/2024/09/nok-05.jpg"", ""https://www.41zero42.com/wp-content/uploads/2024/09/nok-06.jpg"", ""https://www.41zero42.com/wp-content/uploads/2024/09/nok-07.jpg"", ""https://www.41zero42.com/wp-content/uploads/2024/09/nok-08.jpg"", ""https://www.41zero42.com/wp-content/uploads/2024/09/nok-09.jpg"", ""https://www.41zero42.com/wp-content/uploads/2024/09/nok-10.jpg"", ""https://www.41zero42.com/wp-content/uploads/2024/09/nok-11.jpg"", ""https://www.41zero42.com/wp-content/uploads/2024/09/nok-12.jpg"", ""https://www.41zero42.com/wp-content/uploads/2024/09/nok-13.jpg"", ""https://www.41zero42.com/wp-content/uploads/2024/09/nok-14.jpg"", ""https://www.41zero42.com/wp-content/uploads/2024/09/nok-15.jpg"", ""https://www.41zero42.com/wp-content/uploads/2024/09/nok-16.jpg"", ""https://www.41zero42.com/wp-content/uploads/2024/09/nok-17.jpg"", ""https://www.41zero42.com/wp-content/uploads/2024/09/nok-18.jpg"", ""https://www.41zero42.com/wp-content/uploads/2024/09/nok-19.jpg"", ""https://www.41zero42.com/wp-content/uploads/2024/09/nok-21-cover.jpg"", ""https://www.41zero42.com/wp-content/uploads/2024/09/nok-20.jpg"", ""https://www.41zero42.com/wp-content/uploads/2024/09/nok-22.jpg""]",[]
80011,80002,41Z-0303,Nok Taupe,https://www.41zero42.com/collections/nok-en/,"[""https://cdn.altrodesign.ro/products/nok-taupe.jpg"", ""https://www.41zero42.com/wp-content/uploads/2024/09/nok-01.jpg"", ""https://www.41zero42.com/wp-content/uploads/2024/09/nok-02.jpg"", ""https://www.41zero42.com/wp-content/uploads/2024/09/nok-03.jpg"", ""https://www.41zero42.com/wp-content/uploads/2024/09/nok-04.jpg"", ""https://www.41zero42.com/wp-content/uploads/2024/09/nok-05.jpg"", ""https://www.41zero42.com/wp-content/uploads/2024/09/nok-06.jpg"", ""https://www.41zero42.com/wp-content/uploads/2024/09/nok-07.jpg"", ""https://www.41zero42.com/wp-content/uploads/2024/09/nok-08.jpg"", ""https://www.41zero42.com/wp-content/uploads/2024/09/nok-09.jpg"", ""https://www.41zero42.com/wp-content/uploads/2024/09/nok-10.jpg"", ""https://www.41zero42.com/wp-content/uploads/2024/09/nok-11.jpg"", ""https://www.41zero42.com/wp-content/uploads/2024/09/nok-12.jpg"", ""https://www.41zero42.com/wp-content/uploads/2024/09/nok-13.jpg"", ""https://www.41zero42.com/wp-content/uploads/2024/09/nok-14.jpg"", ""https://www.41zero42.com/wp-content/uploads/2024/09/nok-15.jpg"", ""https://www.41zero42.com/wp-content/uploads/2024/09/nok-16.jpg"", ""https://www.41zero42.com/wp-content/uploads/2024/09/nok-17.jpg"", ""https://www.41zero42.com/wp-content/uploads/2024/09/nok-18.jpg"", ""https://www.41zero42.com/wp-content/uploads/2024/09/nok-19.jpg"", ""https://www.41zero42.com/wp-content/uploads/2024/09/nok-21-cover.jpg"", ""https://www.41zero42.com/wp-content/uploads/2024/09/nok-20.jpg"", ""https://www.41zero42.com/wp-content/uploads/2024/09/nok-22.jpg""]",[]
80012,80002,41Z-0304,Nok Ebony,https://www.41zero42.com/collections/nok-en/,"[""https://cdn.altrodesign.ro/products/nok-ebony.jpg"", ""https://www.41zero42.com/wp-content/uploads/2024/09/nok-01.jpg"", ""https://www.41zero42.com/wp-content/uploads/2024/09/nok-02.jpg"", ""https://www.41zero42.com/wp-content/uploads/2024/09/nok-03.jpg"", ""https://www.41zero42.com/wp-content/uploads/2024/09/nok-04.jpg"", ""https://www.41zero42.com/wp-content/uploads/2024/09/nok-05.jpg"", ""https://www.41zero42.com/wp-content/uploads/2024/09/nok-06.jpg"", ""https://www.41zero42.com/wp-content/uploads/2024/09/nok-07.jpg"", ""https://www.41zero42.com/wp-content/uploads/2024/09/nok-08.jpg"", ""https://www.41zero42.com/wp-content/uploads/2024/09/nok-09.jpg"", ""https://www.41zero42.com/wp-content/uploads/2024/09/nok-10.jpg"", ""https://www.41zero42.com/wp-content/uploads/2024/09/nok-11.jpg"", ""https://www.41zero42.com/wp-content/uploads/2024/09/nok-12.jpg"", ""https://www.41zero42.com/wp-content/uploads/2024/09/nok-13.jpg"", ""https://www.41zero42.com/wp-content/uploads/2024/09/nok-14.jpg"", ""https://www.41zero42.com/wp-content/uploads/2024/09/nok-15.jpg"", ""https://www.41zero42.com/wp-content/uploads/2024/09/nok-16.jpg"", ""https://www.41zero42.com/wp-content/uploads/2024/09/nok-17.jpg"", ""https://www.41zero42.com/wp-content/uploads/2024/09/nok-18.jpg"", ""https://www.41zero42.com/wp-content/uploads/2024/09/nok-19.jpg"", ""https://www.41zero42.com/wp-content/uploads/2024/09/nok-21-cover.jpg"", ""https://www.41zero42.com/wp-content/uploads/2024/09/nok-20.jpg"", ""https://www.41zero42.com/wp-content/uploads/2024/09/nok-22.jpg""]",[]
80013,80002,41Z-0305,Grains Terra,https://www.41zero42.com/collections/nok-en/,"[""https://cdn.altrodesign.ro/products/nok-grains-terra.jpg"", ""https://www.41zero42.com/wp-content/uploads/2024/09/nok-01.jpg"", ""https://www.41zero42.com/wp-content/uploads/2024/09/nok-02.jpg"", ""https://www.41zero42.com/wp-content/uploads/2024/09/nok-03.jpg"", ""https://www.41zero42.com/wp-content/uploads/2024/09/nok-04.jpg"", ""https://www.41zero42.com/wp-content/uploads/2024/09/nok-05.jpg"", ""https://www.41zero42.com/wp-content/uploads/2024/09/nok-06.jpg"", ""https://www.41zero42.com/wp-content/uploads/2024/09/nok-07.jpg"", ""https://www.41zero42.com/wp-content/uploads/2024/09/nok-08.jpg"", ""https://www.41zero42.com/wp-content/uploads/2024/09/nok-09.jpg"", ""https://www.41zero42.com/wp-content/uploads/2024/09/nok-10.jpg"", ""https://www.41zero42.com/wp-content/uploads/2024/09/nok-11.jpg"", ""https://www.41zero42.com/wp-content/uploads/2024/09/nok-12.jpg"", ""https://www.41zero42.com/wp-content/uploads/2024/09/nok-13.jpg"", ""https://www.41zero42.com/wp-content/uploads/2024/09/nok-14.jpg"", ""https://www.41zero42.com/wp-content/uploads/2024/09/nok-15.jpg"", ""https://www.41zero42.com/wp-content/uploads/2024/09/nok-16.jpg"", ""https://www.41zero42.com/wp-content/uploads/2024/09/nok-17.jpg"", ""https://www.41zero42.com/wp-content/uploads/2024/09/nok-18.jpg"", ""https://www.41zero42.com/wp-content/uploads/2024/09/nok-19.jpg"", ""https://www.41zero42.com/wp-content/uploads/2024/09/nok-21-cover.jpg"", ""https://www.41zero42.com/wp-content/uploads/2024/09/nok-20.jpg"", ""https://www.41zero42.com/wp-content/uploads/2024/09/nok-22.jpg""]",[]
80014,80002,41Z-0306,Grains Ivory,https://www.41zero42.com/collections/nok-en/,"[""https://cdn.altrodesign.ro/products/nok-grains-ivory.jpg"", ""https://www.41zero42.com/wp-content/uploads/2024/09/nok-01.jpg"", ""https://www.41zero42.com/wp-content/uploads/2024/09/nok-02.jpg"", ""https://www.41zero42.com/wp-content/uploads/2024/09/nok-03.jpg"", ""https://www.41zero42.com/wp-content/uploads/2024/09/nok-04.jpg"", ""https://www.41zero42.com/wp-content/uploads/2024/09/nok-05.jpg"", ""https://www.41zero42.com/wp-content/uploads/2024/09/nok-06.jpg"", ""https://www.41zero42.com/wp-content/uploads/2024/09/nok-07.jpg"", ""https://www.41zero42.com/wp-content/uploads/2024/09/nok-08.jpg"", ""https://www.41zero42.com/wp-content/uploads/2024/09/nok-09.jpg"", ""https://www.41zero42.com/wp-content/uploads/2024/09/nok-10.jpg"", ""https://www.41zero42.com/wp-content/uploads/2024/09/nok-11.jpg"", ""https://www.41zero42.com/wp-content/uploads/2024/09/nok-12.jpg"", ""https://www.41zero42.com/wp-content/uploads/2024/09/nok-13.jpg"", ""https://www.41zero42.com/wp-content/uploads/2024/09/nok-14.jpg"", ""https://www.41zero42.com/wp-content/uploads/2024/09/nok-15.jpg"", ""https://www.41zero42.com/wp-content/uploads/2024/09/nok-16.jpg"", ""https://www.41zero42.com/wp-content/uploads/2024/09/nok-17.jpg"", ""https://www.41zero42.com/wp-content/uploads/2024/09/nok-18.jpg"", ""https://www.41zero42.com/wp-content/uploads/2024/09/nok-19.jpg"", ""https://www.41zero42.com/wp-content/uploads/2024/09/nok-21-cover.jpg"", ""https://www.41zero42.com/wp-content/uploads/2024/09/nok-20.jpg"", ""https://www.41zero42.com/wp-content/uploads/2024/09/nok-22.jpg""]",[]
80015,80002,41Z-0307,Grains Taupe,https://www.41zero42.com/collections/nok-en/,"[""https://cdn.altrodesign.ro/products/nok-grains-taupe.jpg"", ""https://www.41zero42.com/wp-content/uploads/2024/09/nok-01.jpg"", ""https://www.41zero42.com/wp-content/uploads/2024/09/nok-02.jpg"", ""https://www.41zero42.com/wp-content/uploads/2024/09/nok-03.jpg"", ""https://www.41zero42.com/wp-content/uploads/2024/09/nok-04.jpg"", ""https://www.41zero42.com/wp-content/uploads/2024/09/nok-05.jpg"", ""https://www.41zero42.com/wp-content/uploads/2024/09/nok-06.jpg"", ""https://www.41zero42.com/wp-content/uploads/2024/09/nok-07.jpg"", ""https://www.41zero42.com/wp-content/uploads/2024/09/nok-08.jpg"", ""https://www.41zero42.com/wp-content/uploads/2024/09/nok-09.jpg"", ""https://www.41zero42.com/wp-content/uploads/2024/09/nok-10.jpg"", ""https://www.41zero42.com/wp-content/uploads/2024/09/nok-11.jpg"", ""https://www.41zero42.com/wp-content/uploads/2024/09/nok-12.jpg"", ""https://www.41zero42.com/wp-content/uploads/2024/09/nok-13.jpg"", ""https://www.41zero42.com/wp-content/uploads/2024/09/nok-14.jpg"", ""https://www.41zero42.com/wp-content/uploads/2024/09/nok-15.jpg"", ""https://www.41zero42.com/wp-content/uploads/2024/09/nok-16.jpg"", ""https://www.41zero42.com/wp-content/uploads/2024/09/nok-17.jpg"", ""https://www.41zero42.com/wp-content/uploads/2024/09/nok-18.jpg"", ""https://www.41zero42.com/wp-content/uploads/2024/09/nok-19.jpg"", ""https://www.41zero42.com/wp-content/uploads/2024/09/nok-21-cover.jpg"", ""https://www.41zero42.com/wp-content/uploads/2024/09/nok-20.jpg"", ""https://www.41zero42.com/wp-content/uploads/2024/09/nok-22.jpg""]",[]
80016,80002,41Z-0308,Grains Ebony,https://www.41zero42.com/collections/nok-en/,"[""https://cdn.altrodesign.ro/products/nok-grains-ebony.jpg"", ""https://www.41zero42.com/wp-content/uploads/2024/09/nok-01.jpg"", ""https://www.41zero42.com/wp-content/uploads/2024/09/nok-02.jpg"", ""https://www.41zero42.com/wp-content/uploads/2024/09/nok-03.jpg"", ""https://www.41zero42.com/wp-content/uploads/2024/09/nok-04.jpg"", ""https://www.41zero42.com/wp-content/uploads/2024/09/nok-05.jpg"", ""https://www.41zero42.com/wp-content/uploads/2024/09/nok-06.jpg"", ""https://www.41zero42.com/wp-content/uploads/2024/09/nok-07.jpg"", ""https://www.41zero42.com/wp-content/uploads/2024/09/nok-08.jpg"", ""https://www.41zero42.com/wp-content/uploads/2024/09/nok-09.jpg"", ""https://www.41zero42.com/wp-content/uploads/2024/09/nok-10.jpg"", ""https://www.41zero42.com/wp-content/uploads/2024/09/nok-11.jpg"", ""https://www.41zero42.com/wp-content/uploads/2024/09/nok-12.jpg"", ""https://www.41zero42.com/wp-content/uploads/2024/09/nok-13.jpg"", ""https://www.41zero42.com/wp-content/uploads/2024/09/nok-14.jpg"", ""https://www.41zero42.com/wp-content/uploads/2024/09/nok-15.jpg"", ""https://www.41zero42.com/wp-content/uploads/2024/09/nok-16.jpg"", ""https://www.41zero42.com/wp-content/uploads/2024/09/nok-17.jpg"", ""https://www.41zero42.com/wp-content/uploads/2024/09/nok-18.jpg"", ""https://www.41zero42.com/wp-content/uploads/2024/09/nok-19.jpg"", ""https://www.41zero42.com/wp-content/uploads/2024/09/nok-21-cover.jpg"", ""https://www.41zero42.com/wp-content/uploads/2024/09/nok-20.jpg"", ""https://www.41zero42.com/wp-content/uploads/2024/09/nok-22.jpg""]",[]
80017,80002,41Z-0309,Snake Terra,https://www.41zero42.com/collections/nok-en/,"[""https://cdn.altrodesign.ro/products/nok-snake-terra.jpg"", ""https://www.41zero42.com/wp-content/uploads/2024/09/nok-01.jpg"", ""https://www.41zero42.com/wp-content/uploads/2024/09/nok-02.jpg"", ""https://www.41zero42.com/wp-content/uploads/2024/09/nok-03.jpg"", ""https://www.41zero42.com/wp-content/uploads/2024/09/nok-04.jpg"", ""https://www.41zero42.com/wp-content/uploads/2024/09/nok-05.jpg"", ""https://www.41zero42.com/wp-content/uploads/2024/09/nok-06.jpg"", ""https://www.41zero42.com/wp-content/uploads/2024/09/nok-07.jpg"", ""https://www.41zero42.com/wp-content/uploads/2024/09/nok-08.jpg"", ""https://www.41zero42.com/wp-content/uploads/2024/09/nok-09.jpg"", ""https://www.41zero42.com/wp-content/uploads/2024/09/nok-10.jpg"", ""https://www.41zero42.com/wp-content/uploads/2024/09/nok-11.jpg"", ""https://www.41zero42.com/wp-content/uploads/2024/09/nok-12.jpg"", ""https://www.41zero42.com/wp-content/uploads/2024/09/nok-13.jpg"", ""https://www.41zero42.com/wp-content/uploads/2024/09/nok-14.jpg"", ""https://www.41zero42.com/wp-content/uploads/2024/09/nok-15.jpg"", ""https://www.41zero42.com/wp-content/uploads/2024/09/nok-16.jpg"", ""https://www.41zero42.com/wp-content/uploads/2024/09/nok-17.jpg"", ""https://www.41zero42.com/wp-content/uploads/2024/09/nok-18.jpg"", ""https://www.41zero42.com/wp-content/uploads/2024/09/nok-19.jpg"", ""https://www.41zero42.com/wp-content/uploads/2024/09/nok-21-cover.jpg"", ""https://www.41zero42.com/wp-content/uploads/2024/09/nok-20.jpg"", ""https://www.41zero42.com/wp-content/uploads/2024/09/nok-22.jpg""]",[]
80018,80002,41Z-0310,Snake Ivory,https://www.41zero42.com/collections/nok-en/,"[""https://cdn.altrodesign.ro/products/nok-snake-ivory.jpg"", ""https://www.41zero42.com/wp-content/uploads/2024/09/nok-01.jpg"", ""https://www.41zero42.com/wp-content/uploads/2024/09/nok-02.jpg"", ""https://www.41zero42.com/wp-content/uploads/2024/09/nok-03.jpg"", ""https://www.41zero42.com/wp-content/uploads/2024/09/nok-04.jpg"", ""https://www.41zero42.com/wp-content/uploads/2024/09/nok-05.jpg"", ""https://www.41zero42.com/wp-content/uploads/2024/09/nok-06.jpg"", ""https://www.41zero42.com/wp-content/uploads/2024/09/nok-07.jpg"", ""https://www.41zero42.com/wp-content/uploads/2024/09/nok-08.jpg"", ""https://www.41zero42.com/wp-content/uploads/2024/09/nok-09.jpg"", ""https://www.41zero42.com/wp-content/uploads/2024/09/nok-10.jpg"", ""https://www.41zero42.com/wp-content/uploads/2024/09/nok-11.jpg"", ""https://www.41zero42.com/wp-content/uploads/2024/09/nok-12.jpg"", ""https://www.41zero42.com/wp-content/uploads/2024/09/nok-13.jpg"", ""https://www.41zero42.com/wp-content/uploads/2024/09/nok-14.jpg"", ""https://www.41zero42.com/wp-content/uploads/2024/09/nok-15.jpg"", ""https://www.41zero42.com/wp-content/uploads/2024/09/nok-16.jpg"", ""https://www.41zero42.com/wp-content/uploads/2024/09/nok-17.jpg"", ""https://www.41zero42.com/wp-content/uploads/2024/09/nok-18.jpg"", ""https://www.41zero42.com/wp-content/uploads/2024/09/nok-19.jpg"", ""https://www.41zero42.com/wp-content/uploads/2024/09/nok-21-cover.jpg"", ""https://www.41zero42.com/wp-content/uploads/2024/09/nok-20.jpg"", ""https://www.41zero42.com/wp-content/uploads/2024/09/nok-22.jpg""]",[]
80019,80002,41Z-0311,Snake Taupe,https://www.41zero42.com/collections/nok-en/,"[""https://cdn.altrodesign.ro/products/nok-snake-taupe.jpg"", ""https://www.41zero42.com/wp-content/uploads/2024/09/nok-01.jpg"", ""https://www.41zero42.com/wp-content/uploads/2024/09/nok-02.jpg"", ""https://www.41zero42.com/wp-content/uploads/2024/09/nok-03.jpg"", ""https://www.41zero42.com/wp-content/uploads/2024/09/nok-04.jpg"", ""https://www.41zero42.com/wp-content/uploads/2024/09/nok-05.jpg"", ""https://www.41zero42.com/wp-content/uploads/2024/09/nok-06.jpg"", ""https://www.41zero42.com/wp-content/uploads/2024/09/nok-07.jpg"", ""https://www.41zero42.com/wp-content/uploads/2024/09/nok-08.jpg"", ""https://www.41zero42.com/wp-content/uploads/2024/09/nok-09.jpg"", ""https://www.41zero42.com/wp-content/uploads/2024/09/nok-10.jpg"", ""https://www.41zero42.com/wp-content/uploads/2024/09/nok-11.jpg"", ""https://www.41zero42.com/wp-content/uploads/2024/09/nok-12.jpg"", ""https://www.41zero42.com/wp-content/uploads/2024/09/nok-13.jpg"", ""https://www.41zero42.com/wp-content/uploads/2024/09/nok-14.jpg"", ""https://www.41zero42.com/wp-content/uploads/2024/09/nok-15.jpg"", ""https://www.41zero42.com/wp-content/uploads/2024/09/nok-16.jpg"", ""https://www.41zero42.com/wp-content/uploads/2024/09/nok-17.jpg"", ""https://www.41zero42.com/wp-content/uploads/2024/09/nok-18.jpg"", ""https://www.41zero42.com/wp-content/uploads/2024/09/nok-19.jpg"", ""https://www.41zero42.com/wp-content/uploads/2024/09/nok-21-cover.jpg"", ""https://www.41zero42.com/wp-content/uploads/2024/09/nok-20.jpg"", ""https://www.41zero42.com/wp-content/uploads/2024/09/nok-22.jpg""]",[]
80020,80002,41Z-0312,Snake Ebony,https://www.41zero42.com/collections/nok-en/,"[""https://cdn.altrodesign.ro/products/nok-snake-ebony.jpg"", ""https://www.41zero42.com/wp-content/uploads/2024/09/nok-01.jpg"", ""https://www.41zero42.com/wp-content/uploads/2024/09/nok-02.jpg"", ""https://www.41zero42.com/wp-content/uploads/2024/09/nok-03.jpg"", ""https://www.41zero42.com/wp-content/uploads/2024/09/nok-04.jpg"", ""https://www.41zero42.com/wp-content/uploads/2024/09/nok-05.jpg"", ""https://www.41zero42.com/wp-content/uploads/2024/09/nok-06.jpg"", ""https://www.41zero42.com/wp-content/uploads/2024/09/nok-07.jpg"", ""https://www.41zero42.com/wp-content/uploads/2024/09/nok-08.jpg"", ""https://www.41zero42.com/wp-content/uploads/2024/09/nok-09.jpg"", ""https://www.41zero42.com/wp-content/uploads/2024/09/nok-10.jpg"", ""https://www.41zero42.com/wp-content/uploads/2024/09/nok-11.jpg"", ""https://www.41zero42.com/wp-content/uploads/2024/09/nok-12.jpg"", ""https://www.41zero42.com/wp-content/uploads/2024/09/nok-13.jpg"", ""https://www.41zero42.com/wp-content/uploads/2024/09/nok-14.jpg"", ""https://www.41zero42.com/wp-content/uploads/2024/09/nok-15.jpg"", ""https://www.41zero42.com/wp-content/uploads/2024/09/nok-16.jpg"", ""https://www.41zero42.com/wp-content/uploads/2024/09/nok-17.jpg"", ""https://www.41zero42.com/wp-content/uploads/2024/09/nok-18.jpg"", ""https://www.41zero42.com/wp-content/uploads/2024/09/nok-19.jpg"", ""https://www.41zero42.com/wp-content/uploads/2024/09/nok-21-cover.jpg"", ""https://www.41zero42.com/wp-content/uploads/2024/09/nok-20.jpg"", ""https://www.41zero42.com/wp-content/uploads/2024/09/nok-22.jpg""]",[]
80021,80002,41Z-0313,Totem Terra,https://www.41zero42.com/collections/nok-en/,"[""https://cdn.altrodesign.ro/products/nok-totem-terra.jpg"", ""https://www.41zero42.com/wp-content/uploads/2024/09/nok-01.jpg"", ""https://www.41zero42.com/wp-content/uploads/2024/09/nok-02.jpg"", ""https://www.41zero42.com/wp-content/uploads/2024/09/nok-03.jpg"", ""https://www.41zero42.com/wp-content/uploads/2024/09/nok-04.jpg"", ""https://www.41zero42.com/wp-content/uploads/2024/09/nok-05.jpg"", ""https://www.41zero42.com/wp-content/uploads/2024/09/nok-06.jpg"", ""https://www.41zero42.com/wp-content/uploads/2024/09/nok-07.jpg"", ""https://www.41zero42.com/wp-content/uploads/2024/09/nok-08.jpg"", ""https://www.41zero42.com/wp-content/uploads/2024/09/nok-09.jpg"", ""https://www.41zero42.com/wp-content/uploads/2024/09/nok-10.jpg"", ""https://www.41zero42.com/wp-content/uploads/2024/09/nok-11.jpg"", ""https://www.41zero42.com/wp-content/uploads/2024/09/nok-12.jpg"", ""https://www.41zero42.com/wp-content/uploads/2024/09/nok-13.jpg"", ""https://www.41zero42.com/wp-content/uploads/2024/09/nok-14.jpg"", ""https://www.41zero42.com/wp-content/uploads/2024/09/nok-15.jpg"", ""https://www.41zero42.com/wp-content/uploads/2024/09/nok-16.jpg"", ""https://www.41zero42.com/wp-content/uploads/2024/09/nok-17.jpg"", ""https://www.41zero42.com/wp-content/uploads/2024/09/nok-18.jpg"", ""https://www.41zero42.com/wp-content/uploads/2024/09/nok-19.jpg"", ""https://www.41zero42.com/wp-content/uploads/2024/09/nok-21-cover.jpg"", ""https://www.41zero42.com/wp-content/uploads/2024/09/nok-20.jpg"", ""https://www.41zero42.com/wp-content/uploads/2024/09/nok-22.jpg""]",[]
80022,80002,41Z-0314,Totem Taupe,https://www.41zero42.com/collections/nok-en/,"[""https://cdn.altrodesign.ro/products/nok-totem-taupe.jpg"", ""https://www.41zero42.com/wp-content/uploads/2024/09/nok-01.jpg"", ""https://www.41zero42.com/wp-content/uploads/2024/09/nok-02.jpg"", ""https://www.41zero42.com/wp-content/uploads/2024/09/nok-03.jpg"", ""https://www.41zero42.com/wp-content/uploads/2024/09/nok-04.jpg"", ""https://www.41zero42.com/wp-content/uploads/2024/09/nok-05.jpg"", ""https://www.41zero42.com/wp-content/uploads/2024/09/nok-06.jpg"", ""https://www.41zero42.com/wp-content/uploads/2024/09/nok-07.jpg"", ""https://www.41zero42.com/wp-content/uploads/2024/09/nok-08.jpg"", ""https://www.41zero42.com/wp-content/uploads/2024/09/nok-09.jpg"", ""https://www.41zero42.com/wp-content/uploads/2024/09/nok-10.jpg"", ""https://www.41zero42.com/wp-content/uploads/2024/09/nok-11.jpg"", ""https://www.41zero42.com/wp-content/uploads/2024/09/nok-12.jpg"", ""https://www.41zero42.com/wp-content/uploads/2024/09/nok-13.jpg"", ""https://www.41zero42.com/wp-content/uploads/2024/09/nok-14.jpg"", ""https://www.41zero42.com/wp-content/uploads/2024/09/nok-15.jpg"", ""https://www.41zero42.com/wp-content/uploads/2024/09/nok-16.jpg"", ""https://www.41zero42.com/wp-content/uploads/2024/09/nok-17.jpg"", ""https://www.41zero42.com/wp-content/uploads/2024/09/nok-18.jpg"", ""https://www.41zero42.com/wp-content/uploads/2024/09/nok-19.jpg"", ""https://www.41zero42.com/wp-content/uploads/2024/09/nok-21-cover.jpg"", ""https://www.41zero42.com/wp-content/uploads/2024/09/nok-20.jpg"", ""https://www.41zero42.com/wp-content/uploads/2024/09/nok-22.jpg""]",[]
80023,80002,41Z-0315,Totem Ivory,https://www.41zero42.com/collections/nok-en/,"[""https://cdn.altrodesign.ro/products/nok-totem-ivory.jpg"", ""https://www.41zero42.com/wp-content/uploads/2024/09/nok-01.jpg"", ""https://www.41zero42.com/wp-content/uploads/2024/09/nok-02.jpg"", ""https://www.41zero42.com/wp-content/uploads/2024/09/nok-03.jpg"", ""https://www.41zero42.com/wp-content/uploads/2024/09/nok-04.jpg"", ""https://www.41zero42.com/wp-content/uploads/2024/09/nok-05.jpg"", ""https://www.41zero42.com/wp-content/uploads/2024/09/nok-06.jpg"", ""https://www.41zero42.com/wp-content/uploads/2024/09/nok-07.jpg"", ""https://www.41zero42.com/wp-content/uploads/2024/09/nok-08.jpg"", ""https://www.41zero42.com/wp-content/uploads/2024/09/nok-09.jpg"", ""https://www.41zero42.com/wp-content/uploads/2024/09/nok-10.jpg"", ""https://www.41zero42.com/wp-content/uploads/2024/09/nok-11.jpg"", ""https://www.41zero42.com/wp-content/uploads/2024/09/nok-12.jpg"", ""https://www.41zero42.com/wp-content/uploads/2024/09/nok-13.jpg"", ""https://www.41zero42.com/wp-content/uploads/2024/09/nok-14.jpg"", ""https://www.41zero42.com/wp-content/uploads/2024/09/nok-15.jpg"", ""https://www.41zero42.com/wp-content/uploads/2024/09/nok-16.jpg"", ""https://www.41zero42.com/wp-content/uploads/2024/09/nok-17.jpg"", ""https://www.41zero42.com/wp-content/uploads/2024/09/nok-18.jpg"", ""https://www.41zero42.com/wp-content/uploads/2024/09/nok-19.jpg"", ""https://www.41zero42.com/wp-content/uploads/2024/09/nok-21-cover.jpg"", ""https://www.41zero42.com/wp-content/uploads/2024/09/nok-20.jpg"", ""https://www.41zero42.com/wp-content/uploads/2024/09/nok-22.jpg""]",[]
80024,80002,41Z-0316,Totem Ebony,https://www.41zero42.com/collections/nok-en/,"[""https://cdn.altrodesign.ro/products/nok-totem-ebony.jpg"", ""https://www.41zero42.com/wp-content/uploads/2024/09/nok-01.jpg"", ""https://www.41zero42.com/wp-content/uploads/2024/09/nok-02.jpg"", ""https://www.41zero42.com/wp-content/uploads/2024/09/nok-03.jpg"", ""https://www.41zero42.com/wp-content/uploads/2024/09/nok-04.jpg"", ""https://www.41zero42.com/wp-content/uploads/2024/09/nok-05.jpg"", ""https://www.41zero42.com/wp-content/uploads/2024/09/nok-06.jpg"", ""https://www.41zero42.com/wp-content/uploads/2024/09/nok-07.jpg"", ""https://www.41zero42.com/wp-content/uploads/2024/09/nok-08.jpg"", ""https://www.41zero42.com/wp-content/uploads/2024/09/nok-09.jpg"", ""https://www.41zero42.com/wp-content/uploads/2024/09/nok-10.jpg"", ""https://www.41zero42.com/wp-content/uploads/2024/09/nok-11.jpg"", ""https://www.41zero42.com/wp-content/uploads/2024/09/nok-12.jpg"", ""https://www.41zero42.com/wp-content/uploads/2024/09/nok-13.jpg"", ""https://www.41zero42.com/wp-content/uploads/2024/09/nok-14.jpg"", ""https://www.41zero42.com/wp-content/uploads/2024/09/nok-15.jpg"", ""https://www.41zero42.com/wp-content/uploads/2024/09/nok-16.jpg"", ""https://www.41zero42.com/wp-content/uploads/2024/09/nok-17.jpg"", ""https://www.41zero42.com/wp-content/uploads/2024/09/nok-18.jpg"", ""https://www.41zero42.com/wp-content/uploads/2024/09/nok-19.jpg"", ""https://www.41zero42.com/wp-content/uploads/2024/09/nok-21-cover.jpg"", ""https://www.41zero42.com/wp-content/uploads/2024/09/nok-20.jpg"", ""https://www.41zero42.com/wp-content/uploads/2024/09/nok-22.jpg""]",[]
80025,80003,41Z-0401,Bianco,https://www.41zero42.com/collections/nano-gap-eng/,"[""https://cdn.altrodesign.ro/products/nano gap-bianco.jpg"", ""https://www.41zero42.com/wp-content/uploads/2018/02/mosaico-picolo-bianco41zero42-Febbraio28811.jpg"", ""https://www.41zero42.com/wp-content/uploads/2018/02/gap-e-micro-grigio41zero42-Febbraio28827.jpg"", ""https://www.41zero42.com/wp-content/uploads/2018/02/mosaico-nero-piccolo41zero42-Febbraio28822-copia.jpg""]",[]
80026,80003,41Z-0402,Grigio,https://www.41zero42.com/collections/nano-gap-eng/,"[""https://cdn.altrodesign.ro/products/nano gap-grigio.jpg"", ""https://www.41zero42.com/wp-content/uploads/2018/02/mosaico-picolo-bianco41zero42-Febbraio28811.jpg"", ""https://www.41zero42.com/wp-content/uploads/2018/02/gap-e-micro-grigio41zero42-Febbraio28827.jpg"", ""https://www.41zero42.com/wp-content/uploads/2018/02/mosaico-nero-piccolo41zero42-Febbraio28822-copia.jpg""]",[]
80027,80003,41Z-0403,Nero,https://www.41zero42.com/collections/nano-gap-eng/,"[""https://cdn.altrodesign.ro/products/nano gap-nero.jpg"", ""https://www.41zero42.com/wp-content/uploads/2018/02/mosaico-picolo-bianco41zero42-Febbraio28811.jpg"", ""https://www.41zero42.com/wp-content/uploads/2018/02/gap-e-micro-grigio41zero42-Febbraio28827.jpg"", ""https://www.41zero42.com/wp-content/uploads/2018/02/mosaico-nero-piccolo41zero42-Febbraio28822-copia.jpg""]",[]
80028,80004,41Z-0501,Bianco,https://www.41zero42.com/collections/biscuit-eng/,"[""https://cdn.altrodesign.ro/products/biscuit-bianco.jpg"", ""https://www.41zero42.com/wp-content/uploads/2024/04/41ZERO42_BISCUIT_24_06_POWDER_PEAK_PIXEL_41_001_OK.jpg"", ""https://www.41zero42.com/wp-content/uploads/2024/04/41ZERO42_BISCUIT_24_04_POWDER_MIX_BORDEAUX_PLAIN_003_OK.jpg"", ""https://www.41zero42.com/wp-content/uploads/2024/04/41ZERO42_BISCUIT_24_06_POWDER_PEAK_PIXEL_41_182_OK.jpg"", ""https://www.41zero42.com/wp-content/uploads/2024/04/41ZERO42_BISCUIT_24_05_POWDER_DUNE_001_OK.jpg"", ""https://www.41zero42.com/wp-content/uploads/2024/04/41ZERO42_BISCUIT_24_01_BORDEAUX_DUNE_PLAIN_053_v2.jpg"", ""https://www.41zero42.com/wp-content/uploads/2024/04/41ZERO42_BISCUIT_24_01_BORDEAUX_DUNE_PLAIN_069.jpg"", ""https://www.41zero42.com/wp-content/uploads/2024/04/41ZERO42_BISCUIT_24_02_BORDEAUX_MIX_041.jpg"", ""https://www.41zero42.com/wp-content/uploads/2024/04/41ZERO42_BISCUIT_24_03_BORDEAUX_STUD_PLAIN_STRIP_001_OK.jpg"", ""https://www.41zero42.com/wp-content/uploads/2024/04/41ZERO42_BISCUIT_24_02_BORDEAUX_MIX_043-copia.jpg"", ""https://www.41zero42.com/wp-content/uploads/2024/04/Biscuit-Bordeaux-Powder-All-Patterns.jpg"", ""https://www.41zero42.com/wp-content/uploads/2019/05/41Zero42_Biscuit_2019_Notte_Mix_001_OK.jpg"", ""https://www.41zero42.com/wp-content/uploads/2019/05/41Zero42_Biscuit_2019_Notte_Strip_OK.jpg"", ""https://www.41zero42.com/wp-content/uploads/2019/05/41Zero42_Biscuit_2019_Notte_Stud_02_OK.jpg"", ""https://www.41zero42.com/wp-content/uploads/2019/05/41Zero42_Biscuit_2019_Salvia_Dune_OK.jpg"", ""https://www.41zero42.com/wp-content/uploads/2019/05/41Zero42_Biscuit_2019_Salvia_Mix_OK.jpg"", ""https://www.41zero42.com/wp-content/uploads/2024/04/Biscuit-Salvia-Peak-01.jpg"", ""https://www.41zero42.com/wp-content/uploads/2019/05/41Zero42_Biscuit_2019_Salvia_Waves_Plane_OK.jpg"", ""https://www.41zero42.com/wp-content/uploads/2019/05/Biscuit-COLORI-NUOVI.jpg"", ""https://www.41zero42.com/wp-content/uploads/2024/04/BISCUIT-BIANCO-STRIP_PLAIN.jpg"", ""https://www.41zero42.com/wp-content/uploads/2024/04/41Zero42_Biscuit_06_Bianco_Mix_Ambiente_Stanza_002_OK-copia.jpg"", ""https://www.41zero42.com/wp-content/uploads/2018/07/41Zero42_Biscuit_02_Bianco_Dune_001_OK.jpg"", ""https://www.41zero42.com/wp-content/uploads/2018/07/41Zero42_Biscuit_05_Bianco_Dune_002_OK.jpg"", ""https://www.41zero42.com/wp-content/uploads/2019/05/41Zero42_Biscuit_09_Bianco_Waves_004_OK.jpg"", ""https://www.41zero42.com/wp-content/uploads/2018/07/41Zero42_Biscuit_06_Bianco_Mix_Ambiente_Stanza_005_OK.jpg"", ""https://www.41zero42.com/wp-content/uploads/2018/07/41Zero42_Biscuit_04_Cotto_Mix_001_OK.jpg"", ""https://www.41zero42.com/wp-content/uploads/2018/08/41Zero42_Biscuit_14_Terra_Stud_002_OK.jpg"", ""https://www.41zero42.com/wp-content/uploads/2018/07/41Zero42_Biscuit_12_Terra_Peak_005_OK.jpg"", ""https://www.41zero42.com/wp-content/uploads/2018/07/41Zero42_Biscuit_13_Terra_Strip_004_OK.jpg"", ""https://www.41zero42.com/wp-content/uploads/2018/07/41Zero42_Biscuit_10_Terra_Mix_Ambiente_Stanza_OK.jpg"", ""https://www.41zero42.com/wp-content/uploads/2018/07/41Zero42_Biscuit_11_Terra_Dune_Plain_008_OK.jpg"", ""https://www.41zero42.com/wp-content/uploads/2018/07/41Zero42_Biscuit_01_Tutti_i_pezzi_003_OK.jpg"", ""https://www.41zero42.com/wp-content/uploads/2024/04/41ZERO42_BISCUIT_24_01_BORDEAUX_DUNE_PLAIN_067_OK.jpg"", ""https://www.41zero42.com/wp-content/uploads/2024/04/41042_Room41_Stanza_01_Part_008_OK-copia.jpg"", ""https://www.41zero42.com/wp-content/uploads/2024/04/41ZERO42_BISCUIT_49.jpg""]",[]
80029,80004,41Z-0502,Salvia,https://www.41zero42.com/collections/biscuit-eng/,"[""https://cdn.altrodesign.ro/products/biscuit-salvia.jpg"", ""https://www.41zero42.com/wp-content/uploads/2024/04/41ZERO42_BISCUIT_24_06_POWDER_PEAK_PIXEL_41_001_OK.jpg"", ""https://www.41zero42.com/wp-content/uploads/2024/04/41ZERO42_BISCUIT_24_04_POWDER_MIX_BORDEAUX_PLAIN_003_OK.jpg"", ""https://www.41zero42.com/wp-content/uploads/2024/04/41ZERO42_BISCUIT_24_06_POWDER_PEAK_PIXEL_41_182_OK.jpg"", ""https://www.41zero42.com/wp-content/uploads/2024/04/41ZERO42_BISCUIT_24_05_POWDER_DUNE_001_OK.jpg"", ""https://www.41zero42.com/wp-content/uploads/2024/04/41ZERO42_BISCUIT_24_01_BORDEAUX_DUNE_PLAIN_053_v2.jpg"", ""https://www.41zero42.com/wp-content/uploads/2024/04/41ZERO42_BISCUIT_24_01_BORDEAUX_DUNE_PLAIN_069.jpg"", ""https://www.41zero42.com/wp-content/uploads/2024/04/41ZERO42_BISCUIT_24_02_BORDEAUX_MIX_041.jpg"", ""https://www.41zero42.com/wp-content/uploads/2024/04/41ZERO42_BISCUIT_24_03_BORDEAUX_STUD_PLAIN_STRIP_001_OK.jpg"", ""https://www.41zero42.com/wp-content/uploads/2024/04/41ZERO42_BISCUIT_24_02_BORDEAUX_MIX_043-copia.jpg"", ""https://www.41zero42.com/wp-content/uploads/2024/04/Biscuit-Bordeaux-Powder-All-Patterns.jpg"", ""https://www.41zero42.com/wp-content/uploads/2019/05/41Zero42_Biscuit_2019_Notte_Mix_001_OK.jpg"", ""https://www.41zero42.com/wp-content/uploads/2019/05/41Zero42_Biscuit_2019_Notte_Strip_OK.jpg"", ""https://www.41zero42.com/wp-content/uploads/2019/05/41Zero42_Biscuit_2019_Notte_Stud_02_OK.jpg"", ""https://www.41zero42.com/wp-content/uploads/2019/05/41Zero42_Biscuit_2019_Salvia_Dune_OK.jpg"", ""https://www.41zero42.com/wp-content/uploads/2019/05/41Zero42_Biscuit_2019_Salvia_Mix_OK.jpg"", ""https://www.41zero42.com/wp-content/uploads/2024/04/Biscuit-Salvia-Peak-01.jpg"", ""https://www.41zero42.com/wp-content/uploads/2019/05/41Zero42_Biscuit_2019_Salvia_Waves_Plane_OK.jpg"", ""https://www.41zero42.com/wp-content/uploads/2019/05/Biscuit-COLORI-NUOVI.jpg"", ""https://www.41zero42.com/wp-content/uploads/2024/04/BISCUIT-BIANCO-STRIP_PLAIN.jpg"", ""https://www.41zero42.com/wp-content/uploads/2024/04/41Zero42_Biscuit_06_Bianco_Mix_Ambiente_Stanza_002_OK-copia.jpg"", ""https://www.41zero42.com/wp-content/uploads/2018/07/41Zero42_Biscuit_02_Bianco_Dune_001_OK.jpg"", ""https://www.41zero42.com/wp-content/uploads/2018/07/41Zero42_Biscuit_05_Bianco_Dune_002_OK.jpg"", ""https://www.41zero42.com/wp-content/uploads/2019/05/41Zero42_Biscuit_09_Bianco_Waves_004_OK.jpg"", ""https://www.41zero42.com/wp-content/uploads/2018/07/41Zero42_Biscuit_06_Bianco_Mix_Ambiente_Stanza_005_OK.jpg"", ""https://www.41zero42.com/wp-content/uploads/2018/07/41Zero42_Biscuit_04_Cotto_Mix_001_OK.jpg"", ""https://www.41zero42.com/wp-content/uploads/2018/08/41Zero42_Biscuit_14_Terra_Stud_002_OK.jpg"", ""https://www.41zero42.com/wp-content/uploads/2018/07/41Zero42_Biscuit_12_Terra_Peak_005_OK.jpg"", ""https://www.41zero42.com/wp-content/uploads/2018/07/41Zero42_Biscuit_13_Terra_Strip_004_OK.jpg"", ""https://www.41zero42.com/wp-content/uploads/2018/07/41Zero42_Biscuit_10_Terra_Mix_Ambiente_Stanza_OK.jpg"", ""https://www.41zero42.com/wp-content/uploads/2018/07/41Zero42_Biscuit_11_Terra_Dune_Plain_008_OK.jpg"", ""https://www.41zero42.com/wp-content/uploads/2018/07/41Zero42_Biscuit_01_Tutti_i_pezzi_003_OK.jpg"", ""https://www.41zero42.com/wp-content/uploads/2024/04/41ZERO42_BISCUIT_24_01_BORDEAUX_DUNE_PLAIN_067_OK.jpg"", ""https://www.41zero42.com/wp-content/uploads/2024/04/41042_Room41_Stanza_01_Part_008_OK-copia.jpg"", ""https://www.41zero42.com/wp-content/uploads/2024/04/41ZERO42_BISCUIT_49.jpg""]",[]
80030,80004,41Z-0503,Notte,https://www.41zero42.com/collections/biscuit-eng/,"[""https://cdn.altrodesign.ro/products/biscuit-notte.jpg"", ""https://www.41zero42.com/wp-content/uploads/2024/04/41ZERO42_BISCUIT_24_06_POWDER_PEAK_PIXEL_41_001_OK.jpg"", ""https://www.41zero42.com/wp-content/uploads/2024/04/41ZERO42_BISCUIT_24_04_POWDER_MIX_BORDEAUX_PLAIN_003_OK.jpg"", ""https://www.41zero42.com/wp-content/uploads/2024/04/41ZERO42_BISCUIT_24_06_POWDER_PEAK_PIXEL_41_182_OK.jpg"", ""https://www.41zero42.com/wp-content/uploads/2024/04/41ZERO42_BISCUIT_24_05_POWDER_DUNE_001_OK.jpg"", ""https://www.41zero42.com/wp-content/uploads/2024/04/41ZERO42_BISCUIT_24_01_BORDEAUX_DUNE_PLAIN_053_v2.jpg"", ""https://www.41zero42.com/wp-content/uploads/2024/04/41ZERO42_BISCUIT_24_01_BORDEAUX_DUNE_PLAIN_069.jpg"", ""https://www.41zero42.com/wp-content/uploads/2024/04/41ZERO42_BISCUIT_24_02_BORDEAUX_MIX_041.jpg"", ""https://www.41zero42.com/wp-content/uploads/2024/04/41ZERO42_BISCUIT_24_03_BORDEAUX_STUD_PLAIN_STRIP_001_OK.jpg"", ""https://www.41zero42.com/wp-content/uploads/2024/04/41ZERO42_BISCUIT_24_02_BORDEAUX_MIX_043-copia.jpg"", ""https://www.41zero42.com/wp-content/uploads/2024/04/Biscuit-Bordeaux-Powder-All-Patterns.jpg"", ""https://www.41zero42.com/wp-content/uploads/2019/05/41Zero42_Biscuit_2019_Notte_Mix_001_OK.jpg"", ""https://www.41zero42.com/wp-content/uploads/2019/05/41Zero42_Biscuit_2019_Notte_Strip_OK.jpg"", ""https://www.41zero42.com/wp-content/uploads/2019/05/41Zero42_Biscuit_2019_Notte_Stud_02_OK.jpg"", ""https://www.41zero42.com/wp-content/uploads/2019/05/41Zero42_Biscuit_2019_Salvia_Dune_OK.jpg"", ""https://www.41zero42.com/wp-content/uploads/2019/05/41Zero42_Biscuit_2019_Salvia_Mix_OK.jpg"", ""https://www.41zero42.com/wp-content/uploads/2024/04/Biscuit-Salvia-Peak-01.jpg"", ""https://www.41zero42.com/wp-content/uploads/2019/05/41Zero42_Biscuit_2019_Salvia_Waves_Plane_OK.jpg"", ""https://www.41zero42.com/wp-content/uploads/2019/05/Biscuit-COLORI-NUOVI.jpg"", ""https://www.41zero42.com/wp-content/uploads/2024/04/BISCUIT-BIANCO-STRIP_PLAIN.jpg"", ""https://www.41zero42.com/wp-content/uploads/2024/04/41Zero42_Biscuit_06_Bianco_Mix_Ambiente_Stanza_002_OK-copia.jpg"", ""https://www.41zero42.com/wp-content/uploads/2018/07/41Zero42_Biscuit_02_Bianco_Dune_001_OK.jpg"", ""https://www.41zero42.com/wp-content/uploads/2018/07/41Zero42_Biscuit_05_Bianco_Dune_002_OK.jpg"", ""https://www.41zero42.com/wp-content/uploads/2019/05/41Zero42_Biscuit_09_Bianco_Waves_004_OK.jpg"", ""https://www.41zero42.com/wp-content/uploads/2018/07/41Zero42_Biscuit_06_Bianco_Mix_Ambiente_Stanza_005_OK.jpg"", ""https://www.41zero42.com/wp-content/uploads/2018/07/41Zero42_Biscuit_04_Cotto_Mix_001_OK.jpg"", ""https://www.41zero42.com/wp-content/uploads/2018/08/41Zero42_Biscuit_14_Terra_Stud_002_OK.jpg"", ""https://www.41zero42.com/wp-content/uploads/2018/07/41Zero42_Biscuit_12_Terra_Peak_005_OK.jpg"", ""https://www.41zero42.com/wp-content/uploads/2018/07/41Zero42_Biscuit_13_Terra_Strip_004_OK.jpg"", ""https://www.41zero42.com/wp-content/uploads/2018/07/41Zero42_Biscuit_10_Terra_Mix_Ambiente_Stanza_OK.jpg"", ""https://www.41zero42.com/wp-content/uploads/2018/07/41Zero42_Biscuit_11_Terra_Dune_Plain_008_OK.jpg"", ""https://www.41zero42.com/wp-content/uploads/2018/07/41Zero42_Biscuit_01_Tutti_i_pezzi_003_OK.jpg"", ""https://www.41zero42.com/wp-content/uploads/2024/04/41ZERO42_BISCUIT_24_01_BORDEAUX_DUNE_PLAIN_067_OK.jpg"", ""https://www.41zero42.com/wp-content/uploads/2024/04/41042_Room41_Stanza_01_Part_008_OK-copia.jpg"", ""https://www.41zero42.com/wp-content/uploads/2024/04/41ZERO42_BISCUIT_49.jpg""]",[]
80031,80004,41Z-0504,Bordeaux,https://www.41zero42.com/collections/biscuit-eng/,"[""https://cdn.altrodesign.ro/products/biscuit-bordeaux.jpg"", ""https://www.41zero42.com/wp-content/uploads/2024/04/41ZERO42_BISCUIT_24_06_POWDER_PEAK_PIXEL_41_001_OK.jpg"", ""https://www.41zero42.com/wp-content/uploads/2024/04/41ZERO42_BISCUIT_24_04_POWDER_MIX_BORDEAUX_PLAIN_003_OK.jpg"", ""https://www.41zero42.com/wp-content/uploads/2024/04/41ZERO42_BISCUIT_24_06_POWDER_PEAK_PIXEL_41_182_OK.jpg"", ""https://www.41zero42.com/wp-content/uploads/2024/04/41ZERO42_BISCUIT_24_05_POWDER_DUNE_001_OK.jpg"", ""https://www.41zero42.com/wp-content/uploads/2024/04/41ZERO42_BISCUIT_24_01_BORDEAUX_DUNE_PLAIN_053_v2.jpg"", ""https://www.41zero42.com/wp-content/uploads/2024/04/41ZERO42_BISCUIT_24_01_BORDEAUX_DUNE_PLAIN_069.jpg"", ""https://www.41zero42.com/wp-content/uploads/2024/04/41ZERO42_BISCUIT_24_02_BORDEAUX_MIX_041.jpg"", ""https://www.41zero42.com/wp-content/uploads/2024/04/41ZERO42_BISCUIT_24_03_BORDEAUX_STUD_PLAIN_STRIP_001_OK.jpg"", ""https://www.41zero42.com/wp-content/uploads/2024/04/41ZERO42_BISCUIT_24_02_BORDEAUX_MIX_043-copia.jpg"", ""https://www.41zero42.com/wp-content/uploads/2024/04/Biscuit-Bordeaux-Powder-All-Patterns.jpg"", ""https://www.41zero42.com/wp-content/uploads/2019/05/41Zero42_Biscuit_2019_Notte_Mix_001_OK.jpg"", ""https://www.41zero42.com/wp-content/uploads/2019/05/41Zero42_Biscuit_2019_Notte_Strip_OK.jpg"", ""https://www.41zero42.com/wp-content/uploads/2019/05/41Zero42_Biscuit_2019_Notte_Stud_02_OK.jpg"", ""https://www.41zero42.com/wp-content/uploads/2019/05/41Zero42_Biscuit_2019_Salvia_Dune_OK.jpg"", ""https://www.41zero42.com/wp-content/uploads/2019/05/41Zero42_Biscuit_2019_Salvia_Mix_OK.jpg"", ""https://www.41zero42.com/wp-content/uploads/2024/04/Biscuit-Salvia-Peak-01.jpg"", ""https://www.41zero42.com/wp-content/uploads/2019/05/41Zero42_Biscuit_2019_Salvia_Waves_Plane_OK.jpg"", ""https://www.41zero42.com/wp-content/uploads/2019/05/Biscuit-COLORI-NUOVI.jpg"", ""https://www.41zero42.com/wp-content/uploads/2024/04/BISCUIT-BIANCO-STRIP_PLAIN.jpg"", ""https://www.41zero42.com/wp-content/uploads/2024/04/41Zero42_Biscuit_06_Bianco_Mix_Ambiente_Stanza_002_OK-copia.jpg"", ""https://www.41zero42.com/wp-content/uploads/2018/07/41Zero42_Biscuit_02_Bianco_Dune_001_OK.jpg"", ""https://www.41zero42.com/wp-content/uploads/2018/07/41Zero42_Biscuit_05_Bianco_Dune_002_OK.jpg"", ""https://www.41zero42.com/wp-content/uploads/2019/05/41Zero42_Biscuit_09_Bianco_Waves_004_OK.jpg"", ""https://www.41zero42.com/wp-content/uploads/2018/07/41Zero42_Biscuit_06_Bianco_Mix_Ambiente_Stanza_005_OK.jpg"", ""https://www.41zero42.com/wp-content/uploads/2018/07/41Zero42_Biscuit_04_Cotto_Mix_001_OK.jpg"", ""https://www.41zero42.com/wp-content/uploads/2018/08/41Zero42_Biscuit_14_Terra_Stud_002_OK.jpg"", ""https://www.41zero42.com/wp-content/uploads/2018/07/41Zero42_Biscuit_12_Terra_Peak_005_OK.jpg"", ""https://www.41zero42.com/wp-content/uploads/2018/07/41Zero42_Biscuit_13_Terra_Strip_004_OK.jpg"", ""https://www.41zero42.com/wp-content/uploads/2018/07/41Zero42_Biscuit_10_Terra_Mix_Ambiente_Stanza_OK.jpg"", ""https://www.41zero42.com/wp-content/uploads/2018/07/41Zero42_Biscuit_11_Terra_Dune_Plain_008_OK.jpg"", ""https://www.41zero42.com/wp-content/uploads/2018/07/41Zero42_Biscuit_01_Tutti_i_pezzi_003_OK.jpg"", ""https://www.41zero42.com/wp-content/uploads/2024/04/41ZERO42_BISCUIT_24_01_BORDEAUX_DUNE_PLAIN_067_OK.jpg"", ""https://www.41zero42.com/wp-content/uploads/2024/04/41042_Room41_Stanza_01_Part_008_OK-copia.jpg"", ""https://www.41zero42.com/wp-content/uploads/2024/04/41ZERO42_BISCUIT_49.jpg""]",[]
80032,80004,41Z-0505,Terra,https://www.41zero42.com/collections/biscuit-eng/,"[""https://cdn.altrodesign.ro/products/biscuit-terra.jpg"", ""https://www.41zero42.com/wp-content/uploads/2024/04/41ZERO42_BISCUIT_24_06_POWDER_PEAK_PIXEL_41_001_OK.jpg"", ""https://www.41zero42.com/wp-content/uploads/2024/04/41ZERO42_BISCUIT_24_04_POWDER_MIX_BORDEAUX_PLAIN_003_OK.jpg"", ""https://www.41zero42.com/wp-content/uploads/2024/04/41ZERO42_BISCUIT_24_06_POWDER_PEAK_PIXEL_41_182_OK.jpg"", ""https://www.41zero42.com/wp-content/uploads/2024/04/41ZERO42_BISCUIT_24_05_POWDER_DUNE_001_OK.jpg"", ""https://www.41zero42.com/wp-content/uploads/2024/04/41ZERO42_BISCUIT_24_01_BORDEAUX_DUNE_PLAIN_053_v2.jpg"", ""https://www.41zero42.com/wp-content/uploads/2024/04/41ZERO42_BISCUIT_24_01_BORDEAUX_DUNE_PLAIN_069.jpg"", ""https://www.41zero42.com/wp-content/uploads/2024/04/41ZERO42_BISCUIT_24_02_BORDEAUX_MIX_041.jpg"", ""https://www.41zero42.com/wp-content/uploads/2024/04/41ZERO42_BISCUIT_24_03_BORDEAUX_STUD_PLAIN_STRIP_001_OK.jpg"", ""https://www.41zero42.com/wp-content/uploads/2024/04/41ZERO42_BISCUIT_24_02_BORDEAUX_MIX_043-copia.jpg"", ""https://www.41zero42.com/wp-content/uploads/2024/04/Biscuit-Bordeaux-Powder-All-Patterns.jpg"", ""https://www.41zero42.com/wp-content/uploads/2019/05/41Zero42_Biscuit_2019_Notte_Mix_001_OK.jpg"", ""https://www.41zero42.com/wp-content/uploads/2019/05/41Zero42_Biscuit_2019_Notte_Strip_OK.jpg"", ""https://www.41zero42.com/wp-content/uploads/2019/05/41Zero42_Biscuit_2019_Notte_Stud_02_OK.jpg"", ""https://www.41zero42.com/wp-content/uploads/2019/05/41Zero42_Biscuit_2019_Salvia_Dune_OK.jpg"", ""https://www.41zero42.com/wp-content/uploads/2019/05/41Zero42_Biscuit_2019_Salvia_Mix_OK.jpg"", ""https://www.41zero42.com/wp-content/uploads/2024/04/Biscuit-Salvia-Peak-01.jpg"", ""https://www.41zero42.com/wp-content/uploads/2019/05/41Zero42_Biscuit_2019_Salvia_Waves_Plane_OK.jpg"", ""https://www.41zero42.com/wp-content/uploads/2019/05/Biscuit-COLORI-NUOVI.jpg"", ""https://www.41zero42.com/wp-content/uploads/2024/04/BISCUIT-BIANCO-STRIP_PLAIN.jpg"", ""https://www.41zero42.com/wp-content/uploads/2024/04/41Zero42_Biscuit_06_Bianco_Mix_Ambiente_Stanza_002_OK-copia.jpg"", ""https://www.41zero42.com/wp-content/uploads/2018/07/41Zero42_Biscuit_02_Bianco_Dune_001_OK.jpg"", ""https://www.41zero42.com/wp-content/uploads/2018/07/41Zero42_Biscuit_05_Bianco_Dune_002_OK.jpg"", ""https://www.41zero42.com/wp-content/uploads/2019/05/41Zero42_Biscuit_09_Bianco_Waves_004_OK.jpg"", ""https://www.41zero42.com/wp-content/uploads/2018/07/41Zero42_Biscuit_06_Bianco_Mix_Ambiente_Stanza_005_OK.jpg"", ""https://www.41zero42.com/wp-content/uploads/2018/07/41Zero42_Biscuit_04_Cotto_Mix_001_OK.jpg"", ""https://www.41zero42.com/wp-content/uploads/2018/08/41Zero42_Biscuit_14_Terra_Stud_002_OK.jpg"", ""https://www.41zero42.com/wp-content/uploads/2018/07/41Zero42_Biscuit_12_Terra_Peak_005_OK.jpg"", ""https://www.41zero42.com/wp-content/uploads/2018/07/41Zero42_Biscuit_13_Terra_Strip_004_OK.jpg"", ""https://www.41zero42.com/wp-content/uploads/2018/07/41Zero42_Biscuit_10_Terra_Mix_Ambiente_Stanza_OK.jpg"", ""https://www.41zero42.com/wp-content/uploads/2018/07/41Zero42_Biscuit_11_Terra_Dune_Plain_008_OK.jpg"", ""https://www.41zero42.com/wp-content/uploads/2018/07/41Zero42_Biscuit_01_Tutti_i_pezzi_003_OK.jpg"", ""https://www.41zero42.com/wp-content/uploads/2024/04/41ZERO42_BISCUIT_24_01_BORDEAUX_DUNE_PLAIN_067_OK.jpg"", ""https://www.41zero42.com/wp-content/uploads/2024/04/41042_Room41_Stanza_01_Part_008_OK-copia.jpg"", ""https://www.41zero42.com/wp-content/uploads/2024/04/41ZERO42_BISCUIT_49.jpg""]",[]
80033,80004,41Z-0506,Powder,https://www.41zero42.com/collections/biscuit-eng/,"[""https://cdn.altrodesign.ro/products/biscuit-powder.jpg"", ""https://www.41zero42.com/wp-content/uploads/2024/04/41ZERO42_BISCUIT_24_06_POWDER_PEAK_PIXEL_41_001_OK.jpg"", ""https://www.41zero42.com/wp-content/uploads/2024/04/41ZERO42_BISCUIT_24_04_POWDER_MIX_BORDEAUX_PLAIN_003_OK.jpg"", ""https://www.41zero42.com/wp-content/uploads/2024/04/41ZERO42_BISCUIT_24_06_POWDER_PEAK_PIXEL_41_182_OK.jpg"", ""https://www.41zero42.com/wp-content/uploads/2024/04/41ZERO42_BISCUIT_24_05_POWDER_DUNE_001_OK.jpg"", ""https://www.41zero42.com/wp-content/uploads/2024/04/41ZERO42_BISCUIT_24_01_BORDEAUX_DUNE_PLAIN_053_v2.jpg"", ""https://www.41zero42.com/wp-content/uploads/2024/04/41ZERO42_BISCUIT_24_01_BORDEAUX_DUNE_PLAIN_069.jpg"", ""https://www.41zero42.com/wp-content/uploads/2024/04/41ZERO42_BISCUIT_24_02_BORDEAUX_MIX_041.jpg"", ""https://www.41zero42.com/wp-content/uploads/2024/04/41ZERO42_BISCUIT_24_03_BORDEAUX_STUD_PLAIN_STRIP_001_OK.jpg"", ""https://www.41zero42.com/wp-content/uploads/2024/04/41ZERO42_BISCUIT_24_02_BORDEAUX_MIX_043-copia.jpg"", ""https://www.41zero42.com/wp-content/uploads/2024/04/Biscuit-Bordeaux-Powder-All-Patterns.jpg"", ""https://www.41zero42.com/wp-content/uploads/2019/05/41Zero42_Biscuit_2019_Notte_Mix_001_OK.jpg"", ""https://www.41zero42.com/wp-content/uploads/2019/05/41Zero42_Biscuit_2019_Notte_Strip_OK.jpg"", ""https://www.41zero42.com/wp-content/uploads/2019/05/41Zero42_Biscuit_2019_Notte_Stud_02_OK.jpg"", ""https://www.41zero42.com/wp-content/uploads/2019/05/41Zero42_Biscuit_2019_Salvia_Dune_OK.jpg"", ""https://www.41zero42.com/wp-content/uploads/2019/05/41Zero42_Biscuit_2019_Salvia_Mix_OK.jpg"", ""https://www.41zero42.com/wp-content/uploads/2024/04/Biscuit-Salvia-Peak-01.jpg"", ""https://www.41zero42.com/wp-content/uploads/2019/05/41Zero42_Biscuit_2019_Salvia_Waves_Plane_OK.jpg"", ""https://www.41zero42.com/wp-content/uploads/2019/05/Biscuit-COLORI-NUOVI.jpg"", ""https://www.41zero42.com/wp-content/uploads/2024/04/BISCUIT-BIANCO-STRIP_PLAIN.jpg"", ""https://www.41zero42.com/wp-content/uploads/2024/04/41Zero42_Biscuit_06_Bianco_Mix_Ambiente_Stanza_002_OK-copia.jpg"", ""https://www.41zero42.com/wp-content/uploads/2018/07/41Zero42_Biscuit_02_Bianco_Dune_001_OK.jpg"", ""https://www.41zero42.com/wp-content/uploads/2018/07/41Zero42_Biscuit_05_Bianco_Dune_002_OK.jpg"", ""https://www.41zero42.com/wp-content/uploads/2019/05/41Zero42_Biscuit_09_Bianco_Waves_004_OK.jpg"", ""https://www.41zero42.com/wp-content/uploads/2018/07/41Zero42_Biscuit_06_Bianco_Mix_Ambiente_Stanza_005_OK.jpg"", ""https://www.41zero42.com/wp-content/uploads/2018/07/41Zero42_Biscuit_04_Cotto_Mix_001_OK.jpg"", ""https://www.41zero42.com/wp-content/uploads/2018/08/41Zero42_Biscuit_14_Terra_Stud_002_OK.jpg"", ""https://www.41zero42.com/wp-content/uploads/2018/07/41Zero42_Biscuit_12_Terra_Peak_005_OK.jpg"", ""https://www.41zero42.com/wp-content/uploads/2018/07/41Zero42_Biscuit_13_Terra_Strip_004_OK.jpg"", ""https://www.41zero42.com/wp-content/uploads/2018/07/41Zero42_Biscuit_10_Terra_Mix_Ambiente_Stanza_OK.jpg"", ""https://www.41zero42.com/wp-content/uploads/2018/07/41Zero42_Biscuit_11_Terra_Dune_Plain_008_OK.jpg"", ""https://www.41zero42.com/wp-content/uploads/2018/07/41Zero42_Biscuit_01_Tutti_i_pezzi_003_OK.jpg"", ""https://www.41zero42.com/wp-content/uploads/2024/04/41ZERO42_BISCUIT_24_01_BORDEAUX_DUNE_PLAIN_067_OK.jpg"", ""https://www.41zero42.com/wp-content/uploads/2024/04/41042_Room41_Stanza_01_Part_008_OK-copia.jpg"", ""https://www.41zero42.com/wp-content/uploads/2024/04/41ZERO42_BISCUIT_49.jpg""]",[]
80034,80005,41Z-0601,White,https://www.41zero42.com/collections/futura-eng/,"[""https://cdn.altrodesign.ro/products/futura-white.jpg"", ""https://www.41zero42.com/wp-content/uploads/2018/02/futura-slider01.jpg"", ""https://www.41zero42.com/wp-content/uploads/2018/02/futura-slider02.jpg"", ""https://www.41zero42.com/wp-content/uploads/2018/02/futura-slider03.jpg"", ""https://www.41zero42.com/wp-content/uploads/2018/02/futura-slider04.jpg"", ""https://www.41zero42.com/wp-content/uploads/2018/02/futura-slider05.jpg"", ""https://www.41zero42.com/wp-content/uploads/2018/02/futura-slider06.jpg"", ""https://www.41zero42.com/wp-content/uploads/2018/02/futura-slider07.jpg"", ""https://www.41zero42.com/wp-content/uploads/2018/02/futura-slider08.jpg"", ""https://www.41zero42.com/wp-content/uploads/2018/02/futura-slider09.jpg"", ""https://www.41zero42.com/wp-content/uploads/2018/02/futura-slider10.jpg"", ""https://www.41zero42.com/wp-content/uploads/2018/02/futura-slider11.jpg"", ""https://www.41zero42.com/wp-content/uploads/2018/02/futura-slider12.jpg"", ""https://www.41zero42.com/wp-content/uploads/2018/02/futura-slider13.jpg"", ""https://www.41zero42.com/wp-content/uploads/2018/02/futura-slider14.jpg"", ""https://www.41zero42.com/wp-content/uploads/2018/02/futura-slider15.jpg"", ""https://www.41zero42.com/wp-content/uploads/2018/02/futura-slider16.jpg"", ""https://www.41zero42.com/wp-content/uploads/2018/02/futura-slider17.jpg"", ""https://www.41zero42.com/wp-content/uploads/2018/02/futura-slider18.jpg"", ""https://www.41zero42.com/wp-content/uploads/2018/02/futura-preview.jpg"", ""https://www.41zero42.com/wp-content/uploads/2018/02/futura-gallery02.jpg"", ""https://www.41zero42.com/wp-content/uploads/2018/02/futura-gallery01.jpg""]",[]
80035,80005,41Z-0602,Half White,https://www.41zero42.com/collections/futura-eng/,"[""https://cdn.altrodesign.ro/products/futura-half-white.jpg"", ""https://www.41zero42.com/wp-content/uploads/2018/02/futura-slider01.jpg"", ""https://www.41zero42.com/wp-content/uploads/2018/02/futura-slider02.jpg"", ""https://www.41zero42.com/wp-content/uploads/2018/02/futura-slider03.jpg"", ""https://www.41zero42.com/wp-content/uploads/2018/02/futura-slider04.jpg"", ""https://www.41zero42.com/wp-content/uploads/2018/02/futura-slider05.jpg"", ""https://www.41zero42.com/wp-content/uploads/2018/02/futura-slider06.jpg"", ""https://www.41zero42.com/wp-content/uploads/2018/02/futura-slider07.jpg"", ""https://www.41zero42.com/wp-content/uploads/2018/02/futura-slider08.jpg"", ""https://www.41zero42.com/wp-content/uploads/2018/02/futura-slider09.jpg"", ""https://www.41zero42.com/wp-content/uploads/2018/02/futura-slider10.jpg"", ""https://www.41zero42.com/wp-content/uploads/2018/02/futura-slider11.jpg"", ""https://www.41zero42.com/wp-content/uploads/2018/02/futura-slider12.jpg"", ""https://www.41zero42.com/wp-content/uploads/2018/02/futura-slider13.jpg"", ""https://www.41zero42.com/wp-content/uploads/2018/02/futura-slider14.jpg"", ""https://www.41zero42.com/wp-content/uploads/2018/02/futura-slider15.jpg"", ""https://www.41zero42.com/wp-content/uploads/2018/02/futura-slider16.jpg"", ""https://www.41zero42.com/wp-content/uploads/2018/02/futura-slider17.jpg"", ""https://www.41zero42.com/wp-content/uploads/2018/02/futura-slider18.jpg"", ""https://www.41zero42.com/wp-content/uploads/2018/02/futura-preview.jpg"", ""https://www.41zero42.com/wp-content/uploads/2018/02/futura-gallery02.jpg"", ""https://www.41zero42.com/wp-content/uploads/2018/02/futura-gallery01.jpg""]",[]
80036,80005,41Z-0603,Drop White,https://www.41zero42.com/collections/futura-eng/,"[""https://cdn.altrodesign.ro/products/futura-drop-white.jpg"", ""https://www.41zero42.com/wp-content/uploads/2018/02/futura-slider01.jpg"", ""https://www.41zero42.com/wp-content/uploads/2018/02/futura-slider02.jpg"", ""https://www.41zero42.com/wp-content/uploads/2018/02/futura-slider03.jpg"", ""https://www.41zero42.com/wp-content/uploads/2018/02/futura-slider04.jpg"", ""https://www.41zero42.com/wp-content/uploads/2018/02/futura-slider05.jpg"", ""https://www.41zero42.com/wp-content/uploads/2018/02/futura-slider06.jpg"", ""https://www.41zero42.com/wp-content/uploads/2018/02/futura-slider07.jpg"", ""https://www.41zero42.com/wp-content/uploads/2018/02/futura-slider08.jpg"", ""https://www.41zero42.com/wp-content/uploads/2018/02/futura-slider09.jpg"", ""https://www.41zero42.com/wp-content/uploads/2018/02/futura-slider10.jpg"", ""https://www.41zero42.com/wp-content/uploads/2018/02/futura-slider11.jpg"", ""https://www.41zero42.com/wp-content/uploads/2018/02/futura-slider12.jpg"", ""https://www.41zero42.com/wp-content/uploads/2018/02/futura-slider13.jpg"", ""https://www.41zero42.com/wp-content/uploads/2018/02/futura-slider14.jpg"", ""https://www.41zero42.com/wp-content/uploads/2018/02/futura-slider15.jpg"", ""https://www.41zero42.com/wp-content/uploads/2018/02/futura-slider16.jpg"", ""https://www.41zero42.com/wp-content/uploads/2018/02/futura-slider17.jpg"", ""https://www.41zero42.com/wp-content/uploads/2018/02/futura-slider18.jpg"", ""https://www.41zero42.com/wp-content/uploads/2018/02/futura-preview.jpg"", ""https://www.41zero42.com/wp-content/uploads/2018/02/futura-gallery02.jpg"", ""https://www.41zero42.com/wp-content/uploads/2018/02/futura-gallery01.jpg""]",[]
80037,80005,41Z-0604,Grid White,https://www.41zero42.com/collections/futura-eng/,"[""https://cdn.altrodesign.ro/products/futura-grid-white.jpg"", ""https://www.41zero42.com/wp-content/uploads/2018/02/futura-slider01.jpg"", ""https://www.41zero42.com/wp-content/uploads/2018/02/futura-slider02.jpg"", ""https://www.41zero42.com/wp-content/uploads/2018/02/futura-slider03.jpg"", ""https://www.41zero42.com/wp-content/uploads/2018/02/futura-slider04.jpg"", ""https://www.41zero42.com/wp-content/uploads/2018/02/futura-slider05.jpg"", ""https://www.41zero42.com/wp-content/uploads/2018/02/futura-slider06.jpg"", ""https://www.41zero42.com/wp-content/uploads/2018/02/futura-slider07.jpg"", ""https://www.41zero42.com/wp-content/uploads/2018/02/futura-slider08.jpg"", ""https://www.41zero42.com/wp-content/uploads/2018/02/futura-slider09.jpg"", ""https://www.41zero42.com/wp-content/uploads/2018/02/futura-slider10.jpg"", ""https://www.41zero42.com/wp-content/uploads/2018/02/futura-slider11.jpg"", ""https://www.41zero42.com/wp-content/uploads/2018/02/futura-slider12.jpg"", ""https://www.41zero42.com/wp-content/uploads/2018/02/futura-slider13.jpg"", ""https://www.41zero42.com/wp-content/uploads/2018/02/futura-slider14.jpg"", ""https://www.41zero42.com/wp-content/uploads/2018/02/futura-slider15.jpg"", ""https://www.41zero42.com/wp-content/uploads/2018/02/futura-slider16.jpg"", ""https://www.41zero42.com/wp-content/uploads/2018/02/futura-slider17.jpg"", ""https://www.41zero42.com/wp-content/uploads/2018/02/futura-slider18.jpg"", ""https://www.41zero42.com/wp-content/uploads/2018/02/futura-preview.jpg"", ""https://www.41zero42.com/wp-content/uploads/2018/02/futura-gallery02.jpg"", ""https://www.41zero42.com/wp-content/uploads/2018/02/futura-gallery01.jpg""]",[]
80038,80005,41Z-0605,T White,https://www.41zero42.com/collections/futura-eng/,"[""https://cdn.altrodesign.ro/products/futura-t-white.jpg"", ""https://www.41zero42.com/wp-content/uploads/2018/02/futura-slider01.jpg"", ""https://www.41zero42.com/wp-content/uploads/2018/02/futura-slider02.jpg"", ""https://www.41zero42.com/wp-content/uploads/2018/02/futura-slider03.jpg"", ""https://www.41zero42.com/wp-content/uploads/2018/02/futura-slider04.jpg"", ""https://www.41zero42.com/wp-content/uploads/2018/02/futura-slider05.jpg"", ""https://www.41zero42.com/wp-content/uploads/2018/02/futura-slider06.jpg"", ""https://www.41zero42.com/wp-content/uploads/2018/02/futura-slider07.jpg"", ""https://www.41zero42.com/wp-content/uploads/2018/02/futura-slider08.jpg"", ""https://www.41zero42.com/wp-content/uploads/2018/02/futura-slider09.jpg"", ""https://www.41zero42.com/wp-content/uploads/2018/02/futura-slider10.jpg"", ""https://www.41zero42.com/wp-content/uploads/2018/02/futura-slider11.jpg"", ""https://www.41zero42.com/wp-content/uploads/2018/02/futura-slider12.jpg"", ""https://www.41zero42.com/wp-content/uploads/2018/02/futura-slider13.jpg"", ""https://www.41zero42.com/wp-content/uploads/2018/02/futura-slider14.jpg"", ""https://www.41zero42.com/wp-content/uploads/2018/02/futura-slider15.jpg"", ""https://www.41zero42.com/wp-content/uploads/2018/02/futura-slider16.jpg"", ""https://www.41zero42.com/wp-content/uploads/2018/02/futura-slider17.jpg"", ""https://www.41zero42.com/wp-content/uploads/2018/02/futura-slider18.jpg"", ""https://www.41zero42.com/wp-content/uploads/2018/02/futura-preview.jpg"", ""https://www.41zero42.com/wp-content/uploads/2018/02/futura-gallery02.jpg"", ""https://www.41zero42.com/wp-content/uploads/2018/02/futura-gallery01.jpg""]",[]
80039,80005,41Z-0606,Blue,https://www.41zero42.com/collections/futura-eng/,"[""https://cdn.altrodesign.ro/products/futura-blue.jpg"", ""https://www.41zero42.com/wp-content/uploads/2018/02/futura-slider01.jpg"", ""https://www.41zero42.com/wp-content/uploads/2018/02/futura-slider02.jpg"", ""https://www.41zero42.com/wp-content/uploads/2018/02/futura-slider03.jpg"", ""https://www.41zero42.com/wp-content/uploads/2018/02/futura-slider04.jpg"", ""https://www.41zero42.com/wp-content/uploads/2018/02/futura-slider05.jpg"", ""https://www.41zero42.com/wp-content/uploads/2018/02/futura-slider06.jpg"", ""https://www.41zero42.com/wp-content/uploads/2018/02/futura-slider07.jpg"", ""https://www.41zero42.com/wp-content/uploads/2018/02/futura-slider08.jpg"", ""https://www.41zero42.com/wp-content/uploads/2018/02/futura-slider09.jpg"", ""https://www.41zero42.com/wp-content/uploads/2018/02/futura-slider10.jpg"", ""https://www.41zero42.com/wp-content/uploads/2018/02/futura-slider11.jpg"", ""https://www.41zero42.com/wp-content/uploads/2018/02/futura-slider12.jpg"", ""https://www.41zero42.com/wp-content/uploads/2018/02/futura-slider13.jpg"", ""https://www.41zero42.com/wp-content/uploads/2018/02/futura-slider14.jpg"", ""https://www.41zero42.com/wp-content/uploads/2018/02/futura-slider15.jpg"", ""https://www.41zero42.com/wp-content/uploads/2018/02/futura-slider16.jpg"", ""https://www.41zero42.com/wp-content/uploads/2018/02/futura-slider17.jpg"", ""https://www.41zero42.com/wp-content/uploads/2018/02/futura-slider18.jpg"", ""https://www.41zero42.com/wp-content/uploads/2018/02/futura-preview.jpg"", ""https://www.41zero42.com/wp-content/uploads/2018/02/futura-gallery02.jpg"", ""https://www.41zero42.com/wp-content/uploads/2018/02/futura-gallery01.jpg""]",[]
80040,80005,41Z-0607,Half Blue,https://www.41zero42.com/collections/futura-eng/,"[""https://cdn.altrodesign.ro/products/futura-half-blue.jpg"", ""https://www.41zero42.com/wp-content/uploads/2018/02/futura-slider01.jpg"", ""https://www.41zero42.com/wp-content/uploads/2018/02/futura-slider02.jpg"", ""https://www.41zero42.com/wp-content/uploads/2018/02/futura-slider03.jpg"", ""https://www.41zero42.com/wp-content/uploads/2018/02/futura-slider04.jpg"", ""https://www.41zero42.com/wp-content/uploads/2018/02/futura-slider05.jpg"", ""https://www.41zero42.com/wp-content/uploads/2018/02/futura-slider06.jpg"", ""https://www.41zero42.com/wp-content/uploads/2018/02/futura-slider07.jpg"", ""https://www.41zero42.com/wp-content/uploads/2018/02/futura-slider08.jpg"", ""https://www.41zero42.com/wp-content/uploads/2018/02/futura-slider09.jpg"", ""https://www.41zero42.com/wp-content/uploads/2018/02/futura-slider10.jpg"", ""https://www.41zero42.com/wp-content/uploads/2018/02/futura-slider11.jpg"", ""https://www.41zero42.com/wp-content/uploads/2018/02/futura-slider12.jpg"", ""https://www.41zero42.com/wp-content/uploads/2018/02/futura-slider13.jpg"", ""https://www.41zero42.com/wp-content/uploads/2018/02/futura-slider14.jpg"", ""https://www.41zero42.com/wp-content/uploads/2018/02/futura-slider15.jpg"", ""https://www.41zero42.com/wp-content/uploads/2018/02/futura-slider16.jpg"", ""https://www.41zero42.com/wp-content/uploads/2018/02/futura-slider17.jpg"", ""https://www.41zero42.com/wp-content/uploads/2018/02/futura-slider18.jpg"", ""https://www.41zero42.com/wp-content/uploads/2018/02/futura-preview.jpg"", ""https://www.41zero42.com/wp-content/uploads/2018/02/futura-gallery02.jpg"", ""https://www.41zero42.com/wp-content/uploads/2018/02/futura-gallery01.jpg""]",[]
80041,80005,41Z-0608,Drop Blue,https://www.41zero42.com/collections/futura-eng/,"[""https://cdn.altrodesign.ro/products/futura-drop-blue.jpg"", ""https://www.41zero42.com/wp-content/uploads/2018/02/futura-slider01.jpg"", ""https://www.41zero42.com/wp-content/uploads/2018/02/futura-slider02.jpg"", ""https://www.41zero42.com/wp-content/uploads/2018/02/futura-slider03.jpg"", ""https://www.41zero42.com/wp-content/uploads/2018/02/futura-slider04.jpg"", ""https://www.41zero42.com/wp-content/uploads/2018/02/futura-slider05.jpg"", ""https://www.41zero42.com/wp-content/uploads/2018/02/futura-slider06.jpg"", ""https://www.41zero42.com/wp-content/uploads/2018/02/futura-slider07.jpg"", ""https://www.41zero42.com/wp-content/uploads/2018/02/futura-slider08.jpg"", ""https://www.41zero42.com/wp-content/uploads/2018/02/futura-slider09.jpg"", ""https://www.41zero42.com/wp-content/uploads/2018/02/futura-slider10.jpg"", ""https://www.41zero42.com/wp-content/uploads/2018/02/futura-slider11.jpg"", ""https://www.41zero42.com/wp-content/uploads/2018/02/futura-slider12.jpg"", ""https://www.41zero42.com/wp-content/uploads/2018/02/futura-slider13.jpg"", ""https://www.41zero42.com/wp-content/uploads/2018/02/futura-slider14.jpg"", ""https://www.41zero42.com/wp-content/uploads/2018/02/futura-slider15.jpg"", ""https://www.41zero42.com/wp-content/uploads/2018/02/futura-slider16.jpg"", ""https://www.41zero42.com/wp-content/uploads/2018/02/futura-slider17.jpg"", ""https://www.41zero42.com/wp-content/uploads/2018/02/futura-slider18.jpg"", ""https://www.41zero42.com/wp-content/uploads/2018/02/futura-preview.jpg"", ""https://www.41zero42.com/wp-content/uploads/2018/02/futura-gallery02.jpg"", ""https://www.41zero42.com/wp-content/uploads/2018/02/futura-gallery01.jpg""]",[]
80042,80005,41Z-0609,Grid Blue,https://www.41zero42.com/collections/futura-eng/,"[""https://cdn.altrodesign.ro/products/futura-grid-blue.jpg"", ""https://www.41zero42.com/wp-content/uploads/2018/02/futura-slider01.jpg"", ""https://www.41zero42.com/wp-content/uploads/2018/02/futura-slider02.jpg"", ""https://www.41zero42.com/wp-content/uploads/2018/02/futura-slider03.jpg"", ""https://www.41zero42.com/wp-content/uploads/2018/02/futura-slider04.jpg"", ""https://www.41zero42.com/wp-content/uploads/2018/02/futura-slider05.jpg"", ""https://www.41zero42.com/wp-content/uploads/2018/02/futura-slider06.jpg"", ""https://www.41zero42.com/wp-content/uploads/2018/02/futura-slider07.jpg"", ""https://www.41zero42.com/wp-content/uploads/2018/02/futura-slider08.jpg"", ""https://www.41zero42.com/wp-content/uploads/2018/02/futura-slider09.jpg"", ""https://www.41zero42.com/wp-content/uploads/2018/02/futura-slider10.jpg"", ""https://www.41zero42.com/wp-content/uploads/2018/02/futura-slider11.jpg"", ""https://www.41zero42.com/wp-content/uploads/2018/02/futura-slider12.jpg"", ""https://www.41zero42.com/wp-content/uploads/2018/02/futura-slider13.jpg"", ""https://www.41zero42.com/wp-content/uploads/2018/02/futura-slider14.jpg"", ""https://www.41zero42.com/wp-content/uploads/2018/02/futura-slider15.jpg"", ""https://www.41zero42.com/wp-content/uploads/2018/02/futura-slider16.jpg"", ""https://www.41zero42.com/wp-content/uploads/2018/02/futura-slider17.jpg"", ""https://www.41zero42.com/wp-content/uploads/2018/02/futura-slider18.jpg"", ""https://www.41zero42.com/wp-content/uploads/2018/02/futura-preview.jpg"", ""https://www.41zero42.com/wp-content/uploads/2018/02/futura-gallery02.jpg"", ""https://www.41zero42.com/wp-content/uploads/2018/02/futura-gallery01.jpg""]",[]
80043,80005,41Z-0610,T Blue,https://www.41zero42.com/collections/futura-eng/,"[""https://cdn.altrodesign.ro/products/futura-t-blue.jpg"", ""https://www.41zero42.com/wp-content/uploads/2018/02/futura-slider01.jpg"", ""https://www.41zero42.com/wp-content/uploads/2018/02/futura-slider02.jpg"", ""https://www.41zero42.com/wp-content/uploads/2018/02/futura-slider03.jpg"", ""https://www.41zero42.com/wp-content/uploads/2018/02/futura-slider04.jpg"", ""https://www.41zero42.com/wp-content/uploads/2018/02/futura-slider05.jpg"", ""https://www.41zero42.com/wp-content/uploads/2018/02/futura-slider06.jpg"", ""https://www.41zero42.com/wp-content/uploads/2018/02/futura-slider07.jpg"", ""https://www.41zero42.com/wp-content/uploads/2018/02/futura-slider08.jpg"", ""https://www.41zero42.com/wp-content/uploads/2018/02/futura-slider09.jpg"", ""https://www.41zero42.com/wp-content/uploads/2018/02/futura-slider10.jpg"", ""https://www.41zero42.com/wp-content/uploads/2018/02/futura-slider11.jpg"", ""https://www.41zero42.com/wp-content/uploads/2018/02/futura-slider12.jpg"", ""https://www.41zero42.com/wp-content/uploads/2018/02/futura-slider13.jpg"", ""https://www.41zero42.com/wp-content/uploads/2018/02/futura-slider14.jpg"", ""https://www.41zero42.com/wp-content/uploads/2018/02/futura-slider15.jpg"", ""https://www.41zero42.com/wp-content/uploads/2018/02/futura-slider16.jpg"", ""https://www.41zero42.com/wp-content/uploads/2018/02/futura-slider17.jpg"", ""https://www.41zero42.com/wp-content/uploads/2018/02/futura-slider18.jpg"", ""https://www.41zero42.com/wp-content/uploads/2018/02/futura-preview.jpg"", ""https://www.41zero42.com/wp-content/uploads/2018/02/futura-gallery02.jpg"", ""https://www.41zero42.com/wp-content/uploads/2018/02/futura-gallery01.jpg""]",[]
80044,80005,41Z-0611,Rose,https://www.41zero42.com/collections/futura-eng/,"[""https://cdn.altrodesign.ro/products/futura-rose.jpg"", ""https://www.41zero42.com/wp-content/uploads/2018/02/futura-slider01.jpg"", ""https://www.41zero42.com/wp-content/uploads/2018/02/futura-slider02.jpg"", ""https://www.41zero42.com/wp-content/uploads/2018/02/futura-slider03.jpg"", ""https://www.41zero42.com/wp-content/uploads/2018/02/futura-slider04.jpg"", ""https://www.41zero42.com/wp-content/uploads/2018/02/futura-slider05.jpg"", ""https://www.41zero42.com/wp-content/uploads/2018/02/futura-slider06.jpg"", ""https://www.41zero42.com/wp-content/uploads/2018/02/futura-slider07.jpg"", ""https://www.41zero42.com/wp-content/uploads/2018/02/futura-slider08.jpg"", ""https://www.41zero42.com/wp-content/uploads/2018/02/futura-slider09.jpg"", ""https://www.41zero42.com/wp-content/uploads/2018/02/futura-slider10.jpg"", ""https://www.41zero42.com/wp-content/uploads/2018/02/futura-slider11.jpg"", ""https://www.41zero42.com/wp-content/uploads/2018/02/futura-slider12.jpg"", ""https://www.41zero42.com/wp-content/uploads/2018/02/futura-slider13.jpg"", ""https://www.41zero42.com/wp-content/uploads/2018/02/futura-slider14.jpg"", ""https://www.41zero42.com/wp-content/uploads/2018/02/futura-slider15.jpg"", ""https://www.41zero42.com/wp-content/uploads/2018/02/futura-slider16.jpg"", ""https://www.41zero42.com/wp-content/uploads/2018/02/futura-slider17.jpg"", ""https://www.41zero42.com/wp-content/uploads/2018/02/futura-slider18.jpg"", ""https://www.41zero42.com/wp-content/uploads/2018/02/futura-preview.jpg"", ""https://www.41zero42.com/wp-content/uploads/2018/02/futura-gallery02.jpg"", ""https://www.41zero42.com/wp-content/uploads/2018/02/futura-gallery01.jpg""]",[]
80045,80005,41Z-0612,Half Rose,https://www.41zero42.com/collections/futura-eng/,"[""https://cdn.altrodesign.ro/products/futura-half-rose.jpg"", ""https://www.41zero42.com/wp-content/uploads/2018/02/futura-slider01.jpg"", ""https://www.41zero42.com/wp-content/uploads/2018/02/futura-slider02.jpg"", ""https://www.41zero42.com/wp-content/uploads/2018/02/futura-slider03.jpg"", ""https://www.41zero42.com/wp-content/uploads/2018/02/futura-slider04.jpg"", ""https://www.41zero42.com/wp-content/uploads/2018/02/futura-slider05.jpg"", ""https://www.41zero42.com/wp-content/uploads/2018/02/futura-slider06.jpg"", ""https://www.41zero42.com/wp-content/uploads/2018/02/futura-slider07.jpg"", ""https://www.41zero42.com/wp-content/uploads/2018/02/futura-slider08.jpg"", ""https://www.41zero42.com/wp-content/uploads/2018/02/futura-slider09.jpg"", ""https://www.41zero42.com/wp-content/uploads/2018/02/futura-slider10.jpg"", ""https://www.41zero42.com/wp-content/uploads/2018/02/futura-slider11.jpg"", ""https://www.41zero42.com/wp-content/uploads/2018/02/futura-slider12.jpg"", ""https://www.41zero42.com/wp-content/uploads/2018/02/futura-slider13.jpg"", ""https://www.41zero42.com/wp-content/uploads/2018/02/futura-slider14.jpg"", ""https://www.41zero42.com/wp-content/uploads/2018/02/futura-slider15.jpg"", ""https://www.41zero42.com/wp-content/uploads/2018/02/futura-slider16.jpg"", ""https://www.41zero42.com/wp-content/uploads/2018/02/futura-slider17.jpg"", ""https://www.41zero42.com/wp-content/uploads/2018/02/futura-slider18.jpg"", ""https://www.41zero42.com/wp-content/uploads/2018/02/futura-preview.jpg"", ""https://www.41zero42.com/wp-content/uploads/2018/02/futura-gallery02.jpg"", ""https://www.41zero42.com/wp-content/uploads/2018/02/futura-gallery01.jpg""]",[]
80046,80005,41Z-0613,Drop Rose,https://www.41zero42.com/collections/futura-eng/,"[""https://cdn.altrodesign.ro/products/futura-drop-rose.jpg"", ""https://www.41zero42.com/wp-content/uploads/2018/02/futura-slider01.jpg"", ""https://www.41zero42.com/wp-content/uploads/2018/02/futura-slider02.jpg"", ""https://www.41zero42.com/wp-content/uploads/2018/02/futura-slider03.jpg"", ""https://www.41zero42.com/wp-content/uploads/2018/02/futura-slider04.jpg"", ""https://www.41zero42.com/wp-content/uploads/2018/02/futura-slider05.jpg"", ""https://www.41zero42.com/wp-content/uploads/2018/02/futura-slider06.jpg"", ""https://www.41zero42.com/wp-content/uploads/2018/02/futura-slider07.jpg"", ""https://www.41zero42.com/wp-content/uploads/2018/02/futura-slider08.jpg"", ""https://www.41zero42.com/wp-content/uploads/2018/02/futura-slider09.jpg"", ""https://www.41zero42.com/wp-content/uploads/2018/02/futura-slider10.jpg"", ""https://www.41zero42.com/wp-content/uploads/2018/02/futura-slider11.jpg"", ""https://www.41zero42.com/wp-content/uploads/2018/02/futura-slider12.jpg"", ""https://www.41zero42.com/wp-content/uploads/2018/02/futura-slider13.jpg"", ""https://www.41zero42.com/wp-content/uploads/2018/02/futura-slider14.jpg"", ""https://www.41zero42.com/wp-content/uploads/2018/02/futura-slider15.jpg"", ""https://www.41zero42.com/wp-content/uploads/2018/02/futura-slider16.jpg"", ""https://www.41zero42.com/wp-content/uploads/2018/02/futura-slider17.jpg"", ""https://www.41zero42.com/wp-content/uploads/2018/02/futura-slider18.jpg"", ""https://www.41zero42.com/wp-content/uploads/2018/02/futura-preview.jpg"", ""https://www.41zero42.com/wp-content/uploads/2018/02/futura-gallery02.jpg"", ""https://www.41zero42.com/wp-content/uploads/2018/02/futura-gallery01.jpg""]",[]
80047,80005,41Z-0614,Grid Rose,https://www.41zero42.com/collections/futura-eng/,"[""https://cdn.altrodesign.ro/products/futura-grid-rose.jpg"", ""https://www.41zero42.com/wp-content/uploads/2018/02/futura-slider01.jpg"", ""https://www.41zero42.com/wp-content/uploads/2018/02/futura-slider02.jpg"", ""https://www.41zero42.com/wp-content/uploads/2018/02/futura-slider03.jpg"", ""https://www.41zero42.com/wp-content/uploads/2018/02/futura-slider04.jpg"", ""https://www.41zero42.com/wp-content/uploads/2018/02/futura-slider05.jpg"", ""https://www.41zero42.com/wp-content/uploads/2018/02/futura-slider06.jpg"", ""https://www.41zero42.com/wp-content/uploads/2018/02/futura-slider07.jpg"", ""https://www.41zero42.com/wp-content/uploads/2018/02/futura-slider08.jpg"", ""https://www.41zero42.com/wp-content/uploads/2018/02/futura-slider09.jpg"", ""https://www.41zero42.com/wp-content/uploads/2018/02/futura-slider10.jpg"", ""https://www.41zero42.com/wp-content/uploads/2018/02/futura-slider11.jpg"", ""https://www.41zero42.com/wp-content/uploads/2018/02/futura-slider12.jpg"", ""https://www.41zero42.com/wp-content/uploads/2018/02/futura-slider13.jpg"", ""https://www.41zero42.com/wp-content/uploads/2018/02/futura-slider14.jpg"", ""https://www.41zero42.com/wp-content/uploads/2018/02/futura-slider15.jpg"", ""https://www.41zero42.com/wp-content/uploads/2018/02/futura-slider16.jpg"", ""https://www.41zero42.com/wp-content/uploads/2018/02/futura-slider17.jpg"", ""https://www.41zero42.com/wp-content/uploads/2018/02/futura-slider18.jpg"", ""https://www.41zero42.com/wp-content/uploads/2018/02/futura-preview.jpg"", ""https://www.41zero42.com/wp-content/uploads/2018/02/futura-gallery02.jpg"", ""https://www.41zero42.com/wp-content/uploads/2018/02/futura-gallery01.jpg""]",[]
80048,80005,41Z-0615,T Rose,https://www.41zero42.com/collections/futura-eng/,"[""https://cdn.altrodesign.ro/products/futura-t-rose.jpg"", ""https://www.41zero42.com/wp-content/uploads/2018/02/futura-slider01.jpg"", ""https://www.41zero42.com/wp-content/uploads/2018/02/futura-slider02.jpg"", ""https://www.41zero42.com/wp-content/uploads/2018/02/futura-slider03.jpg"", ""https://www.41zero42.com/wp-content/uploads/2018/02/futura-slider04.jpg"", ""https://www.41zero42.com/wp-content/uploads/2018/02/futura-slider05.jpg"", ""https://www.41zero42.com/wp-content/uploads/2018/02/futura-slider06.jpg"", ""https://www.41zero42.com/wp-content/uploads/2018/02/futura-slider07.jpg"", ""https://www.41zero42.com/wp-content/uploads/2018/02/futura-slider08.jpg"", ""https://www.41zero42.com/wp-content/uploads/2018/02/futura-slider09.jpg"", ""https://www.41zero42.com/wp-content/uploads/2018/02/futura-slider10.jpg"", ""https://www.41zero42.com/wp-content/uploads/2018/02/futura-slider11.jpg"", ""https://www.41zero42.com/wp-content/uploads/2018/02/futura-slider12.jpg"", ""https://www.41zero42.com/wp-content/uploads/2018/02/futura-slider13.jpg"", ""https://www.41zero42.com/wp-content/uploads/2018/02/futura-slider14.jpg"", ""https://www.41zero42.com/wp-content/uploads/2018/02/futura-slider15.jpg"", ""https://www.41zero42.com/wp-content/uploads/2018/02/futura-slider16.jpg"", ""https://www.41zero42.com/wp-content/uploads/2018/02/futura-slider17.jpg"", ""https://www.41zero42.com/wp-content/uploads/2018/02/futura-slider18.jpg"", ""https://www.41zero42.com/wp-content/uploads/2018/02/futura-preview.jpg"", ""https://www.41zero42.com/wp-content/uploads/2018/02/futura-gallery02.jpg"", ""https://www.41zero42.com/wp-content/uploads/2018/02/futura-gallery01.jpg""]",[]
80049,80005,41Z-0616,Black,https://www.41zero42.com/collections/futura-eng/,"[""https://cdn.altrodesign.ro/products/futura-black.jpg"", ""https://www.41zero42.com/wp-content/uploads/2018/02/futura-slider01.jpg"", ""https://www.41zero42.com/wp-content/uploads/2018/02/futura-slider02.jpg"", ""https://www.41zero42.com/wp-content/uploads/2018/02/futura-slider03.jpg"", ""https://www.41zero42.com/wp-content/uploads/2018/02/futura-slider04.jpg"", ""https://www.41zero42.com/wp-content/uploads/2018/02/futura-slider05.jpg"", ""https://www.41zero42.com/wp-content/uploads/2018/02/futura-slider06.jpg"", ""https://www.41zero42.com/wp-content/uploads/2018/02/futura-slider07.jpg"", ""https://www.41zero42.com/wp-content/uploads/2018/02/futura-slider08.jpg"", ""https://www.41zero42.com/wp-content/uploads/2018/02/futura-slider09.jpg"", ""https://www.41zero42.com/wp-content/uploads/2018/02/futura-slider10.jpg"", ""https://www.41zero42.com/wp-content/uploads/2018/02/futura-slider11.jpg"", ""https://www.41zero42.com/wp-content/uploads/2018/02/futura-slider12.jpg"", ""https://www.41zero42.com/wp-content/uploads/2018/02/futura-slider13.jpg"", ""https://www.41zero42.com/wp-content/uploads/2018/02/futura-slider14.jpg"", ""https://www.41zero42.com/wp-content/uploads/2018/02/futura-slider15.jpg"", ""https://www.41zero42.com/wp-content/uploads/2018/02/futura-slider16.jpg"", ""https://www.41zero42.com/wp-content/uploads/2018/02/futura-slider17.jpg"", ""https://www.41zero42.com/wp-content/uploads/2018/02/futura-slider18.jpg"", ""https://www.41zero42.com/wp-content/uploads/2018/02/futura-preview.jpg"", ""https://www.41zero42.com/wp-content/uploads/2018/02/futura-gallery02.jpg"", ""https://www.41zero42.com/wp-content/uploads/2018/02/futura-gallery01.jpg""]",[]
80050,80005,41Z-0617,Half Black,https://www.41zero42.com/collections/futura-eng/,"[""https://cdn.altrodesign.ro/products/futura-half-black.jpg"", ""https://www.41zero42.com/wp-content/uploads/2018/02/futura-slider01.jpg"", ""https://www.41zero42.com/wp-content/uploads/2018/02/futura-slider02.jpg"", ""https://www.41zero42.com/wp-content/uploads/2018/02/futura-slider03.jpg"", ""https://www.41zero42.com/wp-content/uploads/2018/02/futura-slider04.jpg"", ""https://www.41zero42.com/wp-content/uploads/2018/02/futura-slider05.jpg"", ""https://www.41zero42.com/wp-content/uploads/2018/02/futura-slider06.jpg"", ""https://www.41zero42.com/wp-content/uploads/2018/02/futura-slider07.jpg"", ""https://www.41zero42.com/wp-content/uploads/2018/02/futura-slider08.jpg"", ""https://www.41zero42.com/wp-content/uploads/2018/02/futura-slider09.jpg"", ""https://www.41zero42.com/wp-content/uploads/2018/02/futura-slider10.jpg"", ""https://www.41zero42.com/wp-content/uploads/2018/02/futura-slider11.jpg"", ""https://www.41zero42.com/wp-content/uploads/2018/02/futura-slider12.jpg"", ""https://www.41zero42.com/wp-content/uploads/2018/02/futura-slider13.jpg"", ""https://www.41zero42.com/wp-content/uploads/2018/02/futura-slider14.jpg"", ""https://www.41zero42.com/wp-content/uploads/2018/02/futura-slider15.jpg"", ""https://www.41zero42.com/wp-content/uploads/2018/02/futura-slider16.jpg"", ""https://www.41zero42.com/wp-content/uploads/2018/02/futura-slider17.jpg"", ""https://www.41zero42.com/wp-content/uploads/2018/02/futura-slider18.jpg"", ""https://www.41zero42.com/wp-content/uploads/2018/02/futura-preview.jpg"", ""https://www.41zero42.com/wp-content/uploads/2018/02/futura-gallery02.jpg"", ""https://www.41zero42.com/wp-content/uploads/2018/02/futura-gallery01.jpg""]",[]
80051,80005,41Z-0618,Drop Black,https://www.41zero42.com/collections/futura-eng/,"[""https://cdn.altrodesign.ro/products/futura-drop-black.jpg"", ""https://www.41zero42.com/wp-content/uploads/2018/02/futura-slider01.jpg"", ""https://www.41zero42.com/wp-content/uploads/2018/02/futura-slider02.jpg"", ""https://www.41zero42.com/wp-content/uploads/2018/02/futura-slider03.jpg"", ""https://www.41zero42.com/wp-content/uploads/2018/02/futura-slider04.jpg"", ""https://www.41zero42.com/wp-content/uploads/2018/02/futura-slider05.jpg"", ""https://www.41zero42.com/wp-content/uploads/2018/02/futura-slider06.jpg"", ""https://www.41zero42.com/wp-content/uploads/2018/02/futura-slider07.jpg"", ""https://www.41zero42.com/wp-content/uploads/2018/02/futura-slider08.jpg"", ""https://www.41zero42.com/wp-content/uploads/2018/02/futura-slider09.jpg"", ""https://www.41zero42.com/wp-content/uploads/2018/02/futura-slider10.jpg"", ""https://www.41zero42.com/wp-content/uploads/2018/02/futura-slider11.jpg"", ""https://www.41zero42.com/wp-content/uploads/2018/02/futura-slider12.jpg"", ""https://www.41zero42.com/wp-content/uploads/2018/02/futura-slider13.jpg"", ""https://www.41zero42.com/wp-content/uploads/2018/02/futura-slider14.jpg"", ""https://www.41zero42.com/wp-content/uploads/2018/02/futura-slider15.jpg"", ""https://www.41zero42.com/wp-content/uploads/2018/02/futura-slider16.jpg"", ""https://www.41zero42.com/wp-content/uploads/2018/02/futura-slider17.jpg"", ""https://www.41zero42.com/wp-content/uploads/2018/02/futura-slider18.jpg"", ""https://www.41zero42.com/wp-content/uploads/2018/02/futura-preview.jpg"", ""https://www.41zero42.com/wp-content/uploads/2018/02/futura-gallery02.jpg"", ""https://www.41zero42.com/wp-content/uploads/2018/02/futura-gallery01.jpg""]",[]
80052,80005,41Z-0619,Grid Black,https://www.41zero42.com/collections/futura-eng/,"[""https://cdn.altrodesign.ro/products/futura-grid-black.jpg"", ""https://www.41zero42.com/wp-content/uploads/2018/02/futura-slider01.jpg"", ""https://www.41zero42.com/wp-content/uploads/2018/02/futura-slider02.jpg"", ""https://www.41zero42.com/wp-content/uploads/2018/02/futura-slider03.jpg"", ""https://www.41zero42.com/wp-content/uploads/2018/02/futura-slider04.jpg"", ""https://www.41zero42.com/wp-content/uploads/2018/02/futura-slider05.jpg"", ""https://www.41zero42.com/wp-content/uploads/2018/02/futura-slider06.jpg"", ""https://www.41zero42.com/wp-content/uploads/2018/02/futura-slider07.jpg"", ""https://www.41zero42.com/wp-content/uploads/2018/02/futura-slider08.jpg"", ""https://www.41zero42.com/wp-content/uploads/2018/02/futura-slider09.jpg"", ""https://www.41zero42.com/wp-content/uploads/2018/02/futura-slider10.jpg"", ""https://www.41zero42.com/wp-content/uploads/2018/02/futura-slider11.jpg"", ""https://www.41zero42.com/wp-content/uploads/2018/02/futura-slider12.jpg"", ""https://www.41zero42.com/wp-content/uploads/2018/02/futura-slider13.jpg"", ""https://www.41zero42.com/wp-content/uploads/2018/02/futura-slider14.jpg"", ""https://www.41zero42.com/wp-content/uploads/2018/02/futura-slider15.jpg"", ""https://www.41zero42.com/wp-content/uploads/2018/02/futura-slider16.jpg"", ""https://www.41zero42.com/wp-content/uploads/2018/02/futura-slider17.jpg"", ""https://www.41zero42.com/wp-content/uploads/2018/02/futura-slider18.jpg"", ""https://www.41zero42.com/wp-content/uploads/2018/02/futura-preview.jpg"", ""https://www.41zero42.com/wp-content/uploads/2018/02/futura-gallery02.jpg"", ""https://www.41zero42.com/wp-content/uploads/2018/02/futura-gallery01.jpg""]",[]
80053,80005,41Z-0620,Grey,https://www.41zero42.com/collections/futura-eng/,"[""https://cdn.altrodesign.ro/products/futura-grey.jpg"", ""https://www.41zero42.com/wp-content/uploads/2018/02/futura-slider01.jpg"", ""https://www.41zero42.com/wp-content/uploads/2018/02/futura-slider02.jpg"", ""https://www.41zero42.com/wp-content/uploads/2018/02/futura-slider03.jpg"", ""https://www.41zero42.com/wp-content/uploads/2018/02/futura-slider04.jpg"", ""https://www.41zero42.com/wp-content/uploads/2018/02/futura-slider05.jpg"", ""https://www.41zero42.com/wp-content/uploads/2018/02/futura-slider06.jpg"", ""https://www.41zero42.com/wp-content/uploads/2018/02/futura-slider07.jpg"", ""https://www.41zero42.com/wp-content/uploads/2018/02/futura-slider08.jpg"", ""https://www.41zero42.com/wp-content/uploads/2018/02/futura-slider09.jpg"", ""https://www.41zero42.com/wp-content/uploads/2018/02/futura-slider10.jpg"", ""https://www.41zero42.com/wp-content/uploads/2018/02/futura-slider11.jpg"", ""https://www.41zero42.com/wp-content/uploads/2018/02/futura-slider12.jpg"", ""https://www.41zero42.com/wp-content/uploads/2018/02/futura-slider13.jpg"", ""https://www.41zero42.com/wp-content/uploads/2018/02/futura-slider14.jpg"", ""https://www.41zero42.com/wp-content/uploads/2018/02/futura-slider15.jpg"", ""https://www.41zero42.com/wp-content/uploads/2018/02/futura-slider16.jpg"", ""https://www.41zero42.com/wp-content/uploads/2018/02/futura-slider17.jpg"", ""https://www.41zero42.com/wp-content/uploads/2018/02/futura-slider18.jpg"", ""https://www.41zero42.com/wp-content/uploads/2018/02/futura-preview.jpg"", ""https://www.41zero42.com/wp-content/uploads/2018/02/futura-gallery02.jpg"", ""https://www.41zero42.com/wp-content/uploads/2018/02/futura-gallery01.jpg""]",[]
80054,80005,41Z-0621,Triangles,https://www.41zero42.com/collections/futura-eng/,"[""https://cdn.altrodesign.ro/products/futura-triangles.jpg"", ""https://www.41zero42.com/wp-content/uploads/2018/02/futura-slider01.jpg"", ""https://www.41zero42.com/wp-content/uploads/2018/02/futura-slider02.jpg"", ""https://www.41zero42.com/wp-content/uploads/2018/02/futura-slider03.jpg"", ""https://www.41zero42.com/wp-content/uploads/2018/02/futura-slider04.jpg"", ""https://www.41zero42.com/wp-content/uploads/2018/02/futura-slider05.jpg"", ""https://www.41zero42.com/wp-content/uploads/2018/02/futura-slider06.jpg"", ""https://www.41zero42.com/wp-content/uploads/2018/02/futura-slider07.jpg"", ""https://www.41zero42.com/wp-content/uploads/2018/02/futura-slider08.jpg"", ""https://www.41zero42.com/wp-content/uploads/2018/02/futura-slider09.jpg"", ""https://www.41zero42.com/wp-content/uploads/2018/02/futura-slider10.jpg"", ""https://www.41zero42.com/wp-content/uploads/2018/02/futura-slider11.jpg"", ""https://www.41zero42.com/wp-content/uploads/2018/02/futura-slider12.jpg"", ""https://www.41zero42.com/wp-content/uploads/2018/02/futura-slider13.jpg"", ""https://www.41zero42.com/wp-content/uploads/2018/02/futura-slider14.jpg"", ""https://www.41zero42.com/wp-content/uploads/2018/02/futura-slider15.jpg"", ""https://www.41zero42.com/wp-content/uploads/2018/02/futura-slider16.jpg"", ""https://www.41zero42.com/wp-content/uploads/2018/02/futura-slider17.jpg"", ""https://www.41zero42.com/wp-content/uploads/2018/02/futura-slider18.jpg"", ""https://www.41zero42.com/wp-content/uploads/2018/02/futura-preview.jpg"", ""https://www.41zero42.com/wp-content/uploads/2018/02/futura-gallery02.jpg"", ""https://www.41zero42.com/wp-content/uploads/2018/02/futura-gallery01.jpg""]",[]
80055,80005,41Z-0622,Tubes,https://www.41zero42.com/collections/futura-eng/,"[""https://cdn.altrodesign.ro/products/futura-tubes.jpg"", ""https://www.41zero42.com/wp-content/uploads/2018/02/futura-slider01.jpg"", ""https://www.41zero42.com/wp-content/uploads/2018/02/futura-slider02.jpg"", ""https://www.41zero42.com/wp-content/uploads/2018/02/futura-slider03.jpg"", ""https://www.41zero42.com/wp-content/uploads/2018/02/futura-slider04.jpg"", ""https://www.41zero42.com/wp-content/uploads/2018/02/futura-slider05.jpg"", ""https://www.41zero42.com/wp-content/uploads/2018/02/futura-slider06.jpg"", ""https://www.41zero42.com/wp-content/uploads/2018/02/futura-slider07.jpg"", ""https://www.41zero42.com/wp-content/uploads/2018/02/futura-slider08.jpg"", ""https://www.41zero42.com/wp-content/uploads/2018/02/futura-slider09.jpg"", ""https://www.41zero42.com/wp-content/uploads/2018/02/futura-slider10.jpg"", ""https://www.41zero42.com/wp-content/uploads/2018/02/futura-slider11.jpg"", ""https://www.41zero42.com/wp-content/uploads/2018/02/futura-slider12.jpg"", ""https://www.41zero42.com/wp-content/uploads/2018/02/futura-slider13.jpg"", ""https://www.41zero42.com/wp-content/uploads/2018/02/futura-slider14.jpg"", ""https://www.41zero42.com/wp-content/uploads/2018/02/futura-slider15.jpg"", ""https://www.41zero42.com/wp-content/uploads/2018/02/futura-slider16.jpg"", ""https://www.41zero42.com/wp-content/uploads/2018/02/futura-slider17.jpg"", ""https://www.41zero42.com/wp-content/uploads/2018/02/futura-slider18.jpg"", ""https://www.41zero42.com/wp-content/uploads/2018/02/futura-preview.jpg"", ""https://www.41zero42.com/wp-content/uploads/2018/02/futura-gallery02.jpg"", ""https://www.41zero42.com/wp-content/uploads/2018/02/futura-gallery01.jpg""]",[]
80056,80005,41Z-0623,Microchip,https://www.41zero42.com/collections/futura-eng/,"[""https://cdn.altrodesign.ro/products/futura-microchip.jpg"", ""https://www.41zero42.com/wp-content/uploads/2018/02/futura-slider01.jpg"", ""https://www.41zero42.com/wp-content/uploads/2018/02/futura-slider02.jpg"", ""https://www.41zero42.com/wp-content/uploads/2018/02/futura-slider03.jpg"", ""https://www.41zero42.com/wp-content/uploads/2018/02/futura-slider04.jpg"", ""https://www.41zero42.com/wp-content/uploads/2018/02/futura-slider05.jpg"", ""https://www.41zero42.com/wp-content/uploads/2018/02/futura-slider06.jpg"", ""https://www.41zero42.com/wp-content/uploads/2018/02/futura-slider07.jpg"", ""https://www.41zero42.com/wp-content/uploads/2018/02/futura-slider08.jpg"", ""https://www.41zero42.com/wp-content/uploads/2018/02/futura-slider09.jpg"", ""https://www.41zero42.com/wp-content/uploads/2018/02/futura-slider10.jpg"", ""https://www.41zero42.com/wp-content/uploads/2018/02/futura-slider11.jpg"", ""https://www.41zero42.com/wp-content/uploads/2018/02/futura-slider12.jpg"", ""https://www.41zero42.com/wp-content/uploads/2018/02/futura-slider13.jpg"", ""https://www.41zero42.com/wp-content/uploads/2018/02/futura-slider14.jpg"", ""https://www.41zero42.com/wp-content/uploads/2018/02/futura-slider15.jpg"", ""https://www.41zero42.com/wp-content/uploads/2018/02/futura-slider16.jpg"", ""https://www.41zero42.com/wp-content/uploads/2018/02/futura-slider17.jpg"", ""https://www.41zero42.com/wp-content/uploads/2018/02/futura-slider18.jpg"", ""https://www.41zero42.com/wp-content/uploads/2018/02/futura-preview.jpg"", ""https://www.41zero42.com/wp-content/uploads/2018/02/futura-gallery02.jpg"", ""https://www.41zero42.com/wp-content/uploads/2018/02/futura-gallery01.jpg""]",[]
80057,80005,41Z-0624,Bird,https://www.41zero42.com/collections/futura-eng/,"[""https://cdn.altrodesign.ro/products/futura-bird.jpg"", ""https://www.41zero42.com/wp-content/uploads/2018/02/futura-slider01.jpg"", ""https://www.41zero42.com/wp-content/uploads/2018/02/futura-slider02.jpg"", ""https://www.41zero42.com/wp-content/uploads/2018/02/futura-slider03.jpg"", ""https://www.41zero42.com/wp-content/uploads/2018/02/futura-slider04.jpg"", ""https://www.41zero42.com/wp-content/uploads/2018/02/futura-slider05.jpg"", ""https://www.41zero42.com/wp-content/uploads/2018/02/futura-slider06.jpg"", ""https://www.41zero42.com/wp-content/uploads/2018/02/futura-slider07.jpg"", ""https://www.41zero42.com/wp-content/uploads/2018/02/futura-slider08.jpg"", ""https://www.41zero42.com/wp-content/uploads/2018/02/futura-slider09.jpg"", ""https://www.41zero42.com/wp-content/uploads/2018/02/futura-slider10.jpg"", ""https://www.41zero42.com/wp-content/uploads/2018/02/futura-slider11.jpg"", ""https://www.41zero42.com/wp-content/uploads/2018/02/futura-slider12.jpg"", ""https://www.41zero42.com/wp-content/uploads/2018/02/futura-slider13.jpg"", ""https://www.41zero42.com/wp-content/uploads/2018/02/futura-slider14.jpg"", ""https://www.41zero42.com/wp-content/uploads/2018/02/futura-slider15.jpg"", ""https://www.41zero42.com/wp-content/uploads/2018/02/futura-slider16.jpg"", ""https://www.41zero42.com/wp-content/uploads/2018/02/futura-slider17.jpg"", ""https://www.41zero42.com/wp-content/uploads/2018/02/futura-slider18.jpg"", ""https://www.41zero42.com/wp-content/uploads/2018/02/futura-preview.jpg"", ""https://www.41zero42.com/wp-content/uploads/2018/02/futura-gallery02.jpg"", ""https://www.41zero42.com/wp-content/uploads/2018/02/futura-gallery01.jpg""]",[]
80058,80006,41Z-0701,White,https://www.41zero42.com/collections/wigwag-eng/,"[""https://cdn.altrodesign.ro/products/wigwag-white.jpg"", ""https://www.41zero42.com/wp-content/uploads/2018/02/wigwag-slider01.jpg"", ""https://www.41zero42.com/wp-content/uploads/2018/02/wigwag-slider02.jpg"", ""https://www.41zero42.com/wp-content/uploads/2018/02/wigwag-preview.jpg"", ""https://www.41zero42.com/wp-content/uploads/2018/02/wigwag-gallery02.jpg"", ""https://www.41zero42.com/wp-content/uploads/2018/02/wigwag-gallery01.jpg""]",[]
80059,80006,41Z-0702,Grey,https://www.41zero42.com/collections/wigwag-eng/,"[""https://cdn.altrodesign.ro/products/wigwag-grey.jpg"", ""https://www.41zero42.com/wp-content/uploads/2018/02/wigwag-slider01.jpg"", ""https://www.41zero42.com/wp-content/uploads/2018/02/wigwag-slider02.jpg"", ""https://www.41zero42.com/wp-content/uploads/2018/02/wigwag-preview.jpg"", ""https://www.41zero42.com/wp-content/uploads/2018/02/wigwag-gallery02.jpg"", ""https://www.41zero42.com/wp-content/uploads/2018/02/wigwag-gallery01.jpg""]",[]
80060,80006,41Z-0703,Black,https://www.41zero42.com/collections/wigwag-eng/,"[""https://cdn.altrodesign.ro/products/wigwag-black.jpg"", ""https://www.41zero42.com/wp-content/uploads/2018/02/wigwag-slider01.jpg"", ""https://www.41zero42.com/wp-content/uploads/2018/02/wigwag-slider02.jpg"", ""https://www.41zero42.com/wp-content/uploads/2018/02/wigwag-preview.jpg"", ""https://www.41zero42.com/wp-content/uploads/2018/02/wigwag-gallery02.jpg"", ""https://www.41zero42.com/wp-content/uploads/2018/02/wigwag-gallery01.jpg""]",[]
80061,80006,41Z-0704,Mud,https://www.41zero42.com/collections/wigwag-eng/,"[""https://cdn.altrodesign.ro/products/wigwag-mud.jpg"", ""https://www.41zero42.com/wp-content/uploads/2018/02/wigwag-slider01.jpg"", ""https://www.41zero42.com/wp-content/uploads/2018/02/wigwag-slider02.jpg"", ""https://www.41zero42.com/wp-content/uploads/2018/02/wigwag-preview.jpg"", ""https://www.41zero42.com/wp-content/uploads/2018/02/wigwag-gallery02.jpg"", ""https://www.41zero42.com/wp-content/uploads/2018/02/wigwag-gallery01.jpg""]",[]
80062,80007,41Z-0801,Brick Lux Cotto,https://www.41zero42.com/collections/cosmo-eng/,"[""https://cdn.altrodesign.ro/products/cosmo-brick-lux-cotto.jpg"", ""https://www.41zero42.com/wp-content/uploads/2025/06/brick-matte-blu-nero-01.webp"", ""https://www.41zero42.com/wp-content/uploads/2025/06/brick-lux-verde-02.webp"", ""https://www.41zero42.com/wp-content/uploads/2025/06/brick-lux-verde-03.webp"", ""https://www.41zero42.com/wp-content/uploads/2025/06/brick-lux-verde-04.webp"", ""https://www.41zero42.com/wp-content/uploads/2025/06/brick-matte_lux-blu-nero-05.webp"", ""https://www.41zero42.com/wp-content/uploads/2025/06/brick-matte_lux-cotto-06.webp"", ""https://www.41zero42.com/wp-content/uploads/2025/06/brick-matte-cotto-07.webp"", ""https://www.41zero42.com/wp-content/uploads/2025/06/brick-matte-grigio-08.webp"", ""https://www.41zero42.com/wp-content/uploads/2025/06/brick-matte-grigio-09.webp"", ""https://www.41zero42.com/wp-content/uploads/2025/06/brick-matte-grigio-10.webp"", ""https://www.41zero42.com/wp-content/uploads/2025/06/brick-matte-verde-12.webp"", ""https://www.41zero42.com/wp-content/uploads/2025/06/micro-cosmo-bianco-13.webp"", ""https://www.41zero42.com/wp-content/uploads/2025/06/wall-brick-lux-grigio-floor-brick-matte-grigio-14.webp"", ""https://www.41zero42.com/wp-content/uploads/2025/07/cosmo-30.webp"", ""https://www.41zero42.com/wp-content/uploads/2025/06/wall-brick-lux-grigio-floor-brick-matte-grigio-15.webp"", ""https://www.41zero42.com/wp-content/uploads/2025/06/wall-brick-matte-cotto-table-brick-lux-cotto-16.webp""]",[]
80063,80007,41Z-0802,Brick Matte Cotto,https://www.41zero42.com/collections/cosmo-eng/,"[""https://cdn.altrodesign.ro/products/cosmo-brick-matte-cotto.jpg"", ""https://www.41zero42.com/wp-content/uploads/2025/06/brick-matte-blu-nero-01.webp"", ""https://www.41zero42.com/wp-content/uploads/2025/06/brick-lux-verde-02.webp"", ""https://www.41zero42.com/wp-content/uploads/2025/06/brick-lux-verde-03.webp"", ""https://www.41zero42.com/wp-content/uploads/2025/06/brick-lux-verde-04.webp"", ""https://www.41zero42.com/wp-content/uploads/2025/06/brick-matte_lux-blu-nero-05.webp"", ""https://www.41zero42.com/wp-content/uploads/2025/06/brick-matte_lux-cotto-06.webp"", ""https://www.41zero42.com/wp-content/uploads/2025/06/brick-matte-cotto-07.webp"", ""https://www.41zero42.com/wp-content/uploads/2025/06/brick-matte-grigio-08.webp"", ""https://www.41zero42.com/wp-content/uploads/2025/06/brick-matte-grigio-09.webp"", ""https://www.41zero42.com/wp-content/uploads/2025/06/brick-matte-grigio-10.webp"", ""https://www.41zero42.com/wp-content/uploads/2025/06/brick-matte-verde-12.webp"", ""https://www.41zero42.com/wp-content/uploads/2025/06/micro-cosmo-bianco-13.webp"", ""https://www.41zero42.com/wp-content/uploads/2025/06/wall-brick-lux-grigio-floor-brick-matte-grigio-14.webp"", ""https://www.41zero42.com/wp-content/uploads/2025/07/cosmo-30.webp"", ""https://www.41zero42.com/wp-content/uploads/2025/06/wall-brick-lux-grigio-floor-brick-matte-grigio-15.webp"", ""https://www.41zero42.com/wp-content/uploads/2025/06/wall-brick-matte-cotto-table-brick-lux-cotto-16.webp""]",[]
80064,80007,41Z-0803,Brick Lux Blu,https://www.41zero42.com/collections/cosmo-eng/,"[""https://cdn.altrodesign.ro/products/cosmo-brick-lux-blu.jpg"", ""https://www.41zero42.com/wp-content/uploads/2025/06/brick-matte-blu-nero-01.webp"", ""https://www.41zero42.com/wp-content/uploads/2025/06/brick-lux-verde-02.webp"", ""https://www.41zero42.com/wp-content/uploads/2025/06/brick-lux-verde-03.webp"", ""https://www.41zero42.com/wp-content/uploads/2025/06/brick-lux-verde-04.webp"", ""https://www.41zero42.com/wp-content/uploads/2025/06/brick-matte_lux-blu-nero-05.webp"", ""https://www.41zero42.com/wp-content/uploads/2025/06/brick-matte_lux-cotto-06.webp"", ""https://www.41zero42.com/wp-content/uploads/2025/06/brick-matte-cotto-07.webp"", ""https://www.41zero42.com/wp-content/uploads/2025/06/brick-matte-grigio-08.webp"", ""https://www.41zero42.com/wp-content/uploads/2025/06/brick-matte-grigio-09.webp"", ""https://www.41zero42.com/wp-content/uploads/2025/06/brick-matte-grigio-10.webp"", ""https://www.41zero42.com/wp-content/uploads/2025/06/brick-matte-verde-12.webp"", ""https://www.41zero42.com/wp-content/uploads/2025/06/micro-cosmo-bianco-13.webp"", ""https://www.41zero42.com/wp-content/uploads/2025/06/wall-brick-lux-grigio-floor-brick-matte-grigio-14.webp"", ""https://www.41zero42.com/wp-content/uploads/2025/07/cosmo-30.webp"", ""https://www.41zero42.com/wp-content/uploads/2025/06/wall-brick-lux-grigio-floor-brick-matte-grigio-15.webp"", ""https://www.41zero42.com/wp-content/uploads/2025/06/wall-brick-matte-cotto-table-brick-lux-cotto-16.webp""]",[]
80065,80007,41Z-0804,Brick Matte Blu,https://www.41zero42.com/collections/cosmo-eng/,"[""https://cdn.altrodesign.ro/products/cosmo-brick-matte-blu.jpg"", ""https://www.41zero42.com/wp-content/uploads/2025/06/brick-matte-blu-nero-01.webp"", ""https://www.41zero42.com/wp-content/uploads/2025/06/brick-lux-verde-02.webp"", ""https://www.41zero42.com/wp-content/uploads/2025/06/brick-lux-verde-03.webp"", ""https://www.41zero42.com/wp-content/uploads/2025/06/brick-lux-verde-04.webp"", ""https://www.41zero42.com/wp-content/uploads/2025/06/brick-matte_lux-blu-nero-05.webp"", ""https://www.41zero42.com/wp-content/uploads/2025/06/brick-matte_lux-cotto-06.webp"", ""https://www.41zero42.com/wp-content/uploads/2025/06/brick-matte-cotto-07.webp"", ""https://www.41zero42.com/wp-content/uploads/2025/06/brick-matte-grigio-08.webp"", ""https://www.41zero42.com/wp-content/uploads/2025/06/brick-matte-grigio-09.webp"", ""https://www.41zero42.com/wp-content/uploads/2025/06/brick-matte-grigio-10.webp"", ""https://www.41zero42.com/wp-content/uploads/2025/06/brick-matte-verde-12.webp"", ""https://www.41zero42.com/wp-content/uploads/2025/06/micro-cosmo-bianco-13.webp"", ""https://www.41zero42.com/wp-content/uploads/2025/06/wall-brick-lux-grigio-floor-brick-matte-grigio-14.webp"", ""https://www.41zero42.com/wp-content/uploads/2025/07/cosmo-30.webp"", ""https://www.41zero42.com/wp-content/uploads/2025/06/wall-brick-lux-grigio-floor-brick-matte-grigio-15.webp"", ""https://www.41zero42.com/wp-content/uploads/2025/06/wall-brick-matte-cotto-table-brick-lux-cotto-16.webp""]",[]
80066,80007,41Z-0805,Brick Lux Grigio,https://www.41zero42.com/collections/cosmo-eng/,"[""https://cdn.altrodesign.ro/products/cosmo-brick-lux-grigio.jpg"", ""https://www.41zero42.com/wp-content/uploads/2025/06/brick-matte-blu-nero-01.webp"", ""https://www.41zero42.com/wp-content/uploads/2025/06/brick-lux-verde-02.webp"", ""https://www.41zero42.com/wp-content/uploads/2025/06/brick-lux-verde-03.webp"", ""https://www.41zero42.com/wp-content/uploads/2025/06/brick-lux-verde-04.webp"", ""https://www.41zero42.com/wp-content/uploads/2025/06/brick-matte_lux-blu-nero-05.webp"", ""https://www.41zero42.com/wp-content/uploads/2025/06/brick-matte_lux-cotto-06.webp"", ""https://www.41zero42.com/wp-content/uploads/2025/06/brick-matte-cotto-07.webp"", ""https://www.41zero42.com/wp-content/uploads/2025/06/brick-matte-grigio-08.webp"", ""https://www.41zero42.com/wp-content/uploads/2025/06/brick-matte-grigio-09.webp"", ""https://www.41zero42.com/wp-content/uploads/2025/06/brick-matte-grigio-10.webp"", ""https://www.41zero42.com/wp-content/uploads/2025/06/brick-matte-verde-12.webp"", ""https://www.41zero42.com/wp-content/uploads/2025/06/micro-cosmo-bianco-13.webp"", ""https://www.41zero42.com/wp-content/uploads/2025/06/wall-brick-lux-grigio-floor-brick-matte-grigio-14.webp"", ""https://www.41zero42.com/wp-content/uploads/2025/07/cosmo-30.webp"", ""https://www.41zero42.com/wp-content/uploads/2025/06/wall-brick-lux-grigio-floor-brick-matte-grigio-15.webp"", ""https://www.41zero42.com/wp-content/uploads/2025/06/wall-brick-matte-cotto-table-brick-lux-cotto-16.webp""]",[]
80067,80007,41Z-0806,Brick Matte Grigio,https://www.41zero42.com/collections/cosmo-eng/,"[""https://cdn.altrodesign.ro/products/cosmo-brick-matte-grigio.jpg"", ""https://www.41zero42.com/wp-content/uploads/2025/06/brick-matte-blu-nero-01.webp"", ""https://www.41zero42.com/wp-content/uploads/2025/06/brick-lux-verde-02.webp"", ""https://www.41zero42.com/wp-content/uploads/2025/06/brick-lux-verde-03.webp"", ""https://www.41zero42.com/wp-content/uploads/2025/06/brick-lux-verde-04.webp"", ""https://www.41zero42.com/wp-content/uploads/2025/06/brick-matte_lux-blu-nero-05.webp"", ""https://www.41zero42.com/wp-content/uploads/2025/06/brick-matte_lux-cotto-06.webp"", ""https://www.41zero42.com/wp-content/uploads/2025/06/brick-matte-cotto-07.webp"", ""https://www.41zero42.com/wp-content/uploads/2025/06/brick-matte-grigio-08.webp"", ""https://www.41zero42.com/wp-content/uploads/2025/06/brick-matte-grigio-09.webp"", ""https://www.41zero42.com/wp-content/uploads/2025/06/brick-matte-grigio-10.webp"", ""https://www.41zero42.com/wp-content/uploads/2025/06/brick-matte-verde-12.webp"", ""https://www.41zero42.com/wp-content/uploads/2025/06/micro-cosmo-bianco-13.webp"", ""https://www.41zero42.com/wp-content/uploads/2025/06/wall-brick-lux-grigio-floor-brick-matte-grigio-14.webp"", ""https://www.41zero42.com/wp-content/uploads/2025/07/cosmo-30.webp"", ""https://www.41zero42.com/wp-content/uploads/2025/06/wall-brick-lux-grigio-floor-brick-matte-grigio-15.webp"", ""https://www.41zero42.com/wp-content/uploads/2025/06/wall-brick-matte-cotto-table-brick-lux-cotto-16.webp""]",[]
80068,80007,41Z-0807,Brick Lux Verde,https://www.41zero42.com/collections/cosmo-eng/,"[""https://cdn.altrodesign.ro/products/cosmo-brick-lux-verde.jpg"", ""https://www.41zero42.com/wp-content/uploads/2025/06/brick-matte-blu-nero-01.webp"", ""https://www.41zero42.com/wp-content/uploads/2025/06/brick-lux-verde-02.webp"", ""https://www.41zero42.com/wp-content/uploads/2025/06/brick-lux-verde-03.webp"", ""https://www.41zero42.com/wp-content/uploads/2025/06/brick-lux-verde-04.webp"", ""https://www.41zero42.com/wp-content/uploads/2025/06/brick-matte_lux-blu-nero-05.webp"", ""https://www.41zero42.com/wp-content/uploads/2025/06/brick-matte_lux-cotto-06.webp"", ""https://www.41zero42.com/wp-content/uploads/2025/06/brick-matte-cotto-07.webp"", ""https://www.41zero42.com/wp-content/uploads/2025/06/brick-matte-grigio-08.webp"", ""https://www.41zero42.com/wp-content/uploads/2025/06/brick-matte-grigio-09.webp"", ""https://www.41zero42.com/wp-content/uploads/2025/06/brick-matte-grigio-10.webp"", ""https://www.41zero42.com/wp-content/uploads/2025/06/brick-matte-verde-12.webp"", ""https://www.41zero42.com/wp-content/uploads/2025/06/micro-cosmo-bianco-13.webp"", ""https://www.41zero42.com/wp-content/uploads/2025/06/wall-brick-lux-grigio-floor-brick-matte-grigio-14.webp"", ""https://www.41zero42.com/wp-content/uploads/2025/07/cosmo-30.webp"", ""https://www.41zero42.com/wp-content/uploads/2025/06/wall-brick-lux-grigio-floor-brick-matte-grigio-15.webp"", ""https://www.41zero42.com/wp-content/uploads/2025/06/wall-brick-matte-cotto-table-brick-lux-cotto-16.webp""]",[]
80069,80007,41Z-0808,Brick Matte Verde,https://www.41zero42.com/collections/cosmo-eng/,"[""https://cdn.altrodesign.ro/products/cosmo-brick-matte-verde.jpg"", ""https://www.41zero42.com/wp-content/uploads/2025/06/brick-matte-blu-nero-01.webp"", ""https://www.41zero42.com/wp-content/uploads/2025/06/brick-lux-verde-02.webp"", ""https://www.41zero42.com/wp-content/uploads/2025/06/brick-lux-verde-03.webp"", ""https://www.41zero42.com/wp-content/uploads/2025/06/brick-lux-verde-04.webp"", ""https://www.41zero42.com/wp-content/uploads/2025/06/brick-matte_lux-blu-nero-05.webp"", ""https://www.41zero42.com/wp-content/uploads/2025/06/brick-matte_lux-cotto-06.webp"", ""https://www.41zero42.com/wp-content/uploads/2025/06/brick-matte-cotto-07.webp"", ""https://www.41zero42.com/wp-content/uploads/2025/06/brick-matte-grigio-08.webp"", ""https://www.41zero42.com/wp-content/uploads/2025/06/brick-matte-grigio-09.webp"", ""https://www.41zero42.com/wp-content/uploads/2025/06/brick-matte-grigio-10.webp"", ""https://www.41zero42.com/wp-content/uploads/2025/06/brick-matte-verde-12.webp"", ""https://www.41zero42.com/wp-content/uploads/2025/06/micro-cosmo-bianco-13.webp"", ""https://www.41zero42.com/wp-content/uploads/2025/06/wall-brick-lux-grigio-floor-brick-matte-grigio-14.webp"", ""https://www.41zero42.com/wp-content/uploads/2025/07/cosmo-30.webp"", ""https://www.41zero42.com/wp-content/uploads/2025/06/wall-brick-lux-grigio-floor-brick-matte-grigio-15.webp"", ""https://www.41zero42.com/wp-content/uploads/2025/06/wall-brick-matte-cotto-table-brick-lux-cotto-16.webp""]",[]
80070,80007,41Z-0809,Brick Lux Nero,https://www.41zero42.com/collections/cosmo-eng/,"[""https://cdn.altrodesign.ro/products/cosmo-brick-lux-nero.jpg"", ""https://www.41zero42.com/wp-content/uploads/2025/06/brick-matte-blu-nero-01.webp"", ""https://www.41zero42.com/wp-content/uploads/2025/06/brick-lux-verde-02.webp"", ""https://www.41zero42.com/wp-content/uploads/2025/06/brick-lux-verde-03.webp"", ""https://www.41zero42.com/wp-content/uploads/2025/06/brick-lux-verde-04.webp"", ""https://www.41zero42.com/wp-content/uploads/2025/06/brick-matte_lux-blu-nero-05.webp"", ""https://www.41zero42.com/wp-content/uploads/2025/06/brick-matte_lux-cotto-06.webp"", ""https://www.41zero42.com/wp-content/uploads/2025/06/brick-matte-cotto-07.webp"", ""https://www.41zero42.com/wp-content/uploads/2025/06/brick-matte-grigio-08.webp"", ""https://www.41zero42.com/wp-content/uploads/2025/06/brick-matte-grigio-09.webp"", ""https://www.41zero42.com/wp-content/uploads/2025/06/brick-matte-grigio-10.webp"", ""https://www.41zero42.com/wp-content/uploads/2025/06/brick-matte-verde-12.webp"", ""https://www.41zero42.com/wp-content/uploads/2025/06/micro-cosmo-bianco-13.webp"", ""https://www.41zero42.com/wp-content/uploads/2025/06/wall-brick-lux-grigio-floor-brick-matte-grigio-14.webp"", ""https://www.41zero42.com/wp-content/uploads/2025/07/cosmo-30.webp"", ""https://www.41zero42.com/wp-content/uploads/2025/06/wall-brick-lux-grigio-floor-brick-matte-grigio-15.webp"", ""https://www.41zero42.com/wp-content/uploads/2025/06/wall-brick-matte-cotto-table-brick-lux-cotto-16.webp""]",[]
80071,80007,41Z-0810,Brick Matte Nero,https://www.41zero42.com/collections/cosmo-eng/,"[""https://cdn.altrodesign.ro/products/cosmo-brick-matte-nero.jpg"", ""https://www.41zero42.com/wp-content/uploads/2025/06/brick-matte-blu-nero-01.webp"", ""https://www.41zero42.com/wp-content/uploads/2025/06/brick-lux-verde-02.webp"", ""https://www.41zero42.com/wp-content/uploads/2025/06/brick-lux-verde-03.webp"", ""https://www.41zero42.com/wp-content/uploads/2025/06/brick-lux-verde-04.webp"", ""https://www.41zero42.com/wp-content/uploads/2025/06/brick-matte_lux-blu-nero-05.webp"", ""https://www.41zero42.com/wp-content/uploads/2025/06/brick-matte_lux-cotto-06.webp"", ""https://www.41zero42.com/wp-content/uploads/2025/06/brick-matte-cotto-07.webp"", ""https://www.41zero42.com/wp-content/uploads/2025/06/brick-matte-grigio-08.webp"", ""https://www.41zero42.com/wp-content/uploads/2025/06/brick-matte-grigio-09.webp"", ""https://www.41zero42.com/wp-content/uploads/2025/06/brick-matte-grigio-10.webp"", ""https://www.41zero42.com/wp-content/uploads/2025/06/brick-matte-verde-12.webp"", ""https://www.41zero42.com/wp-content/uploads/2025/06/micro-cosmo-bianco-13.webp"", ""https://www.41zero42.com/wp-content/uploads/2025/06/wall-brick-lux-grigio-floor-brick-matte-grigio-14.webp"", ""https://www.41zero42.com/wp-content/uploads/2025/07/cosmo-30.webp"", ""https://www.41zero42.com/wp-content/uploads/2025/06/wall-brick-lux-grigio-floor-brick-matte-grigio-15.webp"", ""https://www.41zero42.com/wp-content/uploads/2025/06/wall-brick-matte-cotto-table-brick-lux-cotto-16.webp""]",[]
80072,80008,41Z-41042_4100799,Red,https://www.41zero42.com/collections/pixel41-en/,"[""https://cdn.altrodesign.ro/products/pixel41-red.jpg"", ""https://www.41zero42.com/wp-content/uploads/2021/02/41Zero42_Pixel_39_11.jpg"", ""https://www.41zero42.com/wp-content/uploads/2021/04/41Zero42_Pixel_39_03.jpg"", ""https://www.41zero42.com/wp-content/uploads/2021/04/41Zero42_Pixel_39_02.jpg"", ""https://www.41zero42.com/wp-content/uploads/2021/04/41Zero42_Pixel_39_10.jpg"", ""https://www.41zero42.com/wp-content/uploads/2021/04/41Zero42_45_Pixel_01_v3.jpg"", ""https://www.41zero42.com/wp-content/uploads/2021/04/41Zero42_Pixel_45_04.jpg"", ""https://www.41zero42.com/wp-content/uploads/2021/04/41Zero42_Pixel_45_05.jpg"", ""https://www.41zero42.com/wp-content/uploads/2021/04/41Zero42_Pixel_36_04.jpg"", ""https://www.41zero42.com/wp-content/uploads/2021/04/41Zero42_Pixel_36_03.jpg"", ""https://www.41zero42.com/wp-content/uploads/2021/04/41Zero42_Pixel_36_02.jpg"", ""https://www.41zero42.com/wp-content/uploads/2021/04/41Zero42_32_Pixel_02_bis.jpg"", ""https://www.41zero42.com/wp-content/uploads/2021/04/41Zero42_32_Pixel_06_bis.jpg"", ""https://www.41zero42.com/wp-content/uploads/2021/04/41Zero42_32_Pixel_04_bis.jpg"", ""https://www.41zero42.com/wp-content/uploads/2021/04/41Zero42_32_Pixel_03_bis.jpg"", ""https://www.41zero42.com/wp-content/uploads/2021/04/41Zero42_Pixel_30_18.jpg"", ""https://www.41zero42.com/wp-content/uploads/2021/04/41Zero42_Pixel_30_14.jpg"", ""https://www.41zero42.com/wp-content/uploads/2021/04/41Zero42_Pixel_30_22.jpg"", ""https://www.41zero42.com/wp-content/uploads/2021/04/41Zero42_Pixel_30_21.jpg"", ""https://www.41zero42.com/wp-content/uploads/2021/04/41Zero42_Pixel_30_17.jpg"", ""https://www.41zero42.com/wp-content/uploads/2021/04/41Zero42_Pixel_49_01.jpg"", ""https://www.41zero42.com/wp-content/uploads/2021/04/41Zero42_Pixel_49_02.jpg"", ""https://www.41zero42.com/wp-content/uploads/2021/04/41Zero42_Pixel_49_03.jpg"", ""https://www.41zero42.com/wp-content/uploads/2021/04/41Zero42_Pixel_49_06.jpg"", ""https://www.41zero42.com/wp-content/uploads/2021/04/41Zero42_Pixel_07_14.jpg"", ""https://www.41zero42.com/wp-content/uploads/2021/04/41Zero42_Pixel_07_09.jpg"", ""https://www.41zero42.com/wp-content/uploads/2021/04/41Zero42_Pixel_07_10.jpg"", ""https://www.41zero42.com/wp-content/uploads/2021/04/41Zero42_Pixel_07_13.jpg"", ""https://www.41zero42.com/wp-content/uploads/2021/04/41Zero42_Pixel_22_04.jpg"", ""https://www.41zero42.com/wp-content/uploads/2021/04/41Zero42_Pixel_22_06.jpg"", ""https://www.41zero42.com/wp-content/uploads/2021/04/41Zero42_Pixel_22_05.jpg"", ""https://www.41zero42.com/wp-content/uploads/2021/04/41Zero42_Pixel_22_02.jpg"", ""https://www.41zero42.com/wp-content/uploads/2021/04/41Zero42_Pixel_14_08_v2.jpg"", ""https://www.41zero42.com/wp-content/uploads/2021/04/41Zero42_Pixel_14_06_v3.jpg"", ""https://www.41zero42.com/wp-content/uploads/2021/04/41Zero42_Pixel_14_04.jpg"", ""https://www.41zero42.com/wp-content/uploads/2021/04/41Zero42_Pixel_14_05.jpg"", ""https://www.41zero42.com/wp-content/uploads/2021/04/41Zero42_Pixel_48_07.jpg"", ""https://www.41zero42.com/wp-content/uploads/2021/04/41Zero42_Pixel_48_09.jpg"", ""https://www.41zero42.com/wp-content/uploads/2021/04/41Zero_42_Pixel_48_01.jpg"", ""https://www.41zero42.com/wp-content/uploads/2021/04/41Zero42_Pixel_49_05.jpg"", ""https://www.41zero42.com/wp-content/uploads/2021/04/41Zero42_Pixel_50_04.jpg"", ""https://www.41zero42.com/wp-content/uploads/2021/04/41Zero42_Pixel_50_03.jpg"", ""https://www.41zero42.com/wp-content/uploads/2021/04/41Zero42_Pixel_27_02.jpg"", ""https://www.41zero42.com/wp-content/uploads/2021/04/41Zero42_27_Pixel_05.jpg"", ""https://www.41zero42.com/wp-content/uploads/2021/04/41Zero42_Pixel_16_001.jpg"", ""https://www.41zero42.com/wp-content/uploads/2021/04/41Zero42_Pixel_16_016.jpg"", ""https://www.41zero42.com/wp-content/uploads/2021/04/41Zero42_Pixel_16_023.jpg"", ""https://www.41zero42.com/wp-content/uploads/2021/04/41Zero42_Pixel_31_02.jpg""]",[]
80073,80008,41Z-41042_4100800,Lobster,https://www.41zero42.com/collections/pixel41-en/,"[""https://cdn.altrodesign.ro/products/pixel41-lobster.jpg"", ""https://www.41zero42.com/wp-content/uploads/2021/02/41Zero42_Pixel_39_11.jpg"", ""https://www.41zero42.com/wp-content/uploads/2021/04/41Zero42_Pixel_39_03.jpg"", ""https://www.41zero42.com/wp-content/uploads/2021/04/41Zero42_Pixel_39_02.jpg"", ""https://www.41zero42.com/wp-content/uploads/2021/04/41Zero42_Pixel_39_10.jpg"", ""https://www.41zero42.com/wp-content/uploads/2021/04/41Zero42_45_Pixel_01_v3.jpg"", ""https://www.41zero42.com/wp-content/uploads/2021/04/41Zero42_Pixel_45_04.jpg"", ""https://www.41zero42.com/wp-content/uploads/2021/04/41Zero42_Pixel_45_05.jpg"", ""https://www.41zero42.com/wp-content/uploads/2021/04/41Zero42_Pixel_36_04.jpg"", ""https://www.41zero42.com/wp-content/uploads/2021/04/41Zero42_Pixel_36_03.jpg"", ""https://www.41zero42.com/wp-content/uploads/2021/04/41Zero42_Pixel_36_02.jpg"", ""https://www.41zero42.com/wp-content/uploads/2021/04/41Zero42_32_Pixel_02_bis.jpg"", ""https://www.41zero42.com/wp-content/uploads/2021/04/41Zero42_32_Pixel_06_bis.jpg"", ""https://www.41zero42.com/wp-content/uploads/2021/04/41Zero42_32_Pixel_04_bis.jpg"", ""https://www.41zero42.com/wp-content/uploads/2021/04/41Zero42_32_Pixel_03_bis.jpg"", ""https://www.41zero42.com/wp-content/uploads/2021/04/41Zero42_Pixel_30_18.jpg"", ""https://www.41zero42.com/wp-content/uploads/2021/04/41Zero42_Pixel_30_14.jpg"", ""https://www.41zero42.com/wp-content/uploads/2021/04/41Zero42_Pixel_30_22.jpg"", ""https://www.41zero42.com/wp-content/uploads/2021/04/41Zero42_Pixel_30_21.jpg"", ""https://www.41zero42.com/wp-content/uploads/2021/04/41Zero42_Pixel_30_17.jpg"", ""https://www.41zero42.com/wp-content/uploads/2021/04/41Zero42_Pixel_49_01.jpg"", ""https://www.41zero42.com/wp-content/uploads/2021/04/41Zero42_Pixel_49_02.jpg"", ""https://www.41zero42.com/wp-content/uploads/2021/04/41Zero42_Pixel_49_03.jpg"", ""https://www.41zero42.com/wp-content/uploads/2021/04/41Zero42_Pixel_49_06.jpg"", ""https://www.41zero42.com/wp-content/uploads/2021/04/41Zero42_Pixel_07_14.jpg"", ""https://www.41zero42.com/wp-content/uploads/2021/04/41Zero42_Pixel_07_09.jpg"", ""https://www.41zero42.com/wp-content/uploads/2021/04/41Zero42_Pixel_07_10.jpg"", ""https://www.41zero42.com/wp-content/uploads/2021/04/41Zero42_Pixel_07_13.jpg"", ""https://www.41zero42.com/wp-content/uploads/2021/04/41Zero42_Pixel_22_04.jpg"", ""https://www.41zero42.com/wp-content/uploads/2021/04/41Zero42_Pixel_22_06.jpg"", ""https://www.41zero42.com/wp-content/uploads/2021/04/41Zero42_Pixel_22_05.jpg"", ""https://www.41zero42.com/wp-content/uploads/2021/04/41Zero42_Pixel_22_02.jpg"", ""https://www.41zero42.com/wp-content/uploads/2021/04/41Zero42_Pixel_14_08_v2.jpg"", ""https://www.41zero42.com/wp-content/uploads/2021/04/41Zero42_Pixel_14_06_v3.jpg"", ""https://www.41zero42.com/wp-content/uploads/2021/04/41Zero42_Pixel_14_04.jpg"", ""https://www.41zero42.com/wp-content/uploads/2021/04/41Zero42_Pixel_14_05.jpg"", ""https://www.41zero42.com/wp-content/uploads/2021/04/41Zero42_Pixel_48_07.jpg"", ""https://www.41zero42.com/wp-content/uploads/2021/04/41Zero42_Pixel_48_09.jpg"", ""https://www.41zero42.com/wp-content/uploads/2021/04/41Zero_42_Pixel_48_01.jpg"", ""https://www.41zero42.com/wp-content/uploads/2021/04/41Zero42_Pixel_49_05.jpg"", ""https://www.41zero42.com/wp-content/uploads/2021/04/41Zero42_Pixel_50_04.jpg"", ""https://www.41zero42.com/wp-content/uploads/2021/04/41Zero42_Pixel_50_03.jpg"", ""https://www.41zero42.com/wp-content/uploads/2021/04/41Zero42_Pixel_27_02.jpg"", ""https://www.41zero42.com/wp-content/uploads/2021/04/41Zero42_27_Pixel_05.jpg"", ""https://www.41zero42.com/wp-content/uploads/2021/04/41Zero42_Pixel_16_001.jpg"", ""https://www.41zero42.com/wp-content/uploads/2021/04/41Zero42_Pixel_16_016.jpg"", ""https://www.41zero42.com/wp-content/uploads/2021/04/41Zero42_Pixel_16_023.jpg"", ""https://www.41zero42.com/wp-content/uploads/2021/04/41Zero42_Pixel_31_02.jpg""]",[]
80074,80008,41Z-41042_4100801,Coral,https://www.41zero42.com/collections/pixel41-en/,"[""https://cdn.altrodesign.ro/products/pixel41-coral.jpg"", ""https://www.41zero42.com/wp-content/uploads/2021/02/41Zero42_Pixel_39_11.jpg"", ""https://www.41zero42.com/wp-content/uploads/2021/04/41Zero42_Pixel_39_03.jpg"", ""https://www.41zero42.com/wp-content/uploads/2021/04/41Zero42_Pixel_39_02.jpg"", ""https://www.41zero42.com/wp-content/uploads/2021/04/41Zero42_Pixel_39_10.jpg"", ""https://www.41zero42.com/wp-content/uploads/2021/04/41Zero42_45_Pixel_01_v3.jpg"", ""https://www.41zero42.com/wp-content/uploads/2021/04/41Zero42_Pixel_45_04.jpg"", ""https://www.41zero42.com/wp-content/uploads/2021/04/41Zero42_Pixel_45_05.jpg"", ""https://www.41zero42.com/wp-content/uploads/2021/04/41Zero42_Pixel_36_04.jpg"", ""https://www.41zero42.com/wp-content/uploads/2021/04/41Zero42_Pixel_36_03.jpg"", ""https://www.41zero42.com/wp-content/uploads/2021/04/41Zero42_Pixel_36_02.jpg"", ""https://www.41zero42.com/wp-content/uploads/2021/04/41Zero42_32_Pixel_02_bis.jpg"", ""https://www.41zero42.com/wp-content/uploads/2021/04/41Zero42_32_Pixel_06_bis.jpg"", ""https://www.41zero42.com/wp-content/uploads/2021/04/41Zero42_32_Pixel_04_bis.jpg"", ""https://www.41zero42.com/wp-content/uploads/2021/04/41Zero42_32_Pixel_03_bis.jpg"", ""https://www.41zero42.com/wp-content/uploads/2021/04/41Zero42_Pixel_30_18.jpg"", ""https://www.41zero42.com/wp-content/uploads/2021/04/41Zero42_Pixel_30_14.jpg"", ""https://www.41zero42.com/wp-content/uploads/2021/04/41Zero42_Pixel_30_22.jpg"", ""https://www.41zero42.com/wp-content/uploads/2021/04/41Zero42_Pixel_30_21.jpg"", ""https://www.41zero42.com/wp-content/uploads/2021/04/41Zero42_Pixel_30_17.jpg"", ""https://www.41zero42.com/wp-content/uploads/2021/04/41Zero42_Pixel_49_01.jpg"", ""https://www.41zero42.com/wp-content/uploads/2021/04/41Zero42_Pixel_49_02.jpg"", ""https://www.41zero42.com/wp-content/uploads/2021/04/41Zero42_Pixel_49_03.jpg"", ""https://www.41zero42.com/wp-content/uploads/2021/04/41Zero42_Pixel_49_06.jpg"", ""https://www.41zero42.com/wp-content/uploads/2021/04/41Zero42_Pixel_07_14.jpg"", ""https://www.41zero42.com/wp-content/uploads/2021/04/41Zero42_Pixel_07_09.jpg"", ""https://www.41zero42.com/wp-content/uploads/2021/04/41Zero42_Pixel_07_10.jpg"", ""https://www.41zero42.com/wp-content/uploads/2021/04/41Zero42_Pixel_07_13.jpg"", ""https://www.41zero42.com/wp-content/uploads/2021/04/41Zero42_Pixel_22_04.jpg"", ""https://www.41zero42.com/wp-content/uploads/2021/04/41Zero42_Pixel_22_06.jpg"", ""https://www.41zero42.com/wp-content/uploads/2021/04/41Zero42_Pixel_22_05.jpg"", ""https://www.41zero42.com/wp-content/uploads/2021/04/41Zero42_Pixel_22_02.jpg"", ""https://www.41zero42.com/wp-content/uploads/2021/04/41Zero42_Pixel_14_08_v2.jpg"", ""https://www.41zero42.com/wp-content/uploads/2021/04/41Zero42_Pixel_14_06_v3.jpg"", ""https://www.41zero42.com/wp-content/uploads/2021/04/41Zero42_Pixel_14_04.jpg"", ""https://www.41zero42.com/wp-content/uploads/2021/04/41Zero42_Pixel_14_05.jpg"", ""https://www.41zero42.com/wp-content/uploads/2021/04/41Zero42_Pixel_48_07.jpg"", ""https://www.41zero42.com/wp-content/uploads/2021/04/41Zero42_Pixel_48_09.jpg"", ""https://www.41zero42.com/wp-content/uploads/2021/04/41Zero_42_Pixel_48_01.jpg"", ""https://www.41zero42.com/wp-content/uploads/2021/04/41Zero42_Pixel_49_05.jpg"", ""https://www.41zero42.com/wp-content/uploads/2021/04/41Zero42_Pixel_50_04.jpg"", ""https://www.41zero42.com/wp-content/uploads/2021/04/41Zero42_Pixel_50_03.jpg"", ""https://www.41zero42.com/wp-content/uploads/2021/04/41Zero42_Pixel_27_02.jpg"", ""https://www.41zero42.com/wp-content/uploads/2021/04/41Zero42_27_Pixel_05.jpg"", ""https://www.41zero42.com/wp-content/uploads/2021/04/41Zero42_Pixel_16_001.jpg"", ""https://www.41zero42.com/wp-content/uploads/2021/04/41Zero42_Pixel_16_016.jpg"", ""https://www.41zero42.com/wp-content/uploads/2021/04/41Zero42_Pixel_16_023.jpg"", ""https://www.41zero42.com/wp-content/uploads/2021/04/41Zero42_Pixel_31_02.jpg""]",[]
80075,80008,41Z-4100802,Bordeaux,https://www.41zero42.com/collections/pixel41-en/,"[""https://cdn.altrodesign.ro/products/pixel41-bordeaux.jpg"", ""https://www.41zero42.com/wp-content/uploads/2021/02/41Zero42_Pixel_39_11.jpg"", ""https://www.41zero42.com/wp-content/uploads/2021/04/41Zero42_Pixel_39_03.jpg"", ""https://www.41zero42.com/wp-content/uploads/2021/04/41Zero42_Pixel_39_02.jpg"", ""https://www.41zero42.com/wp-content/uploads/2021/04/41Zero42_Pixel_39_10.jpg"", ""https://www.41zero42.com/wp-content/uploads/2021/04/41Zero42_45_Pixel_01_v3.jpg"", ""https://www.41zero42.com/wp-content/uploads/2021/04/41Zero42_Pixel_45_04.jpg"", ""https://www.41zero42.com/wp-content/uploads/2021/04/41Zero42_Pixel_45_05.jpg"", ""https://www.41zero42.com/wp-content/uploads/2021/04/41Zero42_Pixel_36_04.jpg"", ""https://www.41zero42.com/wp-content/uploads/2021/04/41Zero42_Pixel_36_03.jpg"", ""https://www.41zero42.com/wp-content/uploads/2021/04/41Zero42_Pixel_36_02.jpg"", ""https://www.41zero42.com/wp-content/uploads/2021/04/41Zero42_32_Pixel_02_bis.jpg"", ""https://www.41zero42.com/wp-content/uploads/2021/04/41Zero42_32_Pixel_06_bis.jpg"", ""https://www.41zero42.com/wp-content/uploads/2021/04/41Zero42_32_Pixel_04_bis.jpg"", ""https://www.41zero42.com/wp-content/uploads/2021/04/41Zero42_32_Pixel_03_bis.jpg"", ""https://www.41zero42.com/wp-content/uploads/2021/04/41Zero42_Pixel_30_18.jpg"", ""https://www.41zero42.com/wp-content/uploads/2021/04/41Zero42_Pixel_30_14.jpg"", ""https://www.41zero42.com/wp-content/uploads/2021/04/41Zero42_Pixel_30_22.jpg"", ""https://www.41zero42.com/wp-content/uploads/2021/04/41Zero42_Pixel_30_21.jpg"", ""https://www.41zero42.com/wp-content/uploads/2021/04/41Zero42_Pixel_30_17.jpg"", ""https://www.41zero42.com/wp-content/uploads/2021/04/41Zero42_Pixel_49_01.jpg"", ""https://www.41zero42.com/wp-content/uploads/2021/04/41Zero42_Pixel_49_02.jpg"", ""https://www.41zero42.com/wp-content/uploads/2021/04/41Zero42_Pixel_49_03.jpg"", ""https://www.41zero42.com/wp-content/uploads/2021/04/41Zero42_Pixel_49_06.jpg"", ""https://www.41zero42.com/wp-content/uploads/2021/04/41Zero42_Pixel_07_14.jpg"", ""https://www.41zero42.com/wp-content/uploads/2021/04/41Zero42_Pixel_07_09.jpg"", ""https://www.41zero42.com/wp-content/uploads/2021/04/41Zero42_Pixel_07_10.jpg"", ""https://www.41zero42.com/wp-content/uploads/2021/04/41Zero42_Pixel_07_13.jpg"", ""https://www.41zero42.com/wp-content/uploads/2021/04/41Zero42_Pixel_22_04.jpg"", ""https://www.41zero42.com/wp-content/uploads/2021/04/41Zero42_Pixel_22_06.jpg"", ""https://www.41zero42.com/wp-content/uploads/2021/04/41Zero42_Pixel_22_05.jpg"", ""https://www.41zero42.com/wp-content/uploads/2021/04/41Zero42_Pixel_22_02.jpg"", ""https://www.41zero42.com/wp-content/uploads/2021/04/41Zero42_Pixel_14_08_v2.jpg"", ""https://www.41zero42.com/wp-content/uploads/2021/04/41Zero42_Pixel_14_06_v3.jpg"", ""https://www.41zero42.com/wp-content/uploads/2021/04/41Zero42_Pixel_14_04.jpg"", ""https://www.41zero42.com/wp-content/uploads/2021/04/41Zero42_Pixel_14_05.jpg"", ""https://www.41zero42.com/wp-content/uploads/2021/04/41Zero42_Pixel_48_07.jpg"", ""https://www.41zero42.com/wp-content/uploads/2021/04/41Zero42_Pixel_48_09.jpg"", ""https://www.41zero42.com/wp-content/uploads/2021/04/41Zero_42_Pixel_48_01.jpg"", ""https://www.41zero42.com/wp-content/uploads/2021/04/41Zero42_Pixel_49_05.jpg"", ""https://www.41zero42.com/wp-content/uploads/2021/04/41Zero42_Pixel_50_04.jpg"", ""https://www.41zero42.com/wp-content/uploads/2021/04/41Zero42_Pixel_50_03.jpg"", ""https://www.41zero42.com/wp-content/uploads/2021/04/41Zero42_Pixel_27_02.jpg"", ""https://www.41zero42.com/wp-content/uploads/2021/04/41Zero42_27_Pixel_05.jpg"", ""https://www.41zero42.com/wp-content/uploads/2021/04/41Zero42_Pixel_16_001.jpg"", ""https://www.41zero42.com/wp-content/uploads/2021/04/41Zero42_Pixel_16_016.jpg"", ""https://www.41zero42.com/wp-content/uploads/2021/04/41Zero42_Pixel_16_023.jpg"", ""https://www.41zero42.com/wp-content/uploads/2021/04/41Zero42_Pixel_31_02.jpg""]",[]
80076,80008,41Z-4100803,Purple,https://www.41zero42.com/collections/pixel41-en/,"[""https://cdn.altrodesign.ro/products/pixel41-purple.jpg"", ""https://www.41zero42.com/wp-content/uploads/2021/02/41Zero42_Pixel_39_11.jpg"", ""https://www.41zero42.com/wp-content/uploads/2021/04/41Zero42_Pixel_39_03.jpg"", ""https://www.41zero42.com/wp-content/uploads/2021/04/41Zero42_Pixel_39_02.jpg"", ""https://www.41zero42.com/wp-content/uploads/2021/04/41Zero42_Pixel_39_10.jpg"", ""https://www.41zero42.com/wp-content/uploads/2021/04/41Zero42_45_Pixel_01_v3.jpg"", ""https://www.41zero42.com/wp-content/uploads/2021/04/41Zero42_Pixel_45_04.jpg"", ""https://www.41zero42.com/wp-content/uploads/2021/04/41Zero42_Pixel_45_05.jpg"", ""https://www.41zero42.com/wp-content/uploads/2021/04/41Zero42_Pixel_36_04.jpg"", ""https://www.41zero42.com/wp-content/uploads/2021/04/41Zero42_Pixel_36_03.jpg"", ""https://www.41zero42.com/wp-content/uploads/2021/04/41Zero42_Pixel_36_02.jpg"", ""https://www.41zero42.com/wp-content/uploads/2021/04/41Zero42_32_Pixel_02_bis.jpg"", ""https://www.41zero42.com/wp-content/uploads/2021/04/41Zero42_32_Pixel_06_bis.jpg"", ""https://www.41zero42.com/wp-content/uploads/2021/04/41Zero42_32_Pixel_04_bis.jpg"", ""https://www.41zero42.com/wp-content/uploads/2021/04/41Zero42_32_Pixel_03_bis.jpg"", ""https://www.41zero42.com/wp-content/uploads/2021/04/41Zero42_Pixel_30_18.jpg"", ""https://www.41zero42.com/wp-content/uploads/2021/04/41Zero42_Pixel_30_14.jpg"", ""https://www.41zero42.com/wp-content/uploads/2021/04/41Zero42_Pixel_30_22.jpg"", ""https://www.41zero42.com/wp-content/uploads/2021/04/41Zero42_Pixel_30_21.jpg"", ""https://www.41zero42.com/wp-content/uploads/2021/04/41Zero42_Pixel_30_17.jpg"", ""https://www.41zero42.com/wp-content/uploads/2021/04/41Zero42_Pixel_49_01.jpg"", ""https://www.41zero42.com/wp-content/uploads/2021/04/41Zero42_Pixel_49_02.jpg"", ""https://www.41zero42.com/wp-content/uploads/2021/04/41Zero42_Pixel_49_03.jpg"", ""https://www.41zero42.com/wp-content/uploads/2021/04/41Zero42_Pixel_49_06.jpg"", ""https://www.41zero42.com/wp-content/uploads/2021/04/41Zero42_Pixel_07_14.jpg"", ""https://www.41zero42.com/wp-content/uploads/2021/04/41Zero42_Pixel_07_09.jpg"", ""https://www.41zero42.com/wp-content/uploads/2021/04/41Zero42_Pixel_07_10.jpg"", ""https://www.41zero42.com/wp-content/uploads/2021/04/41Zero42_Pixel_07_13.jpg"", ""https://www.41zero42.com/wp-content/uploads/2021/04/41Zero42_Pixel_22_04.jpg"", ""https://www.41zero42.com/wp-content/uploads/2021/04/41Zero42_Pixel_22_06.jpg"", ""https://www.41zero42.com/wp-content/uploads/2021/04/41Zero42_Pixel_22_05.jpg"", ""https://www.41zero42.com/wp-content/uploads/2021/04/41Zero42_Pixel_22_02.jpg"", ""https://www.41zero42.com/wp-content/uploads/2021/04/41Zero42_Pixel_14_08_v2.jpg"", ""https://www.41zero42.com/wp-content/uploads/2021/04/41Zero42_Pixel_14_06_v3.jpg"", ""https://www.41zero42.com/wp-content/uploads/2021/04/41Zero42_Pixel_14_04.jpg"", ""https://www.41zero42.com/wp-content/uploads/2021/04/41Zero42_Pixel_14_05.jpg"", ""https://www.41zero42.com/wp-content/uploads/2021/04/41Zero42_Pixel_48_07.jpg"", ""https://www.41zero42.com/wp-content/uploads/2021/04/41Zero42_Pixel_48_09.jpg"", ""https://www.41zero42.com/wp-content/uploads/2021/04/41Zero_42_Pixel_48_01.jpg"", ""https://www.41zero42.com/wp-content/uploads/2021/04/41Zero42_Pixel_49_05.jpg"", ""https://www.41zero42.com/wp-content/uploads/2021/04/41Zero42_Pixel_50_04.jpg"", ""https://www.41zero42.com/wp-content/uploads/2021/04/41Zero42_Pixel_50_03.jpg"", ""https://www.41zero42.com/wp-content/uploads/2021/04/41Zero42_Pixel_27_02.jpg"", ""https://www.41zero42.com/wp-content/uploads/2021/04/41Zero42_27_Pixel_05.jpg"", ""https://www.41zero42.com/wp-content/uploads/2021/04/41Zero42_Pixel_16_001.jpg"", ""https://www.41zero42.com/wp-content/uploads/2021/04/41Zero42_Pixel_16_016.jpg"", ""https://www.41zero42.com/wp-content/uploads/2021/04/41Zero42_Pixel_16_023.jpg"", ""https://www.41zero42.com/wp-content/uploads/2021/04/41Zero42_Pixel_31_02.jpg""]",[]
80077,80008,41Z-4100804,Violet,https://www.41zero42.com/collections/pixel41-en/,"[""https://cdn.altrodesign.ro/products/pixel41-violet.jpg"", ""https://www.41zero42.com/wp-content/uploads/2021/02/41Zero42_Pixel_39_11.jpg"", ""https://www.41zero42.com/wp-content/uploads/2021/04/41Zero42_Pixel_39_03.jpg"", ""https://www.41zero42.com/wp-content/uploads/2021/04/41Zero42_Pixel_39_02.jpg"", ""https://www.41zero42.com/wp-content/uploads/2021/04/41Zero42_Pixel_39_10.jpg"", ""https://www.41zero42.com/wp-content/uploads/2021/04/41Zero42_45_Pixel_01_v3.jpg"", ""https://www.41zero42.com/wp-content/uploads/2021/04/41Zero42_Pixel_45_04.jpg"", ""https://www.41zero42.com/wp-content/uploads/2021/04/41Zero42_Pixel_45_05.jpg"", ""https://www.41zero42.com/wp-content/uploads/2021/04/41Zero42_Pixel_36_04.jpg"", ""https://www.41zero42.com/wp-content/uploads/2021/04/41Zero42_Pixel_36_03.jpg"", ""https://www.41zero42.com/wp-content/uploads/2021/04/41Zero42_Pixel_36_02.jpg"", ""https://www.41zero42.com/wp-content/uploads/2021/04/41Zero42_32_Pixel_02_bis.jpg"", ""https://www.41zero42.com/wp-content/uploads/2021/04/41Zero42_32_Pixel_06_bis.jpg"", ""https://www.41zero42.com/wp-content/uploads/2021/04/41Zero42_32_Pixel_04_bis.jpg"", ""https://www.41zero42.com/wp-content/uploads/2021/04/41Zero42_32_Pixel_03_bis.jpg"", ""https://www.41zero42.com/wp-content/uploads/2021/04/41Zero42_Pixel_30_18.jpg"", ""https://www.41zero42.com/wp-content/uploads/2021/04/41Zero42_Pixel_30_14.jpg"", ""https://www.41zero42.com/wp-content/uploads/2021/04/41Zero42_Pixel_30_22.jpg"", ""https://www.41zero42.com/wp-content/uploads/2021/04/41Zero42_Pixel_30_21.jpg"", ""https://www.41zero42.com/wp-content/uploads/2021/04/41Zero42_Pixel_30_17.jpg"", ""https://www.41zero42.com/wp-content/uploads/2021/04/41Zero42_Pixel_49_01.jpg"", ""https://www.41zero42.com/wp-content/uploads/2021/04/41Zero42_Pixel_49_02.jpg"", ""https://www.41zero42.com/wp-content/uploads/2021/04/41Zero42_Pixel_49_03.jpg"", ""https://www.41zero42.com/wp-content/uploads/2021/04/41Zero42_Pixel_49_06.jpg"", ""https://www.41zero42.com/wp-content/uploads/2021/04/41Zero42_Pixel_07_14.jpg"", ""https://www.41zero42.com/wp-content/uploads/2021/04/41Zero42_Pixel_07_09.jpg"", ""https://www.41zero42.com/wp-content/uploads/2021/04/41Zero42_Pixel_07_10.jpg"", ""https://www.41zero42.com/wp-content/uploads/2021/04/41Zero42_Pixel_07_13.jpg"", ""https://www.41zero42.com/wp-content/uploads/2021/04/41Zero42_Pixel_22_04.jpg"", ""https://www.41zero42.com/wp-content/uploads/2021/04/41Zero42_Pixel_22_06.jpg"", ""https://www.41zero42.com/wp-content/uploads/2021/04/41Zero42_Pixel_22_05.jpg"", ""https://www.41zero42.com/wp-content/uploads/2021/04/41Zero42_Pixel_22_02.jpg"", ""https://www.41zero42.com/wp-content/uploads/2021/04/41Zero42_Pixel_14_08_v2.jpg"", ""https://www.41zero42.com/wp-content/uploads/2021/04/41Zero42_Pixel_14_06_v3.jpg"", ""https://www.41zero42.com/wp-content/uploads/2021/04/41Zero42_Pixel_14_04.jpg"", ""https://www.41zero42.com/wp-content/uploads/2021/04/41Zero42_Pixel_14_05.jpg"", ""https://www.41zero42.com/wp-content/uploads/2021/04/41Zero42_Pixel_48_07.jpg"", ""https://www.41zero42.com/wp-content/uploads/2021/04/41Zero42_Pixel_48_09.jpg"", ""https://www.41zero42.com/wp-content/uploads/2021/04/41Zero_42_Pixel_48_01.jpg"", ""https://www.41zero42.com/wp-content/uploads/2021/04/41Zero42_Pixel_49_05.jpg"", ""https://www.41zero42.com/wp-content/uploads/2021/04/41Zero42_Pixel_50_04.jpg"", ""https://www.41zero42.com/wp-content/uploads/2021/04/41Zero42_Pixel_50_03.jpg"", ""https://www.41zero42.com/wp-content/uploads/2021/04/41Zero42_Pixel_27_02.jpg"", ""https://www.41zero42.com/wp-content/uploads/2021/04/41Zero42_27_Pixel_05.jpg"", ""https://www.41zero42.com/wp-content/uploads/2021/04/41Zero42_Pixel_16_001.jpg"", ""https://www.41zero42.com/wp-content/uploads/2021/04/41Zero42_Pixel_16_016.jpg"", ""https://www.41zero42.com/wp-content/uploads/2021/04/41Zero42_Pixel_16_023.jpg"", ""https://www.41zero42.com/wp-content/uploads/2021/04/41Zero42_Pixel_31_02.jpg""]",[]
80078,80008,41Z-4100805,Rose,https://www.41zero42.com/collections/pixel41-en/,"[""https://cdn.altrodesign.ro/products/pixel41-rose.jpg"", ""https://www.41zero42.com/wp-content/uploads/2021/02/41Zero42_Pixel_39_11.jpg"", ""https://www.41zero42.com/wp-content/uploads/2021/04/41Zero42_Pixel_39_03.jpg"", ""https://www.41zero42.com/wp-content/uploads/2021/04/41Zero42_Pixel_39_02.jpg"", ""https://www.41zero42.com/wp-content/uploads/2021/04/41Zero42_Pixel_39_10.jpg"", ""https://www.41zero42.com/wp-content/uploads/2021/04/41Zero42_45_Pixel_01_v3.jpg"", ""https://www.41zero42.com/wp-content/uploads/2021/04/41Zero42_Pixel_45_04.jpg"", ""https://www.41zero42.com/wp-content/uploads/2021/04/41Zero42_Pixel_45_05.jpg"", ""https://www.41zero42.com/wp-content/uploads/2021/04/41Zero42_Pixel_36_04.jpg"", ""https://www.41zero42.com/wp-content/uploads/2021/04/41Zero42_Pixel_36_03.jpg"", ""https://www.41zero42.com/wp-content/uploads/2021/04/41Zero42_Pixel_36_02.jpg"", ""https://www.41zero42.com/wp-content/uploads/2021/04/41Zero42_32_Pixel_02_bis.jpg"", ""https://www.41zero42.com/wp-content/uploads/2021/04/41Zero42_32_Pixel_06_bis.jpg"", ""https://www.41zero42.com/wp-content/uploads/2021/04/41Zero42_32_Pixel_04_bis.jpg"", ""https://www.41zero42.com/wp-content/uploads/2021/04/41Zero42_32_Pixel_03_bis.jpg"", ""https://www.41zero42.com/wp-content/uploads/2021/04/41Zero42_Pixel_30_18.jpg"", ""https://www.41zero42.com/wp-content/uploads/2021/04/41Zero42_Pixel_30_14.jpg"", ""https://www.41zero42.com/wp-content/uploads/2021/04/41Zero42_Pixel_30_22.jpg"", ""https://www.41zero42.com/wp-content/uploads/2021/04/41Zero42_Pixel_30_21.jpg"", ""https://www.41zero42.com/wp-content/uploads/2021/04/41Zero42_Pixel_30_17.jpg"", ""https://www.41zero42.com/wp-content/uploads/2021/04/41Zero42_Pixel_49_01.jpg"", ""https://www.41zero42.com/wp-content/uploads/2021/04/41Zero42_Pixel_49_02.jpg"", ""https://www.41zero42.com/wp-content/uploads/2021/04/41Zero42_Pixel_49_03.jpg"", ""https://www.41zero42.com/wp-content/uploads/2021/04/41Zero42_Pixel_49_06.jpg"", ""https://www.41zero42.com/wp-content/uploads/2021/04/41Zero42_Pixel_07_14.jpg"", ""https://www.41zero42.com/wp-content/uploads/2021/04/41Zero42_Pixel_07_09.jpg"", ""https://www.41zero42.com/wp-content/uploads/2021/04/41Zero42_Pixel_07_10.jpg"", ""https://www.41zero42.com/wp-content/uploads/2021/04/41Zero42_Pixel_07_13.jpg"", ""https://www.41zero42.com/wp-content/uploads/2021/04/41Zero42_Pixel_22_04.jpg"", ""https://www.41zero42.com/wp-content/uploads/2021/04/41Zero42_Pixel_22_06.jpg"", ""https://www.41zero42.com/wp-content/uploads/2021/04/41Zero42_Pixel_22_05.jpg"", ""https://www.41zero42.com/wp-content/uploads/2021/04/41Zero42_Pixel_22_02.jpg"", ""https://www.41zero42.com/wp-content/uploads/2021/04/41Zero42_Pixel_14_08_v2.jpg"", ""https://www.41zero42.com/wp-content/uploads/2021/04/41Zero42_Pixel_14_06_v3.jpg"", ""https://www.41zero42.com/wp-content/uploads/2021/04/41Zero42_Pixel_14_04.jpg"", ""https://www.41zero42.com/wp-content/uploads/2021/04/41Zero42_Pixel_14_05.jpg"", ""https://www.41zero42.com/wp-content/uploads/2021/04/41Zero42_Pixel_48_07.jpg"", ""https://www.41zero42.com/wp-content/uploads/2021/04/41Zero42_Pixel_48_09.jpg"", ""https://www.41zero42.com/wp-content/uploads/2021/04/41Zero_42_Pixel_48_01.jpg"", ""https://www.41zero42.com/wp-content/uploads/2021/04/41Zero42_Pixel_49_05.jpg"", ""https://www.41zero42.com/wp-content/uploads/2021/04/41Zero42_Pixel_50_04.jpg"", ""https://www.41zero42.com/wp-content/uploads/2021/04/41Zero42_Pixel_50_03.jpg"", ""https://www.41zero42.com/wp-content/uploads/2021/04/41Zero42_Pixel_27_02.jpg"", ""https://www.41zero42.com/wp-content/uploads/2021/04/41Zero42_27_Pixel_05.jpg"", ""https://www.41zero42.com/wp-content/uploads/2021/04/41Zero42_Pixel_16_001.jpg"", ""https://www.41zero42.com/wp-content/uploads/2021/04/41Zero42_Pixel_16_016.jpg"", ""https://www.41zero42.com/wp-content/uploads/2021/04/41Zero42_Pixel_16_023.jpg"", ""https://www.41zero42.com/wp-content/uploads/2021/04/41Zero42_Pixel_31_02.jpg""]",[]
80079,80008,41Z-4100806,Strawberry,https://www.41zero42.com/collections/pixel41-en/,"[""https://cdn.altrodesign.ro/products/pixel41-strawberry.jpg"", ""https://www.41zero42.com/wp-content/uploads/2021/02/41Zero42_Pixel_39_11.jpg"", ""https://www.41zero42.com/wp-content/uploads/2021/04/41Zero42_Pixel_39_03.jpg"", ""https://www.41zero42.com/wp-content/uploads/2021/04/41Zero42_Pixel_39_02.jpg"", ""https://www.41zero42.com/wp-content/uploads/2021/04/41Zero42_Pixel_39_10.jpg"", ""https://www.41zero42.com/wp-content/uploads/2021/04/41Zero42_45_Pixel_01_v3.jpg"", ""https://www.41zero42.com/wp-content/uploads/2021/04/41Zero42_Pixel_45_04.jpg"", ""https://www.41zero42.com/wp-content/uploads/2021/04/41Zero42_Pixel_45_05.jpg"", ""https://www.41zero42.com/wp-content/uploads/2021/04/41Zero42_Pixel_36_04.jpg"", ""https://www.41zero42.com/wp-content/uploads/2021/04/41Zero42_Pixel_36_03.jpg"", ""https://www.41zero42.com/wp-content/uploads/2021/04/41Zero42_Pixel_36_02.jpg"", ""https://www.41zero42.com/wp-content/uploads/2021/04/41Zero42_32_Pixel_02_bis.jpg"", ""https://www.41zero42.com/wp-content/uploads/2021/04/41Zero42_32_Pixel_06_bis.jpg"", ""https://www.41zero42.com/wp-content/uploads/2021/04/41Zero42_32_Pixel_04_bis.jpg"", ""https://www.41zero42.com/wp-content/uploads/2021/04/41Zero42_32_Pixel_03_bis.jpg"", ""https://www.41zero42.com/wp-content/uploads/2021/04/41Zero42_Pixel_30_18.jpg"", ""https://www.41zero42.com/wp-content/uploads/2021/04/41Zero42_Pixel_30_14.jpg"", ""https://www.41zero42.com/wp-content/uploads/2021/04/41Zero42_Pixel_30_22.jpg"", ""https://www.41zero42.com/wp-content/uploads/2021/04/41Zero42_Pixel_30_21.jpg"", ""https://www.41zero42.com/wp-content/uploads/2021/04/41Zero42_Pixel_30_17.jpg"", ""https://www.41zero42.com/wp-content/uploads/2021/04/41Zero42_Pixel_49_01.jpg"", ""https://www.41zero42.com/wp-content/uploads/2021/04/41Zero42_Pixel_49_02.jpg"", ""https://www.41zero42.com/wp-content/uploads/2021/04/41Zero42_Pixel_49_03.jpg"", ""https://www.41zero42.com/wp-content/uploads/2021/04/41Zero42_Pixel_49_06.jpg"", ""https://www.41zero42.com/wp-content/uploads/2021/04/41Zero42_Pixel_07_14.jpg"", ""https://www.41zero42.com/wp-content/uploads/2021/04/41Zero42_Pixel_07_09.jpg"", ""https://www.41zero42.com/wp-content/uploads/2021/04/41Zero42_Pixel_07_10.jpg"", ""https://www.41zero42.com/wp-content/uploads/2021/04/41Zero42_Pixel_07_13.jpg"", ""https://www.41zero42.com/wp-content/uploads/2021/04/41Zero42_Pixel_22_04.jpg"", ""https://www.41zero42.com/wp-content/uploads/2021/04/41Zero42_Pixel_22_06.jpg"", ""https://www.41zero42.com/wp-content/uploads/2021/04/41Zero42_Pixel_22_05.jpg"", ""https://www.41zero42.com/wp-content/uploads/2021/04/41Zero42_Pixel_22_02.jpg"", ""https://www.41zero42.com/wp-content/uploads/2021/04/41Zero42_Pixel_14_08_v2.jpg"", ""https://www.41zero42.com/wp-content/uploads/2021/04/41Zero42_Pixel_14_06_v3.jpg"", ""https://www.41zero42.com/wp-content/uploads/2021/04/41Zero42_Pixel_14_04.jpg"", ""https://www.41zero42.com/wp-content/uploads/2021/04/41Zero42_Pixel_14_05.jpg"", ""https://www.41zero42.com/wp-content/uploads/2021/04/41Zero42_Pixel_48_07.jpg"", ""https://www.41zero42.com/wp-content/uploads/2021/04/41Zero42_Pixel_48_09.jpg"", ""https://www.41zero42.com/wp-content/uploads/2021/04/41Zero_42_Pixel_48_01.jpg"", ""https://www.41zero42.com/wp-content/uploads/2021/04/41Zero42_Pixel_49_05.jpg"", ""https://www.41zero42.com/wp-content/uploads/2021/04/41Zero42_Pixel_50_04.jpg"", ""https://www.41zero42.com/wp-content/uploads/2021/04/41Zero42_Pixel_50_03.jpg"", ""https://www.41zero42.com/wp-content/uploads/2021/04/41Zero42_Pixel_27_02.jpg"", ""https://www.41zero42.com/wp-content/uploads/2021/04/41Zero42_27_Pixel_05.jpg"", ""https://www.41zero42.com/wp-content/uploads/2021/04/41Zero42_Pixel_16_001.jpg"", ""https://www.41zero42.com/wp-content/uploads/2021/04/41Zero42_Pixel_16_016.jpg"", ""https://www.41zero42.com/wp-content/uploads/2021/04/41Zero42_Pixel_16_023.jpg"", ""https://www.41zero42.com/wp-content/uploads/2021/04/41Zero42_Pixel_31_02.jpg""]",[]
80080,80008,41Z-4100807,Blush,https://www.41zero42.com/collections/pixel41-en/,"[""https://cdn.altrodesign.ro/products/pixel41-blush.jpg"", ""https://www.41zero42.com/wp-content/uploads/2021/02/41Zero42_Pixel_39_11.jpg"", ""https://www.41zero42.com/wp-content/uploads/2021/04/41Zero42_Pixel_39_03.jpg"", ""https://www.41zero42.com/wp-content/uploads/2021/04/41Zero42_Pixel_39_02.jpg"", ""https://www.41zero42.com/wp-content/uploads/2021/04/41Zero42_Pixel_39_10.jpg"", ""https://www.41zero42.com/wp-content/uploads/2021/04/41Zero42_45_Pixel_01_v3.jpg"", ""https://www.41zero42.com/wp-content/uploads/2021/04/41Zero42_Pixel_45_04.jpg"", ""https://www.41zero42.com/wp-content/uploads/2021/04/41Zero42_Pixel_45_05.jpg"", ""https://www.41zero42.com/wp-content/uploads/2021/04/41Zero42_Pixel_36_04.jpg"", ""https://www.41zero42.com/wp-content/uploads/2021/04/41Zero42_Pixel_36_03.jpg"", ""https://www.41zero42.com/wp-content/uploads/2021/04/41Zero42_Pixel_36_02.jpg"", ""https://www.41zero42.com/wp-content/uploads/2021/04/41Zero42_32_Pixel_02_bis.jpg"", ""https://www.41zero42.com/wp-content/uploads/2021/04/41Zero42_32_Pixel_06_bis.jpg"", ""https://www.41zero42.com/wp-content/uploads/2021/04/41Zero42_32_Pixel_04_bis.jpg"", ""https://www.41zero42.com/wp-content/uploads/2021/04/41Zero42_32_Pixel_03_bis.jpg"", ""https://www.41zero42.com/wp-content/uploads/2021/04/41Zero42_Pixel_30_18.jpg"", ""https://www.41zero42.com/wp-content/uploads/2021/04/41Zero42_Pixel_30_14.jpg"", ""https://www.41zero42.com/wp-content/uploads/2021/04/41Zero42_Pixel_30_22.jpg"", ""https://www.41zero42.com/wp-content/uploads/2021/04/41Zero42_Pixel_30_21.jpg"", ""https://www.41zero42.com/wp-content/uploads/2021/04/41Zero42_Pixel_30_17.jpg"", ""https://www.41zero42.com/wp-content/uploads/2021/04/41Zero42_Pixel_49_01.jpg"", ""https://www.41zero42.com/wp-content/uploads/2021/04/41Zero42_Pixel_49_02.jpg"", ""https://www.41zero42.com/wp-content/uploads/2021/04/41Zero42_Pixel_49_03.jpg"", ""https://www.41zero42.com/wp-content/uploads/2021/04/41Zero42_Pixel_49_06.jpg"", ""https://www.41zero42.com/wp-content/uploads/2021/04/41Zero42_Pixel_07_14.jpg"", ""https://www.41zero42.com/wp-content/uploads/2021/04/41Zero42_Pixel_07_09.jpg"", ""https://www.41zero42.com/wp-content/uploads/2021/04/41Zero42_Pixel_07_10.jpg"", ""https://www.41zero42.com/wp-content/uploads/2021/04/41Zero42_Pixel_07_13.jpg"", ""https://www.41zero42.com/wp-content/uploads/2021/04/41Zero42_Pixel_22_04.jpg"", ""https://www.41zero42.com/wp-content/uploads/2021/04/41Zero42_Pixel_22_06.jpg"", ""https://www.41zero42.com/wp-content/uploads/2021/04/41Zero42_Pixel_22_05.jpg"", ""https://www.41zero42.com/wp-content/uploads/2021/04/41Zero42_Pixel_22_02.jpg"", ""https://www.41zero42.com/wp-content/uploads/2021/04/41Zero42_Pixel_14_08_v2.jpg"", ""https://www.41zero42.com/wp-content/uploads/2021/04/41Zero42_Pixel_14_06_v3.jpg"", ""https://www.41zero42.com/wp-content/uploads/2021/04/41Zero42_Pixel_14_04.jpg"", ""https://www.41zero42.com/wp-content/uploads/2021/04/41Zero42_Pixel_14_05.jpg"", ""https://www.41zero42.com/wp-content/uploads/2021/04/41Zero42_Pixel_48_07.jpg"", ""https://www.41zero42.com/wp-content/uploads/2021/04/41Zero42_Pixel_48_09.jpg"", ""https://www.41zero42.com/wp-content/uploads/2021/04/41Zero_42_Pixel_48_01.jpg"", ""https://www.41zero42.com/wp-content/uploads/2021/04/41Zero42_Pixel_49_05.jpg"", ""https://www.41zero42.com/wp-content/uploads/2021/04/41Zero42_Pixel_50_04.jpg"", ""https://www.41zero42.com/wp-content/uploads/2021/04/41Zero42_Pixel_50_03.jpg"", ""https://www.41zero42.com/wp-content/uploads/2021/04/41Zero42_Pixel_27_02.jpg"", ""https://www.41zero42.com/wp-content/uploads/2021/04/41Zero42_27_Pixel_05.jpg"", ""https://www.41zero42.com/wp-content/uploads/2021/04/41Zero42_Pixel_16_001.jpg"", ""https://www.41zero42.com/wp-content/uploads/2021/04/41Zero42_Pixel_16_016.jpg"", ""https://www.41zero42.com/wp-content/uploads/2021/04/41Zero42_Pixel_16_023.jpg"", ""https://www.41zero42.com/wp-content/uploads/2021/04/41Zero42_Pixel_31_02.jpg""]",[]
80081,80008,41Z-4100808,Nude,https://www.41zero42.com/collections/pixel41-en/,"[""https://cdn.altrodesign.ro/products/pixel41-nude.jpg"", ""https://www.41zero42.com/wp-content/uploads/2021/02/41Zero42_Pixel_39_11.jpg"", ""https://www.41zero42.com/wp-content/uploads/2021/04/41Zero42_Pixel_39_03.jpg"", ""https://www.41zero42.com/wp-content/uploads/2021/04/41Zero42_Pixel_39_02.jpg"", ""https://www.41zero42.com/wp-content/uploads/2021/04/41Zero42_Pixel_39_10.jpg"", ""https://www.41zero42.com/wp-content/uploads/2021/04/41Zero42_45_Pixel_01_v3.jpg"", ""https://www.41zero42.com/wp-content/uploads/2021/04/41Zero42_Pixel_45_04.jpg"", ""https://www.41zero42.com/wp-content/uploads/2021/04/41Zero42_Pixel_45_05.jpg"", ""https://www.41zero42.com/wp-content/uploads/2021/04/41Zero42_Pixel_36_04.jpg"", ""https://www.41zero42.com/wp-content/uploads/2021/04/41Zero42_Pixel_36_03.jpg"", ""https://www.41zero42.com/wp-content/uploads/2021/04/41Zero42_Pixel_36_02.jpg"", ""https://www.41zero42.com/wp-content/uploads/2021/04/41Zero42_32_Pixel_02_bis.jpg"", ""https://www.41zero42.com/wp-content/uploads/2021/04/41Zero42_32_Pixel_06_bis.jpg"", ""https://www.41zero42.com/wp-content/uploads/2021/04/41Zero42_32_Pixel_04_bis.jpg"", ""https://www.41zero42.com/wp-content/uploads/2021/04/41Zero42_32_Pixel_03_bis.jpg"", ""https://www.41zero42.com/wp-content/uploads/2021/04/41Zero42_Pixel_30_18.jpg"", ""https://www.41zero42.com/wp-content/uploads/2021/04/41Zero42_Pixel_30_14.jpg"", ""https://www.41zero42.com/wp-content/uploads/2021/04/41Zero42_Pixel_30_22.jpg"", ""https://www.41zero42.com/wp-content/uploads/2021/04/41Zero42_Pixel_30_21.jpg"", ""https://www.41zero42.com/wp-content/uploads/2021/04/41Zero42_Pixel_30_17.jpg"", ""https://www.41zero42.com/wp-content/uploads/2021/04/41Zero42_Pixel_49_01.jpg"", ""https://www.41zero42.com/wp-content/uploads/2021/04/41Zero42_Pixel_49_02.jpg"", ""https://www.41zero42.com/wp-content/uploads/2021/04/41Zero42_Pixel_49_03.jpg"", ""https://www.41zero42.com/wp-content/uploads/2021/04/41Zero42_Pixel_49_06.jpg"", ""https://www.41zero42.com/wp-content/uploads/2021/04/41Zero42_Pixel_07_14.jpg"", ""https://www.41zero42.com/wp-content/uploads/2021/04/41Zero42_Pixel_07_09.jpg"", ""https://www.41zero42.com/wp-content/uploads/2021/04/41Zero42_Pixel_07_10.jpg"", ""https://www.41zero42.com/wp-content/uploads/2021/04/41Zero42_Pixel_07_13.jpg"", ""https://www.41zero42.com/wp-content/uploads/2021/04/41Zero42_Pixel_22_04.jpg"", ""https://www.41zero42.com/wp-content/uploads/2021/04/41Zero42_Pixel_22_06.jpg"", ""https://www.41zero42.com/wp-content/uploads/2021/04/41Zero42_Pixel_22_05.jpg"", ""https://www.41zero42.com/wp-content/uploads/2021/04/41Zero42_Pixel_22_02.jpg"", ""https://www.41zero42.com/wp-content/uploads/2021/04/41Zero42_Pixel_14_08_v2.jpg"", ""https://www.41zero42.com/wp-content/uploads/2021/04/41Zero42_Pixel_14_06_v3.jpg"", ""https://www.41zero42.com/wp-content/uploads/2021/04/41Zero42_Pixel_14_04.jpg"", ""https://www.41zero42.com/wp-content/uploads/2021/04/41Zero42_Pixel_14_05.jpg"", ""https://www.41zero42.com/wp-content/uploads/2021/04/41Zero42_Pixel_48_07.jpg"", ""https://www.41zero42.com/wp-content/uploads/2021/04/41Zero42_Pixel_48_09.jpg"", ""https://www.41zero42.com/wp-content/uploads/2021/04/41Zero_42_Pixel_48_01.jpg"", ""https://www.41zero42.com/wp-content/uploads/2021/04/41Zero42_Pixel_49_05.jpg"", ""https://www.41zero42.com/wp-content/uploads/2021/04/41Zero42_Pixel_50_04.jpg"", ""https://www.41zero42.com/wp-content/uploads/2021/04/41Zero42_Pixel_50_03.jpg"", ""https://www.41zero42.com/wp-content/uploads/2021/04/41Zero42_Pixel_27_02.jpg"", ""https://www.41zero42.com/wp-content/uploads/2021/04/41Zero42_27_Pixel_05.jpg"", ""https://www.41zero42.com/wp-content/uploads/2021/04/41Zero42_Pixel_16_001.jpg"", ""https://www.41zero42.com/wp-content/uploads/2021/04/41Zero42_Pixel_16_016.jpg"", ""https://www.41zero42.com/wp-content/uploads/2021/04/41Zero42_Pixel_16_023.jpg"", ""https://www.41zero42.com/wp-content/uploads/2021/04/41Zero42_Pixel_31_02.jpg""]",[]
80082,80008,41Z-4100809,Powder,https://www.41zero42.com/collections/pixel41-en/,"[""https://cdn.altrodesign.ro/products/pixel41-powder.jpg"", ""https://www.41zero42.com/wp-content/uploads/2021/02/41Zero42_Pixel_39_11.jpg"", ""https://www.41zero42.com/wp-content/uploads/2021/04/41Zero42_Pixel_39_03.jpg"", ""https://www.41zero42.com/wp-content/uploads/2021/04/41Zero42_Pixel_39_02.jpg"", ""https://www.41zero42.com/wp-content/uploads/2021/04/41Zero42_Pixel_39_10.jpg"", ""https://www.41zero42.com/wp-content/uploads/2021/04/41Zero42_45_Pixel_01_v3.jpg"", ""https://www.41zero42.com/wp-content/uploads/2021/04/41Zero42_Pixel_45_04.jpg"", ""https://www.41zero42.com/wp-content/uploads/2021/04/41Zero42_Pixel_45_05.jpg"", ""https://www.41zero42.com/wp-content/uploads/2021/04/41Zero42_Pixel_36_04.jpg"", ""https://www.41zero42.com/wp-content/uploads/2021/04/41Zero42_Pixel_36_03.jpg"", ""https://www.41zero42.com/wp-content/uploads/2021/04/41Zero42_Pixel_36_02.jpg"", ""https://www.41zero42.com/wp-content/uploads/2021/04/41Zero42_32_Pixel_02_bis.jpg"", ""https://www.41zero42.com/wp-content/uploads/2021/04/41Zero42_32_Pixel_06_bis.jpg"", ""https://www.41zero42.com/wp-content/uploads/2021/04/41Zero42_32_Pixel_04_bis.jpg"", ""https://www.41zero42.com/wp-content/uploads/2021/04/41Zero42_32_Pixel_03_bis.jpg"", ""https://www.41zero42.com/wp-content/uploads/2021/04/41Zero42_Pixel_30_18.jpg"", ""https://www.41zero42.com/wp-content/uploads/2021/04/41Zero42_Pixel_30_14.jpg"", ""https://www.41zero42.com/wp-content/uploads/2021/04/41Zero42_Pixel_30_22.jpg"", ""https://www.41zero42.com/wp-content/uploads/2021/04/41Zero42_Pixel_30_21.jpg"", ""https://www.41zero42.com/wp-content/uploads/2021/04/41Zero42_Pixel_30_17.jpg"", ""https://www.41zero42.com/wp-content/uploads/2021/04/41Zero42_Pixel_49_01.jpg"", ""https://www.41zero42.com/wp-content/uploads/2021/04/41Zero42_Pixel_49_02.jpg"", ""https://www.41zero42.com/wp-content/uploads/2021/04/41Zero42_Pixel_49_03.jpg"", ""https://www.41zero42.com/wp-content/uploads/2021/04/41Zero42_Pixel_49_06.jpg"", ""https://www.41zero42.com/wp-content/uploads/2021/04/41Zero42_Pixel_07_14.jpg"", ""https://www.41zero42.com/wp-content/uploads/2021/04/41Zero42_Pixel_07_09.jpg"", ""https://www.41zero42.com/wp-content/uploads/2021/04/41Zero42_Pixel_07_10.jpg"", ""https://www.41zero42.com/wp-content/uploads/2021/04/41Zero42_Pixel_07_13.jpg"", ""https://www.41zero42.com/wp-content/uploads/2021/04/41Zero42_Pixel_22_04.jpg"", ""https://www.41zero42.com/wp-content/uploads/2021/04/41Zero42_Pixel_22_06.jpg"", ""https://www.41zero42.com/wp-content/uploads/2021/04/41Zero42_Pixel_22_05.jpg"", ""https://www.41zero42.com/wp-content/uploads/2021/04/41Zero42_Pixel_22_02.jpg"", ""https://www.41zero42.com/wp-content/uploads/2021/04/41Zero42_Pixel_14_08_v2.jpg"", ""https://www.41zero42.com/wp-content/uploads/2021/04/41Zero42_Pixel_14_06_v3.jpg"", ""https://www.41zero42.com/wp-content/uploads/2021/04/41Zero42_Pixel_14_04.jpg"", ""https://www.41zero42.com/wp-content/uploads/2021/04/41Zero42_Pixel_14_05.jpg"", ""https://www.41zero42.com/wp-content/uploads/2021/04/41Zero42_Pixel_48_07.jpg"", ""https://www.41zero42.com/wp-content/uploads/2021/04/41Zero42_Pixel_48_09.jpg"", ""https://www.41zero42.com/wp-content/uploads/2021/04/41Zero_42_Pixel_48_01.jpg"", ""https://www.41zero42.com/wp-content/uploads/2021/04/41Zero42_Pixel_49_05.jpg"", ""https://www.41zero42.com/wp-content/uploads/2021/04/41Zero42_Pixel_50_04.jpg"", ""https://www.41zero42.com/wp-content/uploads/2021/04/41Zero42_Pixel_50_03.jpg"", ""https://www.41zero42.com/wp-content/uploads/2021/04/41Zero42_Pixel_27_02.jpg"", ""https://www.41zero42.com/wp-content/uploads/2021/04/41Zero42_27_Pixel_05.jpg"", ""https://www.41zero42.com/wp-content/uploads/2021/04/41Zero42_Pixel_16_001.jpg"", ""https://www.41zero42.com/wp-content/uploads/2021/04/41Zero42_Pixel_16_016.jpg"", ""https://www.41zero42.com/wp-content/uploads/2021/04/41Zero42_Pixel_16_023.jpg"", ""https://www.41zero42.com/wp-content/uploads/2021/04/41Zero42_Pixel_31_02.jpg""]",[]
80083,80008,41Z-4100810,Terra,https://www.41zero42.com/collections/pixel41-en/,"[""https://cdn.altrodesign.ro/products/pixel41-terra.jpg"", ""https://www.41zero42.com/wp-content/uploads/2021/02/41Zero42_Pixel_39_11.jpg"", ""https://www.41zero42.com/wp-content/uploads/2021/04/41Zero42_Pixel_39_03.jpg"", ""https://www.41zero42.com/wp-content/uploads/2021/04/41Zero42_Pixel_39_02.jpg"", ""https://www.41zero42.com/wp-content/uploads/2021/04/41Zero42_Pixel_39_10.jpg"", ""https://www.41zero42.com/wp-content/uploads/2021/04/41Zero42_45_Pixel_01_v3.jpg"", ""https://www.41zero42.com/wp-content/uploads/2021/04/41Zero42_Pixel_45_04.jpg"", ""https://www.41zero42.com/wp-content/uploads/2021/04/41Zero42_Pixel_45_05.jpg"", ""https://www.41zero42.com/wp-content/uploads/2021/04/41Zero42_Pixel_36_04.jpg"", ""https://www.41zero42.com/wp-content/uploads/2021/04/41Zero42_Pixel_36_03.jpg"", ""https://www.41zero42.com/wp-content/uploads/2021/04/41Zero42_Pixel_36_02.jpg"", ""https://www.41zero42.com/wp-content/uploads/2021/04/41Zero42_32_Pixel_02_bis.jpg"", ""https://www.41zero42.com/wp-content/uploads/2021/04/41Zero42_32_Pixel_06_bis.jpg"", ""https://www.41zero42.com/wp-content/uploads/2021/04/41Zero42_32_Pixel_04_bis.jpg"", ""https://www.41zero42.com/wp-content/uploads/2021/04/41Zero42_32_Pixel_03_bis.jpg"", ""https://www.41zero42.com/wp-content/uploads/2021/04/41Zero42_Pixel_30_18.jpg"", ""https://www.41zero42.com/wp-content/uploads/2021/04/41Zero42_Pixel_30_14.jpg"", ""https://www.41zero42.com/wp-content/uploads/2021/04/41Zero42_Pixel_30_22.jpg"", ""https://www.41zero42.com/wp-content/uploads/2021/04/41Zero42_Pixel_30_21.jpg"", ""https://www.41zero42.com/wp-content/uploads/2021/04/41Zero42_Pixel_30_17.jpg"", ""https://www.41zero42.com/wp-content/uploads/2021/04/41Zero42_Pixel_49_01.jpg"", ""https://www.41zero42.com/wp-content/uploads/2021/04/41Zero42_Pixel_49_02.jpg"", ""https://www.41zero42.com/wp-content/uploads/2021/04/41Zero42_Pixel_49_03.jpg"", ""https://www.41zero42.com/wp-content/uploads/2021/04/41Zero42_Pixel_49_06.jpg"", ""https://www.41zero42.com/wp-content/uploads/2021/04/41Zero42_Pixel_07_14.jpg"", ""https://www.41zero42.com/wp-content/uploads/2021/04/41Zero42_Pixel_07_09.jpg"", ""https://www.41zero42.com/wp-content/uploads/2021/04/41Zero42_Pixel_07_10.jpg"", ""https://www.41zero42.com/wp-content/uploads/2021/04/41Zero42_Pixel_07_13.jpg"", ""https://www.41zero42.com/wp-content/uploads/2021/04/41Zero42_Pixel_22_04.jpg"", ""https://www.41zero42.com/wp-content/uploads/2021/04/41Zero42_Pixel_22_06.jpg"", ""https://www.41zero42.com/wp-content/uploads/2021/04/41Zero42_Pixel_22_05.jpg"", ""https://www.41zero42.com/wp-content/uploads/2021/04/41Zero42_Pixel_22_02.jpg"", ""https://www.41zero42.com/wp-content/uploads/2021/04/41Zero42_Pixel_14_08_v2.jpg"", ""https://www.41zero42.com/wp-content/uploads/2021/04/41Zero42_Pixel_14_06_v3.jpg"", ""https://www.41zero42.com/wp-content/uploads/2021/04/41Zero42_Pixel_14_04.jpg"", ""https://www.41zero42.com/wp-content/uploads/2021/04/41Zero42_Pixel_14_05.jpg"", ""https://www.41zero42.com/wp-content/uploads/2021/04/41Zero42_Pixel_48_07.jpg"", ""https://www.41zero42.com/wp-content/uploads/2021/04/41Zero42_Pixel_48_09.jpg"", ""https://www.41zero42.com/wp-content/uploads/2021/04/41Zero_42_Pixel_48_01.jpg"", ""https://www.41zero42.com/wp-content/uploads/2021/04/41Zero42_Pixel_49_05.jpg"", ""https://www.41zero42.com/wp-content/uploads/2021/04/41Zero42_Pixel_50_04.jpg"", ""https://www.41zero42.com/wp-content/uploads/2021/04/41Zero42_Pixel_50_03.jpg"", ""https://www.41zero42.com/wp-content/uploads/2021/04/41Zero42_Pixel_27_02.jpg"", ""https://www.41zero42.com/wp-content/uploads/2021/04/41Zero42_27_Pixel_05.jpg"", ""https://www.41zero42.com/wp-content/uploads/2021/04/41Zero42_Pixel_16_001.jpg"", ""https://www.41zero42.com/wp-content/uploads/2021/04/41Zero42_Pixel_16_016.jpg"", ""https://www.41zero42.com/wp-content/uploads/2021/04/41Zero42_Pixel_16_023.jpg"", ""https://www.41zero42.com/wp-content/uploads/2021/04/41Zero42_Pixel_31_02.jpg""]",[]
80084,80008,41Z-4100811,Tobacco,https://www.41zero42.com/collections/pixel41-en/,"[""https://cdn.altrodesign.ro/products/pixel41-tobacco.jpg"", ""https://www.41zero42.com/wp-content/uploads/2021/02/41Zero42_Pixel_39_11.jpg"", ""https://www.41zero42.com/wp-content/uploads/2021/04/41Zero42_Pixel_39_03.jpg"", ""https://www.41zero42.com/wp-content/uploads/2021/04/41Zero42_Pixel_39_02.jpg"", ""https://www.41zero42.com/wp-content/uploads/2021/04/41Zero42_Pixel_39_10.jpg"", ""https://www.41zero42.com/wp-content/uploads/2021/04/41Zero42_45_Pixel_01_v3.jpg"", ""https://www.41zero42.com/wp-content/uploads/2021/04/41Zero42_Pixel_45_04.jpg"", ""https://www.41zero42.com/wp-content/uploads/2021/04/41Zero42_Pixel_45_05.jpg"", ""https://www.41zero42.com/wp-content/uploads/2021/04/41Zero42_Pixel_36_04.jpg"", ""https://www.41zero42.com/wp-content/uploads/2021/04/41Zero42_Pixel_36_03.jpg"", ""https://www.41zero42.com/wp-content/uploads/2021/04/41Zero42_Pixel_36_02.jpg"", ""https://www.41zero42.com/wp-content/uploads/2021/04/41Zero42_32_Pixel_02_bis.jpg"", ""https://www.41zero42.com/wp-content/uploads/2021/04/41Zero42_32_Pixel_06_bis.jpg"", ""https://www.41zero42.com/wp-content/uploads/2021/04/41Zero42_32_Pixel_04_bis.jpg"", ""https://www.41zero42.com/wp-content/uploads/2021/04/41Zero42_32_Pixel_03_bis.jpg"", ""https://www.41zero42.com/wp-content/uploads/2021/04/41Zero42_Pixel_30_18.jpg"", ""https://www.41zero42.com/wp-content/uploads/2021/04/41Zero42_Pixel_30_14.jpg"", ""https://www.41zero42.com/wp-content/uploads/2021/04/41Zero42_Pixel_30_22.jpg"", ""https://www.41zero42.com/wp-content/uploads/2021/04/41Zero42_Pixel_30_21.jpg"", ""https://www.41zero42.com/wp-content/uploads/2021/04/41Zero42_Pixel_30_17.jpg"", ""https://www.41zero42.com/wp-content/uploads/2021/04/41Zero42_Pixel_49_01.jpg"", ""https://www.41zero42.com/wp-content/uploads/2021/04/41Zero42_Pixel_49_02.jpg"", ""https://www.41zero42.com/wp-content/uploads/2021/04/41Zero42_Pixel_49_03.jpg"", ""https://www.41zero42.com/wp-content/uploads/2021/04/41Zero42_Pixel_49_06.jpg"", ""https://www.41zero42.com/wp-content/uploads/2021/04/41Zero42_Pixel_07_14.jpg"", ""https://www.41zero42.com/wp-content/uploads/2021/04/41Zero42_Pixel_07_09.jpg"", ""https://www.41zero42.com/wp-content/uploads/2021/04/41Zero42_Pixel_07_10.jpg"", ""https://www.41zero42.com/wp-content/uploads/2021/04/41Zero42_Pixel_07_13.jpg"", ""https://www.41zero42.com/wp-content/uploads/2021/04/41Zero42_Pixel_22_04.jpg"", ""https://www.41zero42.com/wp-content/uploads/2021/04/41Zero42_Pixel_22_06.jpg"", ""https://www.41zero42.com/wp-content/uploads/2021/04/41Zero42_Pixel_22_05.jpg"", ""https://www.41zero42.com/wp-content/uploads/2021/04/41Zero42_Pixel_22_02.jpg"", ""https://www.41zero42.com/wp-content/uploads/2021/04/41Zero42_Pixel_14_08_v2.jpg"", ""https://www.41zero42.com/wp-content/uploads/2021/04/41Zero42_Pixel_14_06_v3.jpg"", ""https://www.41zero42.com/wp-content/uploads/2021/04/41Zero42_Pixel_14_04.jpg"", ""https://www.41zero42.com/wp-content/uploads/2021/04/41Zero42_Pixel_14_05.jpg"", ""https://www.41zero42.com/wp-content/uploads/2021/04/41Zero42_Pixel_48_07.jpg"", ""https://www.41zero42.com/wp-content/uploads/2021/04/41Zero42_Pixel_48_09.jpg"", ""https://www.41zero42.com/wp-content/uploads/2021/04/41Zero_42_Pixel_48_01.jpg"", ""https://www.41zero42.com/wp-content/uploads/2021/04/41Zero42_Pixel_49_05.jpg"", ""https://www.41zero42.com/wp-content/uploads/2021/04/41Zero42_Pixel_50_04.jpg"", ""https://www.41zero42.com/wp-content/uploads/2021/04/41Zero42_Pixel_50_03.jpg"", ""https://www.41zero42.com/wp-content/uploads/2021/04/41Zero42_Pixel_27_02.jpg"", ""https://www.41zero42.com/wp-content/uploads/2021/04/41Zero42_27_Pixel_05.jpg"", ""https://www.41zero42.com/wp-content/uploads/2021/04/41Zero42_Pixel_16_001.jpg"", ""https://www.41zero42.com/wp-content/uploads/2021/04/41Zero42_Pixel_16_016.jpg"", ""https://www.41zero42.com/wp-content/uploads/2021/04/41Zero42_Pixel_16_023.jpg"", ""https://www.41zero42.com/wp-content/uploads/2021/04/41Zero42_Pixel_31_02.jpg""]",[]
80085,80008,41Z-4100812,Curry,https://www.41zero42.com/collections/pixel41-en/,"[""https://cdn.altrodesign.ro/products/pixel41-curry.jpg"", ""https://www.41zero42.com/wp-content/uploads/2021/02/41Zero42_Pixel_39_11.jpg"", ""https://www.41zero42.com/wp-content/uploads/2021/04/41Zero42_Pixel_39_03.jpg"", ""https://www.41zero42.com/wp-content/uploads/2021/04/41Zero42_Pixel_39_02.jpg"", ""https://www.41zero42.com/wp-content/uploads/2021/04/41Zero42_Pixel_39_10.jpg"", ""https://www.41zero42.com/wp-content/uploads/2021/04/41Zero42_45_Pixel_01_v3.jpg"", ""https://www.41zero42.com/wp-content/uploads/2021/04/41Zero42_Pixel_45_04.jpg"", ""https://www.41zero42.com/wp-content/uploads/2021/04/41Zero42_Pixel_45_05.jpg"", ""https://www.41zero42.com/wp-content/uploads/2021/04/41Zero42_Pixel_36_04.jpg"", ""https://www.41zero42.com/wp-content/uploads/2021/04/41Zero42_Pixel_36_03.jpg"", ""https://www.41zero42.com/wp-content/uploads/2021/04/41Zero42_Pixel_36_02.jpg"", ""https://www.41zero42.com/wp-content/uploads/2021/04/41Zero42_32_Pixel_02_bis.jpg"", ""https://www.41zero42.com/wp-content/uploads/2021/04/41Zero42_32_Pixel_06_bis.jpg"", ""https://www.41zero42.com/wp-content/uploads/2021/04/41Zero42_32_Pixel_04_bis.jpg"", ""https://www.41zero42.com/wp-content/uploads/2021/04/41Zero42_32_Pixel_03_bis.jpg"", ""https://www.41zero42.com/wp-content/uploads/2021/04/41Zero42_Pixel_30_18.jpg"", ""https://www.41zero42.com/wp-content/uploads/2021/04/41Zero42_Pixel_30_14.jpg"", ""https://www.41zero42.com/wp-content/uploads/2021/04/41Zero42_Pixel_30_22.jpg"", ""https://www.41zero42.com/wp-content/uploads/2021/04/41Zero42_Pixel_30_21.jpg"", ""https://www.41zero42.com/wp-content/uploads/2021/04/41Zero42_Pixel_30_17.jpg"", ""https://www.41zero42.com/wp-content/uploads/2021/04/41Zero42_Pixel_49_01.jpg"", ""https://www.41zero42.com/wp-content/uploads/2021/04/41Zero42_Pixel_49_02.jpg"", ""https://www.41zero42.com/wp-content/uploads/2021/04/41Zero42_Pixel_49_03.jpg"", ""https://www.41zero42.com/wp-content/uploads/2021/04/41Zero42_Pixel_49_06.jpg"", ""https://www.41zero42.com/wp-content/uploads/2021/04/41Zero42_Pixel_07_14.jpg"", ""https://www.41zero42.com/wp-content/uploads/2021/04/41Zero42_Pixel_07_09.jpg"", ""https://www.41zero42.com/wp-content/uploads/2021/04/41Zero42_Pixel_07_10.jpg"", ""https://www.41zero42.com/wp-content/uploads/2021/04/41Zero42_Pixel_07_13.jpg"", ""https://www.41zero42.com/wp-content/uploads/2021/04/41Zero42_Pixel_22_04.jpg"", ""https://www.41zero42.com/wp-content/uploads/2021/04/41Zero42_Pixel_22_06.jpg"", ""https://www.41zero42.com/wp-content/uploads/2021/04/41Zero42_Pixel_22_05.jpg"", ""https://www.41zero42.com/wp-content/uploads/2021/04/41Zero42_Pixel_22_02.jpg"", ""https://www.41zero42.com/wp-content/uploads/2021/04/41Zero42_Pixel_14_08_v2.jpg"", ""https://www.41zero42.com/wp-content/uploads/2021/04/41Zero42_Pixel_14_06_v3.jpg"", ""https://www.41zero42.com/wp-content/uploads/2021/04/41Zero42_Pixel_14_04.jpg"", ""https://www.41zero42.com/wp-content/uploads/2021/04/41Zero42_Pixel_14_05.jpg"", ""https://www.41zero42.com/wp-content/uploads/2021/04/41Zero42_Pixel_48_07.jpg"", ""https://www.41zero42.com/wp-content/uploads/2021/04/41Zero42_Pixel_48_09.jpg"", ""https://www.41zero42.com/wp-content/uploads/2021/04/41Zero_42_Pixel_48_01.jpg"", ""https://www.41zero42.com/wp-content/uploads/2021/04/41Zero42_Pixel_49_05.jpg"", ""https://www.41zero42.com/wp-content/uploads/2021/04/41Zero42_Pixel_50_04.jpg"", ""https://www.41zero42.com/wp-content/uploads/2021/04/41Zero42_Pixel_50_03.jpg"", ""https://www.41zero42.com/wp-content/uploads/2021/04/41Zero42_Pixel_27_02.jpg"", ""https://www.41zero42.com/wp-content/uploads/2021/04/41Zero42_27_Pixel_05.jpg"", ""https://www.41zero42.com/wp-content/uploads/2021/04/41Zero42_Pixel_16_001.jpg"", ""https://www.41zero42.com/wp-content/uploads/2021/04/41Zero42_Pixel_16_016.jpg"", ""https://www.41zero42.com/wp-content/uploads/2021/04/41Zero42_Pixel_16_023.jpg"", ""https://www.41zero42.com/wp-content/uploads/2021/04/41Zero42_Pixel_31_02.jpg""]",[]
80086,80008,41Z-4100813,Khaki,https://www.41zero42.com/collections/pixel41-en/,"[""https://cdn.altrodesign.ro/products/pixel41-khaki.jpg"", ""https://www.41zero42.com/wp-content/uploads/2021/02/41Zero42_Pixel_39_11.jpg"", ""https://www.41zero42.com/wp-content/uploads/2021/04/41Zero42_Pixel_39_03.jpg"", ""https://www.41zero42.com/wp-content/uploads/2021/04/41Zero42_Pixel_39_02.jpg"", ""https://www.41zero42.com/wp-content/uploads/2021/04/41Zero42_Pixel_39_10.jpg"", ""https://www.41zero42.com/wp-content/uploads/2021/04/41Zero42_45_Pixel_01_v3.jpg"", ""https://www.41zero42.com/wp-content/uploads/2021/04/41Zero42_Pixel_45_04.jpg"", ""https://www.41zero42.com/wp-content/uploads/2021/04/41Zero42_Pixel_45_05.jpg"", ""https://www.41zero42.com/wp-content/uploads/2021/04/41Zero42_Pixel_36_04.jpg"", ""https://www.41zero42.com/wp-content/uploads/2021/04/41Zero42_Pixel_36_03.jpg"", ""https://www.41zero42.com/wp-content/uploads/2021/04/41Zero42_Pixel_36_02.jpg"", ""https://www.41zero42.com/wp-content/uploads/2021/04/41Zero42_32_Pixel_02_bis.jpg"", ""https://www.41zero42.com/wp-content/uploads/2021/04/41Zero42_32_Pixel_06_bis.jpg"", ""https://www.41zero42.com/wp-content/uploads/2021/04/41Zero42_32_Pixel_04_bis.jpg"", ""https://www.41zero42.com/wp-content/uploads/2021/04/41Zero42_32_Pixel_03_bis.jpg"", ""https://www.41zero42.com/wp-content/uploads/2021/04/41Zero42_Pixel_30_18.jpg"", ""https://www.41zero42.com/wp-content/uploads/2021/04/41Zero42_Pixel_30_14.jpg"", ""https://www.41zero42.com/wp-content/uploads/2021/04/41Zero42_Pixel_30_22.jpg"", ""https://www.41zero42.com/wp-content/uploads/2021/04/41Zero42_Pixel_30_21.jpg"", ""https://www.41zero42.com/wp-content/uploads/2021/04/41Zero42_Pixel_30_17.jpg"", ""https://www.41zero42.com/wp-content/uploads/2021/04/41Zero42_Pixel_49_01.jpg"", ""https://www.41zero42.com/wp-content/uploads/2021/04/41Zero42_Pixel_49_02.jpg"", ""https://www.41zero42.com/wp-content/uploads/2021/04/41Zero42_Pixel_49_03.jpg"", ""https://www.41zero42.com/wp-content/uploads/2021/04/41Zero42_Pixel_49_06.jpg"", ""https://www.41zero42.com/wp-content/uploads/2021/04/41Zero42_Pixel_07_14.jpg"", ""https://www.41zero42.com/wp-content/uploads/2021/04/41Zero42_Pixel_07_09.jpg"", ""https://www.41zero42.com/wp-content/uploads/2021/04/41Zero42_Pixel_07_10.jpg"", ""https://www.41zero42.com/wp-content/uploads/2021/04/41Zero42_Pixel_07_13.jpg"", ""https://www.41zero42.com/wp-content/uploads/2021/04/41Zero42_Pixel_22_04.jpg"", ""https://www.41zero42.com/wp-content/uploads/2021/04/41Zero42_Pixel_22_06.jpg"", ""https://www.41zero42.com/wp-content/uploads/2021/04/41Zero42_Pixel_22_05.jpg"", ""https://www.41zero42.com/wp-content/uploads/2021/04/41Zero42_Pixel_22_02.jpg"", ""https://www.41zero42.com/wp-content/uploads/2021/04/41Zero42_Pixel_14_08_v2.jpg"", ""https://www.41zero42.com/wp-content/uploads/2021/04/41Zero42_Pixel_14_06_v3.jpg"", ""https://www.41zero42.com/wp-content/uploads/2021/04/41Zero42_Pixel_14_04.jpg"", ""https://www.41zero42.com/wp-content/uploads/2021/04/41Zero42_Pixel_14_05.jpg"", ""https://www.41zero42.com/wp-content/uploads/2021/04/41Zero42_Pixel_48_07.jpg"", ""https://www.41zero42.com/wp-content/uploads/2021/04/41Zero42_Pixel_48_09.jpg"", ""https://www.41zero42.com/wp-content/uploads/2021/04/41Zero_42_Pixel_48_01.jpg"", ""https://www.41zero42.com/wp-content/uploads/2021/04/41Zero42_Pixel_49_05.jpg"", ""https://www.41zero42.com/wp-content/uploads/2021/04/41Zero42_Pixel_50_04.jpg"", ""https://www.41zero42.com/wp-content/uploads/2021/04/41Zero42_Pixel_50_03.jpg"", ""https://www.41zero42.com/wp-content/uploads/2021/04/41Zero42_Pixel_27_02.jpg"", ""https://www.41zero42.com/wp-content/uploads/2021/04/41Zero42_27_Pixel_05.jpg"", ""https://www.41zero42.com/wp-content/uploads/2021/04/41Zero42_Pixel_16_001.jpg"", ""https://www.41zero42.com/wp-content/uploads/2021/04/41Zero42_Pixel_16_016.jpg"", ""https://www.41zero42.com/wp-content/uploads/2021/04/41Zero42_Pixel_16_023.jpg"", ""https://www.41zero42.com/wp-content/uploads/2021/04/41Zero42_Pixel_31_02.jpg""]",[]
80087,80008,41Z-4100814,Lemon,https://www.41zero42.com/collections/pixel41-en/,"[""https://cdn.altrodesign.ro/products/pixel41-lemon.jpg"", ""https://www.41zero42.com/wp-content/uploads/2021/02/41Zero42_Pixel_39_11.jpg"", ""https://www.41zero42.com/wp-content/uploads/2021/04/41Zero42_Pixel_39_03.jpg"", ""https://www.41zero42.com/wp-content/uploads/2021/04/41Zero42_Pixel_39_02.jpg"", ""https://www.41zero42.com/wp-content/uploads/2021/04/41Zero42_Pixel_39_10.jpg"", ""https://www.41zero42.com/wp-content/uploads/2021/04/41Zero42_45_Pixel_01_v3.jpg"", ""https://www.41zero42.com/wp-content/uploads/2021/04/41Zero42_Pixel_45_04.jpg"", ""https://www.41zero42.com/wp-content/uploads/2021/04/41Zero42_Pixel_45_05.jpg"", ""https://www.41zero42.com/wp-content/uploads/2021/04/41Zero42_Pixel_36_04.jpg"", ""https://www.41zero42.com/wp-content/uploads/2021/04/41Zero42_Pixel_36_03.jpg"", ""https://www.41zero42.com/wp-content/uploads/2021/04/41Zero42_Pixel_36_02.jpg"", ""https://www.41zero42.com/wp-content/uploads/2021/04/41Zero42_32_Pixel_02_bis.jpg"", ""https://www.41zero42.com/wp-content/uploads/2021/04/41Zero42_32_Pixel_06_bis.jpg"", ""https://www.41zero42.com/wp-content/uploads/2021/04/41Zero42_32_Pixel_04_bis.jpg"", ""https://www.41zero42.com/wp-content/uploads/2021/04/41Zero42_32_Pixel_03_bis.jpg"", ""https://www.41zero42.com/wp-content/uploads/2021/04/41Zero42_Pixel_30_18.jpg"", ""https://www.41zero42.com/wp-content/uploads/2021/04/41Zero42_Pixel_30_14.jpg"", ""https://www.41zero42.com/wp-content/uploads/2021/04/41Zero42_Pixel_30_22.jpg"", ""https://www.41zero42.com/wp-content/uploads/2021/04/41Zero42_Pixel_30_21.jpg"", ""https://www.41zero42.com/wp-content/uploads/2021/04/41Zero42_Pixel_30_17.jpg"", ""https://www.41zero42.com/wp-content/uploads/2021/04/41Zero42_Pixel_49_01.jpg"", ""https://www.41zero42.com/wp-content/uploads/2021/04/41Zero42_Pixel_49_02.jpg"", ""https://www.41zero42.com/wp-content/uploads/2021/04/41Zero42_Pixel_49_03.jpg"", ""https://www.41zero42.com/wp-content/uploads/2021/04/41Zero42_Pixel_49_06.jpg"", ""https://www.41zero42.com/wp-content/uploads/2021/04/41Zero42_Pixel_07_14.jpg"", ""https://www.41zero42.com/wp-content/uploads/2021/04/41Zero42_Pixel_07_09.jpg"", ""https://www.41zero42.com/wp-content/uploads/2021/04/41Zero42_Pixel_07_10.jpg"", ""https://www.41zero42.com/wp-content/uploads/2021/04/41Zero42_Pixel_07_13.jpg"", ""https://www.41zero42.com/wp-content/uploads/2021/04/41Zero42_Pixel_22_04.jpg"", ""https://www.41zero42.com/wp-content/uploads/2021/04/41Zero42_Pixel_22_06.jpg"", ""https://www.41zero42.com/wp-content/uploads/2021/04/41Zero42_Pixel_22_05.jpg"", ""https://www.41zero42.com/wp-content/uploads/2021/04/41Zero42_Pixel_22_02.jpg"", ""https://www.41zero42.com/wp-content/uploads/2021/04/41Zero42_Pixel_14_08_v2.jpg"", ""https://www.41zero42.com/wp-content/uploads/2021/04/41Zero42_Pixel_14_06_v3.jpg"", ""https://www.41zero42.com/wp-content/uploads/2021/04/41Zero42_Pixel_14_04.jpg"", ""https://www.41zero42.com/wp-content/uploads/2021/04/41Zero42_Pixel_14_05.jpg"", ""https://www.41zero42.com/wp-content/uploads/2021/04/41Zero42_Pixel_48_07.jpg"", ""https://www.41zero42.com/wp-content/uploads/2021/04/41Zero42_Pixel_48_09.jpg"", ""https://www.41zero42.com/wp-content/uploads/2021/04/41Zero_42_Pixel_48_01.jpg"", ""https://www.41zero42.com/wp-content/uploads/2021/04/41Zero42_Pixel_49_05.jpg"", ""https://www.41zero42.com/wp-content/uploads/2021/04/41Zero42_Pixel_50_04.jpg"", ""https://www.41zero42.com/wp-content/uploads/2021/04/41Zero42_Pixel_50_03.jpg"", ""https://www.41zero42.com/wp-content/uploads/2021/04/41Zero42_Pixel_27_02.jpg"", ""https://www.41zero42.com/wp-content/uploads/2021/04/41Zero42_27_Pixel_05.jpg"", ""https://www.41zero42.com/wp-content/uploads/2021/04/41Zero42_Pixel_16_001.jpg"", ""https://www.41zero42.com/wp-content/uploads/2021/04/41Zero42_Pixel_16_016.jpg"", ""https://www.41zero42.com/wp-content/uploads/2021/04/41Zero42_Pixel_16_023.jpg"", ""https://www.41zero42.com/wp-content/uploads/2021/04/41Zero42_Pixel_31_02.jpg""]",[]
80088,80008,41Z-4100815,Vanilla,https://www.41zero42.com/collections/pixel41-en/,"[""https://cdn.altrodesign.ro/products/pixel41-vanilla.jpg"", ""https://www.41zero42.com/wp-content/uploads/2021/02/41Zero42_Pixel_39_11.jpg"", ""https://www.41zero42.com/wp-content/uploads/2021/04/41Zero42_Pixel_39_03.jpg"", ""https://www.41zero42.com/wp-content/uploads/2021/04/41Zero42_Pixel_39_02.jpg"", ""https://www.41zero42.com/wp-content/uploads/2021/04/41Zero42_Pixel_39_10.jpg"", ""https://www.41zero42.com/wp-content/uploads/2021/04/41Zero42_45_Pixel_01_v3.jpg"", ""https://www.41zero42.com/wp-content/uploads/2021/04/41Zero42_Pixel_45_04.jpg"", ""https://www.41zero42.com/wp-content/uploads/2021/04/41Zero42_Pixel_45_05.jpg"", ""https://www.41zero42.com/wp-content/uploads/2021/04/41Zero42_Pixel_36_04.jpg"", ""https://www.41zero42.com/wp-content/uploads/2021/04/41Zero42_Pixel_36_03.jpg"", ""https://www.41zero42.com/wp-content/uploads/2021/04/41Zero42_Pixel_36_02.jpg"", ""https://www.41zero42.com/wp-content/uploads/2021/04/41Zero42_32_Pixel_02_bis.jpg"", ""https://www.41zero42.com/wp-content/uploads/2021/04/41Zero42_32_Pixel_06_bis.jpg"", ""https://www.41zero42.com/wp-content/uploads/2021/04/41Zero42_32_Pixel_04_bis.jpg"", ""https://www.41zero42.com/wp-content/uploads/2021/04/41Zero42_32_Pixel_03_bis.jpg"", ""https://www.41zero42.com/wp-content/uploads/2021/04/41Zero42_Pixel_30_18.jpg"", ""https://www.41zero42.com/wp-content/uploads/2021/04/41Zero42_Pixel_30_14.jpg"", ""https://www.41zero42.com/wp-content/uploads/2021/04/41Zero42_Pixel_30_22.jpg"", ""https://www.41zero42.com/wp-content/uploads/2021/04/41Zero42_Pixel_30_21.jpg"", ""https://www.41zero42.com/wp-content/uploads/2021/04/41Zero42_Pixel_30_17.jpg"", ""https://www.41zero42.com/wp-content/uploads/2021/04/41Zero42_Pixel_49_01.jpg"", ""https://www.41zero42.com/wp-content/uploads/2021/04/41Zero42_Pixel_49_02.jpg"", ""https://www.41zero42.com/wp-content/uploads/2021/04/41Zero42_Pixel_49_03.jpg"", ""https://www.41zero42.com/wp-content/uploads/2021/04/41Zero42_Pixel_49_06.jpg"", ""https://www.41zero42.com/wp-content/uploads/2021/04/41Zero42_Pixel_07_14.jpg"", ""https://www.41zero42.com/wp-content/uploads/2021/04/41Zero42_Pixel_07_09.jpg"", ""https://www.41zero42.com/wp-content/uploads/2021/04/41Zero42_Pixel_07_10.jpg"", ""https://www.41zero42.com/wp-content/uploads/2021/04/41Zero42_Pixel_07_13.jpg"", ""https://www.41zero42.com/wp-content/uploads/2021/04/41Zero42_Pixel_22_04.jpg"", ""https://www.41zero42.com/wp-content/uploads/2021/04/41Zero42_Pixel_22_06.jpg"", ""https://www.41zero42.com/wp-content/uploads/2021/04/41Zero42_Pixel_22_05.jpg"", ""https://www.41zero42.com/wp-content/uploads/2021/04/41Zero42_Pixel_22_02.jpg"", ""https://www.41zero42.com/wp-content/uploads/2021/04/41Zero42_Pixel_14_08_v2.jpg"", ""https://www.41zero42.com/wp-content/uploads/2021/04/41Zero42_Pixel_14_06_v3.jpg"", ""https://www.41zero42.com/wp-content/uploads/2021/04/41Zero42_Pixel_14_04.jpg"", ""https://www.41zero42.com/wp-content/uploads/2021/04/41Zero42_Pixel_14_05.jpg"", ""https://www.41zero42.com/wp-content/uploads/2021/04/41Zero42_Pixel_48_07.jpg"", ""https://www.41zero42.com/wp-content/uploads/2021/04/41Zero42_Pixel_48_09.jpg"", ""https://www.41zero42.com/wp-content/uploads/2021/04/41Zero_42_Pixel_48_01.jpg"", ""https://www.41zero42.com/wp-content/uploads/2021/04/41Zero42_Pixel_49_05.jpg"", ""https://www.41zero42.com/wp-content/uploads/2021/04/41Zero42_Pixel_50_04.jpg"", ""https://www.41zero42.com/wp-content/uploads/2021/04/41Zero42_Pixel_50_03.jpg"", ""https://www.41zero42.com/wp-content/uploads/2021/04/41Zero42_Pixel_27_02.jpg"", ""https://www.41zero42.com/wp-content/uploads/2021/04/41Zero42_27_Pixel_05.jpg"", ""https://www.41zero42.com/wp-content/uploads/2021/04/41Zero42_Pixel_16_001.jpg"", ""https://www.41zero42.com/wp-content/uploads/2021/04/41Zero42_Pixel_16_016.jpg"", ""https://www.41zero42.com/wp-content/uploads/2021/04/41Zero42_Pixel_16_023.jpg"", ""https://www.41zero42.com/wp-content/uploads/2021/04/41Zero42_Pixel_31_02.jpg""]",[]
80089,80008,41Z-4100816,Sand,https://www.41zero42.com/collections/pixel41-en/,"[""https://cdn.altrodesign.ro/products/pixel41-sand.jpg"", ""https://www.41zero42.com/wp-content/uploads/2021/02/41Zero42_Pixel_39_11.jpg"", ""https://www.41zero42.com/wp-content/uploads/2021/04/41Zero42_Pixel_39_03.jpg"", ""https://www.41zero42.com/wp-content/uploads/2021/04/41Zero42_Pixel_39_02.jpg"", ""https://www.41zero42.com/wp-content/uploads/2021/04/41Zero42_Pixel_39_10.jpg"", ""https://www.41zero42.com/wp-content/uploads/2021/04/41Zero42_45_Pixel_01_v3.jpg"", ""https://www.41zero42.com/wp-content/uploads/2021/04/41Zero42_Pixel_45_04.jpg"", ""https://www.41zero42.com/wp-content/uploads/2021/04/41Zero42_Pixel_45_05.jpg"", ""https://www.41zero42.com/wp-content/uploads/2021/04/41Zero42_Pixel_36_04.jpg"", ""https://www.41zero42.com/wp-content/uploads/2021/04/41Zero42_Pixel_36_03.jpg"", ""https://www.41zero42.com/wp-content/uploads/2021/04/41Zero42_Pixel_36_02.jpg"", ""https://www.41zero42.com/wp-content/uploads/2021/04/41Zero42_32_Pixel_02_bis.jpg"", ""https://www.41zero42.com/wp-content/uploads/2021/04/41Zero42_32_Pixel_06_bis.jpg"", ""https://www.41zero42.com/wp-content/uploads/2021/04/41Zero42_32_Pixel_04_bis.jpg"", ""https://www.41zero42.com/wp-content/uploads/2021/04/41Zero42_32_Pixel_03_bis.jpg"", ""https://www.41zero42.com/wp-content/uploads/2021/04/41Zero42_Pixel_30_18.jpg"", ""https://www.41zero42.com/wp-content/uploads/2021/04/41Zero42_Pixel_30_14.jpg"", ""https://www.41zero42.com/wp-content/uploads/2021/04/41Zero42_Pixel_30_22.jpg"", ""https://www.41zero42.com/wp-content/uploads/2021/04/41Zero42_Pixel_30_21.jpg"", ""https://www.41zero42.com/wp-content/uploads/2021/04/41Zero42_Pixel_30_17.jpg"", ""https://www.41zero42.com/wp-content/uploads/2021/04/41Zero42_Pixel_49_01.jpg"", ""https://www.41zero42.com/wp-content/uploads/2021/04/41Zero42_Pixel_49_02.jpg"", ""https://www.41zero42.com/wp-content/uploads/2021/04/41Zero42_Pixel_49_03.jpg"", ""https://www.41zero42.com/wp-content/uploads/2021/04/41Zero42_Pixel_49_06.jpg"", ""https://www.41zero42.com/wp-content/uploads/2021/04/41Zero42_Pixel_07_14.jpg"", ""https://www.41zero42.com/wp-content/uploads/2021/04/41Zero42_Pixel_07_09.jpg"", ""https://www.41zero42.com/wp-content/uploads/2021/04/41Zero42_Pixel_07_10.jpg"", ""https://www.41zero42.com/wp-content/uploads/2021/04/41Zero42_Pixel_07_13.jpg"", ""https://www.41zero42.com/wp-content/uploads/2021/04/41Zero42_Pixel_22_04.jpg"", ""https://www.41zero42.com/wp-content/uploads/2021/04/41Zero42_Pixel_22_06.jpg"", ""https://www.41zero42.com/wp-content/uploads/2021/04/41Zero42_Pixel_22_05.jpg"", ""https://www.41zero42.com/wp-content/uploads/2021/04/41Zero42_Pixel_22_02.jpg"", ""https://www.41zero42.com/wp-content/uploads/2021/04/41Zero42_Pixel_14_08_v2.jpg"", ""https://www.41zero42.com/wp-content/uploads/2021/04/41Zero42_Pixel_14_06_v3.jpg"", ""https://www.41zero42.com/wp-content/uploads/2021/04/41Zero42_Pixel_14_04.jpg"", ""https://www.41zero42.com/wp-content/uploads/2021/04/41Zero42_Pixel_14_05.jpg"", ""https://www.41zero42.com/wp-content/uploads/2021/04/41Zero42_Pixel_48_07.jpg"", ""https://www.41zero42.com/wp-content/uploads/2021/04/41Zero42_Pixel_48_09.jpg"", ""https://www.41zero42.com/wp-content/uploads/2021/04/41Zero_42_Pixel_48_01.jpg"", ""https://www.41zero42.com/wp-content/uploads/2021/04/41Zero42_Pixel_49_05.jpg"", ""https://www.41zero42.com/wp-content/uploads/2021/04/41Zero42_Pixel_50_04.jpg"", ""https://www.41zero42.com/wp-content/uploads/2021/04/41Zero42_Pixel_50_03.jpg"", ""https://www.41zero42.com/wp-content/uploads/2021/04/41Zero42_Pixel_27_02.jpg"", ""https://www.41zero42.com/wp-content/uploads/2021/04/41Zero42_27_Pixel_05.jpg"", ""https://www.41zero42.com/wp-content/uploads/2021/04/41Zero42_Pixel_16_001.jpg"", ""https://www.41zero42.com/wp-content/uploads/2021/04/41Zero42_Pixel_16_016.jpg"", ""https://www.41zero42.com/wp-content/uploads/2021/04/41Zero42_Pixel_16_023.jpg"", ""https://www.41zero42.com/wp-content/uploads/2021/04/41Zero42_Pixel_31_02.jpg""]",[]
80090,80008,41Z-4100817,Nut,https://www.41zero42.com/collections/pixel41-en/,"[""https://cdn.altrodesign.ro/products/pixel41-nut.jpg"", ""https://www.41zero42.com/wp-content/uploads/2021/02/41Zero42_Pixel_39_11.jpg"", ""https://www.41zero42.com/wp-content/uploads/2021/04/41Zero42_Pixel_39_03.jpg"", ""https://www.41zero42.com/wp-content/uploads/2021/04/41Zero42_Pixel_39_02.jpg"", ""https://www.41zero42.com/wp-content/uploads/2021/04/41Zero42_Pixel_39_10.jpg"", ""https://www.41zero42.com/wp-content/uploads/2021/04/41Zero42_45_Pixel_01_v3.jpg"", ""https://www.41zero42.com/wp-content/uploads/2021/04/41Zero42_Pixel_45_04.jpg"", ""https://www.41zero42.com/wp-content/uploads/2021/04/41Zero42_Pixel_45_05.jpg"", ""https://www.41zero42.com/wp-content/uploads/2021/04/41Zero42_Pixel_36_04.jpg"", ""https://www.41zero42.com/wp-content/uploads/2021/04/41Zero42_Pixel_36_03.jpg"", ""https://www.41zero42.com/wp-content/uploads/2021/04/41Zero42_Pixel_36_02.jpg"", ""https://www.41zero42.com/wp-content/uploads/2021/04/41Zero42_32_Pixel_02_bis.jpg"", ""https://www.41zero42.com/wp-content/uploads/2021/04/41Zero42_32_Pixel_06_bis.jpg"", ""https://www.41zero42.com/wp-content/uploads/2021/04/41Zero42_32_Pixel_04_bis.jpg"", ""https://www.41zero42.com/wp-content/uploads/2021/04/41Zero42_32_Pixel_03_bis.jpg"", ""https://www.41zero42.com/wp-content/uploads/2021/04/41Zero42_Pixel_30_18.jpg"", ""https://www.41zero42.com/wp-content/uploads/2021/04/41Zero42_Pixel_30_14.jpg"", ""https://www.41zero42.com/wp-content/uploads/2021/04/41Zero42_Pixel_30_22.jpg"", ""https://www.41zero42.com/wp-content/uploads/2021/04/41Zero42_Pixel_30_21.jpg"", ""https://www.41zero42.com/wp-content/uploads/2021/04/41Zero42_Pixel_30_17.jpg"", ""https://www.41zero42.com/wp-content/uploads/2021/04/41Zero42_Pixel_49_01.jpg"", ""https://www.41zero42.com/wp-content/uploads/2021/04/41Zero42_Pixel_49_02.jpg"", ""https://www.41zero42.com/wp-content/uploads/2021/04/41Zero42_Pixel_49_03.jpg"", ""https://www.41zero42.com/wp-content/uploads/2021/04/41Zero42_Pixel_49_06.jpg"", ""https://www.41zero42.com/wp-content/uploads/2021/04/41Zero42_Pixel_07_14.jpg"", ""https://www.41zero42.com/wp-content/uploads/2021/04/41Zero42_Pixel_07_09.jpg"", ""https://www.41zero42.com/wp-content/uploads/2021/04/41Zero42_Pixel_07_10.jpg"", ""https://www.41zero42.com/wp-content/uploads/2021/04/41Zero42_Pixel_07_13.jpg"", ""https://www.41zero42.com/wp-content/uploads/2021/04/41Zero42_Pixel_22_04.jpg"", ""https://www.41zero42.com/wp-content/uploads/2021/04/41Zero42_Pixel_22_06.jpg"", ""https://www.41zero42.com/wp-content/uploads/2021/04/41Zero42_Pixel_22_05.jpg"", ""https://www.41zero42.com/wp-content/uploads/2021/04/41Zero42_Pixel_22_02.jpg"", ""https://www.41zero42.com/wp-content/uploads/2021/04/41Zero42_Pixel_14_08_v2.jpg"", ""https://www.41zero42.com/wp-content/uploads/2021/04/41Zero42_Pixel_14_06_v3.jpg"", ""https://www.41zero42.com/wp-content/uploads/2021/04/41Zero42_Pixel_14_04.jpg"", ""https://www.41zero42.com/wp-content/uploads/2021/04/41Zero42_Pixel_14_05.jpg"", ""https://www.41zero42.com/wp-content/uploads/2021/04/41Zero42_Pixel_48_07.jpg"", ""https://www.41zero42.com/wp-content/uploads/2021/04/41Zero42_Pixel_48_09.jpg"", ""https://www.41zero42.com/wp-content/uploads/2021/04/41Zero_42_Pixel_48_01.jpg"", ""https://www.41zero42.com/wp-content/uploads/2021/04/41Zero42_Pixel_49_05.jpg"", ""https://www.41zero42.com/wp-content/uploads/2021/04/41Zero42_Pixel_50_04.jpg"", ""https://www.41zero42.com/wp-content/uploads/2021/04/41Zero42_Pixel_50_03.jpg"", ""https://www.41zero42.com/wp-content/uploads/2021/04/41Zero42_Pixel_27_02.jpg"", ""https://www.41zero42.com/wp-content/uploads/2021/04/41Zero42_27_Pixel_05.jpg"", ""https://www.41zero42.com/wp-content/uploads/2021/04/41Zero42_Pixel_16_001.jpg"", ""https://www.41zero42.com/wp-content/uploads/2021/04/41Zero42_Pixel_16_016.jpg"", ""https://www.41zero42.com/wp-content/uploads/2021/04/41Zero42_Pixel_16_023.jpg"", ""https://www.41zero42.com/wp-content/uploads/2021/04/41Zero42_Pixel_31_02.jpg""]",[]
80091,80008,41Z-4100818,Almond,https://www.41zero42.com/collections/pixel41-en/,"[""https://cdn.altrodesign.ro/products/pixel41-almond.jpg"", ""https://www.41zero42.com/wp-content/uploads/2021/02/41Zero42_Pixel_39_11.jpg"", ""https://www.41zero42.com/wp-content/uploads/2021/04/41Zero42_Pixel_39_03.jpg"", ""https://www.41zero42.com/wp-content/uploads/2021/04/41Zero42_Pixel_39_02.jpg"", ""https://www.41zero42.com/wp-content/uploads/2021/04/41Zero42_Pixel_39_10.jpg"", ""https://www.41zero42.com/wp-content/uploads/2021/04/41Zero42_45_Pixel_01_v3.jpg"", ""https://www.41zero42.com/wp-content/uploads/2021/04/41Zero42_Pixel_45_04.jpg"", ""https://www.41zero42.com/wp-content/uploads/2021/04/41Zero42_Pixel_45_05.jpg"", ""https://www.41zero42.com/wp-content/uploads/2021/04/41Zero42_Pixel_36_04.jpg"", ""https://www.41zero42.com/wp-content/uploads/2021/04/41Zero42_Pixel_36_03.jpg"", ""https://www.41zero42.com/wp-content/uploads/2021/04/41Zero42_Pixel_36_02.jpg"", ""https://www.41zero42.com/wp-content/uploads/2021/04/41Zero42_32_Pixel_02_bis.jpg"", ""https://www.41zero42.com/wp-content/uploads/2021/04/41Zero42_32_Pixel_06_bis.jpg"", ""https://www.41zero42.com/wp-content/uploads/2021/04/41Zero42_32_Pixel_04_bis.jpg"", ""https://www.41zero42.com/wp-content/uploads/2021/04/41Zero42_32_Pixel_03_bis.jpg"", ""https://www.41zero42.com/wp-content/uploads/2021/04/41Zero42_Pixel_30_18.jpg"", ""https://www.41zero42.com/wp-content/uploads/2021/04/41Zero42_Pixel_30_14.jpg"", ""https://www.41zero42.com/wp-content/uploads/2021/04/41Zero42_Pixel_30_22.jpg"", ""https://www.41zero42.com/wp-content/uploads/2021/04/41Zero42_Pixel_30_21.jpg"", ""https://www.41zero42.com/wp-content/uploads/2021/04/41Zero42_Pixel_30_17.jpg"", ""https://www.41zero42.com/wp-content/uploads/2021/04/41Zero42_Pixel_49_01.jpg"", ""https://www.41zero42.com/wp-content/uploads/2021/04/41Zero42_Pixel_49_02.jpg"", ""https://www.41zero42.com/wp-content/uploads/2021/04/41Zero42_Pixel_49_03.jpg"", ""https://www.41zero42.com/wp-content/uploads/2021/04/41Zero42_Pixel_49_06.jpg"", ""https://www.41zero42.com/wp-content/uploads/2021/04/41Zero42_Pixel_07_14.jpg"", ""https://www.41zero42.com/wp-content/uploads/2021/04/41Zero42_Pixel_07_09.jpg"", ""https://www.41zero42.com/wp-content/uploads/2021/04/41Zero42_Pixel_07_10.jpg"", ""https://www.41zero42.com/wp-content/uploads/2021/04/41Zero42_Pixel_07_13.jpg"", ""https://www.41zero42.com/wp-content/uploads/2021/04/41Zero42_Pixel_22_04.jpg"", ""https://www.41zero42.com/wp-content/uploads/2021/04/41Zero42_Pixel_22_06.jpg"", ""https://www.41zero42.com/wp-content/uploads/2021/04/41Zero42_Pixel_22_05.jpg"", ""https://www.41zero42.com/wp-content/uploads/2021/04/41Zero42_Pixel_22_02.jpg"", ""https://www.41zero42.com/wp-content/uploads/2021/04/41Zero42_Pixel_14_08_v2.jpg"", ""https://www.41zero42.com/wp-content/uploads/2021/04/41Zero42_Pixel_14_06_v3.jpg"", ""https://www.41zero42.com/wp-content/uploads/2021/04/41Zero42_Pixel_14_04.jpg"", ""https://www.41zero42.com/wp-content/uploads/2021/04/41Zero42_Pixel_14_05.jpg"", ""https://www.41zero42.com/wp-content/uploads/2021/04/41Zero42_Pixel_48_07.jpg"", ""https://www.41zero42.com/wp-content/uploads/2021/04/41Zero42_Pixel_48_09.jpg"", ""https://www.41zero42.com/wp-content/uploads/2021/04/41Zero_42_Pixel_48_01.jpg"", ""https://www.41zero42.com/wp-content/uploads/2021/04/41Zero42_Pixel_49_05.jpg"", ""https://www.41zero42.com/wp-content/uploads/2021/04/41Zero42_Pixel_50_04.jpg"", ""https://www.41zero42.com/wp-content/uploads/2021/04/41Zero42_Pixel_50_03.jpg"", ""https://www.41zero42.com/wp-content/uploads/2021/04/41Zero42_Pixel_27_02.jpg"", ""https://www.41zero42.com/wp-content/uploads/2021/04/41Zero42_27_Pixel_05.jpg"", ""https://www.41zero42.com/wp-content/uploads/2021/04/41Zero42_Pixel_16_001.jpg"", ""https://www.41zero42.com/wp-content/uploads/2021/04/41Zero42_Pixel_16_016.jpg"", ""https://www.41zero42.com/wp-content/uploads/2021/04/41Zero42_Pixel_16_023.jpg"", ""https://www.41zero42.com/wp-content/uploads/2021/04/41Zero42_Pixel_31_02.jpg""]",[]
80092,80008,41Z-4100819,White,https://www.41zero42.com/collections/pixel41-en/,"[""https://cdn.altrodesign.ro/products/pixel41-white.jpg"", ""https://www.41zero42.com/wp-content/uploads/2021/02/41Zero42_Pixel_39_11.jpg"", ""https://www.41zero42.com/wp-content/uploads/2021/04/41Zero42_Pixel_39_03.jpg"", ""https://www.41zero42.com/wp-content/uploads/2021/04/41Zero42_Pixel_39_02.jpg"", ""https://www.41zero42.com/wp-content/uploads/2021/04/41Zero42_Pixel_39_10.jpg"", ""https://www.41zero42.com/wp-content/uploads/2021/04/41Zero42_45_Pixel_01_v3.jpg"", ""https://www.41zero42.com/wp-content/uploads/2021/04/41Zero42_Pixel_45_04.jpg"", ""https://www.41zero42.com/wp-content/uploads/2021/04/41Zero42_Pixel_45_05.jpg"", ""https://www.41zero42.com/wp-content/uploads/2021/04/41Zero42_Pixel_36_04.jpg"", ""https://www.41zero42.com/wp-content/uploads/2021/04/41Zero42_Pixel_36_03.jpg"", ""https://www.41zero42.com/wp-content/uploads/2021/04/41Zero42_Pixel_36_02.jpg"", ""https://www.41zero42.com/wp-content/uploads/2021/04/41Zero42_32_Pixel_02_bis.jpg"", ""https://www.41zero42.com/wp-content/uploads/2021/04/41Zero42_32_Pixel_06_bis.jpg"", ""https://www.41zero42.com/wp-content/uploads/2021/04/41Zero42_32_Pixel_04_bis.jpg"", ""https://www.41zero42.com/wp-content/uploads/2021/04/41Zero42_32_Pixel_03_bis.jpg"", ""https://www.41zero42.com/wp-content/uploads/2021/04/41Zero42_Pixel_30_18.jpg"", ""https://www.41zero42.com/wp-content/uploads/2021/04/41Zero42_Pixel_30_14.jpg"", ""https://www.41zero42.com/wp-content/uploads/2021/04/41Zero42_Pixel_30_22.jpg"", ""https://www.41zero42.com/wp-content/uploads/2021/04/41Zero42_Pixel_30_21.jpg"", ""https://www.41zero42.com/wp-content/uploads/2021/04/41Zero42_Pixel_30_17.jpg"", ""https://www.41zero42.com/wp-content/uploads/2021/04/41Zero42_Pixel_49_01.jpg"", ""https://www.41zero42.com/wp-content/uploads/2021/04/41Zero42_Pixel_49_02.jpg"", ""https://www.41zero42.com/wp-content/uploads/2021/04/41Zero42_Pixel_49_03.jpg"", ""https://www.41zero42.com/wp-content/uploads/2021/04/41Zero42_Pixel_49_06.jpg"", ""https://www.41zero42.com/wp-content/uploads/2021/04/41Zero42_Pixel_07_14.jpg"", ""https://www.41zero42.com/wp-content/uploads/2021/04/41Zero42_Pixel_07_09.jpg"", ""https://www.41zero42.com/wp-content/uploads/2021/04/41Zero42_Pixel_07_10.jpg"", ""https://www.41zero42.com/wp-content/uploads/2021/04/41Zero42_Pixel_07_13.jpg"", ""https://www.41zero42.com/wp-content/uploads/2021/04/41Zero42_Pixel_22_04.jpg"", ""https://www.41zero42.com/wp-content/uploads/2021/04/41Zero42_Pixel_22_06.jpg"", ""https://www.41zero42.com/wp-content/uploads/2021/04/41Zero42_Pixel_22_05.jpg"", ""https://www.41zero42.com/wp-content/uploads/2021/04/41Zero42_Pixel_22_02.jpg"", ""https://www.41zero42.com/wp-content/uploads/2021/04/41Zero42_Pixel_14_08_v2.jpg"", ""https://www.41zero42.com/wp-content/uploads/2021/04/41Zero42_Pixel_14_06_v3.jpg"", ""https://www.41zero42.com/wp-content/uploads/2021/04/41Zero42_Pixel_14_04.jpg"", ""https://www.41zero42.com/wp-content/uploads/2021/04/41Zero42_Pixel_14_05.jpg"", ""https://www.41zero42.com/wp-content/uploads/2021/04/41Zero42_Pixel_48_07.jpg"", ""https://www.41zero42.com/wp-content/uploads/2021/04/41Zero42_Pixel_48_09.jpg"", ""https://www.41zero42.com/wp-content/uploads/2021/04/41Zero_42_Pixel_48_01.jpg"", ""https://www.41zero42.com/wp-content/uploads/2021/04/41Zero42_Pixel_49_05.jpg"", ""https://www.41zero42.com/wp-content/uploads/2021/04/41Zero42_Pixel_50_04.jpg"", ""https://www.41zero42.com/wp-content/uploads/2021/04/41Zero42_Pixel_50_03.jpg"", ""https://www.41zero42.com/wp-content/uploads/2021/04/41Zero42_Pixel_27_02.jpg"", ""https://www.41zero42.com/wp-content/uploads/2021/04/41Zero42_27_Pixel_05.jpg"", ""https://www.41zero42.com/wp-content/uploads/2021/04/41Zero42_Pixel_16_001.jpg"", ""https://www.41zero42.com/wp-content/uploads/2021/04/41Zero42_Pixel_16_016.jpg"", ""https://www.41zero42.com/wp-content/uploads/2021/04/41Zero42_Pixel_16_023.jpg"", ""https://www.41zero42.com/wp-content/uploads/2021/04/41Zero42_Pixel_31_02.jpg""]",[]
80093,80008,41Z-4100820,Pearl,https://www.41zero42.com/collections/pixel41-en/,"[""https://cdn.altrodesign.ro/products/pixel41-pearl.jpg"", ""https://www.41zero42.com/wp-content/uploads/2021/02/41Zero42_Pixel_39_11.jpg"", ""https://www.41zero42.com/wp-content/uploads/2021/04/41Zero42_Pixel_39_03.jpg"", ""https://www.41zero42.com/wp-content/uploads/2021/04/41Zero42_Pixel_39_02.jpg"", ""https://www.41zero42.com/wp-content/uploads/2021/04/41Zero42_Pixel_39_10.jpg"", ""https://www.41zero42.com/wp-content/uploads/2021/04/41Zero42_45_Pixel_01_v3.jpg"", ""https://www.41zero42.com/wp-content/uploads/2021/04/41Zero42_Pixel_45_04.jpg"", ""https://www.41zero42.com/wp-content/uploads/2021/04/41Zero42_Pixel_45_05.jpg"", ""https://www.41zero42.com/wp-content/uploads/2021/04/41Zero42_Pixel_36_04.jpg"", ""https://www.41zero42.com/wp-content/uploads/2021/04/41Zero42_Pixel_36_03.jpg"", ""https://www.41zero42.com/wp-content/uploads/2021/04/41Zero42_Pixel_36_02.jpg"", ""https://www.41zero42.com/wp-content/uploads/2021/04/41Zero42_32_Pixel_02_bis.jpg"", ""https://www.41zero42.com/wp-content/uploads/2021/04/41Zero42_32_Pixel_06_bis.jpg"", ""https://www.41zero42.com/wp-content/uploads/2021/04/41Zero42_32_Pixel_04_bis.jpg"", ""https://www.41zero42.com/wp-content/uploads/2021/04/41Zero42_32_Pixel_03_bis.jpg"", ""https://www.41zero42.com/wp-content/uploads/2021/04/41Zero42_Pixel_30_18.jpg"", ""https://www.41zero42.com/wp-content/uploads/2021/04/41Zero42_Pixel_30_14.jpg"", ""https://www.41zero42.com/wp-content/uploads/2021/04/41Zero42_Pixel_30_22.jpg"", ""https://www.41zero42.com/wp-content/uploads/2021/04/41Zero42_Pixel_30_21.jpg"", ""https://www.41zero42.com/wp-content/uploads/2021/04/41Zero42_Pixel_30_17.jpg"", ""https://www.41zero42.com/wp-content/uploads/2021/04/41Zero42_Pixel_49_01.jpg"", ""https://www.41zero42.com/wp-content/uploads/2021/04/41Zero42_Pixel_49_02.jpg"", ""https://www.41zero42.com/wp-content/uploads/2021/04/41Zero42_Pixel_49_03.jpg"", ""https://www.41zero42.com/wp-content/uploads/2021/04/41Zero42_Pixel_49_06.jpg"", ""https://www.41zero42.com/wp-content/uploads/2021/04/41Zero42_Pixel_07_14.jpg"", ""https://www.41zero42.com/wp-content/uploads/2021/04/41Zero42_Pixel_07_09.jpg"", ""https://www.41zero42.com/wp-content/uploads/2021/04/41Zero42_Pixel_07_10.jpg"", ""https://www.41zero42.com/wp-content/uploads/2021/04/41Zero42_Pixel_07_13.jpg"", ""https://www.41zero42.com/wp-content/uploads/2021/04/41Zero42_Pixel_22_04.jpg"", ""https://www.41zero42.com/wp-content/uploads/2021/04/41Zero42_Pixel_22_06.jpg"", ""https://www.41zero42.com/wp-content/uploads/2021/04/41Zero42_Pixel_22_05.jpg"", ""https://www.41zero42.com/wp-content/uploads/2021/04/41Zero42_Pixel_22_02.jpg"", ""https://www.41zero42.com/wp-content/uploads/2021/04/41Zero42_Pixel_14_08_v2.jpg"", ""https://www.41zero42.com/wp-content/uploads/2021/04/41Zero42_Pixel_14_06_v3.jpg"", ""https://www.41zero42.com/wp-content/uploads/2021/04/41Zero42_Pixel_14_04.jpg"", ""https://www.41zero42.com/wp-content/uploads/2021/04/41Zero42_Pixel_14_05.jpg"", ""https://www.41zero42.com/wp-content/uploads/2021/04/41Zero42_Pixel_48_07.jpg"", ""https://www.41zero42.com/wp-content/uploads/2021/04/41Zero42_Pixel_48_09.jpg"", ""https://www.41zero42.com/wp-content/uploads/2021/04/41Zero_42_Pixel_48_01.jpg"", ""https://www.41zero42.com/wp-content/uploads/2021/04/41Zero42_Pixel_49_05.jpg"", ""https://www.41zero42.com/wp-content/uploads/2021/04/41Zero42_Pixel_50_04.jpg"", ""https://www.41zero42.com/wp-content/uploads/2021/04/41Zero42_Pixel_50_03.jpg"", ""https://www.41zero42.com/wp-content/uploads/2021/04/41Zero42_Pixel_27_02.jpg"", ""https://www.41zero42.com/wp-content/uploads/2021/04/41Zero42_27_Pixel_05.jpg"", ""https://www.41zero42.com/wp-content/uploads/2021/04/41Zero42_Pixel_16_001.jpg"", ""https://www.41zero42.com/wp-content/uploads/2021/04/41Zero42_Pixel_16_016.jpg"", ""https://www.41zero42.com/wp-content/uploads/2021/04/41Zero42_Pixel_16_023.jpg"", ""https://www.41zero42.com/wp-content/uploads/2021/04/41Zero42_Pixel_31_02.jpg""]",[]
80094,80008,41Z-4100821,Grey,https://www.41zero42.com/collections/pixel41-en/,"[""https://cdn.altrodesign.ro/products/pixel41-grey.jpg"", ""https://www.41zero42.com/wp-content/uploads/2021/02/41Zero42_Pixel_39_11.jpg"", ""https://www.41zero42.com/wp-content/uploads/2021/04/41Zero42_Pixel_39_03.jpg"", ""https://www.41zero42.com/wp-content/uploads/2021/04/41Zero42_Pixel_39_02.jpg"", ""https://www.41zero42.com/wp-content/uploads/2021/04/41Zero42_Pixel_39_10.jpg"", ""https://www.41zero42.com/wp-content/uploads/2021/04/41Zero42_45_Pixel_01_v3.jpg"", ""https://www.41zero42.com/wp-content/uploads/2021/04/41Zero42_Pixel_45_04.jpg"", ""https://www.41zero42.com/wp-content/uploads/2021/04/41Zero42_Pixel_45_05.jpg"", ""https://www.41zero42.com/wp-content/uploads/2021/04/41Zero42_Pixel_36_04.jpg"", ""https://www.41zero42.com/wp-content/uploads/2021/04/41Zero42_Pixel_36_03.jpg"", ""https://www.41zero42.com/wp-content/uploads/2021/04/41Zero42_Pixel_36_02.jpg"", ""https://www.41zero42.com/wp-content/uploads/2021/04/41Zero42_32_Pixel_02_bis.jpg"", ""https://www.41zero42.com/wp-content/uploads/2021/04/41Zero42_32_Pixel_06_bis.jpg"", ""https://www.41zero42.com/wp-content/uploads/2021/04/41Zero42_32_Pixel_04_bis.jpg"", ""https://www.41zero42.com/wp-content/uploads/2021/04/41Zero42_32_Pixel_03_bis.jpg"", ""https://www.41zero42.com/wp-content/uploads/2021/04/41Zero42_Pixel_30_18.jpg"", ""https://www.41zero42.com/wp-content/uploads/2021/04/41Zero42_Pixel_30_14.jpg"", ""https://www.41zero42.com/wp-content/uploads/2021/04/41Zero42_Pixel_30_22.jpg"", ""https://www.41zero42.com/wp-content/uploads/2021/04/41Zero42_Pixel_30_21.jpg"", ""https://www.41zero42.com/wp-content/uploads/2021/04/41Zero42_Pixel_30_17.jpg"", ""https://www.41zero42.com/wp-content/uploads/2021/04/41Zero42_Pixel_49_01.jpg"", ""https://www.41zero42.com/wp-content/uploads/2021/04/41Zero42_Pixel_49_02.jpg"", ""https://www.41zero42.com/wp-content/uploads/2021/04/41Zero42_Pixel_49_03.jpg"", ""https://www.41zero42.com/wp-content/uploads/2021/04/41Zero42_Pixel_49_06.jpg"", ""https://www.41zero42.com/wp-content/uploads/2021/04/41Zero42_Pixel_07_14.jpg"", ""https://www.41zero42.com/wp-content/uploads/2021/04/41Zero42_Pixel_07_09.jpg"", ""https://www.41zero42.com/wp-content/uploads/2021/04/41Zero42_Pixel_07_10.jpg"", ""https://www.41zero42.com/wp-content/uploads/2021/04/41Zero42_Pixel_07_13.jpg"", ""https://www.41zero42.com/wp-content/uploads/2021/04/41Zero42_Pixel_22_04.jpg"", ""https://www.41zero42.com/wp-content/uploads/2021/04/41Zero42_Pixel_22_06.jpg"", ""https://www.41zero42.com/wp-content/uploads/2021/04/41Zero42_Pixel_22_05.jpg"", ""https://www.41zero42.com/wp-content/uploads/2021/04/41Zero42_Pixel_22_02.jpg"", ""https://www.41zero42.com/wp-content/uploads/2021/04/41Zero42_Pixel_14_08_v2.jpg"", ""https://www.41zero42.com/wp-content/uploads/2021/04/41Zero42_Pixel_14_06_v3.jpg"", ""https://www.41zero42.com/wp-content/uploads/2021/04/41Zero42_Pixel_14_04.jpg"", ""https://www.41zero42.com/wp-content/uploads/2021/04/41Zero42_Pixel_14_05.jpg"", ""https://www.41zero42.com/wp-content/uploads/2021/04/41Zero42_Pixel_48_07.jpg"", ""https://www.41zero42.com/wp-content/uploads/2021/04/41Zero42_Pixel_48_09.jpg"", ""https://www.41zero42.com/wp-content/uploads/2021/04/41Zero_42_Pixel_48_01.jpg"", ""https://www.41zero42.com/wp-content/uploads/2021/04/41Zero42_Pixel_49_05.jpg"", ""https://www.41zero42.com/wp-content/uploads/2021/04/41Zero42_Pixel_50_04.jpg"", ""https://www.41zero42.com/wp-content/uploads/2021/04/41Zero42_Pixel_50_03.jpg"", ""https://www.41zero42.com/wp-content/uploads/2021/04/41Zero42_Pixel_27_02.jpg"", ""https://www.41zero42.com/wp-content/uploads/2021/04/41Zero42_27_Pixel_05.jpg"", ""https://www.41zero42.com/wp-content/uploads/2021/04/41Zero42_Pixel_16_001.jpg"", ""https://www.41zero42.com/wp-content/uploads/2021/04/41Zero42_Pixel_16_016.jpg"", ""https://www.41zero42.com/wp-content/uploads/2021/04/41Zero42_Pixel_16_023.jpg"", ""https://www.41zero42.com/wp-content/uploads/2021/04/41Zero42_Pixel_31_02.jpg""]",[]
80095,80008,41Z-4100822,Mud,https://www.41zero42.com/collections/pixel41-en/,"[""https://cdn.altrodesign.ro/products/pixel41-mud.jpg"", ""https://www.41zero42.com/wp-content/uploads/2021/02/41Zero42_Pixel_39_11.jpg"", ""https://www.41zero42.com/wp-content/uploads/2021/04/41Zero42_Pixel_39_03.jpg"", ""https://www.41zero42.com/wp-content/uploads/2021/04/41Zero42_Pixel_39_02.jpg"", ""https://www.41zero42.com/wp-content/uploads/2021/04/41Zero42_Pixel_39_10.jpg"", ""https://www.41zero42.com/wp-content/uploads/2021/04/41Zero42_45_Pixel_01_v3.jpg"", ""https://www.41zero42.com/wp-content/uploads/2021/04/41Zero42_Pixel_45_04.jpg"", ""https://www.41zero42.com/wp-content/uploads/2021/04/41Zero42_Pixel_45_05.jpg"", ""https://www.41zero42.com/wp-content/uploads/2021/04/41Zero42_Pixel_36_04.jpg"", ""https://www.41zero42.com/wp-content/uploads/2021/04/41Zero42_Pixel_36_03.jpg"", ""https://www.41zero42.com/wp-content/uploads/2021/04/41Zero42_Pixel_36_02.jpg"", ""https://www.41zero42.com/wp-content/uploads/2021/04/41Zero42_32_Pixel_02_bis.jpg"", ""https://www.41zero42.com/wp-content/uploads/2021/04/41Zero42_32_Pixel_06_bis.jpg"", ""https://www.41zero42.com/wp-content/uploads/2021/04/41Zero42_32_Pixel_04_bis.jpg"", ""https://www.41zero42.com/wp-content/uploads/2021/04/41Zero42_32_Pixel_03_bis.jpg"", ""https://www.41zero42.com/wp-content/uploads/2021/04/41Zero42_Pixel_30_18.jpg"", ""https://www.41zero42.com/wp-content/uploads/2021/04/41Zero42_Pixel_30_14.jpg"", ""https://www.41zero42.com/wp-content/uploads/2021/04/41Zero42_Pixel_30_22.jpg"", ""https://www.41zero42.com/wp-content/uploads/2021/04/41Zero42_Pixel_30_21.jpg"", ""https://www.41zero42.com/wp-content/uploads/2021/04/41Zero42_Pixel_30_17.jpg"", ""https://www.41zero42.com/wp-content/uploads/2021/04/41Zero42_Pixel_49_01.jpg"", ""https://www.41zero42.com/wp-content/uploads/2021/04/41Zero42_Pixel_49_02.jpg"", ""https://www.41zero42.com/wp-content/uploads/2021/04/41Zero42_Pixel_49_03.jpg"", ""https://www.41zero42.com/wp-content/uploads/2021/04/41Zero42_Pixel_49_06.jpg"", ""https://www.41zero42.com/wp-content/uploads/2021/04/41Zero42_Pixel_07_14.jpg"", ""https://www.41zero42.com/wp-content/uploads/2021/04/41Zero42_Pixel_07_09.jpg"", ""https://www.41zero42.com/wp-content/uploads/2021/04/41Zero42_Pixel_07_10.jpg"", ""https://www.41zero42.com/wp-content/uploads/2021/04/41Zero42_Pixel_07_13.jpg"", ""https://www.41zero42.com/wp-content/uploads/2021/04/41Zero42_Pixel_22_04.jpg"", ""https://www.41zero42.com/wp-content/uploads/2021/04/41Zero42_Pixel_22_06.jpg"", ""https://www.41zero42.com/wp-content/uploads/2021/04/41Zero42_Pixel_22_05.jpg"", ""https://www.41zero42.com/wp-content/uploads/2021/04/41Zero42_Pixel_22_02.jpg"", ""https://www.41zero42.com/wp-content/uploads/2021/04/41Zero42_Pixel_14_08_v2.jpg"", ""https://www.41zero42.com/wp-content/uploads/2021/04/41Zero42_Pixel_14_06_v3.jpg"", ""https://www.41zero42.com/wp-content/uploads/2021/04/41Zero42_Pixel_14_04.jpg"", ""https://www.41zero42.com/wp-content/uploads/2021/04/41Zero42_Pixel_14_05.jpg"", ""https://www.41zero42.com/wp-content/uploads/2021/04/41Zero42_Pixel_48_07.jpg"", ""https://www.41zero42.com/wp-content/uploads/2021/04/41Zero42_Pixel_48_09.jpg"", ""https://www.41zero42.com/wp-content/uploads/2021/04/41Zero_42_Pixel_48_01.jpg"", ""https://www.41zero42.com/wp-content/uploads/2021/04/41Zero42_Pixel_49_05.jpg"", ""https://www.41zero42.com/wp-content/uploads/2021/04/41Zero42_Pixel_50_04.jpg"", ""https://www.41zero42.com/wp-content/uploads/2021/04/41Zero42_Pixel_50_03.jpg"", ""https://www.41zero42.com/wp-content/uploads/2021/04/41Zero42_Pixel_27_02.jpg"", ""https://www.41zero42.com/wp-content/uploads/2021/04/41Zero42_27_Pixel_05.jpg"", ""https://www.41zero42.com/wp-content/uploads/2021/04/41Zero42_Pixel_16_001.jpg"", ""https://www.41zero42.com/wp-content/uploads/2021/04/41Zero42_Pixel_16_016.jpg"", ""https://www.41zero42.com/wp-content/uploads/2021/04/41Zero42_Pixel_16_023.jpg"", ""https://www.41zero42.com/wp-content/uploads/2021/04/41Zero42_Pixel_31_02.jpg""]",[]
80096,80008,41Z-4100823,Black,https://www.41zero42.com/collections/pixel41-en/,"[""https://cdn.altrodesign.ro/products/pixel41-black.jpg"", ""https://www.41zero42.com/wp-content/uploads/2021/02/41Zero42_Pixel_39_11.jpg"", ""https://www.41zero42.com/wp-content/uploads/2021/04/41Zero42_Pixel_39_03.jpg"", ""https://www.41zero42.com/wp-content/uploads/2021/04/41Zero42_Pixel_39_02.jpg"", ""https://www.41zero42.com/wp-content/uploads/2021/04/41Zero42_Pixel_39_10.jpg"", ""https://www.41zero42.com/wp-content/uploads/2021/04/41Zero42_45_Pixel_01_v3.jpg"", ""https://www.41zero42.com/wp-content/uploads/2021/04/41Zero42_Pixel_45_04.jpg"", ""https://www.41zero42.com/wp-content/uploads/2021/04/41Zero42_Pixel_45_05.jpg"", ""https://www.41zero42.com/wp-content/uploads/2021/04/41Zero42_Pixel_36_04.jpg"", ""https://www.41zero42.com/wp-content/uploads/2021/04/41Zero42_Pixel_36_03.jpg"", ""https://www.41zero42.com/wp-content/uploads/2021/04/41Zero42_Pixel_36_02.jpg"", ""https://www.41zero42.com/wp-content/uploads/2021/04/41Zero42_32_Pixel_02_bis.jpg"", ""https://www.41zero42.com/wp-content/uploads/2021/04/41Zero42_32_Pixel_06_bis.jpg"", ""https://www.41zero42.com/wp-content/uploads/2021/04/41Zero42_32_Pixel_04_bis.jpg"", ""https://www.41zero42.com/wp-content/uploads/2021/04/41Zero42_32_Pixel_03_bis.jpg"", ""https://www.41zero42.com/wp-content/uploads/2021/04/41Zero42_Pixel_30_18.jpg"", ""https://www.41zero42.com/wp-content/uploads/2021/04/41Zero42_Pixel_30_14.jpg"", ""https://www.41zero42.com/wp-content/uploads/2021/04/41Zero42_Pixel_30_22.jpg"", ""https://www.41zero42.com/wp-content/uploads/2021/04/41Zero42_Pixel_30_21.jpg"", ""https://www.41zero42.com/wp-content/uploads/2021/04/41Zero42_Pixel_30_17.jpg"", ""https://www.41zero42.com/wp-content/uploads/2021/04/41Zero42_Pixel_49_01.jpg"", ""https://www.41zero42.com/wp-content/uploads/2021/04/41Zero42_Pixel_49_02.jpg"", ""https://www.41zero42.com/wp-content/uploads/2021/04/41Zero42_Pixel_49_03.jpg"", ""https://www.41zero42.com/wp-content/uploads/2021/04/41Zero42_Pixel_49_06.jpg"", ""https://www.41zero42.com/wp-content/uploads/2021/04/41Zero42_Pixel_07_14.jpg"", ""https://www.41zero42.com/wp-content/uploads/2021/04/41Zero42_Pixel_07_09.jpg"", ""https://www.41zero42.com/wp-content/uploads/2021/04/41Zero42_Pixel_07_10.jpg"", ""https://www.41zero42.com/wp-content/uploads/2021/04/41Zero42_Pixel_07_13.jpg"", ""https://www.41zero42.com/wp-content/uploads/2021/04/41Zero42_Pixel_22_04.jpg"", ""https://www.41zero42.com/wp-content/uploads/2021/04/41Zero42_Pixel_22_06.jpg"", ""https://www.41zero42.com/wp-content/uploads/2021/04/41Zero42_Pixel_22_05.jpg"", ""https://www.41zero42.com/wp-content/uploads/2021/04/41Zero42_Pixel_22_02.jpg"", ""https://www.41zero42.com/wp-content/uploads/2021/04/41Zero42_Pixel_14_08_v2.jpg"", ""https://www.41zero42.com/wp-content/uploads/2021/04/41Zero42_Pixel_14_06_v3.jpg"", ""https://www.41zero42.com/wp-content/uploads/2021/04/41Zero42_Pixel_14_04.jpg"", ""https://www.41zero42.com/wp-content/uploads/2021/04/41Zero42_Pixel_14_05.jpg"", ""https://www.41zero42.com/wp-content/uploads/2021/04/41Zero42_Pixel_48_07.jpg"", ""https://www.41zero42.com/wp-content/uploads/2021/04/41Zero42_Pixel_48_09.jpg"", ""https://www.41zero42.com/wp-content/uploads/2021/04/41Zero_42_Pixel_48_01.jpg"", ""https://www.41zero42.com/wp-content/uploads/2021/04/41Zero42_Pixel_49_05.jpg"", ""https://www.41zero42.com/wp-content/uploads/2021/04/41Zero42_Pixel_50_04.jpg"", ""https://www.41zero42.com/wp-content/uploads/2021/04/41Zero42_Pixel_50_03.jpg"", ""https://www.41zero42.com/wp-content/uploads/2021/04/41Zero42_Pixel_27_02.jpg"", ""https://www.41zero42.com/wp-content/uploads/2021/04/41Zero42_27_Pixel_05.jpg"", ""https://www.41zero42.com/wp-content/uploads/2021/04/41Zero42_Pixel_16_001.jpg"", ""https://www.41zero42.com/wp-content/uploads/2021/04/41Zero42_Pixel_16_016.jpg"", ""https://www.41zero42.com/wp-content/uploads/2021/04/41Zero42_Pixel_16_023.jpg"", ""https://www.41zero42.com/wp-content/uploads/2021/04/41Zero42_Pixel_31_02.jpg""]",[]
80097,80008,41Z-4100824,Antrax,https://www.41zero42.com/collections/pixel41-en/,"[""https://cdn.altrodesign.ro/products/pixel41-antrax.jpg"", ""https://www.41zero42.com/wp-content/uploads/2021/02/41Zero42_Pixel_39_11.jpg"", ""https://www.41zero42.com/wp-content/uploads/2021/04/41Zero42_Pixel_39_03.jpg"", ""https://www.41zero42.com/wp-content/uploads/2021/04/41Zero42_Pixel_39_02.jpg"", ""https://www.41zero42.com/wp-content/uploads/2021/04/41Zero42_Pixel_39_10.jpg"", ""https://www.41zero42.com/wp-content/uploads/2021/04/41Zero42_45_Pixel_01_v3.jpg"", ""https://www.41zero42.com/wp-content/uploads/2021/04/41Zero42_Pixel_45_04.jpg"", ""https://www.41zero42.com/wp-content/uploads/2021/04/41Zero42_Pixel_45_05.jpg"", ""https://www.41zero42.com/wp-content/uploads/2021/04/41Zero42_Pixel_36_04.jpg"", ""https://www.41zero42.com/wp-content/uploads/2021/04/41Zero42_Pixel_36_03.jpg"", ""https://www.41zero42.com/wp-content/uploads/2021/04/41Zero42_Pixel_36_02.jpg"", ""https://www.41zero42.com/wp-content/uploads/2021/04/41Zero42_32_Pixel_02_bis.jpg"", ""https://www.41zero42.com/wp-content/uploads/2021/04/41Zero42_32_Pixel_06_bis.jpg"", ""https://www.41zero42.com/wp-content/uploads/2021/04/41Zero42_32_Pixel_04_bis.jpg"", ""https://www.41zero42.com/wp-content/uploads/2021/04/41Zero42_32_Pixel_03_bis.jpg"", ""https://www.41zero42.com/wp-content/uploads/2021/04/41Zero42_Pixel_30_18.jpg"", ""https://www.41zero42.com/wp-content/uploads/2021/04/41Zero42_Pixel_30_14.jpg"", ""https://www.41zero42.com/wp-content/uploads/2021/04/41Zero42_Pixel_30_22.jpg"", ""https://www.41zero42.com/wp-content/uploads/2021/04/41Zero42_Pixel_30_21.jpg"", ""https://www.41zero42.com/wp-content/uploads/2021/04/41Zero42_Pixel_30_17.jpg"", ""https://www.41zero42.com/wp-content/uploads/2021/04/41Zero42_Pixel_49_01.jpg"", ""https://www.41zero42.com/wp-content/uploads/2021/04/41Zero42_Pixel_49_02.jpg"", ""https://www.41zero42.com/wp-content/uploads/2021/04/41Zero42_Pixel_49_03.jpg"", ""https://www.41zero42.com/wp-content/uploads/2021/04/41Zero42_Pixel_49_06.jpg"", ""https://www.41zero42.com/wp-content/uploads/2021/04/41Zero42_Pixel_07_14.jpg"", ""https://www.41zero42.com/wp-content/uploads/2021/04/41Zero42_Pixel_07_09.jpg"", ""https://www.41zero42.com/wp-content/uploads/2021/04/41Zero42_Pixel_07_10.jpg"", ""https://www.41zero42.com/wp-content/uploads/2021/04/41Zero42_Pixel_07_13.jpg"", ""https://www.41zero42.com/wp-content/uploads/2021/04/41Zero42_Pixel_22_04.jpg"", ""https://www.41zero42.com/wp-content/uploads/2021/04/41Zero42_Pixel_22_06.jpg"", ""https://www.41zero42.com/wp-content/uploads/2021/04/41Zero42_Pixel_22_05.jpg"", ""https://www.41zero42.com/wp-content/uploads/2021/04/41Zero42_Pixel_22_02.jpg"", ""https://www.41zero42.com/wp-content/uploads/2021/04/41Zero42_Pixel_14_08_v2.jpg"", ""https://www.41zero42.com/wp-content/uploads/2021/04/41Zero42_Pixel_14_06_v3.jpg"", ""https://www.41zero42.com/wp-content/uploads/2021/04/41Zero42_Pixel_14_04.jpg"", ""https://www.41zero42.com/wp-content/uploads/2021/04/41Zero42_Pixel_14_05.jpg"", ""https://www.41zero42.com/wp-content/uploads/2021/04/41Zero42_Pixel_48_07.jpg"", ""https://www.41zero42.com/wp-content/uploads/2021/04/41Zero42_Pixel_48_09.jpg"", ""https://www.41zero42.com/wp-content/uploads/2021/04/41Zero_42_Pixel_48_01.jpg"", ""https://www.41zero42.com/wp-content/uploads/2021/04/41Zero42_Pixel_49_05.jpg"", ""https://www.41zero42.com/wp-content/uploads/2021/04/41Zero42_Pixel_50_04.jpg"", ""https://www.41zero42.com/wp-content/uploads/2021/04/41Zero42_Pixel_50_03.jpg"", ""https://www.41zero42.com/wp-content/uploads/2021/04/41Zero42_Pixel_27_02.jpg"", ""https://www.41zero42.com/wp-content/uploads/2021/04/41Zero42_27_Pixel_05.jpg"", ""https://www.41zero42.com/wp-content/uploads/2021/04/41Zero42_Pixel_16_001.jpg"", ""https://www.41zero42.com/wp-content/uploads/2021/04/41Zero42_Pixel_16_016.jpg"", ""https://www.41zero42.com/wp-content/uploads/2021/04/41Zero42_Pixel_16_023.jpg"", ""https://www.41zero42.com/wp-content/uploads/2021/04/41Zero42_Pixel_31_02.jpg""]",[]
80098,80008,41Z-4100825,Notte,https://www.41zero42.com/collections/pixel41-en/,"[""https://cdn.altrodesign.ro/products/pixel41-notte.jpg"", ""https://www.41zero42.com/wp-content/uploads/2021/02/41Zero42_Pixel_39_11.jpg"", ""https://www.41zero42.com/wp-content/uploads/2021/04/41Zero42_Pixel_39_03.jpg"", ""https://www.41zero42.com/wp-content/uploads/2021/04/41Zero42_Pixel_39_02.jpg"", ""https://www.41zero42.com/wp-content/uploads/2021/04/41Zero42_Pixel_39_10.jpg"", ""https://www.41zero42.com/wp-content/uploads/2021/04/41Zero42_45_Pixel_01_v3.jpg"", ""https://www.41zero42.com/wp-content/uploads/2021/04/41Zero42_Pixel_45_04.jpg"", ""https://www.41zero42.com/wp-content/uploads/2021/04/41Zero42_Pixel_45_05.jpg"", ""https://www.41zero42.com/wp-content/uploads/2021/04/41Zero42_Pixel_36_04.jpg"", ""https://www.41zero42.com/wp-content/uploads/2021/04/41Zero42_Pixel_36_03.jpg"", ""https://www.41zero42.com/wp-content/uploads/2021/04/41Zero42_Pixel_36_02.jpg"", ""https://www.41zero42.com/wp-content/uploads/2021/04/41Zero42_32_Pixel_02_bis.jpg"", ""https://www.41zero42.com/wp-content/uploads/2021/04/41Zero42_32_Pixel_06_bis.jpg"", ""https://www.41zero42.com/wp-content/uploads/2021/04/41Zero42_32_Pixel_04_bis.jpg"", ""https://www.41zero42.com/wp-content/uploads/2021/04/41Zero42_32_Pixel_03_bis.jpg"", ""https://www.41zero42.com/wp-content/uploads/2021/04/41Zero42_Pixel_30_18.jpg"", ""https://www.41zero42.com/wp-content/uploads/2021/04/41Zero42_Pixel_30_14.jpg"", ""https://www.41zero42.com/wp-content/uploads/2021/04/41Zero42_Pixel_30_22.jpg"", ""https://www.41zero42.com/wp-content/uploads/2021/04/41Zero42_Pixel_30_21.jpg"", ""https://www.41zero42.com/wp-content/uploads/2021/04/41Zero42_Pixel_30_17.jpg"", ""https://www.41zero42.com/wp-content/uploads/2021/04/41Zero42_Pixel_49_01.jpg"", ""https://www.41zero42.com/wp-content/uploads/2021/04/41Zero42_Pixel_49_02.jpg"", ""https://www.41zero42.com/wp-content/uploads/2021/04/41Zero42_Pixel_49_03.jpg"", ""https://www.41zero42.com/wp-content/uploads/2021/04/41Zero42_Pixel_49_06.jpg"", ""https://www.41zero42.com/wp-content/uploads/2021/04/41Zero42_Pixel_07_14.jpg"", ""https://www.41zero42.com/wp-content/uploads/2021/04/41Zero42_Pixel_07_09.jpg"", ""https://www.41zero42.com/wp-content/uploads/2021/04/41Zero42_Pixel_07_10.jpg"", ""https://www.41zero42.com/wp-content/uploads/2021/04/41Zero42_Pixel_07_13.jpg"", ""https://www.41zero42.com/wp-content/uploads/2021/04/41Zero42_Pixel_22_04.jpg"", ""https://www.41zero42.com/wp-content/uploads/2021/04/41Zero42_Pixel_22_06.jpg"", ""https://www.41zero42.com/wp-content/uploads/2021/04/41Zero42_Pixel_22_05.jpg"", ""https://www.41zero42.com/wp-content/uploads/2021/04/41Zero42_Pixel_22_02.jpg"", ""https://www.41zero42.com/wp-content/uploads/2021/04/41Zero42_Pixel_14_08_v2.jpg"", ""https://www.41zero42.com/wp-content/uploads/2021/04/41Zero42_Pixel_14_06_v3.jpg"", ""https://www.41zero42.com/wp-content/uploads/2021/04/41Zero42_Pixel_14_04.jpg"", ""https://www.41zero42.com/wp-content/uploads/2021/04/41Zero42_Pixel_14_05.jpg"", ""https://www.41zero42.com/wp-content/uploads/2021/04/41Zero42_Pixel_48_07.jpg"", ""https://www.41zero42.com/wp-content/uploads/2021/04/41Zero42_Pixel_48_09.jpg"", ""https://www.41zero42.com/wp-content/uploads/2021/04/41Zero_42_Pixel_48_01.jpg"", ""https://www.41zero42.com/wp-content/uploads/2021/04/41Zero42_Pixel_49_05.jpg"", ""https://www.41zero42.com/wp-content/uploads/2021/04/41Zero42_Pixel_50_04.jpg"", ""https://www.41zero42.com/wp-content/uploads/2021/04/41Zero42_Pixel_50_03.jpg"", ""https://www.41zero42.com/wp-content/uploads/2021/04/41Zero42_Pixel_27_02.jpg"", ""https://www.41zero42.com/wp-content/uploads/2021/04/41Zero42_27_Pixel_05.jpg"", ""https://www.41zero42.com/wp-content/uploads/2021/04/41Zero42_Pixel_16_001.jpg"", ""https://www.41zero42.com/wp-content/uploads/2021/04/41Zero42_Pixel_16_016.jpg"", ""https://www.41zero42.com/wp-content/uploads/2021/04/41Zero42_Pixel_16_023.jpg"", ""https://www.41zero42.com/wp-content/uploads/2021/04/41Zero42_Pixel_31_02.jpg""]",[]
80099,80008,41Z-4100826,Ocean,https://www.41zero42.com/collections/pixel41-en/,"[""https://cdn.altrodesign.ro/products/pixel41-ocean.jpg"", ""https://www.41zero42.com/wp-content/uploads/2021/02/41Zero42_Pixel_39_11.jpg"", ""https://www.41zero42.com/wp-content/uploads/2021/04/41Zero42_Pixel_39_03.jpg"", ""https://www.41zero42.com/wp-content/uploads/2021/04/41Zero42_Pixel_39_02.jpg"", ""https://www.41zero42.com/wp-content/uploads/2021/04/41Zero42_Pixel_39_10.jpg"", ""https://www.41zero42.com/wp-content/uploads/2021/04/41Zero42_45_Pixel_01_v3.jpg"", ""https://www.41zero42.com/wp-content/uploads/2021/04/41Zero42_Pixel_45_04.jpg"", ""https://www.41zero42.com/wp-content/uploads/2021/04/41Zero42_Pixel_45_05.jpg"", ""https://www.41zero42.com/wp-content/uploads/2021/04/41Zero42_Pixel_36_04.jpg"", ""https://www.41zero42.com/wp-content/uploads/2021/04/41Zero42_Pixel_36_03.jpg"", ""https://www.41zero42.com/wp-content/uploads/2021/04/41Zero42_Pixel_36_02.jpg"", ""https://www.41zero42.com/wp-content/uploads/2021/04/41Zero42_32_Pixel_02_bis.jpg"", ""https://www.41zero42.com/wp-content/uploads/2021/04/41Zero42_32_Pixel_06_bis.jpg"", ""https://www.41zero42.com/wp-content/uploads/2021/04/41Zero42_32_Pixel_04_bis.jpg"", ""https://www.41zero42.com/wp-content/uploads/2021/04/41Zero42_32_Pixel_03_bis.jpg"", ""https://www.41zero42.com/wp-content/uploads/2021/04/41Zero42_Pixel_30_18.jpg"", ""https://www.41zero42.com/wp-content/uploads/2021/04/41Zero42_Pixel_30_14.jpg"", ""https://www.41zero42.com/wp-content/uploads/2021/04/41Zero42_Pixel_30_22.jpg"", ""https://www.41zero42.com/wp-content/uploads/2021/04/41Zero42_Pixel_30_21.jpg"", ""https://www.41zero42.com/wp-content/uploads/2021/04/41Zero42_Pixel_30_17.jpg"", ""https://www.41zero42.com/wp-content/uploads/2021/04/41Zero42_Pixel_49_01.jpg"", ""https://www.41zero42.com/wp-content/uploads/2021/04/41Zero42_Pixel_49_02.jpg"", ""https://www.41zero42.com/wp-content/uploads/2021/04/41Zero42_Pixel_49_03.jpg"", ""https://www.41zero42.com/wp-content/uploads/2021/04/41Zero42_Pixel_49_06.jpg"", ""https://www.41zero42.com/wp-content/uploads/2021/04/41Zero42_Pixel_07_14.jpg"", ""https://www.41zero42.com/wp-content/uploads/2021/04/41Zero42_Pixel_07_09.jpg"", ""https://www.41zero42.com/wp-content/uploads/2021/04/41Zero42_Pixel_07_10.jpg"", ""https://www.41zero42.com/wp-content/uploads/2021/04/41Zero42_Pixel_07_13.jpg"", ""https://www.41zero42.com/wp-content/uploads/2021/04/41Zero42_Pixel_22_04.jpg"", ""https://www.41zero42.com/wp-content/uploads/2021/04/41Zero42_Pixel_22_06.jpg"", ""https://www.41zero42.com/wp-content/uploads/2021/04/41Zero42_Pixel_22_05.jpg"", ""https://www.41zero42.com/wp-content/uploads/2021/04/41Zero42_Pixel_22_02.jpg"", ""https://www.41zero42.com/wp-content/uploads/2021/04/41Zero42_Pixel_14_08_v2.jpg"", ""https://www.41zero42.com/wp-content/uploads/2021/04/41Zero42_Pixel_14_06_v3.jpg"", ""https://www.41zero42.com/wp-content/uploads/2021/04/41Zero42_Pixel_14_04.jpg"", ""https://www.41zero42.com/wp-content/uploads/2021/04/41Zero42_Pixel_14_05.jpg"", ""https://www.41zero42.com/wp-content/uploads/2021/04/41Zero42_Pixel_48_07.jpg"", ""https://www.41zero42.com/wp-content/uploads/2021/04/41Zero42_Pixel_48_09.jpg"", ""https://www.41zero42.com/wp-content/uploads/2021/04/41Zero_42_Pixel_48_01.jpg"", ""https://www.41zero42.com/wp-content/uploads/2021/04/41Zero42_Pixel_49_05.jpg"", ""https://www.41zero42.com/wp-content/uploads/2021/04/41Zero42_Pixel_50_04.jpg"", ""https://www.41zero42.com/wp-content/uploads/2021/04/41Zero42_Pixel_50_03.jpg"", ""https://www.41zero42.com/wp-content/uploads/2021/04/41Zero42_Pixel_27_02.jpg"", ""https://www.41zero42.com/wp-content/uploads/2021/04/41Zero42_27_Pixel_05.jpg"", ""https://www.41zero42.com/wp-content/uploads/2021/04/41Zero42_Pixel_16_001.jpg"", ""https://www.41zero42.com/wp-content/uploads/2021/04/41Zero42_Pixel_16_016.jpg"", ""https://www.41zero42.com/wp-content/uploads/2021/04/41Zero42_Pixel_16_023.jpg"", ""https://www.41zero42.com/wp-content/uploads/2021/04/41Zero42_Pixel_31_02.jpg""]",[]
80100,80008,41Z-4100827,Tuareg,https://www.41zero42.com/collections/pixel41-en/,"[""https://cdn.altrodesign.ro/products/pixel41-tuareg.jpg"", ""https://www.41zero42.com/wp-content/uploads/2021/02/41Zero42_Pixel_39_11.jpg"", ""https://www.41zero42.com/wp-content/uploads/2021/04/41Zero42_Pixel_39_03.jpg"", ""https://www.41zero42.com/wp-content/uploads/2021/04/41Zero42_Pixel_39_02.jpg"", ""https://www.41zero42.com/wp-content/uploads/2021/04/41Zero42_Pixel_39_10.jpg"", ""https://www.41zero42.com/wp-content/uploads/2021/04/41Zero42_45_Pixel_01_v3.jpg"", ""https://www.41zero42.com/wp-content/uploads/2021/04/41Zero42_Pixel_45_04.jpg"", ""https://www.41zero42.com/wp-content/uploads/2021/04/41Zero42_Pixel_45_05.jpg"", ""https://www.41zero42.com/wp-content/uploads/2021/04/41Zero42_Pixel_36_04.jpg"", ""https://www.41zero42.com/wp-content/uploads/2021/04/41Zero42_Pixel_36_03.jpg"", ""https://www.41zero42.com/wp-content/uploads/2021/04/41Zero42_Pixel_36_02.jpg"", ""https://www.41zero42.com/wp-content/uploads/2021/04/41Zero42_32_Pixel_02_bis.jpg"", ""https://www.41zero42.com/wp-content/uploads/2021/04/41Zero42_32_Pixel_06_bis.jpg"", ""https://www.41zero42.com/wp-content/uploads/2021/04/41Zero42_32_Pixel_04_bis.jpg"", ""https://www.41zero42.com/wp-content/uploads/2021/04/41Zero42_32_Pixel_03_bis.jpg"", ""https://www.41zero42.com/wp-content/uploads/2021/04/41Zero42_Pixel_30_18.jpg"", ""https://www.41zero42.com/wp-content/uploads/2021/04/41Zero42_Pixel_30_14.jpg"", ""https://www.41zero42.com/wp-content/uploads/2021/04/41Zero42_Pixel_30_22.jpg"", ""https://www.41zero42.com/wp-content/uploads/2021/04/41Zero42_Pixel_30_21.jpg"", ""https://www.41zero42.com/wp-content/uploads/2021/04/41Zero42_Pixel_30_17.jpg"", ""https://www.41zero42.com/wp-content/uploads/2021/04/41Zero42_Pixel_49_01.jpg"", ""https://www.41zero42.com/wp-content/uploads/2021/04/41Zero42_Pixel_49_02.jpg"", ""https://www.41zero42.com/wp-content/uploads/2021/04/41Zero42_Pixel_49_03.jpg"", ""https://www.41zero42.com/wp-content/uploads/2021/04/41Zero42_Pixel_49_06.jpg"", ""https://www.41zero42.com/wp-content/uploads/2021/04/41Zero42_Pixel_07_14.jpg"", ""https://www.41zero42.com/wp-content/uploads/2021/04/41Zero42_Pixel_07_09.jpg"", ""https://www.41zero42.com/wp-content/uploads/2021/04/41Zero42_Pixel_07_10.jpg"", ""https://www.41zero42.com/wp-content/uploads/2021/04/41Zero42_Pixel_07_13.jpg"", ""https://www.41zero42.com/wp-content/uploads/2021/04/41Zero42_Pixel_22_04.jpg"", ""https://www.41zero42.com/wp-content/uploads/2021/04/41Zero42_Pixel_22_06.jpg"", ""https://www.41zero42.com/wp-content/uploads/2021/04/41Zero42_Pixel_22_05.jpg"", ""https://www.41zero42.com/wp-content/uploads/2021/04/41Zero42_Pixel_22_02.jpg"", ""https://www.41zero42.com/wp-content/uploads/2021/04/41Zero42_Pixel_14_08_v2.jpg"", ""https://www.41zero42.com/wp-content/uploads/2021/04/41Zero42_Pixel_14_06_v3.jpg"", ""https://www.41zero42.com/wp-content/uploads/2021/04/41Zero42_Pixel_14_04.jpg"", ""https://www.41zero42.com/wp-content/uploads/2021/04/41Zero42_Pixel_14_05.jpg"", ""https://www.41zero42.com/wp-content/uploads/2021/04/41Zero42_Pixel_48_07.jpg"", ""https://www.41zero42.com/wp-content/uploads/2021/04/41Zero42_Pixel_48_09.jpg"", ""https://www.41zero42.com/wp-content/uploads/2021/04/41Zero_42_Pixel_48_01.jpg"", ""https://www.41zero42.com/wp-content/uploads/2021/04/41Zero42_Pixel_49_05.jpg"", ""https://www.41zero42.com/wp-content/uploads/2021/04/41Zero42_Pixel_50_04.jpg"", ""https://www.41zero42.com/wp-content/uploads/2021/04/41Zero42_Pixel_50_03.jpg"", ""https://www.41zero42.com/wp-content/uploads/2021/04/41Zero42_Pixel_27_02.jpg"", ""https://www.41zero42.com/wp-content/uploads/2021/04/41Zero42_27_Pixel_05.jpg"", ""https://www.41zero42.com/wp-content/uploads/2021/04/41Zero42_Pixel_16_001.jpg"", ""https://www.41zero42.com/wp-content/uploads/2021/04/41Zero42_Pixel_16_016.jpg"", ""https://www.41zero42.com/wp-content/uploads/2021/04/41Zero42_Pixel_16_023.jpg"", ""https://www.41zero42.com/wp-content/uploads/2021/04/41Zero42_Pixel_31_02.jpg""]",[]
80101,80008,41Z-4100828,Pool,https://www.41zero42.com/collections/pixel41-en/,"[""https://cdn.altrodesign.ro/products/pixel41-pool.jpg"", ""https://www.41zero42.com/wp-content/uploads/2021/02/41Zero42_Pixel_39_11.jpg"", ""https://www.41zero42.com/wp-content/uploads/2021/04/41Zero42_Pixel_39_03.jpg"", ""https://www.41zero42.com/wp-content/uploads/2021/04/41Zero42_Pixel_39_02.jpg"", ""https://www.41zero42.com/wp-content/uploads/2021/04/41Zero42_Pixel_39_10.jpg"", ""https://www.41zero42.com/wp-content/uploads/2021/04/41Zero42_45_Pixel_01_v3.jpg"", ""https://www.41zero42.com/wp-content/uploads/2021/04/41Zero42_Pixel_45_04.jpg"", ""https://www.41zero42.com/wp-content/uploads/2021/04/41Zero42_Pixel_45_05.jpg"", ""https://www.41zero42.com/wp-content/uploads/2021/04/41Zero42_Pixel_36_04.jpg"", ""https://www.41zero42.com/wp-content/uploads/2021/04/41Zero42_Pixel_36_03.jpg"", ""https://www.41zero42.com/wp-content/uploads/2021/04/41Zero42_Pixel_36_02.jpg"", ""https://www.41zero42.com/wp-content/uploads/2021/04/41Zero42_32_Pixel_02_bis.jpg"", ""https://www.41zero42.com/wp-content/uploads/2021/04/41Zero42_32_Pixel_06_bis.jpg"", ""https://www.41zero42.com/wp-content/uploads/2021/04/41Zero42_32_Pixel_04_bis.jpg"", ""https://www.41zero42.com/wp-content/uploads/2021/04/41Zero42_32_Pixel_03_bis.jpg"", ""https://www.41zero42.com/wp-content/uploads/2021/04/41Zero42_Pixel_30_18.jpg"", ""https://www.41zero42.com/wp-content/uploads/2021/04/41Zero42_Pixel_30_14.jpg"", ""https://www.41zero42.com/wp-content/uploads/2021/04/41Zero42_Pixel_30_22.jpg"", ""https://www.41zero42.com/wp-content/uploads/2021/04/41Zero42_Pixel_30_21.jpg"", ""https://www.41zero42.com/wp-content/uploads/2021/04/41Zero42_Pixel_30_17.jpg"", ""https://www.41zero42.com/wp-content/uploads/2021/04/41Zero42_Pixel_49_01.jpg"", ""https://www.41zero42.com/wp-content/uploads/2021/04/41Zero42_Pixel_49_02.jpg"", ""https://www.41zero42.com/wp-content/uploads/2021/04/41Zero42_Pixel_49_03.jpg"", ""https://www.41zero42.com/wp-content/uploads/2021/04/41Zero42_Pixel_49_06.jpg"", ""https://www.41zero42.com/wp-content/uploads/2021/04/41Zero42_Pixel_07_14.jpg"", ""https://www.41zero42.com/wp-content/uploads/2021/04/41Zero42_Pixel_07_09.jpg"", ""https://www.41zero42.com/wp-content/uploads/2021/04/41Zero42_Pixel_07_10.jpg"", ""https://www.41zero42.com/wp-content/uploads/2021/04/41Zero42_Pixel_07_13.jpg"", ""https://www.41zero42.com/wp-content/uploads/2021/04/41Zero42_Pixel_22_04.jpg"", ""https://www.41zero42.com/wp-content/uploads/2021/04/41Zero42_Pixel_22_06.jpg"", ""https://www.41zero42.com/wp-content/uploads/2021/04/41Zero42_Pixel_22_05.jpg"", ""https://www.41zero42.com/wp-content/uploads/2021/04/41Zero42_Pixel_22_02.jpg"", ""https://www.41zero42.com/wp-content/uploads/2021/04/41Zero42_Pixel_14_08_v2.jpg"", ""https://www.41zero42.com/wp-content/uploads/2021/04/41Zero42_Pixel_14_06_v3.jpg"", ""https://www.41zero42.com/wp-content/uploads/2021/04/41Zero42_Pixel_14_04.jpg"", ""https://www.41zero42.com/wp-content/uploads/2021/04/41Zero42_Pixel_14_05.jpg"", ""https://www.41zero42.com/wp-content/uploads/2021/04/41Zero42_Pixel_48_07.jpg"", ""https://www.41zero42.com/wp-content/uploads/2021/04/41Zero42_Pixel_48_09.jpg"", ""https://www.41zero42.com/wp-content/uploads/2021/04/41Zero_42_Pixel_48_01.jpg"", ""https://www.41zero42.com/wp-content/uploads/2021/04/41Zero42_Pixel_49_05.jpg"", ""https://www.41zero42.com/wp-content/uploads/2021/04/41Zero42_Pixel_50_04.jpg"", ""https://www.41zero42.com/wp-content/uploads/2021/04/41Zero42_Pixel_50_03.jpg"", ""https://www.41zero42.com/wp-content/uploads/2021/04/41Zero42_Pixel_27_02.jpg"", ""https://www.41zero42.com/wp-content/uploads/2021/04/41Zero42_27_Pixel_05.jpg"", ""https://www.41zero42.com/wp-content/uploads/2021/04/41Zero42_Pixel_16_001.jpg"", ""https://www.41zero42.com/wp-content/uploads/2021/04/41Zero42_Pixel_16_016.jpg"", ""https://www.41zero42.com/wp-content/uploads/2021/04/41Zero42_Pixel_16_023.jpg"", ""https://www.41zero42.com/wp-content/uploads/2021/04/41Zero42_Pixel_31_02.jpg""]",[]
80102,80008,41Z-4100829,Cerulean,https://www.41zero42.com/collections/pixel41-en/,"[""https://cdn.altrodesign.ro/products/pixel41-cerulean.jpg"", ""https://www.41zero42.com/wp-content/uploads/2021/02/41Zero42_Pixel_39_11.jpg"", ""https://www.41zero42.com/wp-content/uploads/2021/04/41Zero42_Pixel_39_03.jpg"", ""https://www.41zero42.com/wp-content/uploads/2021/04/41Zero42_Pixel_39_02.jpg"", ""https://www.41zero42.com/wp-content/uploads/2021/04/41Zero42_Pixel_39_10.jpg"", ""https://www.41zero42.com/wp-content/uploads/2021/04/41Zero42_45_Pixel_01_v3.jpg"", ""https://www.41zero42.com/wp-content/uploads/2021/04/41Zero42_Pixel_45_04.jpg"", ""https://www.41zero42.com/wp-content/uploads/2021/04/41Zero42_Pixel_45_05.jpg"", ""https://www.41zero42.com/wp-content/uploads/2021/04/41Zero42_Pixel_36_04.jpg"", ""https://www.41zero42.com/wp-content/uploads/2021/04/41Zero42_Pixel_36_03.jpg"", ""https://www.41zero42.com/wp-content/uploads/2021/04/41Zero42_Pixel_36_02.jpg"", ""https://www.41zero42.com/wp-content/uploads/2021/04/41Zero42_32_Pixel_02_bis.jpg"", ""https://www.41zero42.com/wp-content/uploads/2021/04/41Zero42_32_Pixel_06_bis.jpg"", ""https://www.41zero42.com/wp-content/uploads/2021/04/41Zero42_32_Pixel_04_bis.jpg"", ""https://www.41zero42.com/wp-content/uploads/2021/04/41Zero42_32_Pixel_03_bis.jpg"", ""https://www.41zero42.com/wp-content/uploads/2021/04/41Zero42_Pixel_30_18.jpg"", ""https://www.41zero42.com/wp-content/uploads/2021/04/41Zero42_Pixel_30_14.jpg"", ""https://www.41zero42.com/wp-content/uploads/2021/04/41Zero42_Pixel_30_22.jpg"", ""https://www.41zero42.com/wp-content/uploads/2021/04/41Zero42_Pixel_30_21.jpg"", ""https://www.41zero42.com/wp-content/uploads/2021/04/41Zero42_Pixel_30_17.jpg"", ""https://www.41zero42.com/wp-content/uploads/2021/04/41Zero42_Pixel_49_01.jpg"", ""https://www.41zero42.com/wp-content/uploads/2021/04/41Zero42_Pixel_49_02.jpg"", ""https://www.41zero42.com/wp-content/uploads/2021/04/41Zero42_Pixel_49_03.jpg"", ""https://www.41zero42.com/wp-content/uploads/2021/04/41Zero42_Pixel_49_06.jpg"", ""https://www.41zero42.com/wp-content/uploads/2021/04/41Zero42_Pixel_07_14.jpg"", ""https://www.41zero42.com/wp-content/uploads/2021/04/41Zero42_Pixel_07_09.jpg"", ""https://www.41zero42.com/wp-content/uploads/2021/04/41Zero42_Pixel_07_10.jpg"", ""https://www.41zero42.com/wp-content/uploads/2021/04/41Zero42_Pixel_07_13.jpg"", ""https://www.41zero42.com/wp-content/uploads/2021/04/41Zero42_Pixel_22_04.jpg"", ""https://www.41zero42.com/wp-content/uploads/2021/04/41Zero42_Pixel_22_06.jpg"", ""https://www.41zero42.com/wp-content/uploads/2021/04/41Zero42_Pixel_22_05.jpg"", ""https://www.41zero42.com/wp-content/uploads/2021/04/41Zero42_Pixel_22_02.jpg"", ""https://www.41zero42.com/wp-content/uploads/2021/04/41Zero42_Pixel_14_08_v2.jpg"", ""https://www.41zero42.com/wp-content/uploads/2021/04/41Zero42_Pixel_14_06_v3.jpg"", ""https://www.41zero42.com/wp-content/uploads/2021/04/41Zero42_Pixel_14_04.jpg"", ""https://www.41zero42.com/wp-content/uploads/2021/04/41Zero42_Pixel_14_05.jpg"", ""https://www.41zero42.com/wp-content/uploads/2021/04/41Zero42_Pixel_48_07.jpg"", ""https://www.41zero42.com/wp-content/uploads/2021/04/41Zero42_Pixel_48_09.jpg"", ""https://www.41zero42.com/wp-content/uploads/2021/04/41Zero_42_Pixel_48_01.jpg"", ""https://www.41zero42.com/wp-content/uploads/2021/04/41Zero42_Pixel_49_05.jpg"", ""https://www.41zero42.com/wp-content/uploads/2021/04/41Zero42_Pixel_50_04.jpg"", ""https://www.41zero42.com/wp-content/uploads/2021/04/41Zero42_Pixel_50_03.jpg"", ""https://www.41zero42.com/wp-content/uploads/2021/04/41Zero42_Pixel_27_02.jpg"", ""https://www.41zero42.com/wp-content/uploads/2021/04/41Zero42_27_Pixel_05.jpg"", ""https://www.41zero42.com/wp-content/uploads/2021/04/41Zero42_Pixel_16_001.jpg"", ""https://www.41zero42.com/wp-content/uploads/2021/04/41Zero42_Pixel_16_016.jpg"", ""https://www.41zero42.com/wp-content/uploads/2021/04/41Zero42_Pixel_16_023.jpg"", ""https://www.41zero42.com/wp-content/uploads/2021/04/41Zero42_Pixel_31_02.jpg""]",[]
80103,80008,41Z-4100830,Cloud,https://www.41zero42.com/collections/pixel41-en/,"[""https://cdn.altrodesign.ro/products/pixel41-cloud.jpg"", ""https://www.41zero42.com/wp-content/uploads/2021/02/41Zero42_Pixel_39_11.jpg"", ""https://www.41zero42.com/wp-content/uploads/2021/04/41Zero42_Pixel_39_03.jpg"", ""https://www.41zero42.com/wp-content/uploads/2021/04/41Zero42_Pixel_39_02.jpg"", ""https://www.41zero42.com/wp-content/uploads/2021/04/41Zero42_Pixel_39_10.jpg"", ""https://www.41zero42.com/wp-content/uploads/2021/04/41Zero42_45_Pixel_01_v3.jpg"", ""https://www.41zero42.com/wp-content/uploads/2021/04/41Zero42_Pixel_45_04.jpg"", ""https://www.41zero42.com/wp-content/uploads/2021/04/41Zero42_Pixel_45_05.jpg"", ""https://www.41zero42.com/wp-content/uploads/2021/04/41Zero42_Pixel_36_04.jpg"", ""https://www.41zero42.com/wp-content/uploads/2021/04/41Zero42_Pixel_36_03.jpg"", ""https://www.41zero42.com/wp-content/uploads/2021/04/41Zero42_Pixel_36_02.jpg"", ""https://www.41zero42.com/wp-content/uploads/2021/04/41Zero42_32_Pixel_02_bis.jpg"", ""https://www.41zero42.com/wp-content/uploads/2021/04/41Zero42_32_Pixel_06_bis.jpg"", ""https://www.41zero42.com/wp-content/uploads/2021/04/41Zero42_32_Pixel_04_bis.jpg"", ""https://www.41zero42.com/wp-content/uploads/2021/04/41Zero42_32_Pixel_03_bis.jpg"", ""https://www.41zero42.com/wp-content/uploads/2021/04/41Zero42_Pixel_30_18.jpg"", ""https://www.41zero42.com/wp-content/uploads/2021/04/41Zero42_Pixel_30_14.jpg"", ""https://www.41zero42.com/wp-content/uploads/2021/04/41Zero42_Pixel_30_22.jpg"", ""https://www.41zero42.com/wp-content/uploads/2021/04/41Zero42_Pixel_30_21.jpg"", ""https://www.41zero42.com/wp-content/uploads/2021/04/41Zero42_Pixel_30_17.jpg"", ""https://www.41zero42.com/wp-content/uploads/2021/04/41Zero42_Pixel_49_01.jpg"", ""https://www.41zero42.com/wp-content/uploads/2021/04/41Zero42_Pixel_49_02.jpg"", ""https://www.41zero42.com/wp-content/uploads/2021/04/41Zero42_Pixel_49_03.jpg"", ""https://www.41zero42.com/wp-content/uploads/2021/04/41Zero42_Pixel_49_06.jpg"", ""https://www.41zero42.com/wp-content/uploads/2021/04/41Zero42_Pixel_07_14.jpg"", ""https://www.41zero42.com/wp-content/uploads/2021/04/41Zero42_Pixel_07_09.jpg"", ""https://www.41zero42.com/wp-content/uploads/2021/04/41Zero42_Pixel_07_10.jpg"", ""https://www.41zero42.com/wp-content/uploads/2021/04/41Zero42_Pixel_07_13.jpg"", ""https://www.41zero42.com/wp-content/uploads/2021/04/41Zero42_Pixel_22_04.jpg"", ""https://www.41zero42.com/wp-content/uploads/2021/04/41Zero42_Pixel_22_06.jpg"", ""https://www.41zero42.com/wp-content/uploads/2021/04/41Zero42_Pixel_22_05.jpg"", ""https://www.41zero42.com/wp-content/uploads/2021/04/41Zero42_Pixel_22_02.jpg"", ""https://www.41zero42.com/wp-content/uploads/2021/04/41Zero42_Pixel_14_08_v2.jpg"", ""https://www.41zero42.com/wp-content/uploads/2021/04/41Zero42_Pixel_14_06_v3.jpg"", ""https://www.41zero42.com/wp-content/uploads/2021/04/41Zero42_Pixel_14_04.jpg"", ""https://www.41zero42.com/wp-content/uploads/2021/04/41Zero42_Pixel_14_05.jpg"", ""https://www.41zero42.com/wp-content/uploads/2021/04/41Zero42_Pixel_48_07.jpg"", ""https://www.41zero42.com/wp-content/uploads/2021/04/41Zero42_Pixel_48_09.jpg"", ""https://www.41zero42.com/wp-content/uploads/2021/04/41Zero_42_Pixel_48_01.jpg"", ""https://www.41zero42.com/wp-content/uploads/2021/04/41Zero42_Pixel_49_05.jpg"", ""https://www.41zero42.com/wp-content/uploads/2021/04/41Zero42_Pixel_50_04.jpg"", ""https://www.41zero42.com/wp-content/uploads/2021/04/41Zero42_Pixel_50_03.jpg"", ""https://www.41zero42.com/wp-content/uploads/2021/04/41Zero42_Pixel_27_02.jpg"", ""https://www.41zero42.com/wp-content/uploads/2021/04/41Zero42_27_Pixel_05.jpg"", ""https://www.41zero42.com/wp-content/uploads/2021/04/41Zero42_Pixel_16_001.jpg"", ""https://www.41zero42.com/wp-content/uploads/2021/04/41Zero42_Pixel_16_016.jpg"", ""https://www.41zero42.com/wp-content/uploads/2021/04/41Zero42_Pixel_16_023.jpg"", ""https://www.41zero42.com/wp-content/uploads/2021/04/41Zero42_Pixel_31_02.jpg""]",[]
80104,80008,41Z-4100831,Sky,https://www.41zero42.com/collections/pixel41-en/,"[""https://cdn.altrodesign.ro/products/pixel41-sky.jpg"", ""https://www.41zero42.com/wp-content/uploads/2021/02/41Zero42_Pixel_39_11.jpg"", ""https://www.41zero42.com/wp-content/uploads/2021/04/41Zero42_Pixel_39_03.jpg"", ""https://www.41zero42.com/wp-content/uploads/2021/04/41Zero42_Pixel_39_02.jpg"", ""https://www.41zero42.com/wp-content/uploads/2021/04/41Zero42_Pixel_39_10.jpg"", ""https://www.41zero42.com/wp-content/uploads/2021/04/41Zero42_45_Pixel_01_v3.jpg"", ""https://www.41zero42.com/wp-content/uploads/2021/04/41Zero42_Pixel_45_04.jpg"", ""https://www.41zero42.com/wp-content/uploads/2021/04/41Zero42_Pixel_45_05.jpg"", ""https://www.41zero42.com/wp-content/uploads/2021/04/41Zero42_Pixel_36_04.jpg"", ""https://www.41zero42.com/wp-content/uploads/2021/04/41Zero42_Pixel_36_03.jpg"", ""https://www.41zero42.com/wp-content/uploads/2021/04/41Zero42_Pixel_36_02.jpg"", ""https://www.41zero42.com/wp-content/uploads/2021/04/41Zero42_32_Pixel_02_bis.jpg"", ""https://www.41zero42.com/wp-content/uploads/2021/04/41Zero42_32_Pixel_06_bis.jpg"", ""https://www.41zero42.com/wp-content/uploads/2021/04/41Zero42_32_Pixel_04_bis.jpg"", ""https://www.41zero42.com/wp-content/uploads/2021/04/41Zero42_32_Pixel_03_bis.jpg"", ""https://www.41zero42.com/wp-content/uploads/2021/04/41Zero42_Pixel_30_18.jpg"", ""https://www.41zero42.com/wp-content/uploads/2021/04/41Zero42_Pixel_30_14.jpg"", ""https://www.41zero42.com/wp-content/uploads/2021/04/41Zero42_Pixel_30_22.jpg"", ""https://www.41zero42.com/wp-content/uploads/2021/04/41Zero42_Pixel_30_21.jpg"", ""https://www.41zero42.com/wp-content/uploads/2021/04/41Zero42_Pixel_30_17.jpg"", ""https://www.41zero42.com/wp-content/uploads/2021/04/41Zero42_Pixel_49_01.jpg"", ""https://www.41zero42.com/wp-content/uploads/2021/04/41Zero42_Pixel_49_02.jpg"", ""https://www.41zero42.com/wp-content/uploads/2021/04/41Zero42_Pixel_49_03.jpg"", ""https://www.41zero42.com/wp-content/uploads/2021/04/41Zero42_Pixel_49_06.jpg"", ""https://www.41zero42.com/wp-content/uploads/2021/04/41Zero42_Pixel_07_14.jpg"", ""https://www.41zero42.com/wp-content/uploads/2021/04/41Zero42_Pixel_07_09.jpg"", ""https://www.41zero42.com/wp-content/uploads/2021/04/41Zero42_Pixel_07_10.jpg"", ""https://www.41zero42.com/wp-content/uploads/2021/04/41Zero42_Pixel_07_13.jpg"", ""https://www.41zero42.com/wp-content/uploads/2021/04/41Zero42_Pixel_22_04.jpg"", ""https://www.41zero42.com/wp-content/uploads/2021/04/41Zero42_Pixel_22_06.jpg"", ""https://www.41zero42.com/wp-content/uploads/2021/04/41Zero42_Pixel_22_05.jpg"", ""https://www.41zero42.com/wp-content/uploads/2021/04/41Zero42_Pixel_22_02.jpg"", ""https://www.41zero42.com/wp-content/uploads/2021/04/41Zero42_Pixel_14_08_v2.jpg"", ""https://www.41zero42.com/wp-content/uploads/2021/04/41Zero42_Pixel_14_06_v3.jpg"", ""https://www.41zero42.com/wp-content/uploads/2021/04/41Zero42_Pixel_14_04.jpg"", ""https://www.41zero42.com/wp-content/uploads/2021/04/41Zero42_Pixel_14_05.jpg"", ""https://www.41zero42.com/wp-content/uploads/2021/04/41Zero42_Pixel_48_07.jpg"", ""https://www.41zero42.com/wp-content/uploads/2021/04/41Zero42_Pixel_48_09.jpg"", ""https://www.41zero42.com/wp-content/uploads/2021/04/41Zero_42_Pixel_48_01.jpg"", ""https://www.41zero42.com/wp-content/uploads/2021/04/41Zero42_Pixel_49_05.jpg"", ""https://www.41zero42.com/wp-content/uploads/2021/04/41Zero42_Pixel_50_04.jpg"", ""https://www.41zero42.com/wp-content/uploads/2021/04/41Zero42_Pixel_50_03.jpg"", ""https://www.41zero42.com/wp-content/uploads/2021/04/41Zero42_Pixel_27_02.jpg"", ""https://www.41zero42.com/wp-content/uploads/2021/04/41Zero42_27_Pixel_05.jpg"", ""https://www.41zero42.com/wp-content/uploads/2021/04/41Zero42_Pixel_16_001.jpg"", ""https://www.41zero42.com/wp-content/uploads/2021/04/41Zero42_Pixel_16_016.jpg"", ""https://www.41zero42.com/wp-content/uploads/2021/04/41Zero42_Pixel_16_023.jpg"", ""https://www.41zero42.com/wp-content/uploads/2021/04/41Zero42_Pixel_31_02.jpg""]",[]
80105,80008,41Z-4100832,Celadon,https://www.41zero42.com/collections/pixel41-en/,"[""https://cdn.altrodesign.ro/products/pixel41-celadon.jpg"", ""https://www.41zero42.com/wp-content/uploads/2021/02/41Zero42_Pixel_39_11.jpg"", ""https://www.41zero42.com/wp-content/uploads/2021/04/41Zero42_Pixel_39_03.jpg"", ""https://www.41zero42.com/wp-content/uploads/2021/04/41Zero42_Pixel_39_02.jpg"", ""https://www.41zero42.com/wp-content/uploads/2021/04/41Zero42_Pixel_39_10.jpg"", ""https://www.41zero42.com/wp-content/uploads/2021/04/41Zero42_45_Pixel_01_v3.jpg"", ""https://www.41zero42.com/wp-content/uploads/2021/04/41Zero42_Pixel_45_04.jpg"", ""https://www.41zero42.com/wp-content/uploads/2021/04/41Zero42_Pixel_45_05.jpg"", ""https://www.41zero42.com/wp-content/uploads/2021/04/41Zero42_Pixel_36_04.jpg"", ""https://www.41zero42.com/wp-content/uploads/2021/04/41Zero42_Pixel_36_03.jpg"", ""https://www.41zero42.com/wp-content/uploads/2021/04/41Zero42_Pixel_36_02.jpg"", ""https://www.41zero42.com/wp-content/uploads/2021/04/41Zero42_32_Pixel_02_bis.jpg"", ""https://www.41zero42.com/wp-content/uploads/2021/04/41Zero42_32_Pixel_06_bis.jpg"", ""https://www.41zero42.com/wp-content/uploads/2021/04/41Zero42_32_Pixel_04_bis.jpg"", ""https://www.41zero42.com/wp-content/uploads/2021/04/41Zero42_32_Pixel_03_bis.jpg"", ""https://www.41zero42.com/wp-content/uploads/2021/04/41Zero42_Pixel_30_18.jpg"", ""https://www.41zero42.com/wp-content/uploads/2021/04/41Zero42_Pixel_30_14.jpg"", ""https://www.41zero42.com/wp-content/uploads/2021/04/41Zero42_Pixel_30_22.jpg"", ""https://www.41zero42.com/wp-content/uploads/2021/04/41Zero42_Pixel_30_21.jpg"", ""https://www.41zero42.com/wp-content/uploads/2021/04/41Zero42_Pixel_30_17.jpg"", ""https://www.41zero42.com/wp-content/uploads/2021/04/41Zero42_Pixel_49_01.jpg"", ""https://www.41zero42.com/wp-content/uploads/2021/04/41Zero42_Pixel_49_02.jpg"", ""https://www.41zero42.com/wp-content/uploads/2021/04/41Zero42_Pixel_49_03.jpg"", ""https://www.41zero42.com/wp-content/uploads/2021/04/41Zero42_Pixel_49_06.jpg"", ""https://www.41zero42.com/wp-content/uploads/2021/04/41Zero42_Pixel_07_14.jpg"", ""https://www.41zero42.com/wp-content/uploads/2021/04/41Zero42_Pixel_07_09.jpg"", ""https://www.41zero42.com/wp-content/uploads/2021/04/41Zero42_Pixel_07_10.jpg"", ""https://www.41zero42.com/wp-content/uploads/2021/04/41Zero42_Pixel_07_13.jpg"", ""https://www.41zero42.com/wp-content/uploads/2021/04/41Zero42_Pixel_22_04.jpg"", ""https://www.41zero42.com/wp-content/uploads/2021/04/41Zero42_Pixel_22_06.jpg"", ""https://www.41zero42.com/wp-content/uploads/2021/04/41Zero42_Pixel_22_05.jpg"", ""https://www.41zero42.com/wp-content/uploads/2021/04/41Zero42_Pixel_22_02.jpg"", ""https://www.41zero42.com/wp-content/uploads/2021/04/41Zero42_Pixel_14_08_v2.jpg"", ""https://www.41zero42.com/wp-content/uploads/2021/04/41Zero42_Pixel_14_06_v3.jpg"", ""https://www.41zero42.com/wp-content/uploads/2021/04/41Zero42_Pixel_14_04.jpg"", ""https://www.41zero42.com/wp-content/uploads/2021/04/41Zero42_Pixel_14_05.jpg"", ""https://www.41zero42.com/wp-content/uploads/2021/04/41Zero42_Pixel_48_07.jpg"", ""https://www.41zero42.com/wp-content/uploads/2021/04/41Zero42_Pixel_48_09.jpg"", ""https://www.41zero42.com/wp-content/uploads/2021/04/41Zero_42_Pixel_48_01.jpg"", ""https://www.41zero42.com/wp-content/uploads/2021/04/41Zero42_Pixel_49_05.jpg"", ""https://www.41zero42.com/wp-content/uploads/2021/04/41Zero42_Pixel_50_04.jpg"", ""https://www.41zero42.com/wp-content/uploads/2021/04/41Zero42_Pixel_50_03.jpg"", ""https://www.41zero42.com/wp-content/uploads/2021/04/41Zero42_Pixel_27_02.jpg"", ""https://www.41zero42.com/wp-content/uploads/2021/04/41Zero42_27_Pixel_05.jpg"", ""https://www.41zero42.com/wp-content/uploads/2021/04/41Zero42_Pixel_16_001.jpg"", ""https://www.41zero42.com/wp-content/uploads/2021/04/41Zero42_Pixel_16_016.jpg"", ""https://www.41zero42.com/wp-content/uploads/2021/04/41Zero42_Pixel_16_023.jpg"", ""https://www.41zero42.com/wp-content/uploads/2021/04/41Zero42_Pixel_31_02.jpg""]",[]
80106,80008,41Z-4100833,Musk,https://www.41zero42.com/collections/pixel41-en/,"[""https://cdn.altrodesign.ro/products/pixel41-musk.jpg"", ""https://www.41zero42.com/wp-content/uploads/2021/02/41Zero42_Pixel_39_11.jpg"", ""https://www.41zero42.com/wp-content/uploads/2021/04/41Zero42_Pixel_39_03.jpg"", ""https://www.41zero42.com/wp-content/uploads/2021/04/41Zero42_Pixel_39_02.jpg"", ""https://www.41zero42.com/wp-content/uploads/2021/04/41Zero42_Pixel_39_10.jpg"", ""https://www.41zero42.com/wp-content/uploads/2021/04/41Zero42_45_Pixel_01_v3.jpg"", ""https://www.41zero42.com/wp-content/uploads/2021/04/41Zero42_Pixel_45_04.jpg"", ""https://www.41zero42.com/wp-content/uploads/2021/04/41Zero42_Pixel_45_05.jpg"", ""https://www.41zero42.com/wp-content/uploads/2021/04/41Zero42_Pixel_36_04.jpg"", ""https://www.41zero42.com/wp-content/uploads/2021/04/41Zero42_Pixel_36_03.jpg"", ""https://www.41zero42.com/wp-content/uploads/2021/04/41Zero42_Pixel_36_02.jpg"", ""https://www.41zero42.com/wp-content/uploads/2021/04/41Zero42_32_Pixel_02_bis.jpg"", ""https://www.41zero42.com/wp-content/uploads/2021/04/41Zero42_32_Pixel_06_bis.jpg"", ""https://www.41zero42.com/wp-content/uploads/2021/04/41Zero42_32_Pixel_04_bis.jpg"", ""https://www.41zero42.com/wp-content/uploads/2021/04/41Zero42_32_Pixel_03_bis.jpg"", ""https://www.41zero42.com/wp-content/uploads/2021/04/41Zero42_Pixel_30_18.jpg"", ""https://www.41zero42.com/wp-content/uploads/2021/04/41Zero42_Pixel_30_14.jpg"", ""https://www.41zero42.com/wp-content/uploads/2021/04/41Zero42_Pixel_30_22.jpg"", ""https://www.41zero42.com/wp-content/uploads/2021/04/41Zero42_Pixel_30_21.jpg"", ""https://www.41zero42.com/wp-content/uploads/2021/04/41Zero42_Pixel_30_17.jpg"", ""https://www.41zero42.com/wp-content/uploads/2021/04/41Zero42_Pixel_49_01.jpg"", ""https://www.41zero42.com/wp-content/uploads/2021/04/41Zero42_Pixel_49_02.jpg"", ""https://www.41zero42.com/wp-content/uploads/2021/04/41Zero42_Pixel_49_03.jpg"", ""https://www.41zero42.com/wp-content/uploads/2021/04/41Zero42_Pixel_49_06.jpg"", ""https://www.41zero42.com/wp-content/uploads/2021/04/41Zero42_Pixel_07_14.jpg"", ""https://www.41zero42.com/wp-content/uploads/2021/04/41Zero42_Pixel_07_09.jpg"", ""https://www.41zero42.com/wp-content/uploads/2021/04/41Zero42_Pixel_07_10.jpg"", ""https://www.41zero42.com/wp-content/uploads/2021/04/41Zero42_Pixel_07_13.jpg"", ""https://www.41zero42.com/wp-content/uploads/2021/04/41Zero42_Pixel_22_04.jpg"", ""https://www.41zero42.com/wp-content/uploads/2021/04/41Zero42_Pixel_22_06.jpg"", ""https://www.41zero42.com/wp-content/uploads/2021/04/41Zero42_Pixel_22_05.jpg"", ""https://www.41zero42.com/wp-content/uploads/2021/04/41Zero42_Pixel_22_02.jpg"", ""https://www.41zero42.com/wp-content/uploads/2021/04/41Zero42_Pixel_14_08_v2.jpg"", ""https://www.41zero42.com/wp-content/uploads/2021/04/41Zero42_Pixel_14_06_v3.jpg"", ""https://www.41zero42.com/wp-content/uploads/2021/04/41Zero42_Pixel_14_04.jpg"", ""https://www.41zero42.com/wp-content/uploads/2021/04/41Zero42_Pixel_14_05.jpg"", ""https://www.41zero42.com/wp-content/uploads/2021/04/41Zero42_Pixel_48_07.jpg"", ""https://www.41zero42.com/wp-content/uploads/2021/04/41Zero42_Pixel_48_09.jpg"", ""https://www.41zero42.com/wp-content/uploads/2021/04/41Zero_42_Pixel_48_01.jpg"", ""https://www.41zero42.com/wp-content/uploads/2021/04/41Zero42_Pixel_49_05.jpg"", ""https://www.41zero42.com/wp-content/uploads/2021/04/41Zero42_Pixel_50_04.jpg"", ""https://www.41zero42.com/wp-content/uploads/2021/04/41Zero42_Pixel_50_03.jpg"", ""https://www.41zero42.com/wp-content/uploads/2021/04/41Zero42_Pixel_27_02.jpg"", ""https://www.41zero42.com/wp-content/uploads/2021/04/41Zero42_27_Pixel_05.jpg"", ""https://www.41zero42.com/wp-content/uploads/2021/04/41Zero42_Pixel_16_001.jpg"", ""https://www.41zero42.com/wp-content/uploads/2021/04/41Zero42_Pixel_16_016.jpg"", ""https://www.41zero42.com/wp-content/uploads/2021/04/41Zero42_Pixel_16_023.jpg"", ""https://www.41zero42.com/wp-content/uploads/2021/04/41Zero42_Pixel_31_02.jpg""]",[]
80107,80008,41Z-4100834,Salvia,https://www.41zero42.com/collections/pixel41-en/,"[""https://cdn.altrodesign.ro/products/pixel41-salvia.jpg"", ""https://www.41zero42.com/wp-content/uploads/2021/02/41Zero42_Pixel_39_11.jpg"", ""https://www.41zero42.com/wp-content/uploads/2021/04/41Zero42_Pixel_39_03.jpg"", ""https://www.41zero42.com/wp-content/uploads/2021/04/41Zero42_Pixel_39_02.jpg"", ""https://www.41zero42.com/wp-content/uploads/2021/04/41Zero42_Pixel_39_10.jpg"", ""https://www.41zero42.com/wp-content/uploads/2021/04/41Zero42_45_Pixel_01_v3.jpg"", ""https://www.41zero42.com/wp-content/uploads/2021/04/41Zero42_Pixel_45_04.jpg"", ""https://www.41zero42.com/wp-content/uploads/2021/04/41Zero42_Pixel_45_05.jpg"", ""https://www.41zero42.com/wp-content/uploads/2021/04/41Zero42_Pixel_36_04.jpg"", ""https://www.41zero42.com/wp-content/uploads/2021/04/41Zero42_Pixel_36_03.jpg"", ""https://www.41zero42.com/wp-content/uploads/2021/04/41Zero42_Pixel_36_02.jpg"", ""https://www.41zero42.com/wp-content/uploads/2021/04/41Zero42_32_Pixel_02_bis.jpg"", ""https://www.41zero42.com/wp-content/uploads/2021/04/41Zero42_32_Pixel_06_bis.jpg"", ""https://www.41zero42.com/wp-content/uploads/2021/04/41Zero42_32_Pixel_04_bis.jpg"", ""https://www.41zero42.com/wp-content/uploads/2021/04/41Zero42_32_Pixel_03_bis.jpg"", ""https://www.41zero42.com/wp-content/uploads/2021/04/41Zero42_Pixel_30_18.jpg"", ""https://www.41zero42.com/wp-content/uploads/2021/04/41Zero42_Pixel_30_14.jpg"", ""https://www.41zero42.com/wp-content/uploads/2021/04/41Zero42_Pixel_30_22.jpg"", ""https://www.41zero42.com/wp-content/uploads/2021/04/41Zero42_Pixel_30_21.jpg"", ""https://www.41zero42.com/wp-content/uploads/2021/04/41Zero42_Pixel_30_17.jpg"", ""https://www.41zero42.com/wp-content/uploads/2021/04/41Zero42_Pixel_49_01.jpg"", ""https://www.41zero42.com/wp-content/uploads/2021/04/41Zero42_Pixel_49_02.jpg"", ""https://www.41zero42.com/wp-content/uploads/2021/04/41Zero42_Pixel_49_03.jpg"", ""https://www.41zero42.com/wp-content/uploads/2021/04/41Zero42_Pixel_49_06.jpg"", ""https://www.41zero42.com/wp-content/uploads/2021/04/41Zero42_Pixel_07_14.jpg"", ""https://www.41zero42.com/wp-content/uploads/2021/04/41Zero42_Pixel_07_09.jpg"", ""https://www.41zero42.com/wp-content/uploads/2021/04/41Zero42_Pixel_07_10.jpg"", ""https://www.41zero42.com/wp-content/uploads/2021/04/41Zero42_Pixel_07_13.jpg"", ""https://www.41zero42.com/wp-content/uploads/2021/04/41Zero42_Pixel_22_04.jpg"", ""https://www.41zero42.com/wp-content/uploads/2021/04/41Zero42_Pixel_22_06.jpg"", ""https://www.41zero42.com/wp-content/uploads/2021/04/41Zero42_Pixel_22_05.jpg"", ""https://www.41zero42.com/wp-content/uploads/2021/04/41Zero42_Pixel_22_02.jpg"", ""https://www.41zero42.com/wp-content/uploads/2021/04/41Zero42_Pixel_14_08_v2.jpg"", ""https://www.41zero42.com/wp-content/uploads/2021/04/41Zero42_Pixel_14_06_v3.jpg"", ""https://www.41zero42.com/wp-content/uploads/2021/04/41Zero42_Pixel_14_04.jpg"", ""https://www.41zero42.com/wp-content/uploads/2021/04/41Zero42_Pixel_14_05.jpg"", ""https://www.41zero42.com/wp-content/uploads/2021/04/41Zero42_Pixel_48_07.jpg"", ""https://www.41zero42.com/wp-content/uploads/2021/04/41Zero42_Pixel_48_09.jpg"", ""https://www.41zero42.com/wp-content/uploads/2021/04/41Zero_42_Pixel_48_01.jpg"", ""https://www.41zero42.com/wp-content/uploads/2021/04/41Zero42_Pixel_49_05.jpg"", ""https://www.41zero42.com/wp-content/uploads/2021/04/41Zero42_Pixel_50_04.jpg"", ""https://www.41zero42.com/wp-content/uploads/2021/04/41Zero42_Pixel_50_03.jpg"", ""https://www.41zero42.com/wp-content/uploads/2021/04/41Zero42_Pixel_27_02.jpg"", ""https://www.41zero42.com/wp-content/uploads/2021/04/41Zero42_27_Pixel_05.jpg"", ""https://www.41zero42.com/wp-content/uploads/2021/04/41Zero42_Pixel_16_001.jpg"", ""https://www.41zero42.com/wp-content/uploads/2021/04/41Zero42_Pixel_16_016.jpg"", ""https://www.41zero42.com/wp-content/uploads/2021/04/41Zero42_Pixel_16_023.jpg"", ""https://www.41zero42.com/wp-content/uploads/2021/04/41Zero42_Pixel_31_02.jpg""]",[]
80108,80008,41Z-4100835,Military,https://www.41zero42.com/collections/pixel41-en/,"[""https://cdn.altrodesign.ro/products/pixel41-military.jpg"", ""https://www.41zero42.com/wp-content/uploads/2021/02/41Zero42_Pixel_39_11.jpg"", ""https://www.41zero42.com/wp-content/uploads/2021/04/41Zero42_Pixel_39_03.jpg"", ""https://www.41zero42.com/wp-content/uploads/2021/04/41Zero42_Pixel_39_02.jpg"", ""https://www.41zero42.com/wp-content/uploads/2021/04/41Zero42_Pixel_39_10.jpg"", ""https://www.41zero42.com/wp-content/uploads/2021/04/41Zero42_45_Pixel_01_v3.jpg"", ""https://www.41zero42.com/wp-content/uploads/2021/04/41Zero42_Pixel_45_04.jpg"", ""https://www.41zero42.com/wp-content/uploads/2021/04/41Zero42_Pixel_45_05.jpg"", ""https://www.41zero42.com/wp-content/uploads/2021/04/41Zero42_Pixel_36_04.jpg"", ""https://www.41zero42.com/wp-content/uploads/2021/04/41Zero42_Pixel_36_03.jpg"", ""https://www.41zero42.com/wp-content/uploads/2021/04/41Zero42_Pixel_36_02.jpg"", ""https://www.41zero42.com/wp-content/uploads/2021/04/41Zero42_32_Pixel_02_bis.jpg"", ""https://www.41zero42.com/wp-content/uploads/2021/04/41Zero42_32_Pixel_06_bis.jpg"", ""https://www.41zero42.com/wp-content/uploads/2021/04/41Zero42_32_Pixel_04_bis.jpg"", ""https://www.41zero42.com/wp-content/uploads/2021/04/41Zero42_32_Pixel_03_bis.jpg"", ""https://www.41zero42.com/wp-content/uploads/2021/04/41Zero42_Pixel_30_18.jpg"", ""https://www.41zero42.com/wp-content/uploads/2021/04/41Zero42_Pixel_30_14.jpg"", ""https://www.41zero42.com/wp-content/uploads/2021/04/41Zero42_Pixel_30_22.jpg"", ""https://www.41zero42.com/wp-content/uploads/2021/04/41Zero42_Pixel_30_21.jpg"", ""https://www.41zero42.com/wp-content/uploads/2021/04/41Zero42_Pixel_30_17.jpg"", ""https://www.41zero42.com/wp-content/uploads/2021/04/41Zero42_Pixel_49_01.jpg"", ""https://www.41zero42.com/wp-content/uploads/2021/04/41Zero42_Pixel_49_02.jpg"", ""https://www.41zero42.com/wp-content/uploads/2021/04/41Zero42_Pixel_49_03.jpg"", ""https://www.41zero42.com/wp-content/uploads/2021/04/41Zero42_Pixel_49_06.jpg"", ""https://www.41zero42.com/wp-content/uploads/2021/04/41Zero42_Pixel_07_14.jpg"", ""https://www.41zero42.com/wp-content/uploads/2021/04/41Zero42_Pixel_07_09.jpg"", ""https://www.41zero42.com/wp-content/uploads/2021/04/41Zero42_Pixel_07_10.jpg"", ""https://www.41zero42.com/wp-content/uploads/2021/04/41Zero42_Pixel_07_13.jpg"", ""https://www.41zero42.com/wp-content/uploads/2021/04/41Zero42_Pixel_22_04.jpg"", ""https://www.41zero42.com/wp-content/uploads/2021/04/41Zero42_Pixel_22_06.jpg"", ""https://www.41zero42.com/wp-content/uploads/2021/04/41Zero42_Pixel_22_05.jpg"", ""https://www.41zero42.com/wp-content/uploads/2021/04/41Zero42_Pixel_22_02.jpg"", ""https://www.41zero42.com/wp-content/uploads/2021/04/41Zero42_Pixel_14_08_v2.jpg"", ""https://www.41zero42.com/wp-content/uploads/2021/04/41Zero42_Pixel_14_06_v3.jpg"", ""https://www.41zero42.com/wp-content/uploads/2021/04/41Zero42_Pixel_14_04.jpg"", ""https://www.41zero42.com/wp-content/uploads/2021/04/41Zero42_Pixel_14_05.jpg"", ""https://www.41zero42.com/wp-content/uploads/2021/04/41Zero42_Pixel_48_07.jpg"", ""https://www.41zero42.com/wp-content/uploads/2021/04/41Zero42_Pixel_48_09.jpg"", ""https://www.41zero42.com/wp-content/uploads/2021/04/41Zero_42_Pixel_48_01.jpg"", ""https://www.41zero42.com/wp-content/uploads/2021/04/41Zero42_Pixel_49_05.jpg"", ""https://www.41zero42.com/wp-content/uploads/2021/04/41Zero42_Pixel_50_04.jpg"", ""https://www.41zero42.com/wp-content/uploads/2021/04/41Zero42_Pixel_50_03.jpg"", ""https://www.41zero42.com/wp-content/uploads/2021/04/41Zero42_Pixel_27_02.jpg"", ""https://www.41zero42.com/wp-content/uploads/2021/04/41Zero42_27_Pixel_05.jpg"", ""https://www.41zero42.com/wp-content/uploads/2021/04/41Zero42_Pixel_16_001.jpg"", ""https://www.41zero42.com/wp-content/uploads/2021/04/41Zero42_Pixel_16_016.jpg"", ""https://www.41zero42.com/wp-content/uploads/2021/04/41Zero42_Pixel_16_023.jpg"", ""https://www.41zero42.com/wp-content/uploads/2021/04/41Zero42_Pixel_31_02.jpg""]",[]
80109,80008,41Z-4100836,Frog,https://www.41zero42.com/collections/pixel41-en/,"[""https://cdn.altrodesign.ro/products/pixel41-frog.jpg"", ""https://www.41zero42.com/wp-content/uploads/2021/02/41Zero42_Pixel_39_11.jpg"", ""https://www.41zero42.com/wp-content/uploads/2021/04/41Zero42_Pixel_39_03.jpg"", ""https://www.41zero42.com/wp-content/uploads/2021/04/41Zero42_Pixel_39_02.jpg"", ""https://www.41zero42.com/wp-content/uploads/2021/04/41Zero42_Pixel_39_10.jpg"", ""https://www.41zero42.com/wp-content/uploads/2021/04/41Zero42_45_Pixel_01_v3.jpg"", ""https://www.41zero42.com/wp-content/uploads/2021/04/41Zero42_Pixel_45_04.jpg"", ""https://www.41zero42.com/wp-content/uploads/2021/04/41Zero42_Pixel_45_05.jpg"", ""https://www.41zero42.com/wp-content/uploads/2021/04/41Zero42_Pixel_36_04.jpg"", ""https://www.41zero42.com/wp-content/uploads/2021/04/41Zero42_Pixel_36_03.jpg"", ""https://www.41zero42.com/wp-content/uploads/2021/04/41Zero42_Pixel_36_02.jpg"", ""https://www.41zero42.com/wp-content/uploads/2021/04/41Zero42_32_Pixel_02_bis.jpg"", ""https://www.41zero42.com/wp-content/uploads/2021/04/41Zero42_32_Pixel_06_bis.jpg"", ""https://www.41zero42.com/wp-content/uploads/2021/04/41Zero42_32_Pixel_04_bis.jpg"", ""https://www.41zero42.com/wp-content/uploads/2021/04/41Zero42_32_Pixel_03_bis.jpg"", ""https://www.41zero42.com/wp-content/uploads/2021/04/41Zero42_Pixel_30_18.jpg"", ""https://www.41zero42.com/wp-content/uploads/2021/04/41Zero42_Pixel_30_14.jpg"", ""https://www.41zero42.com/wp-content/uploads/2021/04/41Zero42_Pixel_30_22.jpg"", ""https://www.41zero42.com/wp-content/uploads/2021/04/41Zero42_Pixel_30_21.jpg"", ""https://www.41zero42.com/wp-content/uploads/2021/04/41Zero42_Pixel_30_17.jpg"", ""https://www.41zero42.com/wp-content/uploads/2021/04/41Zero42_Pixel_49_01.jpg"", ""https://www.41zero42.com/wp-content/uploads/2021/04/41Zero42_Pixel_49_02.jpg"", ""https://www.41zero42.com/wp-content/uploads/2021/04/41Zero42_Pixel_49_03.jpg"", ""https://www.41zero42.com/wp-content/uploads/2021/04/41Zero42_Pixel_49_06.jpg"", ""https://www.41zero42.com/wp-content/uploads/2021/04/41Zero42_Pixel_07_14.jpg"", ""https://www.41zero42.com/wp-content/uploads/2021/04/41Zero42_Pixel_07_09.jpg"", ""https://www.41zero42.com/wp-content/uploads/2021/04/41Zero42_Pixel_07_10.jpg"", ""https://www.41zero42.com/wp-content/uploads/2021/04/41Zero42_Pixel_07_13.jpg"", ""https://www.41zero42.com/wp-content/uploads/2021/04/41Zero42_Pixel_22_04.jpg"", ""https://www.41zero42.com/wp-content/uploads/2021/04/41Zero42_Pixel_22_06.jpg"", ""https://www.41zero42.com/wp-content/uploads/2021/04/41Zero42_Pixel_22_05.jpg"", ""https://www.41zero42.com/wp-content/uploads/2021/04/41Zero42_Pixel_22_02.jpg"", ""https://www.41zero42.com/wp-content/uploads/2021/04/41Zero42_Pixel_14_08_v2.jpg"", ""https://www.41zero42.com/wp-content/uploads/2021/04/41Zero42_Pixel_14_06_v3.jpg"", ""https://www.41zero42.com/wp-content/uploads/2021/04/41Zero42_Pixel_14_04.jpg"", ""https://www.41zero42.com/wp-content/uploads/2021/04/41Zero42_Pixel_14_05.jpg"", ""https://www.41zero42.com/wp-content/uploads/2021/04/41Zero42_Pixel_48_07.jpg"", ""https://www.41zero42.com/wp-content/uploads/2021/04/41Zero42_Pixel_48_09.jpg"", ""https://www.41zero42.com/wp-content/uploads/2021/04/41Zero_42_Pixel_48_01.jpg"", ""https://www.41zero42.com/wp-content/uploads/2021/04/41Zero42_Pixel_49_05.jpg"", ""https://www.41zero42.com/wp-content/uploads/2021/04/41Zero42_Pixel_50_04.jpg"", ""https://www.41zero42.com/wp-content/uploads/2021/04/41Zero42_Pixel_50_03.jpg"", ""https://www.41zero42.com/wp-content/uploads/2021/04/41Zero42_Pixel_27_02.jpg"", ""https://www.41zero42.com/wp-content/uploads/2021/04/41Zero42_27_Pixel_05.jpg"", ""https://www.41zero42.com/wp-content/uploads/2021/04/41Zero42_Pixel_16_001.jpg"", ""https://www.41zero42.com/wp-content/uploads/2021/04/41Zero42_Pixel_16_016.jpg"", ""https://www.41zero42.com/wp-content/uploads/2021/04/41Zero42_Pixel_16_023.jpg"", ""https://www.41zero42.com/wp-content/uploads/2021/04/41Zero42_Pixel_31_02.jpg""]",[]
80110,80008,41Z-4100837,Peacock,https://www.41zero42.com/collections/pixel41-en/,"[""https://cdn.altrodesign.ro/products/pixel41-peacock.jpg"", ""https://www.41zero42.com/wp-content/uploads/2021/02/41Zero42_Pixel_39_11.jpg"", ""https://www.41zero42.com/wp-content/uploads/2021/04/41Zero42_Pixel_39_03.jpg"", ""https://www.41zero42.com/wp-content/uploads/2021/04/41Zero42_Pixel_39_02.jpg"", ""https://www.41zero42.com/wp-content/uploads/2021/04/41Zero42_Pixel_39_10.jpg"", ""https://www.41zero42.com/wp-content/uploads/2021/04/41Zero42_45_Pixel_01_v3.jpg"", ""https://www.41zero42.com/wp-content/uploads/2021/04/41Zero42_Pixel_45_04.jpg"", ""https://www.41zero42.com/wp-content/uploads/2021/04/41Zero42_Pixel_45_05.jpg"", ""https://www.41zero42.com/wp-content/uploads/2021/04/41Zero42_Pixel_36_04.jpg"", ""https://www.41zero42.com/wp-content/uploads/2021/04/41Zero42_Pixel_36_03.jpg"", ""https://www.41zero42.com/wp-content/uploads/2021/04/41Zero42_Pixel_36_02.jpg"", ""https://www.41zero42.com/wp-content/uploads/2021/04/41Zero42_32_Pixel_02_bis.jpg"", ""https://www.41zero42.com/wp-content/uploads/2021/04/41Zero42_32_Pixel_06_bis.jpg"", ""https://www.41zero42.com/wp-content/uploads/2021/04/41Zero42_32_Pixel_04_bis.jpg"", ""https://www.41zero42.com/wp-content/uploads/2021/04/41Zero42_32_Pixel_03_bis.jpg"", ""https://www.41zero42.com/wp-content/uploads/2021/04/41Zero42_Pixel_30_18.jpg"", ""https://www.41zero42.com/wp-content/uploads/2021/04/41Zero42_Pixel_30_14.jpg"", ""https://www.41zero42.com/wp-content/uploads/2021/04/41Zero42_Pixel_30_22.jpg"", ""https://www.41zero42.com/wp-content/uploads/2021/04/41Zero42_Pixel_30_21.jpg"", ""https://www.41zero42.com/wp-content/uploads/2021/04/41Zero42_Pixel_30_17.jpg"", ""https://www.41zero42.com/wp-content/uploads/2021/04/41Zero42_Pixel_49_01.jpg"", ""https://www.41zero42.com/wp-content/uploads/2021/04/41Zero42_Pixel_49_02.jpg"", ""https://www.41zero42.com/wp-content/uploads/2021/04/41Zero42_Pixel_49_03.jpg"", ""https://www.41zero42.com/wp-content/uploads/2021/04/41Zero42_Pixel_49_06.jpg"", ""https://www.41zero42.com/wp-content/uploads/2021/04/41Zero42_Pixel_07_14.jpg"", ""https://www.41zero42.com/wp-content/uploads/2021/04/41Zero42_Pixel_07_09.jpg"", ""https://www.41zero42.com/wp-content/uploads/2021/04/41Zero42_Pixel_07_10.jpg"", ""https://www.41zero42.com/wp-content/uploads/2021/04/41Zero42_Pixel_07_13.jpg"", ""https://www.41zero42.com/wp-content/uploads/2021/04/41Zero42_Pixel_22_04.jpg"", ""https://www.41zero42.com/wp-content/uploads/2021/04/41Zero42_Pixel_22_06.jpg"", ""https://www.41zero42.com/wp-content/uploads/2021/04/41Zero42_Pixel_22_05.jpg"", ""https://www.41zero42.com/wp-content/uploads/2021/04/41Zero42_Pixel_22_02.jpg"", ""https://www.41zero42.com/wp-content/uploads/2021/04/41Zero42_Pixel_14_08_v2.jpg"", ""https://www.41zero42.com/wp-content/uploads/2021/04/41Zero42_Pixel_14_06_v3.jpg"", ""https://www.41zero42.com/wp-content/uploads/2021/04/41Zero42_Pixel_14_04.jpg"", ""https://www.41zero42.com/wp-content/uploads/2021/04/41Zero42_Pixel_14_05.jpg"", ""https://www.41zero42.com/wp-content/uploads/2021/04/41Zero42_Pixel_48_07.jpg"", ""https://www.41zero42.com/wp-content/uploads/2021/04/41Zero42_Pixel_48_09.jpg"", ""https://www.41zero42.com/wp-content/uploads/2021/04/41Zero_42_Pixel_48_01.jpg"", ""https://www.41zero42.com/wp-content/uploads/2021/04/41Zero42_Pixel_49_05.jpg"", ""https://www.41zero42.com/wp-content/uploads/2021/04/41Zero42_Pixel_50_04.jpg"", ""https://www.41zero42.com/wp-content/uploads/2021/04/41Zero42_Pixel_50_03.jpg"", ""https://www.41zero42.com/wp-content/uploads/2021/04/41Zero42_Pixel_27_02.jpg"", ""https://www.41zero42.com/wp-content/uploads/2021/04/41Zero42_27_Pixel_05.jpg"", ""https://www.41zero42.com/wp-content/uploads/2021/04/41Zero42_Pixel_16_001.jpg"", ""https://www.41zero42.com/wp-content/uploads/2021/04/41Zero42_Pixel_16_016.jpg"", ""https://www.41zero42.com/wp-content/uploads/2021/04/41Zero42_Pixel_16_023.jpg"", ""https://www.41zero42.com/wp-content/uploads/2021/04/41Zero42_Pixel_31_02.jpg""]",[]
80111,80008,41Z-4100838,Marine,https://www.41zero42.com/collections/pixel41-en/,"[""https://cdn.altrodesign.ro/products/pixel41-marine.jpg"", ""https://www.41zero42.com/wp-content/uploads/2021/02/41Zero42_Pixel_39_11.jpg"", ""https://www.41zero42.com/wp-content/uploads/2021/04/41Zero42_Pixel_39_03.jpg"", ""https://www.41zero42.com/wp-content/uploads/2021/04/41Zero42_Pixel_39_02.jpg"", ""https://www.41zero42.com/wp-content/uploads/2021/04/41Zero42_Pixel_39_10.jpg"", ""https://www.41zero42.com/wp-content/uploads/2021/04/41Zero42_45_Pixel_01_v3.jpg"", ""https://www.41zero42.com/wp-content/uploads/2021/04/41Zero42_Pixel_45_04.jpg"", ""https://www.41zero42.com/wp-content/uploads/2021/04/41Zero42_Pixel_45_05.jpg"", ""https://www.41zero42.com/wp-content/uploads/2021/04/41Zero42_Pixel_36_04.jpg"", ""https://www.41zero42.com/wp-content/uploads/2021/04/41Zero42_Pixel_36_03.jpg"", ""https://www.41zero42.com/wp-content/uploads/2021/04/41Zero42_Pixel_36_02.jpg"", ""https://www.41zero42.com/wp-content/uploads/2021/04/41Zero42_32_Pixel_02_bis.jpg"", ""https://www.41zero42.com/wp-content/uploads/2021/04/41Zero42_32_Pixel_06_bis.jpg"", ""https://www.41zero42.com/wp-content/uploads/2021/04/41Zero42_32_Pixel_04_bis.jpg"", ""https://www.41zero42.com/wp-content/uploads/2021/04/41Zero42_32_Pixel_03_bis.jpg"", ""https://www.41zero42.com/wp-content/uploads/2021/04/41Zero42_Pixel_30_18.jpg"", ""https://www.41zero42.com/wp-content/uploads/2021/04/41Zero42_Pixel_30_14.jpg"", ""https://www.41zero42.com/wp-content/uploads/2021/04/41Zero42_Pixel_30_22.jpg"", ""https://www.41zero42.com/wp-content/uploads/2021/04/41Zero42_Pixel_30_21.jpg"", ""https://www.41zero42.com/wp-content/uploads/2021/04/41Zero42_Pixel_30_17.jpg"", ""https://www.41zero42.com/wp-content/uploads/2021/04/41Zero42_Pixel_49_01.jpg"", ""https://www.41zero42.com/wp-content/uploads/2021/04/41Zero42_Pixel_49_02.jpg"", ""https://www.41zero42.com/wp-content/uploads/2021/04/41Zero42_Pixel_49_03.jpg"", ""https://www.41zero42.com/wp-content/uploads/2021/04/41Zero42_Pixel_49_06.jpg"", ""https://www.41zero42.com/wp-content/uploads/2021/04/41Zero42_Pixel_07_14.jpg"", ""https://www.41zero42.com/wp-content/uploads/2021/04/41Zero42_Pixel_07_09.jpg"", ""https://www.41zero42.com/wp-content/uploads/2021/04/41Zero42_Pixel_07_10.jpg"", ""https://www.41zero42.com/wp-content/uploads/2021/04/41Zero42_Pixel_07_13.jpg"", ""https://www.41zero42.com/wp-content/uploads/2021/04/41Zero42_Pixel_22_04.jpg"", ""https://www.41zero42.com/wp-content/uploads/2021/04/41Zero42_Pixel_22_06.jpg"", ""https://www.41zero42.com/wp-content/uploads/2021/04/41Zero42_Pixel_22_05.jpg"", ""https://www.41zero42.com/wp-content/uploads/2021/04/41Zero42_Pixel_22_02.jpg"", ""https://www.41zero42.com/wp-content/uploads/2021/04/41Zero42_Pixel_14_08_v2.jpg"", ""https://www.41zero42.com/wp-content/uploads/2021/04/41Zero42_Pixel_14_06_v3.jpg"", ""https://www.41zero42.com/wp-content/uploads/2021/04/41Zero42_Pixel_14_04.jpg"", ""https://www.41zero42.com/wp-content/uploads/2021/04/41Zero42_Pixel_14_05.jpg"", ""https://www.41zero42.com/wp-content/uploads/2021/04/41Zero42_Pixel_48_07.jpg"", ""https://www.41zero42.com/wp-content/uploads/2021/04/41Zero42_Pixel_48_09.jpg"", ""https://www.41zero42.com/wp-content/uploads/2021/04/41Zero_42_Pixel_48_01.jpg"", ""https://www.41zero42.com/wp-content/uploads/2021/04/41Zero42_Pixel_49_05.jpg"", ""https://www.41zero42.com/wp-content/uploads/2021/04/41Zero42_Pixel_50_04.jpg"", ""https://www.41zero42.com/wp-content/uploads/2021/04/41Zero42_Pixel_50_03.jpg"", ""https://www.41zero42.com/wp-content/uploads/2021/04/41Zero42_Pixel_27_02.jpg"", ""https://www.41zero42.com/wp-content/uploads/2021/04/41Zero42_27_Pixel_05.jpg"", ""https://www.41zero42.com/wp-content/uploads/2021/04/41Zero42_Pixel_16_001.jpg"", ""https://www.41zero42.com/wp-content/uploads/2021/04/41Zero42_Pixel_16_016.jpg"", ""https://www.41zero42.com/wp-content/uploads/2021/04/41Zero42_Pixel_16_023.jpg"", ""https://www.41zero42.com/wp-content/uploads/2021/04/41Zero42_Pixel_31_02.jpg""]",[]
80112,80008,41Z-4100839,Mint,https://www.41zero42.com/collections/pixel41-en/,"[""https://cdn.altrodesign.ro/products/pixel41-mint.jpg"", ""https://www.41zero42.com/wp-content/uploads/2021/02/41Zero42_Pixel_39_11.jpg"", ""https://www.41zero42.com/wp-content/uploads/2021/04/41Zero42_Pixel_39_03.jpg"", ""https://www.41zero42.com/wp-content/uploads/2021/04/41Zero42_Pixel_39_02.jpg"", ""https://www.41zero42.com/wp-content/uploads/2021/04/41Zero42_Pixel_39_10.jpg"", ""https://www.41zero42.com/wp-content/uploads/2021/04/41Zero42_45_Pixel_01_v3.jpg"", ""https://www.41zero42.com/wp-content/uploads/2021/04/41Zero42_Pixel_45_04.jpg"", ""https://www.41zero42.com/wp-content/uploads/2021/04/41Zero42_Pixel_45_05.jpg"", ""https://www.41zero42.com/wp-content/uploads/2021/04/41Zero42_Pixel_36_04.jpg"", ""https://www.41zero42.com/wp-content/uploads/2021/04/41Zero42_Pixel_36_03.jpg"", ""https://www.41zero42.com/wp-content/uploads/2021/04/41Zero42_Pixel_36_02.jpg"", ""https://www.41zero42.com/wp-content/uploads/2021/04/41Zero42_32_Pixel_02_bis.jpg"", ""https://www.41zero42.com/wp-content/uploads/2021/04/41Zero42_32_Pixel_06_bis.jpg"", ""https://www.41zero42.com/wp-content/uploads/2021/04/41Zero42_32_Pixel_04_bis.jpg"", ""https://www.41zero42.com/wp-content/uploads/2021/04/41Zero42_32_Pixel_03_bis.jpg"", ""https://www.41zero42.com/wp-content/uploads/2021/04/41Zero42_Pixel_30_18.jpg"", ""https://www.41zero42.com/wp-content/uploads/2021/04/41Zero42_Pixel_30_14.jpg"", ""https://www.41zero42.com/wp-content/uploads/2021/04/41Zero42_Pixel_30_22.jpg"", ""https://www.41zero42.com/wp-content/uploads/2021/04/41Zero42_Pixel_30_21.jpg"", ""https://www.41zero42.com/wp-content/uploads/2021/04/41Zero42_Pixel_30_17.jpg"", ""https://www.41zero42.com/wp-content/uploads/2021/04/41Zero42_Pixel_49_01.jpg"", ""https://www.41zero42.com/wp-content/uploads/2021/04/41Zero42_Pixel_49_02.jpg"", ""https://www.41zero42.com/wp-content/uploads/2021/04/41Zero42_Pixel_49_03.jpg"", ""https://www.41zero42.com/wp-content/uploads/2021/04/41Zero42_Pixel_49_06.jpg"", ""https://www.41zero42.com/wp-content/uploads/2021/04/41Zero42_Pixel_07_14.jpg"", ""https://www.41zero42.com/wp-content/uploads/2021/04/41Zero42_Pixel_07_09.jpg"", ""https://www.41zero42.com/wp-content/uploads/2021/04/41Zero42_Pixel_07_10.jpg"", ""https://www.41zero42.com/wp-content/uploads/2021/04/41Zero42_Pixel_07_13.jpg"", ""https://www.41zero42.com/wp-content/uploads/2021/04/41Zero42_Pixel_22_04.jpg"", ""https://www.41zero42.com/wp-content/uploads/2021/04/41Zero42_Pixel_22_06.jpg"", ""https://www.41zero42.com/wp-content/uploads/2021/04/41Zero42_Pixel_22_05.jpg"", ""https://www.41zero42.com/wp-content/uploads/2021/04/41Zero42_Pixel_22_02.jpg"", ""https://www.41zero42.com/wp-content/uploads/2021/04/41Zero42_Pixel_14_08_v2.jpg"", ""https://www.41zero42.com/wp-content/uploads/2021/04/41Zero42_Pixel_14_06_v3.jpg"", ""https://www.41zero42.com/wp-content/uploads/2021/04/41Zero42_Pixel_14_04.jpg"", ""https://www.41zero42.com/wp-content/uploads/2021/04/41Zero42_Pixel_14_05.jpg"", ""https://www.41zero42.com/wp-content/uploads/2021/04/41Zero42_Pixel_48_07.jpg"", ""https://www.41zero42.com/wp-content/uploads/2021/04/41Zero42_Pixel_48_09.jpg"", ""https://www.41zero42.com/wp-content/uploads/2021/04/41Zero_42_Pixel_48_01.jpg"", ""https://www.41zero42.com/wp-content/uploads/2021/04/41Zero42_Pixel_49_05.jpg"", ""https://www.41zero42.com/wp-content/uploads/2021/04/41Zero42_Pixel_50_04.jpg"", ""https://www.41zero42.com/wp-content/uploads/2021/04/41Zero42_Pixel_50_03.jpg"", ""https://www.41zero42.com/wp-content/uploads/2021/04/41Zero42_Pixel_27_02.jpg"", ""https://www.41zero42.com/wp-content/uploads/2021/04/41Zero42_27_Pixel_05.jpg"", ""https://www.41zero42.com/wp-content/uploads/2021/04/41Zero42_Pixel_16_001.jpg"", ""https://www.41zero42.com/wp-content/uploads/2021/04/41Zero42_Pixel_16_016.jpg"", ""https://www.41zero42.com/wp-content/uploads/2021/04/41Zero42_Pixel_16_023.jpg"", ""https://www.41zero42.com/wp-content/uploads/2021/04/41Zero42_Pixel_31_02.jpg""]",[]
80113,80009,41Z-1001,White,https://www.41zero42.com/collections/rigo-eng/,"[""https://cdn.altrodesign.ro/products/rigo-white.jpg"", ""https://www.41zero42.com/wp-content/uploads/2018/02/rigo-slider02-e1667990026954.jpg"", ""https://www.41zero42.com/wp-content/uploads/2018/02/rigo-preview.jpg"", ""https://www.41zero42.com/wp-content/uploads/2018/02/rigo-slider05.jpg"", ""https://www.41zero42.com/wp-content/uploads/2018/02/rigo-gallery02.jpg""]",[]
80114,80009,41Z-1002,Black,https://www.41zero42.com/collections/rigo-eng/,"[""https://cdn.altrodesign.ro/products/rigo-black.jpg"", ""https://www.41zero42.com/wp-content/uploads/2018/02/rigo-slider02-e1667990026954.jpg"", ""https://www.41zero42.com/wp-content/uploads/2018/02/rigo-preview.jpg"", ""https://www.41zero42.com/wp-content/uploads/2018/02/rigo-slider05.jpg"", ""https://www.41zero42.com/wp-content/uploads/2018/02/rigo-gallery02.jpg""]",[]
80115,80010,41Z-1101,Milk Matte Mix,https://www.41zero42.com/collections/mou-en/,"[""https://cdn.altrodesign.ro/products/mou-milk-mix-matte.jpg"", ""https://www.41zero42.com/wp-content/uploads/2023/11/41ZERO42_MOU_23_03_MILK_MIX_OPACO_02.jpg"", ""https://www.41zero42.com/wp-content/uploads/2023/07/41ZERO42_MOU_23_03_MILK_MIX_OPACO_03.jpg"", ""https://www.41zero42.com/wp-content/uploads/2023/07/41ZERO42_MOU_23_02_BUTTER_MIX_01.jpg"", ""https://www.41zero42.com/wp-content/uploads/2023/07/41ZERO42_MOU_23_07_BUTTER_LUX_OPACO_01.jpg"", ""https://www.41zero42.com/wp-content/uploads/2023/07/41ZERO42_MOU_23_09_CARAMEL_LUX_OPACO_01.jpg"", ""https://www.41zero42.com/wp-content/uploads/2023/07/41ZERO42_MOU_23_04_CARAMEL_MIX_LUX_01.jpg"", ""https://www.41zero42.com/wp-content/uploads/2023/07/41ZERO42_MOU_23_05_MILK_MIX_OPACO_01.jpg"", ""https://www.41zero42.com/wp-content/uploads/2023/07/41ZERO42_MOU_23_01_CARAMEL_MIX_OPACO_03.jpg"", ""https://www.41zero42.com/wp-content/uploads/2023/07/41ZERO42_MOU_23_06_BUTTER_MIX_LUX_02.jpg"", ""https://www.41zero42.com/wp-content/uploads/2023/07/41ZERO42_MOU_23_08_MILK_LUX_01.jpg""]",[]
80116,80010,41Z-1102,Milk Matte,https://www.41zero42.com/collections/mou-en/,"[""https://cdn.altrodesign.ro/products/mou-milk-matte.jpg"", ""https://www.41zero42.com/wp-content/uploads/2023/11/41ZERO42_MOU_23_03_MILK_MIX_OPACO_02.jpg"", ""https://www.41zero42.com/wp-content/uploads/2023/07/41ZERO42_MOU_23_03_MILK_MIX_OPACO_03.jpg"", ""https://www.41zero42.com/wp-content/uploads/2023/07/41ZERO42_MOU_23_02_BUTTER_MIX_01.jpg"", ""https://www.41zero42.com/wp-content/uploads/2023/07/41ZERO42_MOU_23_07_BUTTER_LUX_OPACO_01.jpg"", ""https://www.41zero42.com/wp-content/uploads/2023/07/41ZERO42_MOU_23_09_CARAMEL_LUX_OPACO_01.jpg"", ""https://www.41zero42.com/wp-content/uploads/2023/07/41ZERO42_MOU_23_04_CARAMEL_MIX_LUX_01.jpg"", ""https://www.41zero42.com/wp-content/uploads/2023/07/41ZERO42_MOU_23_05_MILK_MIX_OPACO_01.jpg"", ""https://www.41zero42.com/wp-content/uploads/2023/07/41ZERO42_MOU_23_01_CARAMEL_MIX_OPACO_03.jpg"", ""https://www.41zero42.com/wp-content/uploads/2023/07/41ZERO42_MOU_23_06_BUTTER_MIX_LUX_02.jpg"", ""https://www.41zero42.com/wp-content/uploads/2023/07/41ZERO42_MOU_23_08_MILK_LUX_01.jpg""]",[]
80117,80010,41Z-1103,Milk Glossy Mix,https://www.41zero42.com/collections/mou-en/,"[""https://cdn.altrodesign.ro/products/mou-milk-mix-glossy.jpg"", ""https://www.41zero42.com/wp-content/uploads/2023/11/41ZERO42_MOU_23_03_MILK_MIX_OPACO_02.jpg"", ""https://www.41zero42.com/wp-content/uploads/2023/07/41ZERO42_MOU_23_03_MILK_MIX_OPACO_03.jpg"", ""https://www.41zero42.com/wp-content/uploads/2023/07/41ZERO42_MOU_23_02_BUTTER_MIX_01.jpg"", ""https://www.41zero42.com/wp-content/uploads/2023/07/41ZERO42_MOU_23_07_BUTTER_LUX_OPACO_01.jpg"", ""https://www.41zero42.com/wp-content/uploads/2023/07/41ZERO42_MOU_23_09_CARAMEL_LUX_OPACO_01.jpg"", ""https://www.41zero42.com/wp-content/uploads/2023/07/41ZERO42_MOU_23_04_CARAMEL_MIX_LUX_01.jpg"", ""https://www.41zero42.com/wp-content/uploads/2023/07/41ZERO42_MOU_23_05_MILK_MIX_OPACO_01.jpg"", ""https://www.41zero42.com/wp-content/uploads/2023/07/41ZERO42_MOU_23_01_CARAMEL_MIX_OPACO_03.jpg"", ""https://www.41zero42.com/wp-content/uploads/2023/07/41ZERO42_MOU_23_06_BUTTER_MIX_LUX_02.jpg"", ""https://www.41zero42.com/wp-content/uploads/2023/07/41ZERO42_MOU_23_08_MILK_LUX_01.jpg""]",[]
80118,80010,41Z-1104,Milk Glossy,https://www.41zero42.com/collections/mou-en/,"[""https://cdn.altrodesign.ro/products/mou-milk-glossy.jpg"", ""https://www.41zero42.com/wp-content/uploads/2023/11/41ZERO42_MOU_23_03_MILK_MIX_OPACO_02.jpg"", ""https://www.41zero42.com/wp-content/uploads/2023/07/41ZERO42_MOU_23_03_MILK_MIX_OPACO_03.jpg"", ""https://www.41zero42.com/wp-content/uploads/2023/07/41ZERO42_MOU_23_02_BUTTER_MIX_01.jpg"", ""https://www.41zero42.com/wp-content/uploads/2023/07/41ZERO42_MOU_23_07_BUTTER_LUX_OPACO_01.jpg"", ""https://www.41zero42.com/wp-content/uploads/2023/07/41ZERO42_MOU_23_09_CARAMEL_LUX_OPACO_01.jpg"", ""https://www.41zero42.com/wp-content/uploads/2023/07/41ZERO42_MOU_23_04_CARAMEL_MIX_LUX_01.jpg"", ""https://www.41zero42.com/wp-content/uploads/2023/07/41ZERO42_MOU_23_05_MILK_MIX_OPACO_01.jpg"", ""https://www.41zero42.com/wp-content/uploads/2023/07/41ZERO42_MOU_23_01_CARAMEL_MIX_OPACO_03.jpg"", ""https://www.41zero42.com/wp-content/uploads/2023/07/41ZERO42_MOU_23_06_BUTTER_MIX_LUX_02.jpg"", ""https://www.41zero42.com/wp-content/uploads/2023/07/41ZERO42_MOU_23_08_MILK_LUX_01.jpg""]",[]
80119,80010,41Z-1105,Butter Matte Mix,https://www.41zero42.com/collections/mou-en/,"[""https://cdn.altrodesign.ro/products/mou-butter-mix-matte.jpg"", ""https://www.41zero42.com/wp-content/uploads/2023/11/41ZERO42_MOU_23_03_MILK_MIX_OPACO_02.jpg"", ""https://www.41zero42.com/wp-content/uploads/2023/07/41ZERO42_MOU_23_03_MILK_MIX_OPACO_03.jpg"", ""https://www.41zero42.com/wp-content/uploads/2023/07/41ZERO42_MOU_23_02_BUTTER_MIX_01.jpg"", ""https://www.41zero42.com/wp-content/uploads/2023/07/41ZERO42_MOU_23_07_BUTTER_LUX_OPACO_01.jpg"", ""https://www.41zero42.com/wp-content/uploads/2023/07/41ZERO42_MOU_23_09_CARAMEL_LUX_OPACO_01.jpg"", ""https://www.41zero42.com/wp-content/uploads/2023/07/41ZERO42_MOU_23_04_CARAMEL_MIX_LUX_01.jpg"", ""https://www.41zero42.com/wp-content/uploads/2023/07/41ZERO42_MOU_23_05_MILK_MIX_OPACO_01.jpg"", ""https://www.41zero42.com/wp-content/uploads/2023/07/41ZERO42_MOU_23_01_CARAMEL_MIX_OPACO_03.jpg"", ""https://www.41zero42.com/wp-content/uploads/2023/07/41ZERO42_MOU_23_06_BUTTER_MIX_LUX_02.jpg"", ""https://www.41zero42.com/wp-content/uploads/2023/07/41ZERO42_MOU_23_08_MILK_LUX_01.jpg""]",[]
80120,80010,41Z-1106,Butter Matte,https://www.41zero42.com/collections/mou-en/,"[""https://cdn.altrodesign.ro/products/mou-butter-matte.jpg"", ""https://www.41zero42.com/wp-content/uploads/2023/11/41ZERO42_MOU_23_03_MILK_MIX_OPACO_02.jpg"", ""https://www.41zero42.com/wp-content/uploads/2023/07/41ZERO42_MOU_23_03_MILK_MIX_OPACO_03.jpg"", ""https://www.41zero42.com/wp-content/uploads/2023/07/41ZERO42_MOU_23_02_BUTTER_MIX_01.jpg"", ""https://www.41zero42.com/wp-content/uploads/2023/07/41ZERO42_MOU_23_07_BUTTER_LUX_OPACO_01.jpg"", ""https://www.41zero42.com/wp-content/uploads/2023/07/41ZERO42_MOU_23_09_CARAMEL_LUX_OPACO_01.jpg"", ""https://www.41zero42.com/wp-content/uploads/2023/07/41ZERO42_MOU_23_04_CARAMEL_MIX_LUX_01.jpg"", ""https://www.41zero42.com/wp-content/uploads/2023/07/41ZERO42_MOU_23_05_MILK_MIX_OPACO_01.jpg"", ""https://www.41zero42.com/wp-content/uploads/2023/07/41ZERO42_MOU_23_01_CARAMEL_MIX_OPACO_03.jpg"", ""https://www.41zero42.com/wp-content/uploads/2023/07/41ZERO42_MOU_23_06_BUTTER_MIX_LUX_02.jpg"", ""https://www.41zero42.com/wp-content/uploads/2023/07/41ZERO42_MOU_23_08_MILK_LUX_01.jpg""]",[]
80121,80010,41Z-1107,Butter Glossy Mix,https://www.41zero42.com/collections/mou-en/,"[""https://cdn.altrodesign.ro/products/mou-butter-mix-glossy.jpg"", ""https://www.41zero42.com/wp-content/uploads/2023/11/41ZERO42_MOU_23_03_MILK_MIX_OPACO_02.jpg"", ""https://www.41zero42.com/wp-content/uploads/2023/07/41ZERO42_MOU_23_03_MILK_MIX_OPACO_03.jpg"", ""https://www.41zero42.com/wp-content/uploads/2023/07/41ZERO42_MOU_23_02_BUTTER_MIX_01.jpg"", ""https://www.41zero42.com/wp-content/uploads/2023/07/41ZERO42_MOU_23_07_BUTTER_LUX_OPACO_01.jpg"", ""https://www.41zero42.com/wp-content/uploads/2023/07/41ZERO42_MOU_23_09_CARAMEL_LUX_OPACO_01.jpg"", ""https://www.41zero42.com/wp-content/uploads/2023/07/41ZERO42_MOU_23_04_CARAMEL_MIX_LUX_01.jpg"", ""https://www.41zero42.com/wp-content/uploads/2023/07/41ZERO42_MOU_23_05_MILK_MIX_OPACO_01.jpg"", ""https://www.41zero42.com/wp-content/uploads/2023/07/41ZERO42_MOU_23_01_CARAMEL_MIX_OPACO_03.jpg"", ""https://www.41zero42.com/wp-content/uploads/2023/07/41ZERO42_MOU_23_06_BUTTER_MIX_LUX_02.jpg"", ""https://www.41zero42.com/wp-content/uploads/2023/07/41ZERO42_MOU_23_08_MILK_LUX_01.jpg""]",[]
80122,80010,41Z-1108,Butter Glossy,https://www.41zero42.com/collections/mou-en/,"[""https://cdn.altrodesign.ro/products/mou-butter-glossy.jpg"", ""https://www.41zero42.com/wp-content/uploads/2023/11/41ZERO42_MOU_23_03_MILK_MIX_OPACO_02.jpg"", ""https://www.41zero42.com/wp-content/uploads/2023/07/41ZERO42_MOU_23_03_MILK_MIX_OPACO_03.jpg"", ""https://www.41zero42.com/wp-content/uploads/2023/07/41ZERO42_MOU_23_02_BUTTER_MIX_01.jpg"", ""https://www.41zero42.com/wp-content/uploads/2023/07/41ZERO42_MOU_23_07_BUTTER_LUX_OPACO_01.jpg"", ""https://www.41zero42.com/wp-content/uploads/2023/07/41ZERO42_MOU_23_09_CARAMEL_LUX_OPACO_01.jpg"", ""https://www.41zero42.com/wp-content/uploads/2023/07/41ZERO42_MOU_23_04_CARAMEL_MIX_LUX_01.jpg"", ""https://www.41zero42.com/wp-content/uploads/2023/07/41ZERO42_MOU_23_05_MILK_MIX_OPACO_01.jpg"", ""https://www.41zero42.com/wp-content/uploads/2023/07/41ZERO42_MOU_23_01_CARAMEL_MIX_OPACO_03.jpg"", ""https://www.41zero42.com/wp-content/uploads/2023/07/41ZERO42_MOU_23_06_BUTTER_MIX_LUX_02.jpg"", ""https://www.41zero42.com/wp-content/uploads/2023/07/41ZERO42_MOU_23_08_MILK_LUX_01.jpg""]",[]
80123,80010,41Z-1109,Caramel Matte Mix,https://www.41zero42.com/collections/mou-en/,"[""https://cdn.altrodesign.ro/products/mou-caramel-mix-matte.jpg"", ""https://www.41zero42.com/wp-content/uploads/2023/11/41ZERO42_MOU_23_03_MILK_MIX_OPACO_02.jpg"", ""https://www.41zero42.com/wp-content/uploads/2023/07/41ZERO42_MOU_23_03_MILK_MIX_OPACO_03.jpg"", ""https://www.41zero42.com/wp-content/uploads/2023/07/41ZERO42_MOU_23_02_BUTTER_MIX_01.jpg"", ""https://www.41zero42.com/wp-content/uploads/2023/07/41ZERO42_MOU_23_07_BUTTER_LUX_OPACO_01.jpg"", ""https://www.41zero42.com/wp-content/uploads/2023/07/41ZERO42_MOU_23_09_CARAMEL_LUX_OPACO_01.jpg"", ""https://www.41zero42.com/wp-content/uploads/2023/07/41ZERO42_MOU_23_04_CARAMEL_MIX_LUX_01.jpg"", ""https://www.41zero42.com/wp-content/uploads/2023/07/41ZERO42_MOU_23_05_MILK_MIX_OPACO_01.jpg"", ""https://www.41zero42.com/wp-content/uploads/2023/07/41ZERO42_MOU_23_01_CARAMEL_MIX_OPACO_03.jpg"", ""https://www.41zero42.com/wp-content/uploads/2023/07/41ZERO42_MOU_23_06_BUTTER_MIX_LUX_02.jpg"", ""https://www.41zero42.com/wp-content/uploads/2023/07/41ZERO42_MOU_23_08_MILK_LUX_01.jpg""]",[]
80124,80010,41Z-1110,Caramel Matte,https://www.41zero42.com/collections/mou-en/,"[""https://cdn.altrodesign.ro/products/mou-caramel-matte.jpg"", ""https://www.41zero42.com/wp-content/uploads/2023/11/41ZERO42_MOU_23_03_MILK_MIX_OPACO_02.jpg"", ""https://www.41zero42.com/wp-content/uploads/2023/07/41ZERO42_MOU_23_03_MILK_MIX_OPACO_03.jpg"", ""https://www.41zero42.com/wp-content/uploads/2023/07/41ZERO42_MOU_23_02_BUTTER_MIX_01.jpg"", ""https://www.41zero42.com/wp-content/uploads/2023/07/41ZERO42_MOU_23_07_BUTTER_LUX_OPACO_01.jpg"", ""https://www.41zero42.com/wp-content/uploads/2023/07/41ZERO42_MOU_23_09_CARAMEL_LUX_OPACO_01.jpg"", ""https://www.41zero42.com/wp-content/uploads/2023/07/41ZERO42_MOU_23_04_CARAMEL_MIX_LUX_01.jpg"", ""https://www.41zero42.com/wp-content/uploads/2023/07/41ZERO42_MOU_23_05_MILK_MIX_OPACO_01.jpg"", ""https://www.41zero42.com/wp-content/uploads/2023/07/41ZERO42_MOU_23_01_CARAMEL_MIX_OPACO_03.jpg"", ""https://www.41zero42.com/wp-content/uploads/2023/07/41ZERO42_MOU_23_06_BUTTER_MIX_LUX_02.jpg"", ""https://www.41zero42.com/wp-content/uploads/2023/07/41ZERO42_MOU_23_08_MILK_LUX_01.jpg""]",[]
80125,80010,41Z-1111,Caramel Glossy Mix,https://www.41zero42.com/collections/mou-en/,"[""https://cdn.altrodesign.ro/products/mou-caramel-mix-glossy.jpg"", ""https://www.41zero42.com/wp-content/uploads/2023/11/41ZERO42_MOU_23_03_MILK_MIX_OPACO_02.jpg"", ""https://www.41zero42.com/wp-content/uploads/2023/07/41ZERO42_MOU_23_03_MILK_MIX_OPACO_03.jpg"", ""https://www.41zero42.com/wp-content/uploads/2023/07/41ZERO42_MOU_23_02_BUTTER_MIX_01.jpg"", ""https://www.41zero42.com/wp-content/uploads/2023/07/41ZERO42_MOU_23_07_BUTTER_LUX_OPACO_01.jpg"", ""https://www.41zero42.com/wp-content/uploads/2023/07/41ZERO42_MOU_23_09_CARAMEL_LUX_OPACO_01.jpg"", ""https://www.41zero42.com/wp-content/uploads/2023/07/41ZERO42_MOU_23_04_CARAMEL_MIX_LUX_01.jpg"", ""https://www.41zero42.com/wp-content/uploads/2023/07/41ZERO42_MOU_23_05_MILK_MIX_OPACO_01.jpg"", ""https://www.41zero42.com/wp-content/uploads/2023/07/41ZERO42_MOU_23_01_CARAMEL_MIX_OPACO_03.jpg"", ""https://www.41zero42.com/wp-content/uploads/2023/07/41ZERO42_MOU_23_06_BUTTER_MIX_LUX_02.jpg"", ""https://www.41zero42.com/wp-content/uploads/2023/07/41ZERO42_MOU_23_08_MILK_LUX_01.jpg""]",[]
80126,80010,41Z-1112,Caramel Glossy,https://www.41zero42.com/collections/mou-en/,"[""https://cdn.altrodesign.ro/products/mou-caramel-glossy.jpg"", ""https://www.41zero42.com/wp-content/uploads/2023/11/41ZERO42_MOU_23_03_MILK_MIX_OPACO_02.jpg"", ""https://www.41zero42.com/wp-content/uploads/2023/07/41ZERO42_MOU_23_03_MILK_MIX_OPACO_03.jpg"", ""https://www.41zero42.com/wp-content/uploads/2023/07/41ZERO42_MOU_23_02_BUTTER_MIX_01.jpg"", ""https://www.41zero42.com/wp-content/uploads/2023/07/41ZERO42_MOU_23_07_BUTTER_LUX_OPACO_01.jpg"", ""https://www.41zero42.com/wp-content/uploads/2023/07/41ZERO42_MOU_23_09_CARAMEL_LUX_OPACO_01.jpg"", ""https://www.41zero42.com/wp-content/uploads/2023/07/41ZERO42_MOU_23_04_CARAMEL_MIX_LUX_01.jpg"", ""https://www.41zero42.com/wp-content/uploads/2023/07/41ZERO42_MOU_23_05_MILK_MIX_OPACO_01.jpg"", ""https://www.41zero42.com/wp-content/uploads/2023/07/41ZERO42_MOU_23_01_CARAMEL_MIX_OPACO_03.jpg"", ""https://www.41zero42.com/wp-content/uploads/2023/07/41ZERO42_MOU_23_06_BUTTER_MIX_LUX_02.jpg"", ""https://www.41zero42.com/wp-content/uploads/2023/07/41ZERO42_MOU_23_08_MILK_LUX_01.jpg""]",[]
