id,product_id,sku,color,url,gallery_photos,technical_photos
11000,2100,TEM101M,Pausa Nel Tempo - Bianco,https://www.quintessenzaceramiche.it/collezioni/tempo/,"[""https://www.quintessenzaceramiche.it/wp-content/uploads/2025/09/QC_Minimali_Cersaie2025_Pausadeltempo_Bianco_1_8603-1.jpg"", ""https://www.quintessenzaceramiche.it/wp-content/uploads/2025/09/QS_TEMPO_BAGNO_ALTA_V3-3.jpg"", ""https://www.quintessenzaceramiche.it/wp-content/uploads/2025/09/QC_Still_Cersaie_2025_TEMPO_0680_2_WEB-819x1024.jpg"", ""https://www.quintessenzaceramiche.it/wp-content/uploads/2026/03/Amarcord_Amb-Bagno_Ottanio-5x15_Fargblock-Borgogna-5x15_Segni-del-Tempo-10x40_Pausa-del-tempo-10x40-ALTA-copia.webp"", ""https://www.quintessenzaceramiche.it/wp-content/uploads/2026/03/Amarcord_Amb-Bagno_Pausa-del-tempo-10x40-Dett-ALTA-copia-2.webp""]",[]
11001,2100,TEM104M,Segni Nel Tempo - Bianco,https://www.quintessenzaceramiche.it/collezioni/tempo/,"[""https://www.quintessenzaceramiche.it/wp-content/uploads/2025/09/QC_Minimali_Cersaie2025_Segnideltempo_Bianco_1_8605-1.jpg"", ""https://www.quintessenzaceramiche.it/wp-content/uploads/2025/09/QS_TEMPO_BAGNO_ALTA_V3-3.jpg"", ""https://www.quintessenzaceramiche.it/wp-content/uploads/2025/09/QC_Still_Cersaie_2025_TEMPO_0680_2_WEB-819x1024.jpg"", ""https://www.quintessenzaceramiche.it/wp-content/uploads/2026/03/Amarcord_Amb-Bagno_Ottanio-5x15_Fargblock-Borgogna-5x15_Segni-del-Tempo-10x40_Pausa-del-tempo-10x40-ALTA-copia.webp"", ""https://www.quintessenzaceramiche.it/wp-content/uploads/2026/03/Amarcord_Amb-Bagno_Pausa-del-tempo-10x40-Dett-ALTA-copia-2.webp""]",[]
11002,2100,TEM107M,Onde Nel Tempo - Bianco,https://www.quintessenzaceramiche.it/collezioni/tempo/,"[""https://www.quintessenzaceramiche.it/wp-content/uploads/2025/09/QC_Minimali_Cersaie2025_Ondedeltempo_Bianco_1_8609-2.jpg"", ""https://www.quintessenzaceramiche.it/wp-content/uploads/2025/09/QS_TEMPO_BAGNO_ALTA_V3-3.jpg"", ""https://www.quintessenzaceramiche.it/wp-content/uploads/2025/09/QC_Still_Cersaie_2025_TEMPO_0680_2_WEB-819x1024.jpg"", ""https://www.quintessenzaceramiche.it/wp-content/uploads/2026/03/Amarcord_Amb-Bagno_Ottanio-5x15_Fargblock-Borgogna-5x15_Segni-del-Tempo-10x40_Pausa-del-tempo-10x40-ALTA-copia.webp"", ""https://www.quintessenzaceramiche.it/wp-content/uploads/2026/03/Amarcord_Amb-Bagno_Pausa-del-tempo-10x40-Dett-ALTA-copia-2.webp""]",[]
11003,2100,TEM103M,Pausa Nel Tempo - Rosso,https://www.quintessenzaceramiche.it/collezioni/tempo/,"[""https://www.quintessenzaceramiche.it/wp-content/uploads/2025/09/QC_Minimali_Cersaie2025_Pausadeltempo_Rosso_1_8601.jpg"", ""https://www.quintessenzaceramiche.it/wp-content/uploads/2025/09/QS_TEMPO_BAGNO_ALTA_V3-3.jpg"", ""https://www.quintessenzaceramiche.it/wp-content/uploads/2025/09/QC_Still_Cersaie_2025_TEMPO_0680_2_WEB-819x1024.jpg"", ""https://www.quintessenzaceramiche.it/wp-content/uploads/2026/03/Amarcord_Amb-Bagno_Ottanio-5x15_Fargblock-Borgogna-5x15_Segni-del-Tempo-10x40_Pausa-del-tempo-10x40-ALTA-copia.webp"", ""https://www.quintessenzaceramiche.it/wp-content/uploads/2026/03/Amarcord_Amb-Bagno_Pausa-del-tempo-10x40-Dett-ALTA-copia-2.webp""]",[]
11004,2100,TEM106M,Segni Nel Tempo - Rosso,https://www.quintessenzaceramiche.it/collezioni/tempo/,"[""https://www.quintessenzaceramiche.it/wp-content/uploads/2025/09/QC_Minimali_Cersaie2025_Segnideltempo_Rosso_1_8599.jpg"", ""https://www.quintessenzaceramiche.it/wp-content/uploads/2025/09/QS_TEMPO_BAGNO_ALTA_V3-3.jpg"", ""https://www.quintessenzaceramiche.it/wp-content/uploads/2025/09/QC_Still_Cersaie_2025_TEMPO_0680_2_WEB-819x1024.jpg"", ""https://www.quintessenzaceramiche.it/wp-content/uploads/2026/03/Amarcord_Amb-Bagno_Ottanio-5x15_Fargblock-Borgogna-5x15_Segni-del-Tempo-10x40_Pausa-del-tempo-10x40-ALTA-copia.webp"", ""https://www.quintessenzaceramiche.it/wp-content/uploads/2026/03/Amarcord_Amb-Bagno_Pausa-del-tempo-10x40-Dett-ALTA-copia-2.webp""]",[]
11005,2100,TEM109M,Onde Nel Tempo - Rosso,https://www.quintessenzaceramiche.it/collezioni/tempo/,"[""https://www.quintessenzaceramiche.it/wp-content/uploads/2025/09/QC_Minimali_Cersaie2025_Ondedeltempo_Rosso_1_8597.jpg"", ""https://www.quintessenzaceramiche.it/wp-content/uploads/2025/09/QS_TEMPO_BAGNO_ALTA_V3-3.jpg"", ""https://www.quintessenzaceramiche.it/wp-content/uploads/2025/09/QC_Still_Cersaie_2025_TEMPO_0680_2_WEB-819x1024.jpg"", ""https://www.quintessenzaceramiche.it/wp-content/uploads/2026/03/Amarcord_Amb-Bagno_Ottanio-5x15_Fargblock-Borgogna-5x15_Segni-del-Tempo-10x40_Pausa-del-tempo-10x40-ALTA-copia.webp"", ""https://www.quintessenzaceramiche.it/wp-content/uploads/2026/03/Amarcord_Amb-Bagno_Pausa-del-tempo-10x40-Dett-ALTA-copia-2.webp""]",[]
11006,2100,TEM102M,Pausa Nel Tempo - Nero,https://www.quintessenzaceramiche.it/collezioni/tempo/,"[""https://www.quintessenzaceramiche.it/wp-content/uploads/2025/09/QC_Minimali_Cersaie2025_Pausadeltempo_Nero_1_8587-1.jpg"", ""https://www.quintessenzaceramiche.it/wp-content/uploads/2025/09/QS_TEMPO_BAGNO_ALTA_V3-3.jpg"", ""https://www.quintessenzaceramiche.it/wp-content/uploads/2025/09/QC_Still_Cersaie_2025_TEMPO_0680_2_WEB-819x1024.jpg"", ""https://www.quintessenzaceramiche.it/wp-content/uploads/2026/03/Amarcord_Amb-Bagno_Ottanio-5x15_Fargblock-Borgogna-5x15_Segni-del-Tempo-10x40_Pausa-del-tempo-10x40-ALTA-copia.webp"", ""https://www.quintessenzaceramiche.it/wp-content/uploads/2026/03/Amarcord_Amb-Bagno_Pausa-del-tempo-10x40-Dett-ALTA-copia-2.webp""]",[]
11007,2100,TEM105M,Segni Nel Tempo - Nero,https://www.quintessenzaceramiche.it/collezioni/tempo/,"[""https://www.quintessenzaceramiche.it/wp-content/uploads/2025/09/QC_Minimali_Cersaie2025_Segnideltempo_Nero_1_8590-1.jpg"", ""https://www.quintessenzaceramiche.it/wp-content/uploads/2025/09/QS_TEMPO_BAGNO_ALTA_V3-3.jpg"", ""https://www.quintessenzaceramiche.it/wp-content/uploads/2025/09/QC_Still_Cersaie_2025_TEMPO_0680_2_WEB-819x1024.jpg"", ""https://www.quintessenzaceramiche.it/wp-content/uploads/2026/03/Amarcord_Amb-Bagno_Ottanio-5x15_Fargblock-Borgogna-5x15_Segni-del-Tempo-10x40_Pausa-del-tempo-10x40-ALTA-copia.webp"", ""https://www.quintessenzaceramiche.it/wp-content/uploads/2026/03/Amarcord_Amb-Bagno_Pausa-del-tempo-10x40-Dett-ALTA-copia-2.webp""]",[]
11008,2100,TEM108M,Onde Nel Tempo - Nero,https://www.quintessenzaceramiche.it/collezioni/tempo/,"[""https://www.quintessenzaceramiche.it/wp-content/uploads/2025/09/QC_Minimali_Cersaie2025_Ondedeltempo_Nero_1_8596-1.jpg"", ""https://www.quintessenzaceramiche.it/wp-content/uploads/2025/09/QS_TEMPO_BAGNO_ALTA_V3-3.jpg"", ""https://www.quintessenzaceramiche.it/wp-content/uploads/2025/09/QC_Still_Cersaie_2025_TEMPO_0680_2_WEB-819x1024.jpg"", ""https://www.quintessenzaceramiche.it/wp-content/uploads/2026/03/Amarcord_Amb-Bagno_Ottanio-5x15_Fargblock-Borgogna-5x15_Segni-del-Tempo-10x40_Pausa-del-tempo-10x40-ALTA-copia.webp"", ""https://www.quintessenzaceramiche.it/wp-content/uploads/2026/03/Amarcord_Amb-Bagno_Pausa-del-tempo-10x40-Dett-ALTA-copia-2.webp""]",[]
11009,2101,TER101M,Calce,https://www.quintessenzaceramiche.it/collezioni/terrae/,"[""https://www.quintessenzaceramiche.it/wp-content/uploads/2025/09/QC_Minimali_Cersaie2025_Terrae_Calce_4_8689-300x147.jpg"", ""https://www.quintessenzaceramiche.it/wp-content/uploads/2025/09/QS_TERRAE_CUCINA_ALTA_V4.jpg"", ""https://www.quintessenzaceramiche.it/wp-content/uploads/2025/09/QC_Still_Cersaie_2025_TERRAE_0749__Sito-686x1024.jpg"", ""https://www.quintessenzaceramiche.it/wp-content/uploads/2026/03/QS_CAT-GEN_TERRAE-ESTERNO_ALTA-copia-2.webp"", ""https://www.quintessenzaceramiche.it/wp-content/uploads/2026/03/QS_CAT-GEN_TERRAE-ESTERNO_DETT-B_ALTA-copia-2.webp""]",[]
11010,2101,ER102M,Arena,https://www.quintessenzaceramiche.it/collezioni/terrae/,"[""https://www.quintessenzaceramiche.it/wp-content/uploads/2025/09/QC_Minimali_Cersaie2025_Terrae_Arena_4_8693-300x149.jpg"", ""https://www.quintessenzaceramiche.it/wp-content/uploads/2025/09/QS_TERRAE_CUCINA_ALTA_V4.jpg"", ""https://www.quintessenzaceramiche.it/wp-content/uploads/2025/09/QC_Still_Cersaie_2025_TERRAE_0749__Sito-686x1024.jpg"", ""https://www.quintessenzaceramiche.it/wp-content/uploads/2026/03/QS_CAT-GEN_TERRAE-ESTERNO_ALTA-copia-2.webp"", ""https://www.quintessenzaceramiche.it/wp-content/uploads/2026/03/QS_CAT-GEN_TERRAE-ESTERNO_DETT-B_ALTA-copia-2.webp""]",[]
11011,2101,TER103M,Creta,https://www.quintessenzaceramiche.it/collezioni/terrae/,"[""https://www.quintessenzaceramiche.it/wp-content/uploads/2025/09/QC_Minimali_Cersaie2025_Terrae_Creta_1_8716-300x147.jpg"", ""https://www.quintessenzaceramiche.it/wp-content/uploads/2025/09/QS_TERRAE_CUCINA_ALTA_V4.jpg"", ""https://www.quintessenzaceramiche.it/wp-content/uploads/2025/09/QC_Still_Cersaie_2025_TERRAE_0749__Sito-686x1024.jpg"", ""https://www.quintessenzaceramiche.it/wp-content/uploads/2026/03/QS_CAT-GEN_TERRAE-ESTERNO_ALTA-copia-2.webp"", ""https://www.quintessenzaceramiche.it/wp-content/uploads/2026/03/QS_CAT-GEN_TERRAE-ESTERNO_DETT-B_ALTA-copia-2.webp""]",[]
11012,2101,TER104M,Lava,https://www.quintessenzaceramiche.it/collezioni/terrae/,"[""https://www.quintessenzaceramiche.it/wp-content/uploads/2025/09/QC_Minimali_Cersaie2025_Terrae_Lava_4_8715-300x148.jpg"", ""https://www.quintessenzaceramiche.it/wp-content/uploads/2025/09/QS_TERRAE_CUCINA_ALTA_V4.jpg"", ""https://www.quintessenzaceramiche.it/wp-content/uploads/2025/09/QC_Still_Cersaie_2025_TERRAE_0749__Sito-686x1024.jpg"", ""https://www.quintessenzaceramiche.it/wp-content/uploads/2026/03/QS_CAT-GEN_TERRAE-ESTERNO_ALTA-copia-2.webp"", ""https://www.quintessenzaceramiche.it/wp-content/uploads/2026/03/QS_CAT-GEN_TERRAE-ESTERNO_DETT-B_ALTA-copia-2.webp""]",[]
11013,2101,TER105M,Arida,https://www.quintessenzaceramiche.it/collezioni/terrae/,"[""https://www.quintessenzaceramiche.it/wp-content/uploads/2025/09/QC_Minimali_Cersaie2025_Terrae_Arida_1_8632_2-300x148.jpg"", ""https://www.quintessenzaceramiche.it/wp-content/uploads/2025/09/QS_TERRAE_CUCINA_ALTA_V4.jpg"", ""https://www.quintessenzaceramiche.it/wp-content/uploads/2025/09/QC_Still_Cersaie_2025_TERRAE_0749__Sito-686x1024.jpg"", ""https://www.quintessenzaceramiche.it/wp-content/uploads/2026/03/QS_CAT-GEN_TERRAE-ESTERNO_ALTA-copia-2.webp"", ""https://www.quintessenzaceramiche.it/wp-content/uploads/2026/03/QS_CAT-GEN_TERRAE-ESTERNO_DETT-B_ALTA-copia-2.webp""]",[]
11014,2101,TER106L,Ossidia Bronzo,https://www.quintessenzaceramiche.it/collezioni/terrae/,"[""https://www.quintessenzaceramiche.it/wp-content/uploads/2025/09/QC_Minimali_Cersaie2025_Terrae_OssidaRame_4_8659_2-300x147.jpg"", ""https://www.quintessenzaceramiche.it/wp-content/uploads/2025/09/QS_TERRAE_CUCINA_ALTA_V4.jpg"", ""https://www.quintessenzaceramiche.it/wp-content/uploads/2025/09/QC_Still_Cersaie_2025_TERRAE_0749__Sito-686x1024.jpg"", ""https://www.quintessenzaceramiche.it/wp-content/uploads/2026/03/QS_CAT-GEN_TERRAE-ESTERNO_ALTA-copia-2.webp"", ""https://www.quintessenzaceramiche.it/wp-content/uploads/2026/03/QS_CAT-GEN_TERRAE-ESTERNO_DETT-B_ALTA-copia-2.webp""]",[]
11015,2101,TER107L,Aluna Argento,https://www.quintessenzaceramiche.it/collezioni/terrae/,"[""https://www.quintessenzaceramiche.it/wp-content/uploads/2025/09/QC_Minimali_Cersaie2025_Terrae_Allunataargento_4_8681-768x376.jpg"", ""https://www.quintessenzaceramiche.it/wp-content/uploads/2025/09/QS_TERRAE_CUCINA_ALTA_V4.jpg"", ""https://www.quintessenzaceramiche.it/wp-content/uploads/2025/09/QC_Still_Cersaie_2025_TERRAE_0749__Sito-686x1024.jpg"", ""https://www.quintessenzaceramiche.it/wp-content/uploads/2026/03/QS_CAT-GEN_TERRAE-ESTERNO_ALTA-copia-2.webp"", ""https://www.quintessenzaceramiche.it/wp-content/uploads/2026/03/QS_CAT-GEN_TERRAE-ESTERNO_DETT-B_ALTA-copia-2.webp""]",[]
11016,2102,AMA101L,Miele,https://www.quintessenzaceramiche.it/collezioni/amarcord/,"[""https://www.quintessenzaceramiche.it/wp-content/uploads/2025/09/QC_Minimali_Cersaie2025_Amarcord_Miele_1_9596.jpg"", ""https://www.quintessenzaceramiche.it/wp-content/uploads/2025/09/Amarcord_Amb-Cucina_5x15_Tabacco_Miele_Ambra_186x186-Fluid-Beige-ALTA-1.jpg"", ""https://www.quintessenzaceramiche.it/wp-content/uploads/2025/09/QC_Still_Cersaie_2025_Amarcord_0795_Sito-683x1024.jpg"", ""https://www.quintessenzaceramiche.it/wp-content/uploads/2026/03/Amarcord_Amb_Negozio-Bar_Tabacco_Ottanio-5x15_KK-Brown-4308-Pav_KK-Navy-Blu-31_ALTA-copia-2.webp"", ""https://www.quintessenzaceramiche.it/wp-content/uploads/2026/03/Amarcord_Dettaglio_Negozio-Bar_Ottanio-5x15_KK-Brown-4308-Pav-ALTA-copia-2.webp""]",[]
11017,2102,AMA102L,Ambra,https://www.quintessenzaceramiche.it/collezioni/amarcord/,"[""https://www.quintessenzaceramiche.it/wp-content/uploads/2025/09/QC_Minimali_Cersaie2025_Amarcord_Ambra_1_9604.jpg"", ""https://www.quintessenzaceramiche.it/wp-content/uploads/2025/09/Amarcord_Amb-Cucina_5x15_Tabacco_Miele_Ambra_186x186-Fluid-Beige-ALTA-1.jpg"", ""https://www.quintessenzaceramiche.it/wp-content/uploads/2025/09/QC_Still_Cersaie_2025_Amarcord_0795_Sito-683x1024.jpg"", ""https://www.quintessenzaceramiche.it/wp-content/uploads/2026/03/Amarcord_Amb_Negozio-Bar_Tabacco_Ottanio-5x15_KK-Brown-4308-Pav_KK-Navy-Blu-31_ALTA-copia-2.webp"", ""https://www.quintessenzaceramiche.it/wp-content/uploads/2026/03/Amarcord_Dettaglio_Negozio-Bar_Ottanio-5x15_KK-Brown-4308-Pav-ALTA-copia-2.webp""]",[]
11018,2102,AMA103L,Tabacco,https://www.quintessenzaceramiche.it/collezioni/amarcord/,"[""https://www.quintessenzaceramiche.it/wp-content/uploads/2025/09/QC_Minimali_Cersaie2025_Amarcord_Tabacco_1_9609.jpg"", ""https://www.quintessenzaceramiche.it/wp-content/uploads/2025/09/Amarcord_Amb-Cucina_5x15_Tabacco_Miele_Ambra_186x186-Fluid-Beige-ALTA-1.jpg"", ""https://www.quintessenzaceramiche.it/wp-content/uploads/2025/09/QC_Still_Cersaie_2025_Amarcord_0795_Sito-683x1024.jpg"", ""https://www.quintessenzaceramiche.it/wp-content/uploads/2026/03/Amarcord_Amb_Negozio-Bar_Tabacco_Ottanio-5x15_KK-Brown-4308-Pav_KK-Navy-Blu-31_ALTA-copia-2.webp"", ""https://www.quintessenzaceramiche.it/wp-content/uploads/2026/03/Amarcord_Dettaglio_Negozio-Bar_Ottanio-5x15_KK-Brown-4308-Pav-ALTA-copia-2.webp""]",[]
11019,2102,AMA104L,Mogano,https://www.quintessenzaceramiche.it/collezioni/amarcord/,"[""https://www.quintessenzaceramiche.it/wp-content/uploads/2025/09/QC_Minimali_Cersaie2025_Amarcord_Mogano_1_9617.jpg"", ""https://www.quintessenzaceramiche.it/wp-content/uploads/2025/09/Amarcord_Amb-Cucina_5x15_Tabacco_Miele_Ambra_186x186-Fluid-Beige-ALTA-1.jpg"", ""https://www.quintessenzaceramiche.it/wp-content/uploads/2025/09/QC_Still_Cersaie_2025_Amarcord_0795_Sito-683x1024.jpg"", ""https://www.quintessenzaceramiche.it/wp-content/uploads/2026/03/Amarcord_Amb_Negozio-Bar_Tabacco_Ottanio-5x15_KK-Brown-4308-Pav_KK-Navy-Blu-31_ALTA-copia-2.webp"", ""https://www.quintessenzaceramiche.it/wp-content/uploads/2026/03/Amarcord_Dettaglio_Negozio-Bar_Ottanio-5x15_KK-Brown-4308-Pav-ALTA-copia-2.webp""]",[]
11020,2102,AMA105L,Ottanio,https://www.quintessenzaceramiche.it/collezioni/amarcord/,"[""https://www.quintessenzaceramiche.it/wp-content/uploads/2025/09/QC_Minimali_Cersaie2025_Amarcord_Ottanio_1_9624.jpg"", ""https://www.quintessenzaceramiche.it/wp-content/uploads/2025/09/Amarcord_Amb-Cucina_5x15_Tabacco_Miele_Ambra_186x186-Fluid-Beige-ALTA-1.jpg"", ""https://www.quintessenzaceramiche.it/wp-content/uploads/2025/09/QC_Still_Cersaie_2025_Amarcord_0795_Sito-683x1024.jpg"", ""https://www.quintessenzaceramiche.it/wp-content/uploads/2026/03/Amarcord_Amb_Negozio-Bar_Tabacco_Ottanio-5x15_KK-Brown-4308-Pav_KK-Navy-Blu-31_ALTA-copia-2.webp"", ""https://www.quintessenzaceramiche.it/wp-content/uploads/2026/03/Amarcord_Dettaglio_Negozio-Bar_Ottanio-5x15_KK-Brown-4308-Pav-ALTA-copia-2.webp""]",[]
11021,2102,AMA106L,Bosco,https://www.quintessenzaceramiche.it/collezioni/amarcord/,"[""https://www.quintessenzaceramiche.it/wp-content/uploads/2025/09/QC_Minimali_Cersaie2025_Amarcord_Bosco_1_9635.jpg"", ""https://www.quintessenzaceramiche.it/wp-content/uploads/2025/09/Amarcord_Amb-Cucina_5x15_Tabacco_Miele_Ambra_186x186-Fluid-Beige-ALTA-1.jpg"", ""https://www.quintessenzaceramiche.it/wp-content/uploads/2025/09/QC_Still_Cersaie_2025_Amarcord_0795_Sito-683x1024.jpg"", ""https://www.quintessenzaceramiche.it/wp-content/uploads/2026/03/Amarcord_Amb_Negozio-Bar_Tabacco_Ottanio-5x15_KK-Brown-4308-Pav_KK-Navy-Blu-31_ALTA-copia-2.webp"", ""https://www.quintessenzaceramiche.it/wp-content/uploads/2026/03/Amarcord_Dettaglio_Negozio-Bar_Ottanio-5x15_KK-Brown-4308-Pav-ALTA-copia-2.webp""]",[]
11022,2103,COL101L,White.01 Lucido,https://www.quintessenzaceramiche.it/collezioni/colors/,"[""https://www.quintessenzaceramiche.it/wp-content/uploads/2024/09/COL101L_colors_white.01-lucido_4x334-scaled.jpg"", ""https://www.quintessenzaceramiche.it/wp-content/uploads/2025/03/colors-header-scaled.jpg"", ""https://www.quintessenzaceramiche.it/wp-content/uploads/2024/09/Asset-1-1.png"", ""https://www.quintessenzaceramiche.it/wp-content/uploads/2024/09/QS_FLUID_LIVING_ALTA_V4-1-scaled.jpg"", ""https://www.quintessenzaceramiche.it/wp-content/uploads/2024/09/QS_FLUID_LIVING_DETT-B_ALTA_V2-scaled.jpg""]",[]
11023,2103,COL102L,Grey.02 Lucido,https://www.quintessenzaceramiche.it/collezioni/colors/,"[""https://www.quintessenzaceramiche.it/wp-content/uploads/2024/09/COL102L_colors_grey.02-lucido_4x334-scaled.jpg"", ""https://www.quintessenzaceramiche.it/wp-content/uploads/2025/03/colors-header-scaled.jpg"", ""https://www.quintessenzaceramiche.it/wp-content/uploads/2024/09/Asset-1-1.png"", ""https://www.quintessenzaceramiche.it/wp-content/uploads/2024/09/QS_FLUID_LIVING_ALTA_V4-1-scaled.jpg"", ""https://www.quintessenzaceramiche.it/wp-content/uploads/2024/09/QS_FLUID_LIVING_DETT-B_ALTA_V2-scaled.jpg""]",[]
11024,2103,COL103L,Grey.03 Lucido,https://www.quintessenzaceramiche.it/collezioni/colors/,"[""https://www.quintessenzaceramiche.it/wp-content/uploads/2024/09/COL103L_colors_grey.03-lucido_4x334-scaled.jpg"", ""https://www.quintessenzaceramiche.it/wp-content/uploads/2025/03/colors-header-scaled.jpg"", ""https://www.quintessenzaceramiche.it/wp-content/uploads/2024/09/Asset-1-1.png"", ""https://www.quintessenzaceramiche.it/wp-content/uploads/2024/09/QS_FLUID_LIVING_ALTA_V4-1-scaled.jpg"", ""https://www.quintessenzaceramiche.it/wp-content/uploads/2024/09/QS_FLUID_LIVING_DETT-B_ALTA_V2-scaled.jpg""]",[]
11025,2103,COL104L,Black.02 Lucido,https://www.quintessenzaceramiche.it/collezioni/colors/,"[""https://www.quintessenzaceramiche.it/wp-content/uploads/2024/09/COL104L_colors_black.02-lucido_4x334-scaled.jpg"", ""https://www.quintessenzaceramiche.it/wp-content/uploads/2025/03/colors-header-scaled.jpg"", ""https://www.quintessenzaceramiche.it/wp-content/uploads/2024/09/Asset-1-1.png"", ""https://www.quintessenzaceramiche.it/wp-content/uploads/2024/09/QS_FLUID_LIVING_ALTA_V4-1-scaled.jpg"", ""https://www.quintessenzaceramiche.it/wp-content/uploads/2024/09/QS_FLUID_LIVING_DETT-B_ALTA_V2-scaled.jpg""]",[]
11026,2103,COL105L,Beige.01 Lucido,https://www.quintessenzaceramiche.it/collezioni/colors/,"[""https://www.quintessenzaceramiche.it/wp-content/uploads/2024/09/COL105L_colors_beige.01-lucido_4x334-scaled.jpg"", ""https://www.quintessenzaceramiche.it/wp-content/uploads/2025/03/colors-header-scaled.jpg"", ""https://www.quintessenzaceramiche.it/wp-content/uploads/2024/09/Asset-1-1.png"", ""https://www.quintessenzaceramiche.it/wp-content/uploads/2024/09/QS_FLUID_LIVING_ALTA_V4-1-scaled.jpg"", ""https://www.quintessenzaceramiche.it/wp-content/uploads/2024/09/QS_FLUID_LIVING_DETT-B_ALTA_V2-scaled.jpg""]",[]
11027,2103,COL106L,Beige.02 Lucido,https://www.quintessenzaceramiche.it/collezioni/colors/,"[""https://www.quintessenzaceramiche.it/wp-content/uploads/2024/09/COL106L_colors_beige.02-lucido_4x334-scaled.jpg"", ""https://www.quintessenzaceramiche.it/wp-content/uploads/2025/03/colors-header-scaled.jpg"", ""https://www.quintessenzaceramiche.it/wp-content/uploads/2024/09/Asset-1-1.png"", ""https://www.quintessenzaceramiche.it/wp-content/uploads/2024/09/QS_FLUID_LIVING_ALTA_V4-1-scaled.jpg"", ""https://www.quintessenzaceramiche.it/wp-content/uploads/2024/09/QS_FLUID_LIVING_DETT-B_ALTA_V2-scaled.jpg""]",[]
11028,2103,COL107L,Beige.03 Lucido,https://www.quintessenzaceramiche.it/collezioni/colors/,"[""https://www.quintessenzaceramiche.it/wp-content/uploads/2024/09/COL107L_colors_beige.03-lucido_4x334-scaled.jpg"", ""https://www.quintessenzaceramiche.it/wp-content/uploads/2025/03/colors-header-scaled.jpg"", ""https://www.quintessenzaceramiche.it/wp-content/uploads/2024/09/Asset-1-1.png"", ""https://www.quintessenzaceramiche.it/wp-content/uploads/2024/09/QS_FLUID_LIVING_ALTA_V4-1-scaled.jpg"", ""https://www.quintessenzaceramiche.it/wp-content/uploads/2024/09/QS_FLUID_LIVING_DETT-B_ALTA_V2-scaled.jpg""]",[]
11029,2103,COL108L,Brown.04 Lucido,https://www.quintessenzaceramiche.it/collezioni/colors/,"[""https://www.quintessenzaceramiche.it/wp-content/uploads/2024/09/COL108L_colors_beige.04-lucido_4x334-scaled.jpg"", ""https://www.quintessenzaceramiche.it/wp-content/uploads/2025/03/colors-header-scaled.jpg"", ""https://www.quintessenzaceramiche.it/wp-content/uploads/2024/09/Asset-1-1.png"", ""https://www.quintessenzaceramiche.it/wp-content/uploads/2024/09/QS_FLUID_LIVING_ALTA_V4-1-scaled.jpg"", ""https://www.quintessenzaceramiche.it/wp-content/uploads/2024/09/QS_FLUID_LIVING_DETT-B_ALTA_V2-scaled.jpg""]",[]
11030,2103,COL109L,Yellow.01 Lucido,https://www.quintessenzaceramiche.it/collezioni/colors/,"[""https://www.quintessenzaceramiche.it/wp-content/uploads/2024/09/COL109L_colors_yellow.01-lucido_4x334-scaled.jpg"", ""https://www.quintessenzaceramiche.it/wp-content/uploads/2025/03/colors-header-scaled.jpg"", ""https://www.quintessenzaceramiche.it/wp-content/uploads/2024/09/Asset-1-1.png"", ""https://www.quintessenzaceramiche.it/wp-content/uploads/2024/09/QS_FLUID_LIVING_ALTA_V4-1-scaled.jpg"", ""https://www.quintessenzaceramiche.it/wp-content/uploads/2024/09/QS_FLUID_LIVING_DETT-B_ALTA_V2-scaled.jpg""]",[]
11031,2103,COL110L,Yellow.02 Lucido,https://www.quintessenzaceramiche.it/collezioni/colors/,"[""https://www.quintessenzaceramiche.it/wp-content/uploads/2024/09/COL110L_colors_yellow.02-lucido_4x334-scaled.jpg"", ""https://www.quintessenzaceramiche.it/wp-content/uploads/2025/03/colors-header-scaled.jpg"", ""https://www.quintessenzaceramiche.it/wp-content/uploads/2024/09/Asset-1-1.png"", ""https://www.quintessenzaceramiche.it/wp-content/uploads/2024/09/QS_FLUID_LIVING_ALTA_V4-1-scaled.jpg"", ""https://www.quintessenzaceramiche.it/wp-content/uploads/2024/09/QS_FLUID_LIVING_DETT-B_ALTA_V2-scaled.jpg""]",[]
11032,2103,COL111L,Yellow.03 Lucido,https://www.quintessenzaceramiche.it/collezioni/colors/,"[""https://www.quintessenzaceramiche.it/wp-content/uploads/2024/09/COL111L_colors_yellow.03-lucido_4x334-scaled.jpg"", ""https://www.quintessenzaceramiche.it/wp-content/uploads/2025/03/colors-header-scaled.jpg"", ""https://www.quintessenzaceramiche.it/wp-content/uploads/2024/09/Asset-1-1.png"", ""https://www.quintessenzaceramiche.it/wp-content/uploads/2024/09/QS_FLUID_LIVING_ALTA_V4-1-scaled.jpg"", ""https://www.quintessenzaceramiche.it/wp-content/uploads/2024/09/QS_FLUID_LIVING_DETT-B_ALTA_V2-scaled.jpg""]",[]
11033,2103,COL112L,Yellow.04 Lucido,https://www.quintessenzaceramiche.it/collezioni/colors/,"[""https://www.quintessenzaceramiche.it/wp-content/uploads/2024/09/COL112L_colors_yellow.04-lucido_4x334-scaled.jpg"", ""https://www.quintessenzaceramiche.it/wp-content/uploads/2025/03/colors-header-scaled.jpg"", ""https://www.quintessenzaceramiche.it/wp-content/uploads/2024/09/Asset-1-1.png"", ""https://www.quintessenzaceramiche.it/wp-content/uploads/2024/09/QS_FLUID_LIVING_ALTA_V4-1-scaled.jpg"", ""https://www.quintessenzaceramiche.it/wp-content/uploads/2024/09/QS_FLUID_LIVING_DETT-B_ALTA_V2-scaled.jpg""]",[]
11034,2103,COL113L,Purple.01 Lucido,https://www.quintessenzaceramiche.it/collezioni/colors/,"[""https://www.quintessenzaceramiche.it/wp-content/uploads/2024/09/COL113L_colors_purple.01-lucido_4x334-scaled.jpg"", ""https://www.quintessenzaceramiche.it/wp-content/uploads/2025/03/colors-header-scaled.jpg"", ""https://www.quintessenzaceramiche.it/wp-content/uploads/2024/09/Asset-1-1.png"", ""https://www.quintessenzaceramiche.it/wp-content/uploads/2024/09/QS_FLUID_LIVING_ALTA_V4-1-scaled.jpg"", ""https://www.quintessenzaceramiche.it/wp-content/uploads/2024/09/QS_FLUID_LIVING_DETT-B_ALTA_V2-scaled.jpg""]",[]
11035,2103,COL114L,Purple.02 Lucido,https://www.quintessenzaceramiche.it/collezioni/colors/,"[""https://www.quintessenzaceramiche.it/wp-content/uploads/2024/09/COL114L_colors_purple.02-lucido_4x334-scaled.jpg"", ""https://www.quintessenzaceramiche.it/wp-content/uploads/2025/03/colors-header-scaled.jpg"", ""https://www.quintessenzaceramiche.it/wp-content/uploads/2024/09/Asset-1-1.png"", ""https://www.quintessenzaceramiche.it/wp-content/uploads/2024/09/QS_FLUID_LIVING_ALTA_V4-1-scaled.jpg"", ""https://www.quintessenzaceramiche.it/wp-content/uploads/2024/09/QS_FLUID_LIVING_DETT-B_ALTA_V2-scaled.jpg""]",[]
11036,2103,COL115L,Purple.03 Lucido,https://www.quintessenzaceramiche.it/collezioni/colors/,"[""https://www.quintessenzaceramiche.it/wp-content/uploads/2024/09/COL115L_colors_purple.03-lucido_4x334-scaled.jpg"", ""https://www.quintessenzaceramiche.it/wp-content/uploads/2025/03/colors-header-scaled.jpg"", ""https://www.quintessenzaceramiche.it/wp-content/uploads/2024/09/Asset-1-1.png"", ""https://www.quintessenzaceramiche.it/wp-content/uploads/2024/09/QS_FLUID_LIVING_ALTA_V4-1-scaled.jpg"", ""https://www.quintessenzaceramiche.it/wp-content/uploads/2024/09/QS_FLUID_LIVING_DETT-B_ALTA_V2-scaled.jpg""]",[]
11037,2103,COL116L,Purple.04 Lucido,https://www.quintessenzaceramiche.it/collezioni/colors/,"[""https://www.quintessenzaceramiche.it/wp-content/uploads/2024/09/COL116L_colors_purple.04-lucido_4x334-scaled.jpg"", ""https://www.quintessenzaceramiche.it/wp-content/uploads/2025/03/colors-header-scaled.jpg"", ""https://www.quintessenzaceramiche.it/wp-content/uploads/2024/09/Asset-1-1.png"", ""https://www.quintessenzaceramiche.it/wp-content/uploads/2024/09/QS_FLUID_LIVING_ALTA_V4-1-scaled.jpg"", ""https://www.quintessenzaceramiche.it/wp-content/uploads/2024/09/QS_FLUID_LIVING_DETT-B_ALTA_V2-scaled.jpg""]",[]
11038,2103,COL117L,Green.01 Lucido,https://www.quintessenzaceramiche.it/collezioni/colors/,"[""https://www.quintessenzaceramiche.it/wp-content/uploads/2024/09/COL117L_colors_green.01-lucido_4x334-scaled.jpg"", ""https://www.quintessenzaceramiche.it/wp-content/uploads/2025/03/colors-header-scaled.jpg"", ""https://www.quintessenzaceramiche.it/wp-content/uploads/2024/09/Asset-1-1.png"", ""https://www.quintessenzaceramiche.it/wp-content/uploads/2024/09/QS_FLUID_LIVING_ALTA_V4-1-scaled.jpg"", ""https://www.quintessenzaceramiche.it/wp-content/uploads/2024/09/QS_FLUID_LIVING_DETT-B_ALTA_V2-scaled.jpg""]",[]
11039,2103,COL118L,Green.02 Lucido,https://www.quintessenzaceramiche.it/collezioni/colors/,"[""https://www.quintessenzaceramiche.it/wp-content/uploads/2024/09/COL118L_colors_green.02-lucido_4x334-scaled.jpg"", ""https://www.quintessenzaceramiche.it/wp-content/uploads/2025/03/colors-header-scaled.jpg"", ""https://www.quintessenzaceramiche.it/wp-content/uploads/2024/09/Asset-1-1.png"", ""https://www.quintessenzaceramiche.it/wp-content/uploads/2024/09/QS_FLUID_LIVING_ALTA_V4-1-scaled.jpg"", ""https://www.quintessenzaceramiche.it/wp-content/uploads/2024/09/QS_FLUID_LIVING_DETT-B_ALTA_V2-scaled.jpg""]",[]
11040,2103,COL119L,Green.03 Lucido,https://www.quintessenzaceramiche.it/collezioni/colors/,"[""https://www.quintessenzaceramiche.it/wp-content/uploads/2024/09/COL119L_colors_green.03-lucido_4x334-scaled.jpg"", ""https://www.quintessenzaceramiche.it/wp-content/uploads/2025/03/colors-header-scaled.jpg"", ""https://www.quintessenzaceramiche.it/wp-content/uploads/2024/09/Asset-1-1.png"", ""https://www.quintessenzaceramiche.it/wp-content/uploads/2024/09/QS_FLUID_LIVING_ALTA_V4-1-scaled.jpg"", ""https://www.quintessenzaceramiche.it/wp-content/uploads/2024/09/QS_FLUID_LIVING_DETT-B_ALTA_V2-scaled.jpg""]",[]
11041,2103,COL120L,Green.04 Lucido,https://www.quintessenzaceramiche.it/collezioni/colors/,"[""https://www.quintessenzaceramiche.it/wp-content/uploads/2024/09/COL120L_colors_green.04-lucido_4x334-scaled.jpg"", ""https://www.quintessenzaceramiche.it/wp-content/uploads/2025/03/colors-header-scaled.jpg"", ""https://www.quintessenzaceramiche.it/wp-content/uploads/2024/09/Asset-1-1.png"", ""https://www.quintessenzaceramiche.it/wp-content/uploads/2024/09/QS_FLUID_LIVING_ALTA_V4-1-scaled.jpg"", ""https://www.quintessenzaceramiche.it/wp-content/uploads/2024/09/QS_FLUID_LIVING_DETT-B_ALTA_V2-scaled.jpg""]",[]
11042,2103,COL121L,Blue.01 Lucido,https://www.quintessenzaceramiche.it/collezioni/colors/,"[""https://www.quintessenzaceramiche.it/wp-content/uploads/2024/09/COL121L_colors_blue.01-lucido_4x334-scaled.jpg"", ""https://www.quintessenzaceramiche.it/wp-content/uploads/2025/03/colors-header-scaled.jpg"", ""https://www.quintessenzaceramiche.it/wp-content/uploads/2024/09/Asset-1-1.png"", ""https://www.quintessenzaceramiche.it/wp-content/uploads/2024/09/QS_FLUID_LIVING_ALTA_V4-1-scaled.jpg"", ""https://www.quintessenzaceramiche.it/wp-content/uploads/2024/09/QS_FLUID_LIVING_DETT-B_ALTA_V2-scaled.jpg""]",[]
11043,2103,COL122L,Blue.02 Lucido,https://www.quintessenzaceramiche.it/collezioni/colors/,"[""https://www.quintessenzaceramiche.it/wp-content/uploads/2024/09/COL122L_colors_blue.02-lucido_4x334-scaled.jpg"", ""https://www.quintessenzaceramiche.it/wp-content/uploads/2025/03/colors-header-scaled.jpg"", ""https://www.quintessenzaceramiche.it/wp-content/uploads/2024/09/Asset-1-1.png"", ""https://www.quintessenzaceramiche.it/wp-content/uploads/2024/09/QS_FLUID_LIVING_ALTA_V4-1-scaled.jpg"", ""https://www.quintessenzaceramiche.it/wp-content/uploads/2024/09/QS_FLUID_LIVING_DETT-B_ALTA_V2-scaled.jpg""]",[]
11044,2103,COL123L,Blue.03 Lucido,https://www.quintessenzaceramiche.it/collezioni/colors/,"[""https://www.quintessenzaceramiche.it/wp-content/uploads/2024/09/COL123L_colors_blue.03-lucido_4x334-scaled.jpg"", ""https://www.quintessenzaceramiche.it/wp-content/uploads/2025/03/colors-header-scaled.jpg"", ""https://www.quintessenzaceramiche.it/wp-content/uploads/2024/09/Asset-1-1.png"", ""https://www.quintessenzaceramiche.it/wp-content/uploads/2024/09/QS_FLUID_LIVING_ALTA_V4-1-scaled.jpg"", ""https://www.quintessenzaceramiche.it/wp-content/uploads/2024/09/QS_FLUID_LIVING_DETT-B_ALTA_V2-scaled.jpg""]",[]
11045,2103,COL124L,Blue.04 Lucido,https://www.quintessenzaceramiche.it/collezioni/colors/,"[""https://www.quintessenzaceramiche.it/wp-content/uploads/2024/09/COL124L_colors_blue.04-lucido_4x334-scaled.jpg"", ""https://www.quintessenzaceramiche.it/wp-content/uploads/2025/03/colors-header-scaled.jpg"", ""https://www.quintessenzaceramiche.it/wp-content/uploads/2024/09/Asset-1-1.png"", ""https://www.quintessenzaceramiche.it/wp-content/uploads/2024/09/QS_FLUID_LIVING_ALTA_V4-1-scaled.jpg"", ""https://www.quintessenzaceramiche.it/wp-content/uploads/2024/09/QS_FLUID_LIVING_DETT-B_ALTA_V2-scaled.jpg""]",[]
11046,2103,COL125L,Light.Iridescent,https://www.quintessenzaceramiche.it/collezioni/colors/,"[""https://www.quintessenzaceramiche.it/wp-content/uploads/2025/03/QC_Minimali_Iridescenti_Chiaro_3_1227-scaled.jpg"", ""https://www.quintessenzaceramiche.it/wp-content/uploads/2025/03/colors-header-scaled.jpg"", ""https://www.quintessenzaceramiche.it/wp-content/uploads/2024/09/Asset-1-1.png"", ""https://www.quintessenzaceramiche.it/wp-content/uploads/2024/09/QS_FLUID_LIVING_ALTA_V4-1-scaled.jpg"", ""https://www.quintessenzaceramiche.it/wp-content/uploads/2024/09/QS_FLUID_LIVING_DETT-B_ALTA_V2-scaled.jpg""]",[]
11047,2103,COL126L,Dark.Iridescent,https://www.quintessenzaceramiche.it/collezioni/colors/,"[""https://www.quintessenzaceramiche.it/wp-content/uploads/2025/03/QC_Minimali_Iridescenti_Scuro_2_1202-scaled.jpg"", ""https://www.quintessenzaceramiche.it/wp-content/uploads/2025/03/colors-header-scaled.jpg"", ""https://www.quintessenzaceramiche.it/wp-content/uploads/2024/09/Asset-1-1.png"", ""https://www.quintessenzaceramiche.it/wp-content/uploads/2024/09/QS_FLUID_LIVING_ALTA_V4-1-scaled.jpg"", ""https://www.quintessenzaceramiche.it/wp-content/uploads/2024/09/QS_FLUID_LIVING_DETT-B_ALTA_V2-scaled.jpg""]",[]
11048,2104,FLU101M,Base White,https://www.quintessenzaceramiche.it/collezioni/fluid/,"[""https://www.quintessenzaceramiche.it/wp-content/uploads/2024/09/FLU101M_fluid_base-white_186x186.jpg"", ""https://www.quintessenzaceramiche.it/wp-content/uploads/2025/03/cucina-scaled.jpg"", ""https://www.quintessenzaceramiche.it/wp-content/uploads/2025/03/copertina_fluid-colors-768x978-1.jpg"", ""https://www.quintessenzaceramiche.it/wp-content/uploads/2025/03/Quintessenza-Ceramiche_Fluid_Colors_Beige_Blue_Capuccino_1261-crop-scaled.jpg"", ""https://www.quintessenzaceramiche.it/wp-content/uploads/2025/03/Quintessenza-Ceramiche_Fluid_Colors_shooting_07.jpg""]",[]
11049,2104,FLU102M,Base Beige,https://www.quintessenzaceramiche.it/collezioni/fluid/,"[""https://www.quintessenzaceramiche.it/wp-content/uploads/2024/09/FLU102M_fluid_base-beige_186x186.jpg"", ""https://www.quintessenzaceramiche.it/wp-content/uploads/2025/03/cucina-scaled.jpg"", ""https://www.quintessenzaceramiche.it/wp-content/uploads/2025/03/copertina_fluid-colors-768x978-1.jpg"", ""https://www.quintessenzaceramiche.it/wp-content/uploads/2025/03/Quintessenza-Ceramiche_Fluid_Colors_Beige_Blue_Capuccino_1261-crop-scaled.jpg"", ""https://www.quintessenzaceramiche.it/wp-content/uploads/2025/03/Quintessenza-Ceramiche_Fluid_Colors_shooting_07.jpg""]",[]
11050,2104,FLU108M,Base Brown,https://www.quintessenzaceramiche.it/collezioni/fluid/,"[""https://www.quintessenzaceramiche.it/wp-content/uploads/2024/09/FLU108M_fluid_base-brown_186x186.jpg"", ""https://www.quintessenzaceramiche.it/wp-content/uploads/2025/03/cucina-scaled.jpg"", ""https://www.quintessenzaceramiche.it/wp-content/uploads/2025/03/copertina_fluid-colors-768x978-1.jpg"", ""https://www.quintessenzaceramiche.it/wp-content/uploads/2025/03/Quintessenza-Ceramiche_Fluid_Colors_Beige_Blue_Capuccino_1261-crop-scaled.jpg"", ""https://www.quintessenzaceramiche.it/wp-content/uploads/2025/03/Quintessenza-Ceramiche_Fluid_Colors_shooting_07.jpg""]",[]
11051,2104,FLU103M,Base Black,https://www.quintessenzaceramiche.it/collezioni/fluid/,"[""https://www.quintessenzaceramiche.it/wp-content/uploads/2024/09/FLU103M_fluid_base-black_186x186.png.jpg"", ""https://www.quintessenzaceramiche.it/wp-content/uploads/2025/03/cucina-scaled.jpg"", ""https://www.quintessenzaceramiche.it/wp-content/uploads/2025/03/copertina_fluid-colors-768x978-1.jpg"", ""https://www.quintessenzaceramiche.it/wp-content/uploads/2025/03/Quintessenza-Ceramiche_Fluid_Colors_Beige_Blue_Capuccino_1261-crop-scaled.jpg"", ""https://www.quintessenzaceramiche.it/wp-content/uploads/2025/03/Quintessenza-Ceramiche_Fluid_Colors_shooting_07.jpg""]",[]
11052,2104,FLU107M,Base Yellow,https://www.quintessenzaceramiche.it/collezioni/fluid/,"[""https://www.quintessenzaceramiche.it/wp-content/uploads/2024/09/FLU107M_fluid_base-yellow_186x186.jpg"", ""https://www.quintessenzaceramiche.it/wp-content/uploads/2025/03/cucina-scaled.jpg"", ""https://www.quintessenzaceramiche.it/wp-content/uploads/2025/03/copertina_fluid-colors-768x978-1.jpg"", ""https://www.quintessenzaceramiche.it/wp-content/uploads/2025/03/Quintessenza-Ceramiche_Fluid_Colors_Beige_Blue_Capuccino_1261-crop-scaled.jpg"", ""https://www.quintessenzaceramiche.it/wp-content/uploads/2025/03/Quintessenza-Ceramiche_Fluid_Colors_shooting_07.jpg""]",[]
11053,2104,FLU106M,Base Purple,https://www.quintessenzaceramiche.it/collezioni/fluid/,"[""https://www.quintessenzaceramiche.it/wp-content/uploads/2024/09/FLU106M_fluid_base-purple_186x186.jpg"", ""https://www.quintessenzaceramiche.it/wp-content/uploads/2025/03/cucina-scaled.jpg"", ""https://www.quintessenzaceramiche.it/wp-content/uploads/2025/03/copertina_fluid-colors-768x978-1.jpg"", ""https://www.quintessenzaceramiche.it/wp-content/uploads/2025/03/Quintessenza-Ceramiche_Fluid_Colors_Beige_Blue_Capuccino_1261-crop-scaled.jpg"", ""https://www.quintessenzaceramiche.it/wp-content/uploads/2025/03/Quintessenza-Ceramiche_Fluid_Colors_shooting_07.jpg""]",[]
11054,2104,FLU105M,Base Blue,https://www.quintessenzaceramiche.it/collezioni/fluid/,"[""https://www.quintessenzaceramiche.it/wp-content/uploads/2024/09/FLU105M_fluid_base-blue_186x186.jpg"", ""https://www.quintessenzaceramiche.it/wp-content/uploads/2025/03/cucina-scaled.jpg"", ""https://www.quintessenzaceramiche.it/wp-content/uploads/2025/03/copertina_fluid-colors-768x978-1.jpg"", ""https://www.quintessenzaceramiche.it/wp-content/uploads/2025/03/Quintessenza-Ceramiche_Fluid_Colors_Beige_Blue_Capuccino_1261-crop-scaled.jpg"", ""https://www.quintessenzaceramiche.it/wp-content/uploads/2025/03/Quintessenza-Ceramiche_Fluid_Colors_shooting_07.jpg""]",[]
11055,2104,FLU104M,Base Green,https://www.quintessenzaceramiche.it/collezioni/fluid/,"[""https://www.quintessenzaceramiche.it/wp-content/uploads/2024/09/FLU104M_fluid_base-green_186x186.jpg"", ""https://www.quintessenzaceramiche.it/wp-content/uploads/2025/03/cucina-scaled.jpg"", ""https://www.quintessenzaceramiche.it/wp-content/uploads/2025/03/copertina_fluid-colors-768x978-1.jpg"", ""https://www.quintessenzaceramiche.it/wp-content/uploads/2025/03/Quintessenza-Ceramiche_Fluid_Colors_Beige_Blue_Capuccino_1261-crop-scaled.jpg"", ""https://www.quintessenzaceramiche.it/wp-content/uploads/2025/03/Quintessenza-Ceramiche_Fluid_Colors_shooting_07.jpg""]",[]
11056,2104,FLU109M,Choco Moka,https://www.quintessenzaceramiche.it/collezioni/fluid/,"[""https://www.quintessenzaceramiche.it/wp-content/uploads/2024/09/FLU109M_fluid_choco-moka_186x186-1.jpg"", ""https://www.quintessenzaceramiche.it/wp-content/uploads/2025/03/cucina-scaled.jpg"", ""https://www.quintessenzaceramiche.it/wp-content/uploads/2025/03/copertina_fluid-colors-768x978-1.jpg"", ""https://www.quintessenzaceramiche.it/wp-content/uploads/2025/03/Quintessenza-Ceramiche_Fluid_Colors_Beige_Blue_Capuccino_1261-crop-scaled.jpg"", ""https://www.quintessenzaceramiche.it/wp-content/uploads/2025/03/Quintessenza-Ceramiche_Fluid_Colors_shooting_07.jpg""]",[]
11057,2104,FLU110M,Matcha Tea,https://www.quintessenzaceramiche.it/collezioni/fluid/,"[""https://www.quintessenzaceramiche.it/wp-content/uploads/2024/09/FLU110M_fluid_matcha-tea_186x186-1.jpg"", ""https://www.quintessenzaceramiche.it/wp-content/uploads/2025/03/cucina-scaled.jpg"", ""https://www.quintessenzaceramiche.it/wp-content/uploads/2025/03/copertina_fluid-colors-768x978-1.jpg"", ""https://www.quintessenzaceramiche.it/wp-content/uploads/2025/03/Quintessenza-Ceramiche_Fluid_Colors_Beige_Blue_Capuccino_1261-crop-scaled.jpg"", ""https://www.quintessenzaceramiche.it/wp-content/uploads/2025/03/Quintessenza-Ceramiche_Fluid_Colors_shooting_07.jpg""]",[]
11058,2104,FLU111M,Blue Cappuccino,https://www.quintessenzaceramiche.it/collezioni/fluid/,"[""https://www.quintessenzaceramiche.it/wp-content/uploads/2024/09/FLU111M_fluid_blue-cappuccino_186x186-1.jpg"", ""https://www.quintessenzaceramiche.it/wp-content/uploads/2025/03/cucina-scaled.jpg"", ""https://www.quintessenzaceramiche.it/wp-content/uploads/2025/03/copertina_fluid-colors-768x978-1.jpg"", ""https://www.quintessenzaceramiche.it/wp-content/uploads/2025/03/Quintessenza-Ceramiche_Fluid_Colors_Beige_Blue_Capuccino_1261-crop-scaled.jpg"", ""https://www.quintessenzaceramiche.it/wp-content/uploads/2025/03/Quintessenza-Ceramiche_Fluid_Colors_shooting_07.jpg""]",[]
11059,2104,FLU112M,Berries Licious,https://www.quintessenzaceramiche.it/collezioni/fluid/,"[""https://www.quintessenzaceramiche.it/wp-content/uploads/2024/09/FLU112M_fluid_berries-licious_186x186-1.jpg"", ""https://www.quintessenzaceramiche.it/wp-content/uploads/2025/03/cucina-scaled.jpg"", ""https://www.quintessenzaceramiche.it/wp-content/uploads/2025/03/copertina_fluid-colors-768x978-1.jpg"", ""https://www.quintessenzaceramiche.it/wp-content/uploads/2025/03/Quintessenza-Ceramiche_Fluid_Colors_Beige_Blue_Capuccino_1261-crop-scaled.jpg"", ""https://www.quintessenzaceramiche.it/wp-content/uploads/2025/03/Quintessenza-Ceramiche_Fluid_Colors_shooting_07.jpg""]",[]
11060,2104,FLU113M,Honey Syrup,https://www.quintessenzaceramiche.it/collezioni/fluid/,"[""https://www.quintessenzaceramiche.it/wp-content/uploads/2024/09/FLU113M_fluid_honey-syrup_186x186-1.jpg"", ""https://www.quintessenzaceramiche.it/wp-content/uploads/2025/03/cucina-scaled.jpg"", ""https://www.quintessenzaceramiche.it/wp-content/uploads/2025/03/copertina_fluid-colors-768x978-1.jpg"", ""https://www.quintessenzaceramiche.it/wp-content/uploads/2025/03/Quintessenza-Ceramiche_Fluid_Colors_Beige_Blue_Capuccino_1261-crop-scaled.jpg"", ""https://www.quintessenzaceramiche.it/wp-content/uploads/2025/03/Quintessenza-Ceramiche_Fluid_Colors_shooting_07.jpg""]",[]
11061,2104,FLU114M,Mixology,https://www.quintessenzaceramiche.it/collezioni/fluid/,"[""https://www.quintessenzaceramiche.it/wp-content/uploads/2024/09/FLU114M_fluid_mixology_186x186-1.jpg"", ""https://www.quintessenzaceramiche.it/wp-content/uploads/2025/03/cucina-scaled.jpg"", ""https://www.quintessenzaceramiche.it/wp-content/uploads/2025/03/copertina_fluid-colors-768x978-1.jpg"", ""https://www.quintessenzaceramiche.it/wp-content/uploads/2025/03/Quintessenza-Ceramiche_Fluid_Colors_Beige_Blue_Capuccino_1261-crop-scaled.jpg"", ""https://www.quintessenzaceramiche.it/wp-content/uploads/2025/03/Quintessenza-Ceramiche_Fluid_Colors_shooting_07.jpg""]",[]
11062,2104,FLU115M,Black Coffee,https://www.quintessenzaceramiche.it/collezioni/fluid/,"[""https://www.quintessenzaceramiche.it/wp-content/uploads/2024/09/FLU115M_fluid_black-coffee_186x186-1.jpg"", ""https://www.quintessenzaceramiche.it/wp-content/uploads/2025/03/cucina-scaled.jpg"", ""https://www.quintessenzaceramiche.it/wp-content/uploads/2025/03/copertina_fluid-colors-768x978-1.jpg"", ""https://www.quintessenzaceramiche.it/wp-content/uploads/2025/03/Quintessenza-Ceramiche_Fluid_Colors_Beige_Blue_Capuccino_1261-crop-scaled.jpg"", ""https://www.quintessenzaceramiche.it/wp-content/uploads/2025/03/Quintessenza-Ceramiche_Fluid_Colors_shooting_07.jpg""]",[]
11063,2105,MAR119M,Marea Grigio Matt,https://www.quintessenzaceramiche.it/collezioni/marea/,"[""https://www.quintessenzaceramiche.it/wp-content/uploads/2021/10/MAR119M_Marea_grigio_75x30-scaled.jpg"", ""https://www.quintessenzaceramiche.it/wp-content/uploads/2023/09/Quintessenza-Ceramiche-Marea-Bathroom-2-scaled.jpg"", ""https://www.quintessenzaceramiche.it/wp-content/uploads/2021/10/Quintessenza-Ceramiche-Marea-Still-life-683x1024.jpg"", ""https://www.quintessenzaceramiche.it/wp-content/uploads/2024/04/QS_MAREA_CUCINA_DETT_ALTA_V2-copia-scaled.jpg"", ""https://www.quintessenzaceramiche.it/wp-content/uploads/2024/04/QS_MAREA_CUCINA_ALTA_V2-copia-scaled.jpg""]",[]
11064,2105,MAR124M,Alta-Marea Grigio Matt,https://www.quintessenzaceramiche.it/collezioni/marea/,"[""https://www.quintessenzaceramiche.it/wp-content/uploads/2021/10/MAR124M_Alta-Marea_grigio_75x30.tiff-scaled.jpg"", ""https://www.quintessenzaceramiche.it/wp-content/uploads/2023/09/Quintessenza-Ceramiche-Marea-Bathroom-2-scaled.jpg"", ""https://www.quintessenzaceramiche.it/wp-content/uploads/2021/10/Quintessenza-Ceramiche-Marea-Still-life-683x1024.jpg"", ""https://www.quintessenzaceramiche.it/wp-content/uploads/2024/04/QS_MAREA_CUCINA_DETT_ALTA_V2-copia-scaled.jpg"", ""https://www.quintessenzaceramiche.it/wp-content/uploads/2024/04/QS_MAREA_CUCINA_ALTA_V2-copia-scaled.jpg""]",[]
11065,2105,MAR129L,Bassa-Marea Grigio Lucido,https://www.quintessenzaceramiche.it/collezioni/marea/,"[""https://www.quintessenzaceramiche.it/wp-content/uploads/2021/10/MAR129L_Bassa-Marea_grigio_75x30-scaled.jpg"", ""https://www.quintessenzaceramiche.it/wp-content/uploads/2023/09/Quintessenza-Ceramiche-Marea-Bathroom-2-scaled.jpg"", ""https://www.quintessenzaceramiche.it/wp-content/uploads/2021/10/Quintessenza-Ceramiche-Marea-Still-life-683x1024.jpg"", ""https://www.quintessenzaceramiche.it/wp-content/uploads/2024/04/QS_MAREA_CUCINA_DETT_ALTA_V2-copia-scaled.jpg"", ""https://www.quintessenzaceramiche.it/wp-content/uploads/2024/04/QS_MAREA_CUCINA_ALTA_V2-copia-scaled.jpg""]",[]
11066,2105,MAR121M,Marea Terra Matt,https://www.quintessenzaceramiche.it/collezioni/marea/,"[""https://www.quintessenzaceramiche.it/wp-content/uploads/2021/10/MAR121M_Marea_bianco_75x30-scaled.jpg"", ""https://www.quintessenzaceramiche.it/wp-content/uploads/2023/09/Quintessenza-Ceramiche-Marea-Bathroom-2-scaled.jpg"", ""https://www.quintessenzaceramiche.it/wp-content/uploads/2021/10/Quintessenza-Ceramiche-Marea-Still-life-683x1024.jpg"", ""https://www.quintessenzaceramiche.it/wp-content/uploads/2024/04/QS_MAREA_CUCINA_DETT_ALTA_V2-copia-scaled.jpg"", ""https://www.quintessenzaceramiche.it/wp-content/uploads/2024/04/QS_MAREA_CUCINA_ALTA_V2-copia-scaled.jpg""]",[]
11067,2105,MAR126M,Alta-Marea Terra Matt,https://www.quintessenzaceramiche.it/collezioni/marea/,"[""https://www.quintessenzaceramiche.it/wp-content/uploads/2021/10/MAR126M_Alta-Marea_terra_75x30-scaled.jpg"", ""https://www.quintessenzaceramiche.it/wp-content/uploads/2023/09/Quintessenza-Ceramiche-Marea-Bathroom-2-scaled.jpg"", ""https://www.quintessenzaceramiche.it/wp-content/uploads/2021/10/Quintessenza-Ceramiche-Marea-Still-life-683x1024.jpg"", ""https://www.quintessenzaceramiche.it/wp-content/uploads/2024/04/QS_MAREA_CUCINA_DETT_ALTA_V2-copia-scaled.jpg"", ""https://www.quintessenzaceramiche.it/wp-content/uploads/2024/04/QS_MAREA_CUCINA_ALTA_V2-copia-scaled.jpg""]",[]
11068,2105,MAR131L,Bassa-Marea Terra Lucido,https://www.quintessenzaceramiche.it/collezioni/marea/,"[""https://www.quintessenzaceramiche.it/wp-content/uploads/2021/10/MAR131L_Bassa-Marea_terra_75x30-scaled.jpg"", ""https://www.quintessenzaceramiche.it/wp-content/uploads/2023/09/Quintessenza-Ceramiche-Marea-Bathroom-2-scaled.jpg"", ""https://www.quintessenzaceramiche.it/wp-content/uploads/2021/10/Quintessenza-Ceramiche-Marea-Still-life-683x1024.jpg"", ""https://www.quintessenzaceramiche.it/wp-content/uploads/2024/04/QS_MAREA_CUCINA_DETT_ALTA_V2-copia-scaled.jpg"", ""https://www.quintessenzaceramiche.it/wp-content/uploads/2024/04/QS_MAREA_CUCINA_ALTA_V2-copia-scaled.jpg""]",[]
11069,2105,MAR120M,Marea Carta Da Zucchero Matt,https://www.quintessenzaceramiche.it/collezioni/marea/,"[""https://www.quintessenzaceramiche.it/wp-content/uploads/2021/10/MAR120M_Marea_carta-da-zucchero_75x30-scaled.jpg"", ""https://www.quintessenzaceramiche.it/wp-content/uploads/2023/09/Quintessenza-Ceramiche-Marea-Bathroom-2-scaled.jpg"", ""https://www.quintessenzaceramiche.it/wp-content/uploads/2021/10/Quintessenza-Ceramiche-Marea-Still-life-683x1024.jpg"", ""https://www.quintessenzaceramiche.it/wp-content/uploads/2024/04/QS_MAREA_CUCINA_DETT_ALTA_V2-copia-scaled.jpg"", ""https://www.quintessenzaceramiche.it/wp-content/uploads/2024/04/QS_MAREA_CUCINA_ALTA_V2-copia-scaled.jpg""]",[]
11070,2105,MAR130L,Alta-Marea Carta Da Zucchero Matt,https://www.quintessenzaceramiche.it/collezioni/marea/,"[""https://www.quintessenzaceramiche.it/wp-content/uploads/2021/10/MAR130L_Bassa-Marea_carta-da-zucchero_75x30-scaled.jpg"", ""https://www.quintessenzaceramiche.it/wp-content/uploads/2023/09/Quintessenza-Ceramiche-Marea-Bathroom-2-scaled.jpg"", ""https://www.quintessenzaceramiche.it/wp-content/uploads/2021/10/Quintessenza-Ceramiche-Marea-Still-life-683x1024.jpg"", ""https://www.quintessenzaceramiche.it/wp-content/uploads/2024/04/QS_MAREA_CUCINA_DETT_ALTA_V2-copia-scaled.jpg"", ""https://www.quintessenzaceramiche.it/wp-content/uploads/2024/04/QS_MAREA_CUCINA_ALTA_V2-copia-scaled.jpg""]",[]
11071,2105,MAR125M,Bassa-Marea Carta Da Zucchero Lucido,https://www.quintessenzaceramiche.it/collezioni/marea/,"[""https://www.quintessenzaceramiche.it/wp-content/uploads/2021/10/MAR125M_Alta-Marea_carta-da-zucchero_75x30.tiff-scaled.jpg"", ""https://www.quintessenzaceramiche.it/wp-content/uploads/2023/09/Quintessenza-Ceramiche-Marea-Bathroom-2-scaled.jpg"", ""https://www.quintessenzaceramiche.it/wp-content/uploads/2021/10/Quintessenza-Ceramiche-Marea-Still-life-683x1024.jpg"", ""https://www.quintessenzaceramiche.it/wp-content/uploads/2024/04/QS_MAREA_CUCINA_DETT_ALTA_V2-copia-scaled.jpg"", ""https://www.quintessenzaceramiche.it/wp-content/uploads/2024/04/QS_MAREA_CUCINA_ALTA_V2-copia-scaled.jpg""]",[]
11072,2105,MAR122M,Marea Smeraldo Matt,https://www.quintessenzaceramiche.it/collezioni/marea/,"[""https://www.quintessenzaceramiche.it/wp-content/uploads/2021/10/MAR122M_Marea_smeraldo_75x30-v2-scaled.jpg"", ""https://www.quintessenzaceramiche.it/wp-content/uploads/2023/09/Quintessenza-Ceramiche-Marea-Bathroom-2-scaled.jpg"", ""https://www.quintessenzaceramiche.it/wp-content/uploads/2021/10/Quintessenza-Ceramiche-Marea-Still-life-683x1024.jpg"", ""https://www.quintessenzaceramiche.it/wp-content/uploads/2024/04/QS_MAREA_CUCINA_DETT_ALTA_V2-copia-scaled.jpg"", ""https://www.quintessenzaceramiche.it/wp-content/uploads/2024/04/QS_MAREA_CUCINA_ALTA_V2-copia-scaled.jpg""]",[]
11073,2105,MAR127M,Alta-Marea Smeraldo Matt,https://www.quintessenzaceramiche.it/collezioni/marea/,"[""https://www.quintessenzaceramiche.it/wp-content/uploads/2021/10/MAR127M_Alta-Marea_smeraldo_75x30-scaled.jpg"", ""https://www.quintessenzaceramiche.it/wp-content/uploads/2023/09/Quintessenza-Ceramiche-Marea-Bathroom-2-scaled.jpg"", ""https://www.quintessenzaceramiche.it/wp-content/uploads/2021/10/Quintessenza-Ceramiche-Marea-Still-life-683x1024.jpg"", ""https://www.quintessenzaceramiche.it/wp-content/uploads/2024/04/QS_MAREA_CUCINA_DETT_ALTA_V2-copia-scaled.jpg"", ""https://www.quintessenzaceramiche.it/wp-content/uploads/2024/04/QS_MAREA_CUCINA_ALTA_V2-copia-scaled.jpg""]",[]
11074,2105,MAR132L,Bassa-Marea Smeraldo Lucido,https://www.quintessenzaceramiche.it/collezioni/marea/,"[""https://www.quintessenzaceramiche.it/wp-content/uploads/2021/10/MAR132L_Bassa-Marea_smeraldo_75x30-scaled.jpg"", ""https://www.quintessenzaceramiche.it/wp-content/uploads/2023/09/Quintessenza-Ceramiche-Marea-Bathroom-2-scaled.jpg"", ""https://www.quintessenzaceramiche.it/wp-content/uploads/2021/10/Quintessenza-Ceramiche-Marea-Still-life-683x1024.jpg"", ""https://www.quintessenzaceramiche.it/wp-content/uploads/2024/04/QS_MAREA_CUCINA_DETT_ALTA_V2-copia-scaled.jpg"", ""https://www.quintessenzaceramiche.it/wp-content/uploads/2024/04/QS_MAREA_CUCINA_ALTA_V2-copia-scaled.jpg""]",[]
11075,2105,MAR123L,Marea Oro,https://www.quintessenzaceramiche.it/collezioni/marea/,"[""https://www.quintessenzaceramiche.it/wp-content/uploads/2021/10/MAR123L_Marea_oro_75x30-scaled.jpg"", ""https://www.quintessenzaceramiche.it/wp-content/uploads/2023/09/Quintessenza-Ceramiche-Marea-Bathroom-2-scaled.jpg"", ""https://www.quintessenzaceramiche.it/wp-content/uploads/2021/10/Quintessenza-Ceramiche-Marea-Still-life-683x1024.jpg"", ""https://www.quintessenzaceramiche.it/wp-content/uploads/2024/04/QS_MAREA_CUCINA_DETT_ALTA_V2-copia-scaled.jpg"", ""https://www.quintessenzaceramiche.it/wp-content/uploads/2024/04/QS_MAREA_CUCINA_ALTA_V2-copia-scaled.jpg""]",[]
11076,2105,MAR128L,Alta-Marea Oro,https://www.quintessenzaceramiche.it/collezioni/marea/,"[""https://www.quintessenzaceramiche.it/wp-content/uploads/2021/10/MAR128L_Alta-Marea_oro_75x30-scaled.jpg"", ""https://www.quintessenzaceramiche.it/wp-content/uploads/2023/09/Quintessenza-Ceramiche-Marea-Bathroom-2-scaled.jpg"", ""https://www.quintessenzaceramiche.it/wp-content/uploads/2021/10/Quintessenza-Ceramiche-Marea-Still-life-683x1024.jpg"", ""https://www.quintessenzaceramiche.it/wp-content/uploads/2024/04/QS_MAREA_CUCINA_DETT_ALTA_V2-copia-scaled.jpg"", ""https://www.quintessenzaceramiche.it/wp-content/uploads/2024/04/QS_MAREA_CUCINA_ALTA_V2-copia-scaled.jpg""]",[]
11077,2105,MAR133L,Bassa-Marea Oro,https://www.quintessenzaceramiche.it/collezioni/marea/,"[""https://www.quintessenzaceramiche.it/wp-content/uploads/2021/10/MAR133L_Bassa-Marea_oro_75x30-scaled.jpg"", ""https://www.quintessenzaceramiche.it/wp-content/uploads/2023/09/Quintessenza-Ceramiche-Marea-Bathroom-2-scaled.jpg"", ""https://www.quintessenzaceramiche.it/wp-content/uploads/2021/10/Quintessenza-Ceramiche-Marea-Still-life-683x1024.jpg"", ""https://www.quintessenzaceramiche.it/wp-content/uploads/2024/04/QS_MAREA_CUCINA_DETT_ALTA_V2-copia-scaled.jpg"", ""https://www.quintessenzaceramiche.it/wp-content/uploads/2024/04/QS_MAREA_CUCINA_ALTA_V2-copia-scaled.jpg""]",[]
11078,2105,MAR101M,Marea Bianco Matt,https://www.quintessenzaceramiche.it/collezioni/marea/,"[""https://www.quintessenzaceramiche.it/wp-content/uploads/2021/10/MAR101M_Marea_bianco_75x30-scaled.jpeg"", ""https://www.quintessenzaceramiche.it/wp-content/uploads/2023/09/Quintessenza-Ceramiche-Marea-Bathroom-2-scaled.jpg"", ""https://www.quintessenzaceramiche.it/wp-content/uploads/2021/10/Quintessenza-Ceramiche-Marea-Still-life-683x1024.jpg"", ""https://www.quintessenzaceramiche.it/wp-content/uploads/2024/04/QS_MAREA_CUCINA_DETT_ALTA_V2-copia-scaled.jpg"", ""https://www.quintessenzaceramiche.it/wp-content/uploads/2024/04/QS_MAREA_CUCINA_ALTA_V2-copia-scaled.jpg""]",[]
11079,2105,MAR107M,Alta–Marea Bianco Matt,https://www.quintessenzaceramiche.it/collezioni/marea/,"[""https://www.quintessenzaceramiche.it/wp-content/uploads/2021/10/MAR107M_Alta-Marea_bianco_75x30-scaled.jpeg"", ""https://www.quintessenzaceramiche.it/wp-content/uploads/2023/09/Quintessenza-Ceramiche-Marea-Bathroom-2-scaled.jpg"", ""https://www.quintessenzaceramiche.it/wp-content/uploads/2021/10/Quintessenza-Ceramiche-Marea-Still-life-683x1024.jpg"", ""https://www.quintessenzaceramiche.it/wp-content/uploads/2024/04/QS_MAREA_CUCINA_DETT_ALTA_V2-copia-scaled.jpg"", ""https://www.quintessenzaceramiche.it/wp-content/uploads/2024/04/QS_MAREA_CUCINA_ALTA_V2-copia-scaled.jpg""]",[]
11080,2105,MAR113L,Bassa–Marea Bianco Lucido,https://www.quintessenzaceramiche.it/collezioni/marea/,"[""https://www.quintessenzaceramiche.it/wp-content/uploads/2021/10/MAR113M_Bassa-Marea_bianco_75x30-scaled.jpeg"", ""https://www.quintessenzaceramiche.it/wp-content/uploads/2023/09/Quintessenza-Ceramiche-Marea-Bathroom-2-scaled.jpg"", ""https://www.quintessenzaceramiche.it/wp-content/uploads/2021/10/Quintessenza-Ceramiche-Marea-Still-life-683x1024.jpg"", ""https://www.quintessenzaceramiche.it/wp-content/uploads/2024/04/QS_MAREA_CUCINA_DETT_ALTA_V2-copia-scaled.jpg"", ""https://www.quintessenzaceramiche.it/wp-content/uploads/2024/04/QS_MAREA_CUCINA_ALTA_V2-copia-scaled.jpg""]",[]
11081,2105,MAR102M,Marea Rosa Matt,https://www.quintessenzaceramiche.it/collezioni/marea/,"[""https://www.quintessenzaceramiche.it/wp-content/uploads/2021/10/MAR102M_Marea_rosa_75x30-scaled.jpeg"", ""https://www.quintessenzaceramiche.it/wp-content/uploads/2023/09/Quintessenza-Ceramiche-Marea-Bathroom-2-scaled.jpg"", ""https://www.quintessenzaceramiche.it/wp-content/uploads/2021/10/Quintessenza-Ceramiche-Marea-Still-life-683x1024.jpg"", ""https://www.quintessenzaceramiche.it/wp-content/uploads/2024/04/QS_MAREA_CUCINA_DETT_ALTA_V2-copia-scaled.jpg"", ""https://www.quintessenzaceramiche.it/wp-content/uploads/2024/04/QS_MAREA_CUCINA_ALTA_V2-copia-scaled.jpg""]",[]
11082,2105,MAR108M,Alta–Marea Rosa Matt,https://www.quintessenzaceramiche.it/collezioni/marea/,"[""https://www.quintessenzaceramiche.it/wp-content/uploads/2021/10/MAR108M_Alta-Marea_rosa_75x30-scaled.jpeg"", ""https://www.quintessenzaceramiche.it/wp-content/uploads/2023/09/Quintessenza-Ceramiche-Marea-Bathroom-2-scaled.jpg"", ""https://www.quintessenzaceramiche.it/wp-content/uploads/2021/10/Quintessenza-Ceramiche-Marea-Still-life-683x1024.jpg"", ""https://www.quintessenzaceramiche.it/wp-content/uploads/2024/04/QS_MAREA_CUCINA_DETT_ALTA_V2-copia-scaled.jpg"", ""https://www.quintessenzaceramiche.it/wp-content/uploads/2024/04/QS_MAREA_CUCINA_ALTA_V2-copia-scaled.jpg""]",[]
11083,2105,MAR114L,Bassa–Marea Rosa Lucido,https://www.quintessenzaceramiche.it/collezioni/marea/,"[""https://www.quintessenzaceramiche.it/wp-content/uploads/2021/10/MAR114M_Bassa-Marea_rosa_75x30-scaled.jpeg"", ""https://www.quintessenzaceramiche.it/wp-content/uploads/2023/09/Quintessenza-Ceramiche-Marea-Bathroom-2-scaled.jpg"", ""https://www.quintessenzaceramiche.it/wp-content/uploads/2021/10/Quintessenza-Ceramiche-Marea-Still-life-683x1024.jpg"", ""https://www.quintessenzaceramiche.it/wp-content/uploads/2024/04/QS_MAREA_CUCINA_DETT_ALTA_V2-copia-scaled.jpg"", ""https://www.quintessenzaceramiche.it/wp-content/uploads/2024/04/QS_MAREA_CUCINA_ALTA_V2-copia-scaled.jpg""]",[]
11084,2105,MAR103M,Marea Salvia Matt,https://www.quintessenzaceramiche.it/collezioni/marea/,"[""https://www.quintessenzaceramiche.it/wp-content/uploads/2021/10/MAR103M_Marea_salvia_75x30-scaled.jpeg"", ""https://www.quintessenzaceramiche.it/wp-content/uploads/2023/09/Quintessenza-Ceramiche-Marea-Bathroom-2-scaled.jpg"", ""https://www.quintessenzaceramiche.it/wp-content/uploads/2021/10/Quintessenza-Ceramiche-Marea-Still-life-683x1024.jpg"", ""https://www.quintessenzaceramiche.it/wp-content/uploads/2024/04/QS_MAREA_CUCINA_DETT_ALTA_V2-copia-scaled.jpg"", ""https://www.quintessenzaceramiche.it/wp-content/uploads/2024/04/QS_MAREA_CUCINA_ALTA_V2-copia-scaled.jpg""]",[]
11085,2105,MAR109M,Alta–Marea Salvia Matt,https://www.quintessenzaceramiche.it/collezioni/marea/,"[""https://www.quintessenzaceramiche.it/wp-content/uploads/2021/10/MAR109M_Alta-Marea_salvia_75x30-scaled.jpeg"", ""https://www.quintessenzaceramiche.it/wp-content/uploads/2023/09/Quintessenza-Ceramiche-Marea-Bathroom-2-scaled.jpg"", ""https://www.quintessenzaceramiche.it/wp-content/uploads/2021/10/Quintessenza-Ceramiche-Marea-Still-life-683x1024.jpg"", ""https://www.quintessenzaceramiche.it/wp-content/uploads/2024/04/QS_MAREA_CUCINA_DETT_ALTA_V2-copia-scaled.jpg"", ""https://www.quintessenzaceramiche.it/wp-content/uploads/2024/04/QS_MAREA_CUCINA_ALTA_V2-copia-scaled.jpg""]",[]
11086,2105,MAR115L,Bassa–Marea Salvia Lucido,https://www.quintessenzaceramiche.it/collezioni/marea/,"[""https://www.quintessenzaceramiche.it/wp-content/uploads/2021/10/MAR115M_Bassa-Marea_salvia_75x30-scaled.jpeg"", ""https://www.quintessenzaceramiche.it/wp-content/uploads/2023/09/Quintessenza-Ceramiche-Marea-Bathroom-2-scaled.jpg"", ""https://www.quintessenzaceramiche.it/wp-content/uploads/2021/10/Quintessenza-Ceramiche-Marea-Still-life-683x1024.jpg"", ""https://www.quintessenzaceramiche.it/wp-content/uploads/2024/04/QS_MAREA_CUCINA_DETT_ALTA_V2-copia-scaled.jpg"", ""https://www.quintessenzaceramiche.it/wp-content/uploads/2024/04/QS_MAREA_CUCINA_ALTA_V2-copia-scaled.jpg""]",[]
11087,2105,MAR104M,Marea Blu Matt,https://www.quintessenzaceramiche.it/collezioni/marea/,"[""https://www.quintessenzaceramiche.it/wp-content/uploads/2021/10/MAR104M_Marea_blu_75x30-scaled.jpeg"", ""https://www.quintessenzaceramiche.it/wp-content/uploads/2023/09/Quintessenza-Ceramiche-Marea-Bathroom-2-scaled.jpg"", ""https://www.quintessenzaceramiche.it/wp-content/uploads/2021/10/Quintessenza-Ceramiche-Marea-Still-life-683x1024.jpg"", ""https://www.quintessenzaceramiche.it/wp-content/uploads/2024/04/QS_MAREA_CUCINA_DETT_ALTA_V2-copia-scaled.jpg"", ""https://www.quintessenzaceramiche.it/wp-content/uploads/2024/04/QS_MAREA_CUCINA_ALTA_V2-copia-scaled.jpg""]",[]
11088,2105,MAR110M,Alta–Marea Blu Matt,https://www.quintessenzaceramiche.it/collezioni/marea/,"[""https://www.quintessenzaceramiche.it/wp-content/uploads/2021/10/MAR110M_Alta-Marea_blu_75x30-scaled.jpeg"", ""https://www.quintessenzaceramiche.it/wp-content/uploads/2023/09/Quintessenza-Ceramiche-Marea-Bathroom-2-scaled.jpg"", ""https://www.quintessenzaceramiche.it/wp-content/uploads/2021/10/Quintessenza-Ceramiche-Marea-Still-life-683x1024.jpg"", ""https://www.quintessenzaceramiche.it/wp-content/uploads/2024/04/QS_MAREA_CUCINA_DETT_ALTA_V2-copia-scaled.jpg"", ""https://www.quintessenzaceramiche.it/wp-content/uploads/2024/04/QS_MAREA_CUCINA_ALTA_V2-copia-scaled.jpg""]",[]
11089,2105,MAR116L,Bassa–Marea Blu Lucido,https://www.quintessenzaceramiche.it/collezioni/marea/,"[""https://www.quintessenzaceramiche.it/wp-content/uploads/2021/10/MAR116M_Bassa-Marea_blu_75x30-scaled.jpeg"", ""https://www.quintessenzaceramiche.it/wp-content/uploads/2023/09/Quintessenza-Ceramiche-Marea-Bathroom-2-scaled.jpg"", ""https://www.quintessenzaceramiche.it/wp-content/uploads/2021/10/Quintessenza-Ceramiche-Marea-Still-life-683x1024.jpg"", ""https://www.quintessenzaceramiche.it/wp-content/uploads/2024/04/QS_MAREA_CUCINA_DETT_ALTA_V2-copia-scaled.jpg"", ""https://www.quintessenzaceramiche.it/wp-content/uploads/2024/04/QS_MAREA_CUCINA_ALTA_V2-copia-scaled.jpg""]",[]
11090,2105,MAR106M,Marea Porpora Matt,https://www.quintessenzaceramiche.it/collezioni/marea/,"[""https://www.quintessenzaceramiche.it/wp-content/uploads/2021/10/MAR106M_Marea_porpora_75x30-scaled.jpeg"", ""https://www.quintessenzaceramiche.it/wp-content/uploads/2023/09/Quintessenza-Ceramiche-Marea-Bathroom-2-scaled.jpg"", ""https://www.quintessenzaceramiche.it/wp-content/uploads/2021/10/Quintessenza-Ceramiche-Marea-Still-life-683x1024.jpg"", ""https://www.quintessenzaceramiche.it/wp-content/uploads/2024/04/QS_MAREA_CUCINA_DETT_ALTA_V2-copia-scaled.jpg"", ""https://www.quintessenzaceramiche.it/wp-content/uploads/2024/04/QS_MAREA_CUCINA_ALTA_V2-copia-scaled.jpg""]",[]
11091,2105,MAR112M,Alta–Marea Porpora Matt,https://www.quintessenzaceramiche.it/collezioni/marea/,"[""https://www.quintessenzaceramiche.it/wp-content/uploads/2021/10/MAR112M_Alta-Marea_porpora_75x30-scaled.jpeg"", ""https://www.quintessenzaceramiche.it/wp-content/uploads/2023/09/Quintessenza-Ceramiche-Marea-Bathroom-2-scaled.jpg"", ""https://www.quintessenzaceramiche.it/wp-content/uploads/2021/10/Quintessenza-Ceramiche-Marea-Still-life-683x1024.jpg"", ""https://www.quintessenzaceramiche.it/wp-content/uploads/2024/04/QS_MAREA_CUCINA_DETT_ALTA_V2-copia-scaled.jpg"", ""https://www.quintessenzaceramiche.it/wp-content/uploads/2024/04/QS_MAREA_CUCINA_ALTA_V2-copia-scaled.jpg""]",[]
11092,2105,MAR118L,Bassa–Marea Porpora Lucido,https://www.quintessenzaceramiche.it/collezioni/marea/,"[""https://www.quintessenzaceramiche.it/wp-content/uploads/2021/10/MAR118M_Bassa-Marea_porpora_75x30-scaled.jpeg"", ""https://www.quintessenzaceramiche.it/wp-content/uploads/2023/09/Quintessenza-Ceramiche-Marea-Bathroom-2-scaled.jpg"", ""https://www.quintessenzaceramiche.it/wp-content/uploads/2021/10/Quintessenza-Ceramiche-Marea-Still-life-683x1024.jpg"", ""https://www.quintessenzaceramiche.it/wp-content/uploads/2024/04/QS_MAREA_CUCINA_DETT_ALTA_V2-copia-scaled.jpg"", ""https://www.quintessenzaceramiche.it/wp-content/uploads/2024/04/QS_MAREA_CUCINA_ALTA_V2-copia-scaled.jpg""]",[]
11093,2105,MAR105M,Marea Nero Matt,https://www.quintessenzaceramiche.it/collezioni/marea/,"[""https://www.quintessenzaceramiche.it/wp-content/uploads/2021/10/MAR105M_Marea_nero_75x30-scaled.jpeg"", ""https://www.quintessenzaceramiche.it/wp-content/uploads/2023/09/Quintessenza-Ceramiche-Marea-Bathroom-2-scaled.jpg"", ""https://www.quintessenzaceramiche.it/wp-content/uploads/2021/10/Quintessenza-Ceramiche-Marea-Still-life-683x1024.jpg"", ""https://www.quintessenzaceramiche.it/wp-content/uploads/2024/04/QS_MAREA_CUCINA_DETT_ALTA_V2-copia-scaled.jpg"", ""https://www.quintessenzaceramiche.it/wp-content/uploads/2024/04/QS_MAREA_CUCINA_ALTA_V2-copia-scaled.jpg""]",[]
11094,2105,MAR111M,Alta–Marea Nero Matt,https://www.quintessenzaceramiche.it/collezioni/marea/,"[""https://www.quintessenzaceramiche.it/wp-content/uploads/2021/10/MAR111M_Alta-Marea_nero_75x30-scaled.jpeg"", ""https://www.quintessenzaceramiche.it/wp-content/uploads/2023/09/Quintessenza-Ceramiche-Marea-Bathroom-2-scaled.jpg"", ""https://www.quintessenzaceramiche.it/wp-content/uploads/2021/10/Quintessenza-Ceramiche-Marea-Still-life-683x1024.jpg"", ""https://www.quintessenzaceramiche.it/wp-content/uploads/2024/04/QS_MAREA_CUCINA_DETT_ALTA_V2-copia-scaled.jpg"", ""https://www.quintessenzaceramiche.it/wp-content/uploads/2024/04/QS_MAREA_CUCINA_ALTA_V2-copia-scaled.jpg""]",[]
11095,2105,MAR117L,Bassa–Marea Nero Lucido,https://www.quintessenzaceramiche.it/collezioni/marea/,"[""https://www.quintessenzaceramiche.it/wp-content/uploads/2021/10/MAR117M_Bassa-Marea_nero_75x30-scaled.jpeg"", ""https://www.quintessenzaceramiche.it/wp-content/uploads/2023/09/Quintessenza-Ceramiche-Marea-Bathroom-2-scaled.jpg"", ""https://www.quintessenzaceramiche.it/wp-content/uploads/2021/10/Quintessenza-Ceramiche-Marea-Still-life-683x1024.jpg"", ""https://www.quintessenzaceramiche.it/wp-content/uploads/2024/04/QS_MAREA_CUCINA_DETT_ALTA_V2-copia-scaled.jpg"", ""https://www.quintessenzaceramiche.it/wp-content/uploads/2024/04/QS_MAREA_CUCINA_ALTA_V2-copia-scaled.jpg""]",[]
11096,2106,FGB131M,Cenere Matt,https://www.quintessenzaceramiche.it/collezioni/fargblock-15x15/,"[""https://www.quintessenzaceramiche.it/wp-content/uploads/2024/09/FGB131M_FARGBLOCK_cenere-matt_15x15-768x768.jpg"", ""https://www.quintessenzaceramiche.it/wp-content/uploads/2025/01/close-up_Quintessenza_Fargblock-New-tiles_01-Hotel-Lobby_Particolare-A-scaled-1-1-1.jpg"", ""https://www.quintessenzaceramiche.it/wp-content/uploads/2025/01/fargblock-v3-scaled-1-683x1024.jpg"", ""https://www.quintessenzaceramiche.it/wp-content/uploads/2025/01/Quintessenza-Ceramiche_Fargblock_Riad-scaled.jpg"", ""https://www.quintessenzaceramiche.it/wp-content/uploads/2025/01/Quintessenza-Ceramiche_Fargblock_Riad_01-scaled.jpg""]",[]
11097,2106,FGB130M,Sabbia Matt,https://www.quintessenzaceramiche.it/collezioni/fargblock-15x15/,"[""https://www.quintessenzaceramiche.it/wp-content/uploads/2024/09/FGB130M_FARGBLOCK_sabbia-matt_15x15-768x768.jpg"", ""https://www.quintessenzaceramiche.it/wp-content/uploads/2025/01/close-up_Quintessenza_Fargblock-New-tiles_01-Hotel-Lobby_Particolare-A-scaled-1-1-1.jpg"", ""https://www.quintessenzaceramiche.it/wp-content/uploads/2025/01/fargblock-v3-scaled-1-683x1024.jpg"", ""https://www.quintessenzaceramiche.it/wp-content/uploads/2025/01/Quintessenza-Ceramiche_Fargblock_Riad-scaled.jpg"", ""https://www.quintessenzaceramiche.it/wp-content/uploads/2025/01/Quintessenza-Ceramiche_Fargblock_Riad_01-scaled.jpg""]",[]
11098,2106,FGB136M,Cipria Matt,https://www.quintessenzaceramiche.it/collezioni/fargblock-15x15/,"[""https://www.quintessenzaceramiche.it/wp-content/uploads/2025/01/FGB136M_FARGBLOCK_cipria-matt_15x15-scaled-1-768x768.jpg"", ""https://www.quintessenzaceramiche.it/wp-content/uploads/2025/01/close-up_Quintessenza_Fargblock-New-tiles_01-Hotel-Lobby_Particolare-A-scaled-1-1-1.jpg"", ""https://www.quintessenzaceramiche.it/wp-content/uploads/2025/01/fargblock-v3-scaled-1-683x1024.jpg"", ""https://www.quintessenzaceramiche.it/wp-content/uploads/2025/01/Quintessenza-Ceramiche_Fargblock_Riad-scaled.jpg"", ""https://www.quintessenzaceramiche.it/wp-content/uploads/2025/01/Quintessenza-Ceramiche_Fargblock_Riad_01-scaled.jpg""]",[]
11099,2106,FGB137M,Arancio Matt,https://www.quintessenzaceramiche.it/collezioni/fargblock-15x15/,"[""https://www.quintessenzaceramiche.it/wp-content/uploads/2024/09/FGB137M_FARGBLOCK_arancio-matt_15x15-768x768.jpg"", ""https://www.quintessenzaceramiche.it/wp-content/uploads/2025/01/close-up_Quintessenza_Fargblock-New-tiles_01-Hotel-Lobby_Particolare-A-scaled-1-1-1.jpg"", ""https://www.quintessenzaceramiche.it/wp-content/uploads/2025/01/fargblock-v3-scaled-1-683x1024.jpg"", ""https://www.quintessenzaceramiche.it/wp-content/uploads/2025/01/Quintessenza-Ceramiche_Fargblock_Riad-scaled.jpg"", ""https://www.quintessenzaceramiche.it/wp-content/uploads/2025/01/Quintessenza-Ceramiche_Fargblock_Riad_01-scaled.jpg""]",[]
11100,2106,FGB138M,Cannella Matt,https://www.quintessenzaceramiche.it/collezioni/fargblock-15x15/,"[""https://www.quintessenzaceramiche.it/wp-content/uploads/2024/09/FGB138M_FARGBLOCK_cannella-matt_15x15-768x768.jpg"", ""https://www.quintessenzaceramiche.it/wp-content/uploads/2025/01/close-up_Quintessenza_Fargblock-New-tiles_01-Hotel-Lobby_Particolare-A-scaled-1-1-1.jpg"", ""https://www.quintessenzaceramiche.it/wp-content/uploads/2025/01/fargblock-v3-scaled-1-683x1024.jpg"", ""https://www.quintessenzaceramiche.it/wp-content/uploads/2025/01/Quintessenza-Ceramiche_Fargblock_Riad-scaled.jpg"", ""https://www.quintessenzaceramiche.it/wp-content/uploads/2025/01/Quintessenza-Ceramiche_Fargblock_Riad_01-scaled.jpg""]",[]
11101,2106,FGB139M,Borgogna Matt,https://www.quintessenzaceramiche.it/collezioni/fargblock-15x15/,"[""https://www.quintessenzaceramiche.it/wp-content/uploads/2024/09/FGB139M_FARGBLOCK_borgogna-matt_15x15-768x768.jpg"", ""https://www.quintessenzaceramiche.it/wp-content/uploads/2025/01/close-up_Quintessenza_Fargblock-New-tiles_01-Hotel-Lobby_Particolare-A-scaled-1-1-1.jpg"", ""https://www.quintessenzaceramiche.it/wp-content/uploads/2025/01/fargblock-v3-scaled-1-683x1024.jpg"", ""https://www.quintessenzaceramiche.it/wp-content/uploads/2025/01/Quintessenza-Ceramiche_Fargblock_Riad-scaled.jpg"", ""https://www.quintessenzaceramiche.it/wp-content/uploads/2025/01/Quintessenza-Ceramiche_Fargblock_Riad_01-scaled.jpg""]",[]
11102,2106,FGB140M,Champagne Matt,https://www.quintessenzaceramiche.it/collezioni/fargblock-15x15/,"[""https://www.quintessenzaceramiche.it/wp-content/uploads/2024/09/FGB140M_FARGBLOCK_champagne-matt_15x15-768x768.jpg"", ""https://www.quintessenzaceramiche.it/wp-content/uploads/2025/01/close-up_Quintessenza_Fargblock-New-tiles_01-Hotel-Lobby_Particolare-A-scaled-1-1-1.jpg"", ""https://www.quintessenzaceramiche.it/wp-content/uploads/2025/01/fargblock-v3-scaled-1-683x1024.jpg"", ""https://www.quintessenzaceramiche.it/wp-content/uploads/2025/01/Quintessenza-Ceramiche_Fargblock_Riad-scaled.jpg"", ""https://www.quintessenzaceramiche.it/wp-content/uploads/2025/01/Quintessenza-Ceramiche_Fargblock_Riad_01-scaled.jpg""]",[]
11103,2106,FGB141M,Senape Matt,https://www.quintessenzaceramiche.it/collezioni/fargblock-15x15/,"[""https://www.quintessenzaceramiche.it/wp-content/uploads/2024/09/FGB141M_FARGBLOCK_senape-matt_15x15-768x768.jpg"", ""https://www.quintessenzaceramiche.it/wp-content/uploads/2025/01/close-up_Quintessenza_Fargblock-New-tiles_01-Hotel-Lobby_Particolare-A-scaled-1-1-1.jpg"", ""https://www.quintessenzaceramiche.it/wp-content/uploads/2025/01/fargblock-v3-scaled-1-683x1024.jpg"", ""https://www.quintessenzaceramiche.it/wp-content/uploads/2025/01/Quintessenza-Ceramiche_Fargblock_Riad-scaled.jpg"", ""https://www.quintessenzaceramiche.it/wp-content/uploads/2025/01/Quintessenza-Ceramiche_Fargblock_Riad_01-scaled.jpg""]",[]
11104,2106,FGB134M,Menta Matt,https://www.quintessenzaceramiche.it/collezioni/fargblock-15x15/,"[""https://www.quintessenzaceramiche.it/wp-content/uploads/2024/09/FGB134M_FARGBLOCK_menta-matt_15x15-768x768.jpg"", ""https://www.quintessenzaceramiche.it/wp-content/uploads/2025/01/close-up_Quintessenza_Fargblock-New-tiles_01-Hotel-Lobby_Particolare-A-scaled-1-1-1.jpg"", ""https://www.quintessenzaceramiche.it/wp-content/uploads/2025/01/fargblock-v3-scaled-1-683x1024.jpg"", ""https://www.quintessenzaceramiche.it/wp-content/uploads/2025/01/Quintessenza-Ceramiche_Fargblock_Riad-scaled.jpg"", ""https://www.quintessenzaceramiche.it/wp-content/uploads/2025/01/Quintessenza-Ceramiche_Fargblock_Riad_01-scaled.jpg""]",[]
11105,2106,FGB135M,Smeraldo Matt,https://www.quintessenzaceramiche.it/collezioni/fargblock-15x15/,"[""https://www.quintessenzaceramiche.it/wp-content/uploads/2024/09/FGB135M_FARGBLOCK_smeraldo-matt_15x15-768x768.jpg"", ""https://www.quintessenzaceramiche.it/wp-content/uploads/2025/01/close-up_Quintessenza_Fargblock-New-tiles_01-Hotel-Lobby_Particolare-A-scaled-1-1-1.jpg"", ""https://www.quintessenzaceramiche.it/wp-content/uploads/2025/01/fargblock-v3-scaled-1-683x1024.jpg"", ""https://www.quintessenzaceramiche.it/wp-content/uploads/2025/01/Quintessenza-Ceramiche_Fargblock_Riad-scaled.jpg"", ""https://www.quintessenzaceramiche.it/wp-content/uploads/2025/01/Quintessenza-Ceramiche_Fargblock_Riad_01-scaled.jpg""]",[]
11106,2106,FGB132M,Cielo Matt,https://www.quintessenzaceramiche.it/collezioni/fargblock-15x15/,"[""https://www.quintessenzaceramiche.it/wp-content/uploads/2024/09/FGB132M_FARGBLOCK_cielo-matt_15x15-768x768.jpg"", ""https://www.quintessenzaceramiche.it/wp-content/uploads/2025/01/close-up_Quintessenza_Fargblock-New-tiles_01-Hotel-Lobby_Particolare-A-scaled-1-1-1.jpg"", ""https://www.quintessenzaceramiche.it/wp-content/uploads/2025/01/fargblock-v3-scaled-1-683x1024.jpg"", ""https://www.quintessenzaceramiche.it/wp-content/uploads/2025/01/Quintessenza-Ceramiche_Fargblock_Riad-scaled.jpg"", ""https://www.quintessenzaceramiche.it/wp-content/uploads/2025/01/Quintessenza-Ceramiche_Fargblock_Riad_01-scaled.jpg""]",[]
11107,2106,FGB133M,Oceano Matt,https://www.quintessenzaceramiche.it/collezioni/fargblock-15x15/,"[""https://www.quintessenzaceramiche.it/wp-content/uploads/2024/09/FGB133M_FARGBLOCK_oceano-matt_15x15-768x768.jpg"", ""https://www.quintessenzaceramiche.it/wp-content/uploads/2025/01/close-up_Quintessenza_Fargblock-New-tiles_01-Hotel-Lobby_Particolare-A-scaled-1-1-1.jpg"", ""https://www.quintessenzaceramiche.it/wp-content/uploads/2025/01/fargblock-v3-scaled-1-683x1024.jpg"", ""https://www.quintessenzaceramiche.it/wp-content/uploads/2025/01/Quintessenza-Ceramiche_Fargblock_Riad-scaled.jpg"", ""https://www.quintessenzaceramiche.it/wp-content/uploads/2025/01/Quintessenza-Ceramiche_Fargblock_Riad_01-scaled.jpg""]",[]
11108,2106,FGB129M,Bianco Matt,https://www.quintessenzaceramiche.it/collezioni/fargblock-15x15/,"[""https://www.quintessenzaceramiche.it/wp-content/uploads/2024/09/FGB129M_FARGBLOCK_bianco-matt_15x15-768x768.jpg"", ""https://www.quintessenzaceramiche.it/wp-content/uploads/2025/01/close-up_Quintessenza_Fargblock-New-tiles_01-Hotel-Lobby_Particolare-A-scaled-1-1-1.jpg"", ""https://www.quintessenzaceramiche.it/wp-content/uploads/2025/01/fargblock-v3-scaled-1-683x1024.jpg"", ""https://www.quintessenzaceramiche.it/wp-content/uploads/2025/01/Quintessenza-Ceramiche_Fargblock_Riad-scaled.jpg"", ""https://www.quintessenzaceramiche.it/wp-content/uploads/2025/01/Quintessenza-Ceramiche_Fargblock_Riad_01-scaled.jpg""]",[]
11109,2106,FGB142M,Nero Matt,https://www.quintessenzaceramiche.it/collezioni/fargblock-15x15/,"[""https://www.quintessenzaceramiche.it/wp-content/uploads/2024/09/FGB142M_FARGBLOCK_nero-matt_15x15-768x768.jpg"", ""https://www.quintessenzaceramiche.it/wp-content/uploads/2025/01/close-up_Quintessenza_Fargblock-New-tiles_01-Hotel-Lobby_Particolare-A-scaled-1-1-1.jpg"", ""https://www.quintessenzaceramiche.it/wp-content/uploads/2025/01/fargblock-v3-scaled-1-683x1024.jpg"", ""https://www.quintessenzaceramiche.it/wp-content/uploads/2025/01/Quintessenza-Ceramiche_Fargblock_Riad-scaled.jpg"", ""https://www.quintessenzaceramiche.it/wp-content/uploads/2025/01/Quintessenza-Ceramiche_Fargblock_Riad_01-scaled.jpg""]",[]
11110,2106,FGB303M,Cirkel Out Cenere Matt,https://www.quintessenzaceramiche.it/collezioni/fargblock-15x15/,"[""https://www.quintessenzaceramiche.it/wp-content/uploads/2024/09/FGB303M_FARGBLOCK_cirkel-out-cenere-matt_15x15-768x766.jpg"", ""https://www.quintessenzaceramiche.it/wp-content/uploads/2025/01/close-up_Quintessenza_Fargblock-New-tiles_01-Hotel-Lobby_Particolare-A-scaled-1-1-1.jpg"", ""https://www.quintessenzaceramiche.it/wp-content/uploads/2025/01/fargblock-v3-scaled-1-683x1024.jpg"", ""https://www.quintessenzaceramiche.it/wp-content/uploads/2025/01/Quintessenza-Ceramiche_Fargblock_Riad-scaled.jpg"", ""https://www.quintessenzaceramiche.it/wp-content/uploads/2025/01/Quintessenza-Ceramiche_Fargblock_Riad_01-scaled.jpg""]",[]
11111,2106,FGB302M,Cirkel Out Sabbia Matt,https://www.quintessenzaceramiche.it/collezioni/fargblock-15x15/,"[""https://www.quintessenzaceramiche.it/wp-content/uploads/2024/09/FGB302M_FARGBLOCK_cirkel-out-sabbia-matt_15x15-768x766.jpg"", ""https://www.quintessenzaceramiche.it/wp-content/uploads/2025/01/close-up_Quintessenza_Fargblock-New-tiles_01-Hotel-Lobby_Particolare-A-scaled-1-1-1.jpg"", ""https://www.quintessenzaceramiche.it/wp-content/uploads/2025/01/fargblock-v3-scaled-1-683x1024.jpg"", ""https://www.quintessenzaceramiche.it/wp-content/uploads/2025/01/Quintessenza-Ceramiche_Fargblock_Riad-scaled.jpg"", ""https://www.quintessenzaceramiche.it/wp-content/uploads/2025/01/Quintessenza-Ceramiche_Fargblock_Riad_01-scaled.jpg""]",[]
11112,2106,FGB308M,Cirkel Out Cipria Matt,https://www.quintessenzaceramiche.it/collezioni/fargblock-15x15/,"[""https://www.quintessenzaceramiche.it/wp-content/uploads/2024/09/FGB308M_FARGBLOCK_cirkel-out-cipria-matt_15x15-768x766.jpg"", ""https://www.quintessenzaceramiche.it/wp-content/uploads/2025/01/close-up_Quintessenza_Fargblock-New-tiles_01-Hotel-Lobby_Particolare-A-scaled-1-1-1.jpg"", ""https://www.quintessenzaceramiche.it/wp-content/uploads/2025/01/fargblock-v3-scaled-1-683x1024.jpg"", ""https://www.quintessenzaceramiche.it/wp-content/uploads/2025/01/Quintessenza-Ceramiche_Fargblock_Riad-scaled.jpg"", ""https://www.quintessenzaceramiche.it/wp-content/uploads/2025/01/Quintessenza-Ceramiche_Fargblock_Riad_01-scaled.jpg""]",[]
11113,2106,FGB309M,Cirkel Out Arancio Matt,https://www.quintessenzaceramiche.it/collezioni/fargblock-15x15/,"[""https://www.quintessenzaceramiche.it/wp-content/uploads/2024/09/FGB309M_FARGBLOCK_cirkel-out-arancio-matt_15x15-768x766.jpg"", ""https://www.quintessenzaceramiche.it/wp-content/uploads/2025/01/close-up_Quintessenza_Fargblock-New-tiles_01-Hotel-Lobby_Particolare-A-scaled-1-1-1.jpg"", ""https://www.quintessenzaceramiche.it/wp-content/uploads/2025/01/fargblock-v3-scaled-1-683x1024.jpg"", ""https://www.quintessenzaceramiche.it/wp-content/uploads/2025/01/Quintessenza-Ceramiche_Fargblock_Riad-scaled.jpg"", ""https://www.quintessenzaceramiche.it/wp-content/uploads/2025/01/Quintessenza-Ceramiche_Fargblock_Riad_01-scaled.jpg""]",[]
11114,2106,FGB310M,Cirkel Out Cannella Matt,https://www.quintessenzaceramiche.it/collezioni/fargblock-15x15/,"[""https://www.quintessenzaceramiche.it/wp-content/uploads/2024/09/FGB310M_FARGBLOCK_cirkel-out-cannella-matt_15x15-768x766.jpg"", ""https://www.quintessenzaceramiche.it/wp-content/uploads/2025/01/close-up_Quintessenza_Fargblock-New-tiles_01-Hotel-Lobby_Particolare-A-scaled-1-1-1.jpg"", ""https://www.quintessenzaceramiche.it/wp-content/uploads/2025/01/fargblock-v3-scaled-1-683x1024.jpg"", ""https://www.quintessenzaceramiche.it/wp-content/uploads/2025/01/Quintessenza-Ceramiche_Fargblock_Riad-scaled.jpg"", ""https://www.quintessenzaceramiche.it/wp-content/uploads/2025/01/Quintessenza-Ceramiche_Fargblock_Riad_01-scaled.jpg""]",[]
11115,2106,FGB311M,Cirkel Out Borgogna Matt,https://www.quintessenzaceramiche.it/collezioni/fargblock-15x15/,"[""https://www.quintessenzaceramiche.it/wp-content/uploads/2024/09/FGB311M_FARGBLOCK_cirkel-out-borgogna-matt_15x15-768x766.jpg"", ""https://www.quintessenzaceramiche.it/wp-content/uploads/2025/01/close-up_Quintessenza_Fargblock-New-tiles_01-Hotel-Lobby_Particolare-A-scaled-1-1-1.jpg"", ""https://www.quintessenzaceramiche.it/wp-content/uploads/2025/01/fargblock-v3-scaled-1-683x1024.jpg"", ""https://www.quintessenzaceramiche.it/wp-content/uploads/2025/01/Quintessenza-Ceramiche_Fargblock_Riad-scaled.jpg"", ""https://www.quintessenzaceramiche.it/wp-content/uploads/2025/01/Quintessenza-Ceramiche_Fargblock_Riad_01-scaled.jpg""]",[]
11116,2106,FGB312M,Cirkel Out Champagne Matt,https://www.quintessenzaceramiche.it/collezioni/fargblock-15x15/,"[""https://www.quintessenzaceramiche.it/wp-content/uploads/2024/09/FGB312M_FARGBLOCK_cirkel-out-champagne-matt_15x15-768x766.jpg"", ""https://www.quintessenzaceramiche.it/wp-content/uploads/2025/01/close-up_Quintessenza_Fargblock-New-tiles_01-Hotel-Lobby_Particolare-A-scaled-1-1-1.jpg"", ""https://www.quintessenzaceramiche.it/wp-content/uploads/2025/01/fargblock-v3-scaled-1-683x1024.jpg"", ""https://www.quintessenzaceramiche.it/wp-content/uploads/2025/01/Quintessenza-Ceramiche_Fargblock_Riad-scaled.jpg"", ""https://www.quintessenzaceramiche.it/wp-content/uploads/2025/01/Quintessenza-Ceramiche_Fargblock_Riad_01-scaled.jpg""]",[]
11117,2106,FGB313M,Cirkel Out Senape Matt,https://www.quintessenzaceramiche.it/collezioni/fargblock-15x15/,"[""https://www.quintessenzaceramiche.it/wp-content/uploads/2024/09/FGB313M_FARGBLOCK_cirkel-out-senape-matt_15x15-768x766.jpg"", ""https://www.quintessenzaceramiche.it/wp-content/uploads/2025/01/close-up_Quintessenza_Fargblock-New-tiles_01-Hotel-Lobby_Particolare-A-scaled-1-1-1.jpg"", ""https://www.quintessenzaceramiche.it/wp-content/uploads/2025/01/fargblock-v3-scaled-1-683x1024.jpg"", ""https://www.quintessenzaceramiche.it/wp-content/uploads/2025/01/Quintessenza-Ceramiche_Fargblock_Riad-scaled.jpg"", ""https://www.quintessenzaceramiche.it/wp-content/uploads/2025/01/Quintessenza-Ceramiche_Fargblock_Riad_01-scaled.jpg""]",[]
11118,2106,FGB306M,Cirkel Out Menta Matt,https://www.quintessenzaceramiche.it/collezioni/fargblock-15x15/,"[""https://www.quintessenzaceramiche.it/wp-content/uploads/2024/09/FGB306M_FARGBLOCK_cirkel-out-menta-matt_15x15-768x766.jpg"", ""https://www.quintessenzaceramiche.it/wp-content/uploads/2025/01/close-up_Quintessenza_Fargblock-New-tiles_01-Hotel-Lobby_Particolare-A-scaled-1-1-1.jpg"", ""https://www.quintessenzaceramiche.it/wp-content/uploads/2025/01/fargblock-v3-scaled-1-683x1024.jpg"", ""https://www.quintessenzaceramiche.it/wp-content/uploads/2025/01/Quintessenza-Ceramiche_Fargblock_Riad-scaled.jpg"", ""https://www.quintessenzaceramiche.it/wp-content/uploads/2025/01/Quintessenza-Ceramiche_Fargblock_Riad_01-scaled.jpg""]",[]
11119,2106,FGB307M,Cirkel Out Semraldo Matt,https://www.quintessenzaceramiche.it/collezioni/fargblock-15x15/,"[""https://www.quintessenzaceramiche.it/wp-content/uploads/2024/09/FGB307M_FARGBLOCK_cirkel-out-semraldo-matt_15x15-768x766.jpg"", ""https://www.quintessenzaceramiche.it/wp-content/uploads/2025/01/close-up_Quintessenza_Fargblock-New-tiles_01-Hotel-Lobby_Particolare-A-scaled-1-1-1.jpg"", ""https://www.quintessenzaceramiche.it/wp-content/uploads/2025/01/fargblock-v3-scaled-1-683x1024.jpg"", ""https://www.quintessenzaceramiche.it/wp-content/uploads/2025/01/Quintessenza-Ceramiche_Fargblock_Riad-scaled.jpg"", ""https://www.quintessenzaceramiche.it/wp-content/uploads/2025/01/Quintessenza-Ceramiche_Fargblock_Riad_01-scaled.jpg""]",[]
11120,2106,FGB304M,Cirkel Out Cielo Matt,https://www.quintessenzaceramiche.it/collezioni/fargblock-15x15/,"[""https://www.quintessenzaceramiche.it/wp-content/uploads/2024/09/FGB304M_FARGBLOCK_cirkel-out-cielo-matt_15x15-768x766.jpg"", ""https://www.quintessenzaceramiche.it/wp-content/uploads/2025/01/close-up_Quintessenza_Fargblock-New-tiles_01-Hotel-Lobby_Particolare-A-scaled-1-1-1.jpg"", ""https://www.quintessenzaceramiche.it/wp-content/uploads/2025/01/fargblock-v3-scaled-1-683x1024.jpg"", ""https://www.quintessenzaceramiche.it/wp-content/uploads/2025/01/Quintessenza-Ceramiche_Fargblock_Riad-scaled.jpg"", ""https://www.quintessenzaceramiche.it/wp-content/uploads/2025/01/Quintessenza-Ceramiche_Fargblock_Riad_01-scaled.jpg""]",[]
11121,2106,FGB305M,Cirkel Out Oceano Matt,https://www.quintessenzaceramiche.it/collezioni/fargblock-15x15/,"[""https://www.quintessenzaceramiche.it/wp-content/uploads/2024/09/FGB305M_FARGBLOCK_cirkel-out-oceano-matt_15x15-768x766.jpg"", ""https://www.quintessenzaceramiche.it/wp-content/uploads/2025/01/close-up_Quintessenza_Fargblock-New-tiles_01-Hotel-Lobby_Particolare-A-scaled-1-1-1.jpg"", ""https://www.quintessenzaceramiche.it/wp-content/uploads/2025/01/fargblock-v3-scaled-1-683x1024.jpg"", ""https://www.quintessenzaceramiche.it/wp-content/uploads/2025/01/Quintessenza-Ceramiche_Fargblock_Riad-scaled.jpg"", ""https://www.quintessenzaceramiche.it/wp-content/uploads/2025/01/Quintessenza-Ceramiche_Fargblock_Riad_01-scaled.jpg""]",[]
11122,2106,FGB301M,Cirkel Out Bianco Matt,https://www.quintessenzaceramiche.it/collezioni/fargblock-15x15/,"[""https://www.quintessenzaceramiche.it/wp-content/uploads/2024/09/FGB301M_FARGBLOCK_cirkel-out-bianco-matt_15x15-768x766.jpg"", ""https://www.quintessenzaceramiche.it/wp-content/uploads/2025/01/close-up_Quintessenza_Fargblock-New-tiles_01-Hotel-Lobby_Particolare-A-scaled-1-1-1.jpg"", ""https://www.quintessenzaceramiche.it/wp-content/uploads/2025/01/fargblock-v3-scaled-1-683x1024.jpg"", ""https://www.quintessenzaceramiche.it/wp-content/uploads/2025/01/Quintessenza-Ceramiche_Fargblock_Riad-scaled.jpg"", ""https://www.quintessenzaceramiche.it/wp-content/uploads/2025/01/Quintessenza-Ceramiche_Fargblock_Riad_01-scaled.jpg""]",[]
11123,2106,FGB314M,Cirkel Out Nero Matt,https://www.quintessenzaceramiche.it/collezioni/fargblock-15x15/,"[""https://www.quintessenzaceramiche.it/wp-content/uploads/2024/09/FGB314M_FARGBLOCK_cirkel-out-nero-matt_15x15-768x766.jpg"", ""https://www.quintessenzaceramiche.it/wp-content/uploads/2025/01/close-up_Quintessenza_Fargblock-New-tiles_01-Hotel-Lobby_Particolare-A-scaled-1-1-1.jpg"", ""https://www.quintessenzaceramiche.it/wp-content/uploads/2025/01/fargblock-v3-scaled-1-683x1024.jpg"", ""https://www.quintessenzaceramiche.it/wp-content/uploads/2025/01/Quintessenza-Ceramiche_Fargblock_Riad-scaled.jpg"", ""https://www.quintessenzaceramiche.it/wp-content/uploads/2025/01/Quintessenza-Ceramiche_Fargblock_Riad_01-scaled.jpg""]",[]
11124,2106,FGB317M,Cirkel In Cenere Matt,https://www.quintessenzaceramiche.it/collezioni/fargblock-15x15/,"[""https://www.quintessenzaceramiche.it/wp-content/uploads/2024/09/FGB317M_FARGBLOCK_cirkel-in-cenere-matt_65x135-768x396.jpg"", ""https://www.quintessenzaceramiche.it/wp-content/uploads/2025/01/close-up_Quintessenza_Fargblock-New-tiles_01-Hotel-Lobby_Particolare-A-scaled-1-1-1.jpg"", ""https://www.quintessenzaceramiche.it/wp-content/uploads/2025/01/fargblock-v3-scaled-1-683x1024.jpg"", ""https://www.quintessenzaceramiche.it/wp-content/uploads/2025/01/Quintessenza-Ceramiche_Fargblock_Riad-scaled.jpg"", ""https://www.quintessenzaceramiche.it/wp-content/uploads/2025/01/Quintessenza-Ceramiche_Fargblock_Riad_01-scaled.jpg""]",[]
11125,2106,FGB316M,Cirkel In Sabbia Matt,https://www.quintessenzaceramiche.it/collezioni/fargblock-15x15/,"[""https://www.quintessenzaceramiche.it/wp-content/uploads/2024/09/FGB316M_FARGBLOCK_cirkel-in-sabbia-matt_65x135-768x396.jpg"", ""https://www.quintessenzaceramiche.it/wp-content/uploads/2025/01/close-up_Quintessenza_Fargblock-New-tiles_01-Hotel-Lobby_Particolare-A-scaled-1-1-1.jpg"", ""https://www.quintessenzaceramiche.it/wp-content/uploads/2025/01/fargblock-v3-scaled-1-683x1024.jpg"", ""https://www.quintessenzaceramiche.it/wp-content/uploads/2025/01/Quintessenza-Ceramiche_Fargblock_Riad-scaled.jpg"", ""https://www.quintessenzaceramiche.it/wp-content/uploads/2025/01/Quintessenza-Ceramiche_Fargblock_Riad_01-scaled.jpg""]",[]
11126,2106,FGB323M,Cirkel In Arancio Matt,https://www.quintessenzaceramiche.it/collezioni/fargblock-15x15/,"[""https://www.quintessenzaceramiche.it/wp-content/uploads/2024/09/FGB323M_FARGBLOCK_cirkel-in-arancio-matt_65x135-768x396.jpg"", ""https://www.quintessenzaceramiche.it/wp-content/uploads/2025/01/close-up_Quintessenza_Fargblock-New-tiles_01-Hotel-Lobby_Particolare-A-scaled-1-1-1.jpg"", ""https://www.quintessenzaceramiche.it/wp-content/uploads/2025/01/fargblock-v3-scaled-1-683x1024.jpg"", ""https://www.quintessenzaceramiche.it/wp-content/uploads/2025/01/Quintessenza-Ceramiche_Fargblock_Riad-scaled.jpg"", ""https://www.quintessenzaceramiche.it/wp-content/uploads/2025/01/Quintessenza-Ceramiche_Fargblock_Riad_01-scaled.jpg""]",[]
11127,2106,FGB322M,Cirkel In Cipria Matt,https://www.quintessenzaceramiche.it/collezioni/fargblock-15x15/,"[""https://www.quintessenzaceramiche.it/wp-content/uploads/2024/09/FGB322M_FARGBLOCK_cirkel-in-cipria-matt_65x135-768x396.jpg"", ""https://www.quintessenzaceramiche.it/wp-content/uploads/2025/01/close-up_Quintessenza_Fargblock-New-tiles_01-Hotel-Lobby_Particolare-A-scaled-1-1-1.jpg"", ""https://www.quintessenzaceramiche.it/wp-content/uploads/2025/01/fargblock-v3-scaled-1-683x1024.jpg"", ""https://www.quintessenzaceramiche.it/wp-content/uploads/2025/01/Quintessenza-Ceramiche_Fargblock_Riad-scaled.jpg"", ""https://www.quintessenzaceramiche.it/wp-content/uploads/2025/01/Quintessenza-Ceramiche_Fargblock_Riad_01-scaled.jpg""]",[]
11128,2106,FGB324M,Cirkel In Cannella Matt,https://www.quintessenzaceramiche.it/collezioni/fargblock-15x15/,"[""https://www.quintessenzaceramiche.it/wp-content/uploads/2024/09/FGB324M_FARGBLOCK_cirkel-in-cannella-matt_65x135-768x396.jpg"", ""https://www.quintessenzaceramiche.it/wp-content/uploads/2025/01/close-up_Quintessenza_Fargblock-New-tiles_01-Hotel-Lobby_Particolare-A-scaled-1-1-1.jpg"", ""https://www.quintessenzaceramiche.it/wp-content/uploads/2025/01/fargblock-v3-scaled-1-683x1024.jpg"", ""https://www.quintessenzaceramiche.it/wp-content/uploads/2025/01/Quintessenza-Ceramiche_Fargblock_Riad-scaled.jpg"", ""https://www.quintessenzaceramiche.it/wp-content/uploads/2025/01/Quintessenza-Ceramiche_Fargblock_Riad_01-scaled.jpg""]",[]
11129,2106,FGB325M,Cirkel In Borgogna Matt,https://www.quintessenzaceramiche.it/collezioni/fargblock-15x15/,"[""https://www.quintessenzaceramiche.it/wp-content/uploads/2024/09/FGB325M_FARGBLOCK_cirkel-in-borgogna-matt_65x135-768x396.jpg"", ""https://www.quintessenzaceramiche.it/wp-content/uploads/2025/01/close-up_Quintessenza_Fargblock-New-tiles_01-Hotel-Lobby_Particolare-A-scaled-1-1-1.jpg"", ""https://www.quintessenzaceramiche.it/wp-content/uploads/2025/01/fargblock-v3-scaled-1-683x1024.jpg"", ""https://www.quintessenzaceramiche.it/wp-content/uploads/2025/01/Quintessenza-Ceramiche_Fargblock_Riad-scaled.jpg"", ""https://www.quintessenzaceramiche.it/wp-content/uploads/2025/01/Quintessenza-Ceramiche_Fargblock_Riad_01-scaled.jpg""]",[]
11130,2106,FGB326M,Cirkel In Champagne Matt,https://www.quintessenzaceramiche.it/collezioni/fargblock-15x15/,"[""https://www.quintessenzaceramiche.it/wp-content/uploads/2024/09/FGB326M_FARGBLOCK_cirkel-in-champagne-matt_65x135-768x396.jpg"", ""https://www.quintessenzaceramiche.it/wp-content/uploads/2025/01/close-up_Quintessenza_Fargblock-New-tiles_01-Hotel-Lobby_Particolare-A-scaled-1-1-1.jpg"", ""https://www.quintessenzaceramiche.it/wp-content/uploads/2025/01/fargblock-v3-scaled-1-683x1024.jpg"", ""https://www.quintessenzaceramiche.it/wp-content/uploads/2025/01/Quintessenza-Ceramiche_Fargblock_Riad-scaled.jpg"", ""https://www.quintessenzaceramiche.it/wp-content/uploads/2025/01/Quintessenza-Ceramiche_Fargblock_Riad_01-scaled.jpg""]",[]
11131,2106,FGB327M,Cirkel In Senape Matt,https://www.quintessenzaceramiche.it/collezioni/fargblock-15x15/,"[""https://www.quintessenzaceramiche.it/wp-content/uploads/2024/09/FGB327M_FARGBLOCK_cirkel-in-senape-matt_65x135-768x396.jpg"", ""https://www.quintessenzaceramiche.it/wp-content/uploads/2025/01/close-up_Quintessenza_Fargblock-New-tiles_01-Hotel-Lobby_Particolare-A-scaled-1-1-1.jpg"", ""https://www.quintessenzaceramiche.it/wp-content/uploads/2025/01/fargblock-v3-scaled-1-683x1024.jpg"", ""https://www.quintessenzaceramiche.it/wp-content/uploads/2025/01/Quintessenza-Ceramiche_Fargblock_Riad-scaled.jpg"", ""https://www.quintessenzaceramiche.it/wp-content/uploads/2025/01/Quintessenza-Ceramiche_Fargblock_Riad_01-scaled.jpg""]",[]
11132,2106,FGB320M,Cirkel In Menta Matt,https://www.quintessenzaceramiche.it/collezioni/fargblock-15x15/,"[""https://www.quintessenzaceramiche.it/wp-content/uploads/2024/09/FGB320M_FARGBLOCK_cirkel-in-menta-matt_65x135-768x396.jpg"", ""https://www.quintessenzaceramiche.it/wp-content/uploads/2025/01/close-up_Quintessenza_Fargblock-New-tiles_01-Hotel-Lobby_Particolare-A-scaled-1-1-1.jpg"", ""https://www.quintessenzaceramiche.it/wp-content/uploads/2025/01/fargblock-v3-scaled-1-683x1024.jpg"", ""https://www.quintessenzaceramiche.it/wp-content/uploads/2025/01/Quintessenza-Ceramiche_Fargblock_Riad-scaled.jpg"", ""https://www.quintessenzaceramiche.it/wp-content/uploads/2025/01/Quintessenza-Ceramiche_Fargblock_Riad_01-scaled.jpg""]",[]
11133,2106,FGB321M,Cirkel In Smeraldo Matt,https://www.quintessenzaceramiche.it/collezioni/fargblock-15x15/,"[""https://www.quintessenzaceramiche.it/wp-content/uploads/2024/09/FGB321M_FARGBLOCK_cirkel-in-smeraldo-matt_65x135-768x396.jpg"", ""https://www.quintessenzaceramiche.it/wp-content/uploads/2025/01/close-up_Quintessenza_Fargblock-New-tiles_01-Hotel-Lobby_Particolare-A-scaled-1-1-1.jpg"", ""https://www.quintessenzaceramiche.it/wp-content/uploads/2025/01/fargblock-v3-scaled-1-683x1024.jpg"", ""https://www.quintessenzaceramiche.it/wp-content/uploads/2025/01/Quintessenza-Ceramiche_Fargblock_Riad-scaled.jpg"", ""https://www.quintessenzaceramiche.it/wp-content/uploads/2025/01/Quintessenza-Ceramiche_Fargblock_Riad_01-scaled.jpg""]",[]
11134,2106,FGB318M,Cirkel In Cielo Matt,https://www.quintessenzaceramiche.it/collezioni/fargblock-15x15/,"[""https://www.quintessenzaceramiche.it/wp-content/uploads/2024/09/FGB318M_FARGBLOCK_cirkel-in-cielo-matt_65x135-768x396.jpg"", ""https://www.quintessenzaceramiche.it/wp-content/uploads/2025/01/close-up_Quintessenza_Fargblock-New-tiles_01-Hotel-Lobby_Particolare-A-scaled-1-1-1.jpg"", ""https://www.quintessenzaceramiche.it/wp-content/uploads/2025/01/fargblock-v3-scaled-1-683x1024.jpg"", ""https://www.quintessenzaceramiche.it/wp-content/uploads/2025/01/Quintessenza-Ceramiche_Fargblock_Riad-scaled.jpg"", ""https://www.quintessenzaceramiche.it/wp-content/uploads/2025/01/Quintessenza-Ceramiche_Fargblock_Riad_01-scaled.jpg""]",[]
11135,2106,FGB319M,Cirkel In Oceano Matt,https://www.quintessenzaceramiche.it/collezioni/fargblock-15x15/,"[""https://www.quintessenzaceramiche.it/wp-content/uploads/2024/09/FGB319M_FARGBLOCK_cirkel-in-oceano-matt_65x135-768x396.jpg"", ""https://www.quintessenzaceramiche.it/wp-content/uploads/2025/01/close-up_Quintessenza_Fargblock-New-tiles_01-Hotel-Lobby_Particolare-A-scaled-1-1-1.jpg"", ""https://www.quintessenzaceramiche.it/wp-content/uploads/2025/01/fargblock-v3-scaled-1-683x1024.jpg"", ""https://www.quintessenzaceramiche.it/wp-content/uploads/2025/01/Quintessenza-Ceramiche_Fargblock_Riad-scaled.jpg"", ""https://www.quintessenzaceramiche.it/wp-content/uploads/2025/01/Quintessenza-Ceramiche_Fargblock_Riad_01-scaled.jpg""]",[]
11136,2106,FGB315M,Cirkel In Bianco Matt,https://www.quintessenzaceramiche.it/collezioni/fargblock-15x15/,"[""https://www.quintessenzaceramiche.it/wp-content/uploads/2024/09/FGB315M_FARGBLOCK_cirkel-in-bianco-matt_65x135-768x396.jpg"", ""https://www.quintessenzaceramiche.it/wp-content/uploads/2025/01/close-up_Quintessenza_Fargblock-New-tiles_01-Hotel-Lobby_Particolare-A-scaled-1-1-1.jpg"", ""https://www.quintessenzaceramiche.it/wp-content/uploads/2025/01/fargblock-v3-scaled-1-683x1024.jpg"", ""https://www.quintessenzaceramiche.it/wp-content/uploads/2025/01/Quintessenza-Ceramiche_Fargblock_Riad-scaled.jpg"", ""https://www.quintessenzaceramiche.it/wp-content/uploads/2025/01/Quintessenza-Ceramiche_Fargblock_Riad_01-scaled.jpg""]",[]
11137,2106,FGB328M,Cirkel In Nero Matt,https://www.quintessenzaceramiche.it/collezioni/fargblock-15x15/,"[""https://www.quintessenzaceramiche.it/wp-content/uploads/2024/09/FGB328M_FARGBLOCK_cirkel-in-nero-matt_65x135-768x396.jpg"", ""https://www.quintessenzaceramiche.it/wp-content/uploads/2025/01/close-up_Quintessenza_Fargblock-New-tiles_01-Hotel-Lobby_Particolare-A-scaled-1-1-1.jpg"", ""https://www.quintessenzaceramiche.it/wp-content/uploads/2025/01/fargblock-v3-scaled-1-683x1024.jpg"", ""https://www.quintessenzaceramiche.it/wp-content/uploads/2025/01/Quintessenza-Ceramiche_Fargblock_Riad-scaled.jpg"", ""https://www.quintessenzaceramiche.it/wp-content/uploads/2025/01/Quintessenza-Ceramiche_Fargblock_Riad_01-scaled.jpg""]",[]
11138,2107,FGB121M,Cipria Matt,https://www.quintessenzaceramiche.it/collezioni/fargblock-matt/,"[""https://www.quintessenzaceramiche.it/wp-content/uploads/2022/09/FGB121M_fargblock_cipria-matt_5x15-scaled-1.jpg"", ""https://www.quintessenzaceramiche.it/wp-content/uploads/2022/10/Quintesssenza_Fargblock_05-Cucina_Particolare-B-scaled.jpg"", ""https://www.quintessenzaceramiche.it/wp-content/uploads/2025/01/Quintessenza-Ceramiche-Fargblock-Still-Life-7-scaled-1-1-683x1024.jpg"", ""https://www.quintessenzaceramiche.it/wp-content/uploads/2025/01/Quintessenza-Ceramiche_Fargblock_Bagno-piccolo-scaled.jpg"", ""https://www.quintessenzaceramiche.it/wp-content/uploads/2025/05/Quintessenza-Ceramiche_Fargblock_Bagno-piccolo_01-scaled.jpg""]",[]
11139,2107,FGB122M,Arancio Matt,https://www.quintessenzaceramiche.it/collezioni/fargblock-matt/,"[""https://www.quintessenzaceramiche.it/wp-content/uploads/2022/09/FGB122M_fargblock_arancio-matt_5x15-scaled-1.jpg"", ""https://www.quintessenzaceramiche.it/wp-content/uploads/2022/10/Quintesssenza_Fargblock_05-Cucina_Particolare-B-scaled.jpg"", ""https://www.quintessenzaceramiche.it/wp-content/uploads/2025/01/Quintessenza-Ceramiche-Fargblock-Still-Life-7-scaled-1-1-683x1024.jpg"", ""https://www.quintessenzaceramiche.it/wp-content/uploads/2025/01/Quintessenza-Ceramiche_Fargblock_Bagno-piccolo-scaled.jpg"", ""https://www.quintessenzaceramiche.it/wp-content/uploads/2025/05/Quintessenza-Ceramiche_Fargblock_Bagno-piccolo_01-scaled.jpg""]",[]
11140,2107,FGB123M,Cannella Matt,https://www.quintessenzaceramiche.it/collezioni/fargblock-matt/,"[""https://www.quintessenzaceramiche.it/wp-content/uploads/2022/09/FGB123M_fargblock_cannella-matt_5x15-scaled-1.jpg"", ""https://www.quintessenzaceramiche.it/wp-content/uploads/2022/10/Quintesssenza_Fargblock_05-Cucina_Particolare-B-scaled.jpg"", ""https://www.quintessenzaceramiche.it/wp-content/uploads/2025/01/Quintessenza-Ceramiche-Fargblock-Still-Life-7-scaled-1-1-683x1024.jpg"", ""https://www.quintessenzaceramiche.it/wp-content/uploads/2025/01/Quintessenza-Ceramiche_Fargblock_Bagno-piccolo-scaled.jpg"", ""https://www.quintessenzaceramiche.it/wp-content/uploads/2025/05/Quintessenza-Ceramiche_Fargblock_Bagno-piccolo_01-scaled.jpg""]",[]
11141,2107,FGB124M,Borgogna Matt,https://www.quintessenzaceramiche.it/collezioni/fargblock-matt/,"[""https://www.quintessenzaceramiche.it/wp-content/uploads/2022/09/FGB124M_fargblock_borgogna-matt_5x15-scaled-1.jpg"", ""https://www.quintessenzaceramiche.it/wp-content/uploads/2022/10/Quintesssenza_Fargblock_05-Cucina_Particolare-B-scaled.jpg"", ""https://www.quintessenzaceramiche.it/wp-content/uploads/2025/01/Quintessenza-Ceramiche-Fargblock-Still-Life-7-scaled-1-1-683x1024.jpg"", ""https://www.quintessenzaceramiche.it/wp-content/uploads/2025/01/Quintessenza-Ceramiche_Fargblock_Bagno-piccolo-scaled.jpg"", ""https://www.quintessenzaceramiche.it/wp-content/uploads/2025/05/Quintessenza-Ceramiche_Fargblock_Bagno-piccolo_01-scaled.jpg""]",[]
11142,2107,FGB125M,Champagne Matt,https://www.quintessenzaceramiche.it/collezioni/fargblock-matt/,"[""https://www.quintessenzaceramiche.it/wp-content/uploads/2022/09/FGB125M_fargblock_champagne-matt_5x15-scaled-1.jpg"", ""https://www.quintessenzaceramiche.it/wp-content/uploads/2022/10/Quintesssenza_Fargblock_05-Cucina_Particolare-B-scaled.jpg"", ""https://www.quintessenzaceramiche.it/wp-content/uploads/2025/01/Quintessenza-Ceramiche-Fargblock-Still-Life-7-scaled-1-1-683x1024.jpg"", ""https://www.quintessenzaceramiche.it/wp-content/uploads/2025/01/Quintessenza-Ceramiche_Fargblock_Bagno-piccolo-scaled.jpg"", ""https://www.quintessenzaceramiche.it/wp-content/uploads/2025/05/Quintessenza-Ceramiche_Fargblock_Bagno-piccolo_01-scaled.jpg""]",[]
11143,2107,FGB126M,Senape Matt,https://www.quintessenzaceramiche.it/collezioni/fargblock-matt/,"[""https://www.quintessenzaceramiche.it/wp-content/uploads/2022/09/FGB126M_fargblock_senape-matt_5x15-scaled-1.jpg"", ""https://www.quintessenzaceramiche.it/wp-content/uploads/2022/10/Quintesssenza_Fargblock_05-Cucina_Particolare-B-scaled.jpg"", ""https://www.quintessenzaceramiche.it/wp-content/uploads/2025/01/Quintessenza-Ceramiche-Fargblock-Still-Life-7-scaled-1-1-683x1024.jpg"", ""https://www.quintessenzaceramiche.it/wp-content/uploads/2025/01/Quintessenza-Ceramiche_Fargblock_Bagno-piccolo-scaled.jpg"", ""https://www.quintessenzaceramiche.it/wp-content/uploads/2025/05/Quintessenza-Ceramiche_Fargblock_Bagno-piccolo_01-scaled.jpg""]",[]
11144,2107,FGB119M,Menta Matt,https://www.quintessenzaceramiche.it/collezioni/fargblock-matt/,"[""https://www.quintessenzaceramiche.it/wp-content/uploads/2022/09/FGB119M_fargblock_menta-matt_5x15-scaled-1.jpg"", ""https://www.quintessenzaceramiche.it/wp-content/uploads/2022/10/Quintesssenza_Fargblock_05-Cucina_Particolare-B-scaled.jpg"", ""https://www.quintessenzaceramiche.it/wp-content/uploads/2025/01/Quintessenza-Ceramiche-Fargblock-Still-Life-7-scaled-1-1-683x1024.jpg"", ""https://www.quintessenzaceramiche.it/wp-content/uploads/2025/01/Quintessenza-Ceramiche_Fargblock_Bagno-piccolo-scaled.jpg"", ""https://www.quintessenzaceramiche.it/wp-content/uploads/2025/05/Quintessenza-Ceramiche_Fargblock_Bagno-piccolo_01-scaled.jpg""]",[]
11145,2107,FGB120M,Smeraldo Matt,https://www.quintessenzaceramiche.it/collezioni/fargblock-matt/,"[""https://www.quintessenzaceramiche.it/wp-content/uploads/2022/09/FGB120M_fargblock_smeraldo-matt_5x15-scaled-1.jpg"", ""https://www.quintessenzaceramiche.it/wp-content/uploads/2022/10/Quintesssenza_Fargblock_05-Cucina_Particolare-B-scaled.jpg"", ""https://www.quintessenzaceramiche.it/wp-content/uploads/2025/01/Quintessenza-Ceramiche-Fargblock-Still-Life-7-scaled-1-1-683x1024.jpg"", ""https://www.quintessenzaceramiche.it/wp-content/uploads/2025/01/Quintessenza-Ceramiche_Fargblock_Bagno-piccolo-scaled.jpg"", ""https://www.quintessenzaceramiche.it/wp-content/uploads/2025/05/Quintessenza-Ceramiche_Fargblock_Bagno-piccolo_01-scaled.jpg""]",[]
11146,2107,FGB115M,Sabbia Matt,https://www.quintessenzaceramiche.it/collezioni/fargblock-matt/,"[""https://www.quintessenzaceramiche.it/wp-content/uploads/2022/09/FGB115M_fargblock_sabbia-matt_5x15-scaled-1.jpg"", ""https://www.quintessenzaceramiche.it/wp-content/uploads/2022/10/Quintesssenza_Fargblock_05-Cucina_Particolare-B-scaled.jpg"", ""https://www.quintessenzaceramiche.it/wp-content/uploads/2025/01/Quintessenza-Ceramiche-Fargblock-Still-Life-7-scaled-1-1-683x1024.jpg"", ""https://www.quintessenzaceramiche.it/wp-content/uploads/2025/01/Quintessenza-Ceramiche_Fargblock_Bagno-piccolo-scaled.jpg"", ""https://www.quintessenzaceramiche.it/wp-content/uploads/2025/05/Quintessenza-Ceramiche_Fargblock_Bagno-piccolo_01-scaled.jpg""]",[]
11147,2107,FGB116M,Cenere Matt,https://www.quintessenzaceramiche.it/collezioni/fargblock-matt/,"[""https://www.quintessenzaceramiche.it/wp-content/uploads/2022/09/FGB116M_fargblock_cenere-matt_5x15-scaled-1.jpg"", ""https://www.quintessenzaceramiche.it/wp-content/uploads/2022/10/Quintesssenza_Fargblock_05-Cucina_Particolare-B-scaled.jpg"", ""https://www.quintessenzaceramiche.it/wp-content/uploads/2025/01/Quintessenza-Ceramiche-Fargblock-Still-Life-7-scaled-1-1-683x1024.jpg"", ""https://www.quintessenzaceramiche.it/wp-content/uploads/2025/01/Quintessenza-Ceramiche_Fargblock_Bagno-piccolo-scaled.jpg"", ""https://www.quintessenzaceramiche.it/wp-content/uploads/2025/05/Quintessenza-Ceramiche_Fargblock_Bagno-piccolo_01-scaled.jpg""]",[]
11148,2107,FGB117M,Cielo Matt,https://www.quintessenzaceramiche.it/collezioni/fargblock-matt/,"[""https://www.quintessenzaceramiche.it/wp-content/uploads/2022/09/FGB117M_fargblock_cielo-matt_5x15-scaled-2.jpg"", ""https://www.quintessenzaceramiche.it/wp-content/uploads/2022/10/Quintesssenza_Fargblock_05-Cucina_Particolare-B-scaled.jpg"", ""https://www.quintessenzaceramiche.it/wp-content/uploads/2025/01/Quintessenza-Ceramiche-Fargblock-Still-Life-7-scaled-1-1-683x1024.jpg"", ""https://www.quintessenzaceramiche.it/wp-content/uploads/2025/01/Quintessenza-Ceramiche_Fargblock_Bagno-piccolo-scaled.jpg"", ""https://www.quintessenzaceramiche.it/wp-content/uploads/2025/05/Quintessenza-Ceramiche_Fargblock_Bagno-piccolo_01-scaled.jpg""]",[]
11149,2107,FGB118M,Oceano Matt,https://www.quintessenzaceramiche.it/collezioni/fargblock-matt/,"[""https://www.quintessenzaceramiche.it/wp-content/uploads/2022/09/FGB118M_fargblock_oceano-matt_5x15-scaled-1.jpg"", ""https://www.quintessenzaceramiche.it/wp-content/uploads/2022/10/Quintesssenza_Fargblock_05-Cucina_Particolare-B-scaled.jpg"", ""https://www.quintessenzaceramiche.it/wp-content/uploads/2025/01/Quintessenza-Ceramiche-Fargblock-Still-Life-7-scaled-1-1-683x1024.jpg"", ""https://www.quintessenzaceramiche.it/wp-content/uploads/2025/01/Quintessenza-Ceramiche_Fargblock_Bagno-piccolo-scaled.jpg"", ""https://www.quintessenzaceramiche.it/wp-content/uploads/2025/05/Quintessenza-Ceramiche_Fargblock_Bagno-piccolo_01-scaled.jpg""]",[]
11150,2107,FGB114M,Bianco Matt,https://www.quintessenzaceramiche.it/collezioni/fargblock-matt/,"[""https://www.quintessenzaceramiche.it/wp-content/uploads/2022/09/FGB114M_fargblock_bianco-matt_5x15-scaled-1.jpg"", ""https://www.quintessenzaceramiche.it/wp-content/uploads/2022/10/Quintesssenza_Fargblock_05-Cucina_Particolare-B-scaled.jpg"", ""https://www.quintessenzaceramiche.it/wp-content/uploads/2025/01/Quintessenza-Ceramiche-Fargblock-Still-Life-7-scaled-1-1-683x1024.jpg"", ""https://www.quintessenzaceramiche.it/wp-content/uploads/2025/01/Quintessenza-Ceramiche_Fargblock_Bagno-piccolo-scaled.jpg"", ""https://www.quintessenzaceramiche.it/wp-content/uploads/2025/05/Quintessenza-Ceramiche_Fargblock_Bagno-piccolo_01-scaled.jpg""]",[]
11151,2107,FGB128M,Nero Matt,https://www.quintessenzaceramiche.it/collezioni/fargblock-matt/,"[""https://www.quintessenzaceramiche.it/wp-content/uploads/2023/09/FGB128M_fargblock_nero-matt_5x15.jpg"", ""https://www.quintessenzaceramiche.it/wp-content/uploads/2022/10/Quintesssenza_Fargblock_05-Cucina_Particolare-B-scaled.jpg"", ""https://www.quintessenzaceramiche.it/wp-content/uploads/2025/01/Quintessenza-Ceramiche-Fargblock-Still-Life-7-scaled-1-1-683x1024.jpg"", ""https://www.quintessenzaceramiche.it/wp-content/uploads/2025/01/Quintessenza-Ceramiche_Fargblock_Bagno-piccolo-scaled.jpg"", ""https://www.quintessenzaceramiche.it/wp-content/uploads/2025/05/Quintessenza-Ceramiche_Fargblock_Bagno-piccolo_01-scaled.jpg""]",[]
11152,2107,FGB108L,Cipria Lucido,https://www.quintessenzaceramiche.it/collezioni/fargblock-matt/,"[""https://www.quintessenzaceramiche.it/wp-content/uploads/2023/09/FGB108L_FARGBLOCK_cipria-lucido_5x15.jpeg"", ""https://www.quintessenzaceramiche.it/wp-content/uploads/2022/10/Quintesssenza_Fargblock_05-Cucina_Particolare-B-scaled.jpg"", ""https://www.quintessenzaceramiche.it/wp-content/uploads/2025/01/Quintessenza-Ceramiche-Fargblock-Still-Life-7-scaled-1-1-683x1024.jpg"", ""https://www.quintessenzaceramiche.it/wp-content/uploads/2025/01/Quintessenza-Ceramiche_Fargblock_Bagno-piccolo-scaled.jpg"", ""https://www.quintessenzaceramiche.it/wp-content/uploads/2025/05/Quintessenza-Ceramiche_Fargblock_Bagno-piccolo_01-scaled.jpg""]",[]
11153,2107,FGB109L,Arancio Lucido,https://www.quintessenzaceramiche.it/collezioni/fargblock-matt/,"[""https://www.quintessenzaceramiche.it/wp-content/uploads/2023/09/FGB109L_FARGBLOCK_arancio-lucido_5x15.jpeg"", ""https://www.quintessenzaceramiche.it/wp-content/uploads/2022/10/Quintesssenza_Fargblock_05-Cucina_Particolare-B-scaled.jpg"", ""https://www.quintessenzaceramiche.it/wp-content/uploads/2025/01/Quintessenza-Ceramiche-Fargblock-Still-Life-7-scaled-1-1-683x1024.jpg"", ""https://www.quintessenzaceramiche.it/wp-content/uploads/2025/01/Quintessenza-Ceramiche_Fargblock_Bagno-piccolo-scaled.jpg"", ""https://www.quintessenzaceramiche.it/wp-content/uploads/2025/05/Quintessenza-Ceramiche_Fargblock_Bagno-piccolo_01-scaled.jpg""]",[]
11154,2107,FGB110L,Cannella Lucido,https://www.quintessenzaceramiche.it/collezioni/fargblock-matt/,"[""https://www.quintessenzaceramiche.it/wp-content/uploads/2023/09/FGB110L_FARGBLOCK_cannella-lucido_5x15.jpeg"", ""https://www.quintessenzaceramiche.it/wp-content/uploads/2022/10/Quintesssenza_Fargblock_05-Cucina_Particolare-B-scaled.jpg"", ""https://www.quintessenzaceramiche.it/wp-content/uploads/2025/01/Quintessenza-Ceramiche-Fargblock-Still-Life-7-scaled-1-1-683x1024.jpg"", ""https://www.quintessenzaceramiche.it/wp-content/uploads/2025/01/Quintessenza-Ceramiche_Fargblock_Bagno-piccolo-scaled.jpg"", ""https://www.quintessenzaceramiche.it/wp-content/uploads/2025/05/Quintessenza-Ceramiche_Fargblock_Bagno-piccolo_01-scaled.jpg""]",[]
11155,2107,FGB111L,Borgogna Lucido,https://www.quintessenzaceramiche.it/collezioni/fargblock-matt/,"[""https://www.quintessenzaceramiche.it/wp-content/uploads/2023/09/FGB111L_FARGBLOCK_borgogna-lucido_5x15.jpg"", ""https://www.quintessenzaceramiche.it/wp-content/uploads/2022/10/Quintesssenza_Fargblock_05-Cucina_Particolare-B-scaled.jpg"", ""https://www.quintessenzaceramiche.it/wp-content/uploads/2025/01/Quintessenza-Ceramiche-Fargblock-Still-Life-7-scaled-1-1-683x1024.jpg"", ""https://www.quintessenzaceramiche.it/wp-content/uploads/2025/01/Quintessenza-Ceramiche_Fargblock_Bagno-piccolo-scaled.jpg"", ""https://www.quintessenzaceramiche.it/wp-content/uploads/2025/05/Quintessenza-Ceramiche_Fargblock_Bagno-piccolo_01-scaled.jpg""]",[]
11156,2107,FGB112L,Champagne Lucido,https://www.quintessenzaceramiche.it/collezioni/fargblock-matt/,"[""https://www.quintessenzaceramiche.it/wp-content/uploads/2023/09/FGB112L_FARGBLOCK_champagne-lucido_5x15.jpg"", ""https://www.quintessenzaceramiche.it/wp-content/uploads/2022/10/Quintesssenza_Fargblock_05-Cucina_Particolare-B-scaled.jpg"", ""https://www.quintessenzaceramiche.it/wp-content/uploads/2025/01/Quintessenza-Ceramiche-Fargblock-Still-Life-7-scaled-1-1-683x1024.jpg"", ""https://www.quintessenzaceramiche.it/wp-content/uploads/2025/01/Quintessenza-Ceramiche_Fargblock_Bagno-piccolo-scaled.jpg"", ""https://www.quintessenzaceramiche.it/wp-content/uploads/2025/05/Quintessenza-Ceramiche_Fargblock_Bagno-piccolo_01-scaled.jpg""]",[]
11157,2107,FGB113L,Senape Lucido,https://www.quintessenzaceramiche.it/collezioni/fargblock-matt/,"[""https://www.quintessenzaceramiche.it/wp-content/uploads/2023/09/FGB113L_FARGBLOCK_senape-lucido_5x15.jpg"", ""https://www.quintessenzaceramiche.it/wp-content/uploads/2022/10/Quintesssenza_Fargblock_05-Cucina_Particolare-B-scaled.jpg"", ""https://www.quintessenzaceramiche.it/wp-content/uploads/2025/01/Quintessenza-Ceramiche-Fargblock-Still-Life-7-scaled-1-1-683x1024.jpg"", ""https://www.quintessenzaceramiche.it/wp-content/uploads/2025/01/Quintessenza-Ceramiche_Fargblock_Bagno-piccolo-scaled.jpg"", ""https://www.quintessenzaceramiche.it/wp-content/uploads/2025/05/Quintessenza-Ceramiche_Fargblock_Bagno-piccolo_01-scaled.jpg""]",[]
11158,2107,FGB106L,Menta Lucido,https://www.quintessenzaceramiche.it/collezioni/fargblock-matt/,"[""https://www.quintessenzaceramiche.it/wp-content/uploads/2023/09/FGB106L_FARGBLOCK_menta-lucido_5x15.jpg"", ""https://www.quintessenzaceramiche.it/wp-content/uploads/2022/10/Quintesssenza_Fargblock_05-Cucina_Particolare-B-scaled.jpg"", ""https://www.quintessenzaceramiche.it/wp-content/uploads/2025/01/Quintessenza-Ceramiche-Fargblock-Still-Life-7-scaled-1-1-683x1024.jpg"", ""https://www.quintessenzaceramiche.it/wp-content/uploads/2025/01/Quintessenza-Ceramiche_Fargblock_Bagno-piccolo-scaled.jpg"", ""https://www.quintessenzaceramiche.it/wp-content/uploads/2025/05/Quintessenza-Ceramiche_Fargblock_Bagno-piccolo_01-scaled.jpg""]",[]
11159,2107,FGB107L,Smeraldo Lucido,https://www.quintessenzaceramiche.it/collezioni/fargblock-matt/,"[""https://www.quintessenzaceramiche.it/wp-content/uploads/2023/09/FGB107L_FARGBLOCK_smeraldo-lucido_5x15.jpg"", ""https://www.quintessenzaceramiche.it/wp-content/uploads/2022/10/Quintesssenza_Fargblock_05-Cucina_Particolare-B-scaled.jpg"", ""https://www.quintessenzaceramiche.it/wp-content/uploads/2025/01/Quintessenza-Ceramiche-Fargblock-Still-Life-7-scaled-1-1-683x1024.jpg"", ""https://www.quintessenzaceramiche.it/wp-content/uploads/2025/01/Quintessenza-Ceramiche_Fargblock_Bagno-piccolo-scaled.jpg"", ""https://www.quintessenzaceramiche.it/wp-content/uploads/2025/05/Quintessenza-Ceramiche_Fargblock_Bagno-piccolo_01-scaled.jpg""]",[]
11160,2107,FGB102L,Sabbia Lucido,https://www.quintessenzaceramiche.it/collezioni/fargblock-matt/,"[""https://www.quintessenzaceramiche.it/wp-content/uploads/2023/09/FGB102L_FARGBLOCK_sabbia-lucido_5x15.jpg"", ""https://www.quintessenzaceramiche.it/wp-content/uploads/2022/10/Quintesssenza_Fargblock_05-Cucina_Particolare-B-scaled.jpg"", ""https://www.quintessenzaceramiche.it/wp-content/uploads/2025/01/Quintessenza-Ceramiche-Fargblock-Still-Life-7-scaled-1-1-683x1024.jpg"", ""https://www.quintessenzaceramiche.it/wp-content/uploads/2025/01/Quintessenza-Ceramiche_Fargblock_Bagno-piccolo-scaled.jpg"", ""https://www.quintessenzaceramiche.it/wp-content/uploads/2025/05/Quintessenza-Ceramiche_Fargblock_Bagno-piccolo_01-scaled.jpg""]",[]
11161,2107,FGB103L,Cenere Lucido,https://www.quintessenzaceramiche.it/collezioni/fargblock-matt/,"[""https://www.quintessenzaceramiche.it/wp-content/uploads/2023/09/FGB103L_FARGBLOCK_cenere-lucido_5x15.jpg"", ""https://www.quintessenzaceramiche.it/wp-content/uploads/2022/10/Quintesssenza_Fargblock_05-Cucina_Particolare-B-scaled.jpg"", ""https://www.quintessenzaceramiche.it/wp-content/uploads/2025/01/Quintessenza-Ceramiche-Fargblock-Still-Life-7-scaled-1-1-683x1024.jpg"", ""https://www.quintessenzaceramiche.it/wp-content/uploads/2025/01/Quintessenza-Ceramiche_Fargblock_Bagno-piccolo-scaled.jpg"", ""https://www.quintessenzaceramiche.it/wp-content/uploads/2025/05/Quintessenza-Ceramiche_Fargblock_Bagno-piccolo_01-scaled.jpg""]",[]
11162,2107,FGB104L,Cielo Lucido,https://www.quintessenzaceramiche.it/collezioni/fargblock-matt/,"[""https://www.quintessenzaceramiche.it/wp-content/uploads/2023/09/FGB104L_FARGBLOCK_cielo-lucido_5x15.jpg"", ""https://www.quintessenzaceramiche.it/wp-content/uploads/2022/10/Quintesssenza_Fargblock_05-Cucina_Particolare-B-scaled.jpg"", ""https://www.quintessenzaceramiche.it/wp-content/uploads/2025/01/Quintessenza-Ceramiche-Fargblock-Still-Life-7-scaled-1-1-683x1024.jpg"", ""https://www.quintessenzaceramiche.it/wp-content/uploads/2025/01/Quintessenza-Ceramiche_Fargblock_Bagno-piccolo-scaled.jpg"", ""https://www.quintessenzaceramiche.it/wp-content/uploads/2025/05/Quintessenza-Ceramiche_Fargblock_Bagno-piccolo_01-scaled.jpg""]",[]
11163,2107,FGB105L,Oceano Lucido,https://www.quintessenzaceramiche.it/collezioni/fargblock-matt/,"[""https://www.quintessenzaceramiche.it/wp-content/uploads/2023/09/FGB105L_FARGBLOCK_oceano-lucido_5x15.jpg"", ""https://www.quintessenzaceramiche.it/wp-content/uploads/2022/10/Quintesssenza_Fargblock_05-Cucina_Particolare-B-scaled.jpg"", ""https://www.quintessenzaceramiche.it/wp-content/uploads/2025/01/Quintessenza-Ceramiche-Fargblock-Still-Life-7-scaled-1-1-683x1024.jpg"", ""https://www.quintessenzaceramiche.it/wp-content/uploads/2025/01/Quintessenza-Ceramiche_Fargblock_Bagno-piccolo-scaled.jpg"", ""https://www.quintessenzaceramiche.it/wp-content/uploads/2025/05/Quintessenza-Ceramiche_Fargblock_Bagno-piccolo_01-scaled.jpg""]",[]
11164,2107,FGB101L,Bianco Lucido,https://www.quintessenzaceramiche.it/collezioni/fargblock-matt/,"[""https://www.quintessenzaceramiche.it/wp-content/uploads/2023/09/FGB101L_FARGBLOCK_bianco-lucido_5x15.jpg"", ""https://www.quintessenzaceramiche.it/wp-content/uploads/2022/10/Quintesssenza_Fargblock_05-Cucina_Particolare-B-scaled.jpg"", ""https://www.quintessenzaceramiche.it/wp-content/uploads/2025/01/Quintessenza-Ceramiche-Fargblock-Still-Life-7-scaled-1-1-683x1024.jpg"", ""https://www.quintessenzaceramiche.it/wp-content/uploads/2025/01/Quintessenza-Ceramiche_Fargblock_Bagno-piccolo-scaled.jpg"", ""https://www.quintessenzaceramiche.it/wp-content/uploads/2025/05/Quintessenza-Ceramiche_Fargblock_Bagno-piccolo_01-scaled.jpg""]",[]
11165,2107,FGB127L,Nero Lucido,https://www.quintessenzaceramiche.it/collezioni/fargblock-matt/,"[""https://www.quintessenzaceramiche.it/wp-content/uploads/2023/09/FGB127L_FARGBLOCK_nero-lucido_5x15.jpg"", ""https://www.quintessenzaceramiche.it/wp-content/uploads/2022/10/Quintesssenza_Fargblock_05-Cucina_Particolare-B-scaled.jpg"", ""https://www.quintessenzaceramiche.it/wp-content/uploads/2025/01/Quintessenza-Ceramiche-Fargblock-Still-Life-7-scaled-1-1-683x1024.jpg"", ""https://www.quintessenzaceramiche.it/wp-content/uploads/2025/01/Quintessenza-Ceramiche_Fargblock_Bagno-piccolo-scaled.jpg"", ""https://www.quintessenzaceramiche.it/wp-content/uploads/2025/05/Quintessenza-Ceramiche_Fargblock_Bagno-piccolo_01-scaled.jpg""]",[]
11166,2108,PGM112M,Bianco,https://www.quintessenzaceramiche.it/collezioni/pigmento10/,"[""https://www.quintessenzaceramiche.it/wp-content/uploads/2023/09/PGM112M_pigmento_bianco_10x10.jpg"", ""https://www.quintessenzaceramiche.it/wp-content/uploads/2025/03/Quintessenza_Pigmento_02-Living-cover-scaled.jpg"", ""https://www.quintessenzaceramiche.it/wp-content/uploads/2024/12/image-13-1.png"", ""https://www.quintessenzaceramiche.it/wp-content/uploads/2024/04/Quintessenza_Pigmento_02-Living-copia-scaled.jpg"", ""https://www.quintessenzaceramiche.it/wp-content/uploads/2024/04/Quintessenza-Ceramiche_Pigmento_02-Living_Particolare-A-copia-scaled.jpg""]",[]
11167,2108,PGM113M,Grigio,https://www.quintessenzaceramiche.it/collezioni/pigmento10/,"[""https://www.quintessenzaceramiche.it/wp-content/uploads/2023/09/PGM113M_pigmento_grigio_10x10.jpg"", ""https://www.quintessenzaceramiche.it/wp-content/uploads/2025/03/Quintessenza_Pigmento_02-Living-cover-scaled.jpg"", ""https://www.quintessenzaceramiche.it/wp-content/uploads/2024/12/image-13-1.png"", ""https://www.quintessenzaceramiche.it/wp-content/uploads/2024/04/Quintessenza_Pigmento_02-Living-copia-scaled.jpg"", ""https://www.quintessenzaceramiche.it/wp-content/uploads/2024/04/Quintessenza-Ceramiche_Pigmento_02-Living_Particolare-A-copia-scaled.jpg""]",[]
11168,2108,PGM114M,Fango,https://www.quintessenzaceramiche.it/collezioni/pigmento10/,"[""https://www.quintessenzaceramiche.it/wp-content/uploads/2023/09/PGM114M_pigmento_fango_10x10.jpg"", ""https://www.quintessenzaceramiche.it/wp-content/uploads/2025/03/Quintessenza_Pigmento_02-Living-cover-scaled.jpg"", ""https://www.quintessenzaceramiche.it/wp-content/uploads/2024/12/image-13-1.png"", ""https://www.quintessenzaceramiche.it/wp-content/uploads/2024/04/Quintessenza_Pigmento_02-Living-copia-scaled.jpg"", ""https://www.quintessenzaceramiche.it/wp-content/uploads/2024/04/Quintessenza-Ceramiche_Pigmento_02-Living_Particolare-A-copia-scaled.jpg""]",[]
11169,2108,PGM115M,Nero,https://www.quintessenzaceramiche.it/collezioni/pigmento10/,"[""https://www.quintessenzaceramiche.it/wp-content/uploads/2023/09/PGM115M_pigmento_nero_10x10.jpg"", ""https://www.quintessenzaceramiche.it/wp-content/uploads/2025/03/Quintessenza_Pigmento_02-Living-cover-scaled.jpg"", ""https://www.quintessenzaceramiche.it/wp-content/uploads/2024/12/image-13-1.png"", ""https://www.quintessenzaceramiche.it/wp-content/uploads/2024/04/Quintessenza_Pigmento_02-Living-copia-scaled.jpg"", ""https://www.quintessenzaceramiche.it/wp-content/uploads/2024/04/Quintessenza-Ceramiche_Pigmento_02-Living_Particolare-A-copia-scaled.jpg""]",[]
11170,2108,PGM116M,Malva,https://www.quintessenzaceramiche.it/collezioni/pigmento10/,"[""https://www.quintessenzaceramiche.it/wp-content/uploads/2023/09/PGM116M_pigmento_malva_10x10.jpg"", ""https://www.quintessenzaceramiche.it/wp-content/uploads/2025/03/Quintessenza_Pigmento_02-Living-cover-scaled.jpg"", ""https://www.quintessenzaceramiche.it/wp-content/uploads/2024/12/image-13-1.png"", ""https://www.quintessenzaceramiche.it/wp-content/uploads/2024/04/Quintessenza_Pigmento_02-Living-copia-scaled.jpg"", ""https://www.quintessenzaceramiche.it/wp-content/uploads/2024/04/Quintessenza-Ceramiche_Pigmento_02-Living_Particolare-A-copia-scaled.jpg""]",[]
11171,2108,PGM117M,Azzurro,https://www.quintessenzaceramiche.it/collezioni/pigmento10/,"[""https://www.quintessenzaceramiche.it/wp-content/uploads/2023/09/PGM117M_pigmento_azzurro_10x10.jpg"", ""https://www.quintessenzaceramiche.it/wp-content/uploads/2025/03/Quintessenza_Pigmento_02-Living-cover-scaled.jpg"", ""https://www.quintessenzaceramiche.it/wp-content/uploads/2024/12/image-13-1.png"", ""https://www.quintessenzaceramiche.it/wp-content/uploads/2024/04/Quintessenza_Pigmento_02-Living-copia-scaled.jpg"", ""https://www.quintessenzaceramiche.it/wp-content/uploads/2024/04/Quintessenza-Ceramiche_Pigmento_02-Living_Particolare-A-copia-scaled.jpg""]",[]
11172,2108,PGM118M,Verde,https://www.quintessenzaceramiche.it/collezioni/pigmento10/,"[""https://www.quintessenzaceramiche.it/wp-content/uploads/2023/09/PGM118M_pigmento_verde_10x10.jpg"", ""https://www.quintessenzaceramiche.it/wp-content/uploads/2025/03/Quintessenza_Pigmento_02-Living-cover-scaled.jpg"", ""https://www.quintessenzaceramiche.it/wp-content/uploads/2024/12/image-13-1.png"", ""https://www.quintessenzaceramiche.it/wp-content/uploads/2024/04/Quintessenza_Pigmento_02-Living-copia-scaled.jpg"", ""https://www.quintessenzaceramiche.it/wp-content/uploads/2024/04/Quintessenza-Ceramiche_Pigmento_02-Living_Particolare-A-copia-scaled.jpg""]",[]
11173,2108,PGM119M,Terra,https://www.quintessenzaceramiche.it/collezioni/pigmento10/,"[""https://www.quintessenzaceramiche.it/wp-content/uploads/2023/09/PGM119M_pigmento_terra_10x10.jpg"", ""https://www.quintessenzaceramiche.it/wp-content/uploads/2025/03/Quintessenza_Pigmento_02-Living-cover-scaled.jpg"", ""https://www.quintessenzaceramiche.it/wp-content/uploads/2024/12/image-13-1.png"", ""https://www.quintessenzaceramiche.it/wp-content/uploads/2024/04/Quintessenza_Pigmento_02-Living-copia-scaled.jpg"", ""https://www.quintessenzaceramiche.it/wp-content/uploads/2024/04/Quintessenza-Ceramiche_Pigmento_02-Living_Particolare-A-copia-scaled.jpg""]",[]
11174,2108,PGM120M,Ocra,https://www.quintessenzaceramiche.it/collezioni/pigmento10/,"[""https://www.quintessenzaceramiche.it/wp-content/uploads/2023/09/PGM120M_pigmento_ocra_10x10.jpg"", ""https://www.quintessenzaceramiche.it/wp-content/uploads/2025/03/Quintessenza_Pigmento_02-Living-cover-scaled.jpg"", ""https://www.quintessenzaceramiche.it/wp-content/uploads/2024/12/image-13-1.png"", ""https://www.quintessenzaceramiche.it/wp-content/uploads/2024/04/Quintessenza_Pigmento_02-Living-copia-scaled.jpg"", ""https://www.quintessenzaceramiche.it/wp-content/uploads/2024/04/Quintessenza-Ceramiche_Pigmento_02-Living_Particolare-A-copia-scaled.jpg""]",[]
11175,2108,PGM121M,Beige,https://www.quintessenzaceramiche.it/collezioni/pigmento10/,"[""https://www.quintessenzaceramiche.it/wp-content/uploads/2023/09/PGM121M_pigmento_beige_10x10.jpg"", ""https://www.quintessenzaceramiche.it/wp-content/uploads/2025/03/Quintessenza_Pigmento_02-Living-cover-scaled.jpg"", ""https://www.quintessenzaceramiche.it/wp-content/uploads/2024/12/image-13-1.png"", ""https://www.quintessenzaceramiche.it/wp-content/uploads/2024/04/Quintessenza_Pigmento_02-Living-copia-scaled.jpg"", ""https://www.quintessenzaceramiche.it/wp-content/uploads/2024/04/Quintessenza-Ceramiche_Pigmento_02-Living_Particolare-A-copia-scaled.jpg""]",[]
11176,2108,PGM122M,Blu,https://www.quintessenzaceramiche.it/collezioni/pigmento10/,"[""https://www.quintessenzaceramiche.it/wp-content/uploads/2023/09/PGM122M_pigmento_blu_10x10.jpg"", ""https://www.quintessenzaceramiche.it/wp-content/uploads/2025/03/Quintessenza_Pigmento_02-Living-cover-scaled.jpg"", ""https://www.quintessenzaceramiche.it/wp-content/uploads/2024/12/image-13-1.png"", ""https://www.quintessenzaceramiche.it/wp-content/uploads/2024/04/Quintessenza_Pigmento_02-Living-copia-scaled.jpg"", ""https://www.quintessenzaceramiche.it/wp-content/uploads/2024/04/Quintessenza-Ceramiche_Pigmento_02-Living_Particolare-A-copia-scaled.jpg""]",[]
11177,2109,CNF101M,Bianco.Grigio,https://www.quintessenzaceramiche.it/collezioni/confetti/,"[""https://www.quintessenzaceramiche.it/wp-content/uploads/2021/07/CNF101M_confetti_bianco.grigio_F1_186x186-scaled.jpg"", ""https://www.quintessenzaceramiche.it/wp-content/uploads/2023/02/Quintessenza-Ceramiche_Confetti_Marea_detail_kitchen_02-scaled.jpeg"", ""https://www.quintessenzaceramiche.it/wp-content/uploads/2021/02/dettagli_negozio-confetti-885x1024.jpg"", ""https://www.quintessenzaceramiche.it/wp-content/uploads/2025/03/Quintessenza_Fargblock_02-Livingroom__Definitivo-1-scaled-1.jpg"", ""https://www.quintessenzaceramiche.it/wp-content/uploads/2024/04/QC_CONFETTIMAREA-ROSA_BAGNO_ALTA_V3-copia-scaled.jpg""]",[]
11178,2109,CNF102M,Bianco.Petrolio,https://www.quintessenzaceramiche.it/collezioni/confetti/,"[""https://www.quintessenzaceramiche.it/wp-content/uploads/2021/07/CNF102M_confetti_bianco.petrolio_F1_186x186-scaled.jpeg"", ""https://www.quintessenzaceramiche.it/wp-content/uploads/2023/02/Quintessenza-Ceramiche_Confetti_Marea_detail_kitchen_02-scaled.jpeg"", ""https://www.quintessenzaceramiche.it/wp-content/uploads/2021/02/dettagli_negozio-confetti-885x1024.jpg"", ""https://www.quintessenzaceramiche.it/wp-content/uploads/2025/03/Quintessenza_Fargblock_02-Livingroom__Definitivo-1-scaled-1.jpg"", ""https://www.quintessenzaceramiche.it/wp-content/uploads/2024/04/QC_CONFETTIMAREA-ROSA_BAGNO_ALTA_V3-copia-scaled.jpg""]",[]
11179,2109,CNF103M,Bianco.Beige,https://www.quintessenzaceramiche.it/collezioni/confetti/,"[""https://www.quintessenzaceramiche.it/wp-content/uploads/2021/07/CNF103M_confetti_bianco.beige_F1_186x186-scaled.jpg"", ""https://www.quintessenzaceramiche.it/wp-content/uploads/2023/02/Quintessenza-Ceramiche_Confetti_Marea_detail_kitchen_02-scaled.jpeg"", ""https://www.quintessenzaceramiche.it/wp-content/uploads/2021/02/dettagli_negozio-confetti-885x1024.jpg"", ""https://www.quintessenzaceramiche.it/wp-content/uploads/2025/03/Quintessenza_Fargblock_02-Livingroom__Definitivo-1-scaled-1.jpg"", ""https://www.quintessenzaceramiche.it/wp-content/uploads/2024/04/QC_CONFETTIMAREA-ROSA_BAGNO_ALTA_V3-copia-scaled.jpg""]",[]
11180,2109,CNF104M,Bianco.Cotto,https://www.quintessenzaceramiche.it/collezioni/confetti/,"[""https://www.quintessenzaceramiche.it/wp-content/uploads/2021/07/CNF104M_confetti_bianco.cotto_F1_186x186-scaled.jpg"", ""https://www.quintessenzaceramiche.it/wp-content/uploads/2023/02/Quintessenza-Ceramiche_Confetti_Marea_detail_kitchen_02-scaled.jpeg"", ""https://www.quintessenzaceramiche.it/wp-content/uploads/2021/02/dettagli_negozio-confetti-885x1024.jpg"", ""https://www.quintessenzaceramiche.it/wp-content/uploads/2025/03/Quintessenza_Fargblock_02-Livingroom__Definitivo-1-scaled-1.jpg"", ""https://www.quintessenzaceramiche.it/wp-content/uploads/2024/04/QC_CONFETTIMAREA-ROSA_BAGNO_ALTA_V3-copia-scaled.jpg""]",[]
11181,2109,CNF105M,Bianco.Multicolor,https://www.quintessenzaceramiche.it/collezioni/confetti/,"[""https://www.quintessenzaceramiche.it/wp-content/uploads/2021/07/CNF105M_confetti_bianco.multicolor_F1_186x186-scaled.jpg"", ""https://www.quintessenzaceramiche.it/wp-content/uploads/2023/02/Quintessenza-Ceramiche_Confetti_Marea_detail_kitchen_02-scaled.jpeg"", ""https://www.quintessenzaceramiche.it/wp-content/uploads/2021/02/dettagli_negozio-confetti-885x1024.jpg"", ""https://www.quintessenzaceramiche.it/wp-content/uploads/2025/03/Quintessenza_Fargblock_02-Livingroom__Definitivo-1-scaled-1.jpg"", ""https://www.quintessenzaceramiche.it/wp-content/uploads/2024/04/QC_CONFETTIMAREA-ROSA_BAGNO_ALTA_V3-copia-scaled.jpg""]",[]
11182,2109,CNF106M,Nero.Grigio,https://www.quintessenzaceramiche.it/collezioni/confetti/,"[""https://www.quintessenzaceramiche.it/wp-content/uploads/2021/07/CNF106M_confetti_nero.grigio_F1_186x186-scaled.jpeg"", ""https://www.quintessenzaceramiche.it/wp-content/uploads/2023/02/Quintessenza-Ceramiche_Confetti_Marea_detail_kitchen_02-scaled.jpeg"", ""https://www.quintessenzaceramiche.it/wp-content/uploads/2021/02/dettagli_negozio-confetti-885x1024.jpg"", ""https://www.quintessenzaceramiche.it/wp-content/uploads/2025/03/Quintessenza_Fargblock_02-Livingroom__Definitivo-1-scaled-1.jpg"", ""https://www.quintessenzaceramiche.it/wp-content/uploads/2024/04/QC_CONFETTIMAREA-ROSA_BAGNO_ALTA_V3-copia-scaled.jpg""]",[]
11183,2109,CNF107M,Nero.Petrolio,https://www.quintessenzaceramiche.it/collezioni/confetti/,"[""https://www.quintessenzaceramiche.it/wp-content/uploads/2021/07/CNF107M_confetti_nero.petrolio_F1_186x186-scaled.jpg"", ""https://www.quintessenzaceramiche.it/wp-content/uploads/2023/02/Quintessenza-Ceramiche_Confetti_Marea_detail_kitchen_02-scaled.jpeg"", ""https://www.quintessenzaceramiche.it/wp-content/uploads/2021/02/dettagli_negozio-confetti-885x1024.jpg"", ""https://www.quintessenzaceramiche.it/wp-content/uploads/2025/03/Quintessenza_Fargblock_02-Livingroom__Definitivo-1-scaled-1.jpg"", ""https://www.quintessenzaceramiche.it/wp-content/uploads/2024/04/QC_CONFETTIMAREA-ROSA_BAGNO_ALTA_V3-copia-scaled.jpg""]",[]
11184,2109,CNF108M,Nero.Multicolor,https://www.quintessenzaceramiche.it/collezioni/confetti/,"[""https://www.quintessenzaceramiche.it/wp-content/uploads/2021/07/CNF108M_confetti_nero.multicolor_F1_186x186-scaled.jpg"", ""https://www.quintessenzaceramiche.it/wp-content/uploads/2023/02/Quintessenza-Ceramiche_Confetti_Marea_detail_kitchen_02-scaled.jpeg"", ""https://www.quintessenzaceramiche.it/wp-content/uploads/2021/02/dettagli_negozio-confetti-885x1024.jpg"", ""https://www.quintessenzaceramiche.it/wp-content/uploads/2025/03/Quintessenza_Fargblock_02-Livingroom__Definitivo-1-scaled-1.jpg"", ""https://www.quintessenzaceramiche.it/wp-content/uploads/2024/04/QC_CONFETTIMAREA-ROSA_BAGNO_ALTA_V3-copia-scaled.jpg""]",[]
11185,2110,PGM101M,Bianco,https://www.quintessenzaceramiche.it/collezioni/pigmento/,"[""https://www.quintessenzaceramiche.it/wp-content/uploads/2019/09/PGM101M_pigmento_bianco_6x37.jpg"", ""https://www.quintessenzaceramiche.it/wp-content/uploads/2025/03/Pigmento_bianco-grigio-fango-nero-cover-3.jpg"", ""https://www.quintessenzaceramiche.it/wp-content/uploads/2019/09/QuintessenzaCeramiche_Set-Pigmento-Dettaglio_55-760x1024.jpeg"", ""https://www.quintessenzaceramiche.it/wp-content/uploads/2024/04/QC_CUCINA_CONFETTIMAREAPIGMENTO_ALTA_V4-copia-scaled.jpg"", ""https://www.quintessenzaceramiche.it/wp-content/uploads/2024/04/QC_CUCINA_DETTAGLIO-B_ALTA_V2-copia-scaled.jpg""]",[]
11186,2110,PGM102M,Grigio,https://www.quintessenzaceramiche.it/collezioni/pigmento/,"[""https://www.quintessenzaceramiche.it/wp-content/uploads/2019/09/PGM102M_pigmento_grigio_6x37.jpg"", ""https://www.quintessenzaceramiche.it/wp-content/uploads/2025/03/Pigmento_bianco-grigio-fango-nero-cover-3.jpg"", ""https://www.quintessenzaceramiche.it/wp-content/uploads/2019/09/QuintessenzaCeramiche_Set-Pigmento-Dettaglio_55-760x1024.jpeg"", ""https://www.quintessenzaceramiche.it/wp-content/uploads/2024/04/QC_CUCINA_CONFETTIMAREAPIGMENTO_ALTA_V4-copia-scaled.jpg"", ""https://www.quintessenzaceramiche.it/wp-content/uploads/2024/04/QC_CUCINA_DETTAGLIO-B_ALTA_V2-copia-scaled.jpg""]",[]
11187,2110,PGM103M,Fango,https://www.quintessenzaceramiche.it/collezioni/pigmento/,"[""https://www.quintessenzaceramiche.it/wp-content/uploads/2019/09/PGM103M_pigmento_fango_6x37.jpg"", ""https://www.quintessenzaceramiche.it/wp-content/uploads/2025/03/Pigmento_bianco-grigio-fango-nero-cover-3.jpg"", ""https://www.quintessenzaceramiche.it/wp-content/uploads/2019/09/QuintessenzaCeramiche_Set-Pigmento-Dettaglio_55-760x1024.jpeg"", ""https://www.quintessenzaceramiche.it/wp-content/uploads/2024/04/QC_CUCINA_CONFETTIMAREAPIGMENTO_ALTA_V4-copia-scaled.jpg"", ""https://www.quintessenzaceramiche.it/wp-content/uploads/2024/04/QC_CUCINA_DETTAGLIO-B_ALTA_V2-copia-scaled.jpg""]",[]
11188,2110,PGM104M,Nero,https://www.quintessenzaceramiche.it/collezioni/pigmento/,"[""https://www.quintessenzaceramiche.it/wp-content/uploads/2019/09/PGM104M_pigmento_nero_6x37-1.jpg"", ""https://www.quintessenzaceramiche.it/wp-content/uploads/2025/03/Pigmento_bianco-grigio-fango-nero-cover-3.jpg"", ""https://www.quintessenzaceramiche.it/wp-content/uploads/2019/09/QuintessenzaCeramiche_Set-Pigmento-Dettaglio_55-760x1024.jpeg"", ""https://www.quintessenzaceramiche.it/wp-content/uploads/2024/04/QC_CUCINA_CONFETTIMAREAPIGMENTO_ALTA_V4-copia-scaled.jpg"", ""https://www.quintessenzaceramiche.it/wp-content/uploads/2024/04/QC_CUCINA_DETTAGLIO-B_ALTA_V2-copia-scaled.jpg""]",[]
11189,2110,PGM109M,Ocra,https://www.quintessenzaceramiche.it/collezioni/pigmento/,"[""https://www.quintessenzaceramiche.it/wp-content/uploads/2019/09/PGM109M_pigmento_ocra_6x37.jpg"", ""https://www.quintessenzaceramiche.it/wp-content/uploads/2025/03/Pigmento_bianco-grigio-fango-nero-cover-3.jpg"", ""https://www.quintessenzaceramiche.it/wp-content/uploads/2019/09/QuintessenzaCeramiche_Set-Pigmento-Dettaglio_55-760x1024.jpeg"", ""https://www.quintessenzaceramiche.it/wp-content/uploads/2024/04/QC_CUCINA_CONFETTIMAREAPIGMENTO_ALTA_V4-copia-scaled.jpg"", ""https://www.quintessenzaceramiche.it/wp-content/uploads/2024/04/QC_CUCINA_DETTAGLIO-B_ALTA_V2-copia-scaled.jpg""]",[]
11190,2110,PGM106M,Azzurro,https://www.quintessenzaceramiche.it/collezioni/pigmento/,"[""https://www.quintessenzaceramiche.it/wp-content/uploads/2019/09/PGM106M_pigmento_azzurro_6x37.jpg"", ""https://www.quintessenzaceramiche.it/wp-content/uploads/2025/03/Pigmento_bianco-grigio-fango-nero-cover-3.jpg"", ""https://www.quintessenzaceramiche.it/wp-content/uploads/2019/09/QuintessenzaCeramiche_Set-Pigmento-Dettaglio_55-760x1024.jpeg"", ""https://www.quintessenzaceramiche.it/wp-content/uploads/2024/04/QC_CUCINA_CONFETTIMAREAPIGMENTO_ALTA_V4-copia-scaled.jpg"", ""https://www.quintessenzaceramiche.it/wp-content/uploads/2024/04/QC_CUCINA_DETTAGLIO-B_ALTA_V2-copia-scaled.jpg""]",[]
11191,2110,PGM107M,Verde,https://www.quintessenzaceramiche.it/collezioni/pigmento/,"[""https://www.quintessenzaceramiche.it/wp-content/uploads/2019/09/PGM107M_pigmento_verde_6x37.jpg"", ""https://www.quintessenzaceramiche.it/wp-content/uploads/2025/03/Pigmento_bianco-grigio-fango-nero-cover-3.jpg"", ""https://www.quintessenzaceramiche.it/wp-content/uploads/2019/09/QuintessenzaCeramiche_Set-Pigmento-Dettaglio_55-760x1024.jpeg"", ""https://www.quintessenzaceramiche.it/wp-content/uploads/2024/04/QC_CUCINA_CONFETTIMAREAPIGMENTO_ALTA_V4-copia-scaled.jpg"", ""https://www.quintessenzaceramiche.it/wp-content/uploads/2024/04/QC_CUCINA_DETTAGLIO-B_ALTA_V2-copia-scaled.jpg""]",[]
11192,2110,PGM108M,Terra,https://www.quintessenzaceramiche.it/collezioni/pigmento/,"[""https://www.quintessenzaceramiche.it/wp-content/uploads/2019/09/PGM108M_pigmento_terra_6x37.jpg"", ""https://www.quintessenzaceramiche.it/wp-content/uploads/2025/03/Pigmento_bianco-grigio-fango-nero-cover-3.jpg"", ""https://www.quintessenzaceramiche.it/wp-content/uploads/2019/09/QuintessenzaCeramiche_Set-Pigmento-Dettaglio_55-760x1024.jpeg"", ""https://www.quintessenzaceramiche.it/wp-content/uploads/2024/04/QC_CUCINA_CONFETTIMAREAPIGMENTO_ALTA_V4-copia-scaled.jpg"", ""https://www.quintessenzaceramiche.it/wp-content/uploads/2024/04/QC_CUCINA_DETTAGLIO-B_ALTA_V2-copia-scaled.jpg""]",[]
11193,2110,PGM105M,Malva,https://www.quintessenzaceramiche.it/collezioni/pigmento/,"[""https://www.quintessenzaceramiche.it/wp-content/uploads/2019/09/PGM105M_pigmento_malva_6x37.jpg"", ""https://www.quintessenzaceramiche.it/wp-content/uploads/2025/03/Pigmento_bianco-grigio-fango-nero-cover-3.jpg"", ""https://www.quintessenzaceramiche.it/wp-content/uploads/2019/09/QuintessenzaCeramiche_Set-Pigmento-Dettaglio_55-760x1024.jpeg"", ""https://www.quintessenzaceramiche.it/wp-content/uploads/2024/04/QC_CUCINA_CONFETTIMAREAPIGMENTO_ALTA_V4-copia-scaled.jpg"", ""https://www.quintessenzaceramiche.it/wp-content/uploads/2024/04/QC_CUCINA_DETTAGLIO-B_ALTA_V2-copia-scaled.jpg""]",[]
11194,2110,PGM110M,Beige,https://www.quintessenzaceramiche.it/collezioni/pigmento/,"[""https://www.quintessenzaceramiche.it/wp-content/uploads/2019/09/PGM110M_pigmento_beige_6x37.jpg"", ""https://www.quintessenzaceramiche.it/wp-content/uploads/2025/03/Pigmento_bianco-grigio-fango-nero-cover-3.jpg"", ""https://www.quintessenzaceramiche.it/wp-content/uploads/2019/09/QuintessenzaCeramiche_Set-Pigmento-Dettaglio_55-760x1024.jpeg"", ""https://www.quintessenzaceramiche.it/wp-content/uploads/2024/04/QC_CUCINA_CONFETTIMAREAPIGMENTO_ALTA_V4-copia-scaled.jpg"", ""https://www.quintessenzaceramiche.it/wp-content/uploads/2024/04/QC_CUCINA_DETTAGLIO-B_ALTA_V2-copia-scaled.jpg""]",[]
11195,2110,PGM111M,Blu,https://www.quintessenzaceramiche.it/collezioni/pigmento/,"[""https://www.quintessenzaceramiche.it/wp-content/uploads/2019/09/PGM111M_pigmento_blu_6x37.jpg"", ""https://www.quintessenzaceramiche.it/wp-content/uploads/2025/03/Pigmento_bianco-grigio-fango-nero-cover-3.jpg"", ""https://www.quintessenzaceramiche.it/wp-content/uploads/2019/09/QuintessenzaCeramiche_Set-Pigmento-Dettaglio_55-760x1024.jpeg"", ""https://www.quintessenzaceramiche.it/wp-content/uploads/2024/04/QC_CUCINA_CONFETTIMAREAPIGMENTO_ALTA_V4-copia-scaled.jpg"", ""https://www.quintessenzaceramiche.it/wp-content/uploads/2024/04/QC_CUCINA_DETTAGLIO-B_ALTA_V2-copia-scaled.jpg""]",[]
11196,2110,PGM301M,Lustro Bianco,https://www.quintessenzaceramiche.it/collezioni/pigmento/,"[""https://www.quintessenzaceramiche.it/wp-content/uploads/2019/09/PGM101M_pigmento_lustro-bianco_6x37.jpg"", ""https://www.quintessenzaceramiche.it/wp-content/uploads/2025/03/Pigmento_bianco-grigio-fango-nero-cover-3.jpg"", ""https://www.quintessenzaceramiche.it/wp-content/uploads/2019/09/QuintessenzaCeramiche_Set-Pigmento-Dettaglio_55-760x1024.jpeg"", ""https://www.quintessenzaceramiche.it/wp-content/uploads/2024/04/QC_CUCINA_CONFETTIMAREAPIGMENTO_ALTA_V4-copia-scaled.jpg"", ""https://www.quintessenzaceramiche.it/wp-content/uploads/2024/04/QC_CUCINA_DETTAGLIO-B_ALTA_V2-copia-scaled.jpg""]",[]
11197,2110,PGM302M,Lustro Grigio,https://www.quintessenzaceramiche.it/collezioni/pigmento/,"[""https://www.quintessenzaceramiche.it/wp-content/uploads/2019/09/PGM102M_pigmento_lustro-grigio_6x37.jpg"", ""https://www.quintessenzaceramiche.it/wp-content/uploads/2025/03/Pigmento_bianco-grigio-fango-nero-cover-3.jpg"", ""https://www.quintessenzaceramiche.it/wp-content/uploads/2019/09/QuintessenzaCeramiche_Set-Pigmento-Dettaglio_55-760x1024.jpeg"", ""https://www.quintessenzaceramiche.it/wp-content/uploads/2024/04/QC_CUCINA_CONFETTIMAREAPIGMENTO_ALTA_V4-copia-scaled.jpg"", ""https://www.quintessenzaceramiche.it/wp-content/uploads/2024/04/QC_CUCINA_DETTAGLIO-B_ALTA_V2-copia-scaled.jpg""]",[]
11198,2110,PGM303M,Lustro Fango,https://www.quintessenzaceramiche.it/collezioni/pigmento/,"[""https://www.quintessenzaceramiche.it/wp-content/uploads/2019/09/PGM103M_pigmento_lustro-fango_6x37.jpg"", ""https://www.quintessenzaceramiche.it/wp-content/uploads/2025/03/Pigmento_bianco-grigio-fango-nero-cover-3.jpg"", ""https://www.quintessenzaceramiche.it/wp-content/uploads/2019/09/QuintessenzaCeramiche_Set-Pigmento-Dettaglio_55-760x1024.jpeg"", ""https://www.quintessenzaceramiche.it/wp-content/uploads/2024/04/QC_CUCINA_CONFETTIMAREAPIGMENTO_ALTA_V4-copia-scaled.jpg"", ""https://www.quintessenzaceramiche.it/wp-content/uploads/2024/04/QC_CUCINA_DETTAGLIO-B_ALTA_V2-copia-scaled.jpg""]",[]
11199,2110,PGM304M,Lustro Nero,https://www.quintessenzaceramiche.it/collezioni/pigmento/,"[""https://www.quintessenzaceramiche.it/wp-content/uploads/2019/09/PGM304L_pigmento_lustro-nero_6x37.jpg"", ""https://www.quintessenzaceramiche.it/wp-content/uploads/2025/03/Pigmento_bianco-grigio-fango-nero-cover-3.jpg"", ""https://www.quintessenzaceramiche.it/wp-content/uploads/2019/09/QuintessenzaCeramiche_Set-Pigmento-Dettaglio_55-760x1024.jpeg"", ""https://www.quintessenzaceramiche.it/wp-content/uploads/2024/04/QC_CUCINA_CONFETTIMAREAPIGMENTO_ALTA_V4-copia-scaled.jpg"", ""https://www.quintessenzaceramiche.it/wp-content/uploads/2024/04/QC_CUCINA_DETTAGLIO-B_ALTA_V2-copia-scaled.jpg""]",[]
11200,2110,PGM309M,Lustro Ocra,https://www.quintessenzaceramiche.it/collezioni/pigmento/,"[""https://www.quintessenzaceramiche.it/wp-content/uploads/2019/09/PGM109M_pigmento_lustro-ocra_6x37.jpg"", ""https://www.quintessenzaceramiche.it/wp-content/uploads/2025/03/Pigmento_bianco-grigio-fango-nero-cover-3.jpg"", ""https://www.quintessenzaceramiche.it/wp-content/uploads/2019/09/QuintessenzaCeramiche_Set-Pigmento-Dettaglio_55-760x1024.jpeg"", ""https://www.quintessenzaceramiche.it/wp-content/uploads/2024/04/QC_CUCINA_CONFETTIMAREAPIGMENTO_ALTA_V4-copia-scaled.jpg"", ""https://www.quintessenzaceramiche.it/wp-content/uploads/2024/04/QC_CUCINA_DETTAGLIO-B_ALTA_V2-copia-scaled.jpg""]",[]
11201,2110,PGM306M,Lustro Azzurro,https://www.quintessenzaceramiche.it/collezioni/pigmento/,"[""https://www.quintessenzaceramiche.it/wp-content/uploads/2019/09/PGM306L_pigmento_lustro-azzurro_6x37-1.jpg"", ""https://www.quintessenzaceramiche.it/wp-content/uploads/2025/03/Pigmento_bianco-grigio-fango-nero-cover-3.jpg"", ""https://www.quintessenzaceramiche.it/wp-content/uploads/2019/09/QuintessenzaCeramiche_Set-Pigmento-Dettaglio_55-760x1024.jpeg"", ""https://www.quintessenzaceramiche.it/wp-content/uploads/2024/04/QC_CUCINA_CONFETTIMAREAPIGMENTO_ALTA_V4-copia-scaled.jpg"", ""https://www.quintessenzaceramiche.it/wp-content/uploads/2024/04/QC_CUCINA_DETTAGLIO-B_ALTA_V2-copia-scaled.jpg""]",[]
11202,2110,PGM307M,Lustro Verde,https://www.quintessenzaceramiche.it/collezioni/pigmento/,"[""https://www.quintessenzaceramiche.it/wp-content/uploads/2019/09/PGM307L_pigmento_lustro-verde_6x37.jpg"", ""https://www.quintessenzaceramiche.it/wp-content/uploads/2025/03/Pigmento_bianco-grigio-fango-nero-cover-3.jpg"", ""https://www.quintessenzaceramiche.it/wp-content/uploads/2019/09/QuintessenzaCeramiche_Set-Pigmento-Dettaglio_55-760x1024.jpeg"", ""https://www.quintessenzaceramiche.it/wp-content/uploads/2024/04/QC_CUCINA_CONFETTIMAREAPIGMENTO_ALTA_V4-copia-scaled.jpg"", ""https://www.quintessenzaceramiche.it/wp-content/uploads/2024/04/QC_CUCINA_DETTAGLIO-B_ALTA_V2-copia-scaled.jpg""]",[]
11203,2110,PGM308M,Lustro Terra,https://www.quintessenzaceramiche.it/collezioni/pigmento/,"[""https://www.quintessenzaceramiche.it/wp-content/uploads/2019/09/PGM108M_pigmento_lustro-terra_6x37.jpg"", ""https://www.quintessenzaceramiche.it/wp-content/uploads/2025/03/Pigmento_bianco-grigio-fango-nero-cover-3.jpg"", ""https://www.quintessenzaceramiche.it/wp-content/uploads/2019/09/QuintessenzaCeramiche_Set-Pigmento-Dettaglio_55-760x1024.jpeg"", ""https://www.quintessenzaceramiche.it/wp-content/uploads/2024/04/QC_CUCINA_CONFETTIMAREAPIGMENTO_ALTA_V4-copia-scaled.jpg"", ""https://www.quintessenzaceramiche.it/wp-content/uploads/2024/04/QC_CUCINA_DETTAGLIO-B_ALTA_V2-copia-scaled.jpg""]",[]
11204,2110,PGM305M,Lustro Malva,https://www.quintessenzaceramiche.it/collezioni/pigmento/,"[""https://www.quintessenzaceramiche.it/wp-content/uploads/2019/09/PGM105M_pigmento_malva_6x37.jpg"", ""https://www.quintessenzaceramiche.it/wp-content/uploads/2025/03/Pigmento_bianco-grigio-fango-nero-cover-3.jpg"", ""https://www.quintessenzaceramiche.it/wp-content/uploads/2019/09/QuintessenzaCeramiche_Set-Pigmento-Dettaglio_55-760x1024.jpeg"", ""https://www.quintessenzaceramiche.it/wp-content/uploads/2024/04/QC_CUCINA_CONFETTIMAREAPIGMENTO_ALTA_V4-copia-scaled.jpg"", ""https://www.quintessenzaceramiche.it/wp-content/uploads/2024/04/QC_CUCINA_DETTAGLIO-B_ALTA_V2-copia-scaled.jpg""]",[]
11205,2110,PGM310M,Lustro Beige,https://www.quintessenzaceramiche.it/collezioni/pigmento/,"[""https://www.quintessenzaceramiche.it/wp-content/uploads/2019/09/PGM310L_pigmento_lustro-beige_6x37.jpg"", ""https://www.quintessenzaceramiche.it/wp-content/uploads/2025/03/Pigmento_bianco-grigio-fango-nero-cover-3.jpg"", ""https://www.quintessenzaceramiche.it/wp-content/uploads/2019/09/QuintessenzaCeramiche_Set-Pigmento-Dettaglio_55-760x1024.jpeg"", ""https://www.quintessenzaceramiche.it/wp-content/uploads/2024/04/QC_CUCINA_CONFETTIMAREAPIGMENTO_ALTA_V4-copia-scaled.jpg"", ""https://www.quintessenzaceramiche.it/wp-content/uploads/2024/04/QC_CUCINA_DETTAGLIO-B_ALTA_V2-copia-scaled.jpg""]",[]
11206,2110,PGM311M,Lustro Blu,https://www.quintessenzaceramiche.it/collezioni/pigmento/,"[""https://www.quintessenzaceramiche.it/wp-content/uploads/2019/09/PGM311L_pigmento_lustro-blu_6x37.jpg"", ""https://www.quintessenzaceramiche.it/wp-content/uploads/2025/03/Pigmento_bianco-grigio-fango-nero-cover-3.jpg"", ""https://www.quintessenzaceramiche.it/wp-content/uploads/2019/09/QuintessenzaCeramiche_Set-Pigmento-Dettaglio_55-760x1024.jpeg"", ""https://www.quintessenzaceramiche.it/wp-content/uploads/2024/04/QC_CUCINA_CONFETTIMAREAPIGMENTO_ALTA_V4-copia-scaled.jpg"", ""https://www.quintessenzaceramiche.it/wp-content/uploads/2024/04/QC_CUCINA_DETTAGLIO-B_ALTA_V2-copia-scaled.jpg""]",[]
11207,2111,OTR101M,Base Bianco,https://www.quintessenzaceramiche.it/collezioni/oltre/,"[""https://www.quintessenzaceramiche.it/wp-content/uploads/2022/10/QTT101M_quadretti_base-bianco_102x102.jpeg"", ""https://www.quintessenzaceramiche.it/wp-content/uploads/2025/05/oltre-header-1-scaled.jpg"", ""https://www.quintessenzaceramiche.it/wp-content/uploads/2025/03/Oltre-inspiration-700x1024.jpg"", ""https://www.quintessenzaceramiche.it/wp-content/uploads/2022/10/QC_OLTRE_RISTORANTE_ALTA_V5-scaled.jpeg"", ""https://www.quintessenzaceramiche.it/wp-content/uploads/2022/10/QC_OLTRE_RISTORANTE_DETT_ALTA_V3-scaled.jpeg""]",[]
11208,2111,OTR111M,Oltre3 Bianco.Nero,https://www.quintessenzaceramiche.it/collezioni/oltre/,"[""https://www.quintessenzaceramiche.it/wp-content/uploads/2022/09/OTR111M_oltre_oltre3-bianco.nero_186x186.jpeg"", ""https://www.quintessenzaceramiche.it/wp-content/uploads/2025/05/oltre-header-1-scaled.jpg"", ""https://www.quintessenzaceramiche.it/wp-content/uploads/2025/03/Oltre-inspiration-700x1024.jpg"", ""https://www.quintessenzaceramiche.it/wp-content/uploads/2022/10/QC_OLTRE_RISTORANTE_ALTA_V5-scaled.jpeg"", ""https://www.quintessenzaceramiche.it/wp-content/uploads/2022/10/QC_OLTRE_RISTORANTE_DETT_ALTA_V3-scaled.jpeg""]",[]
11209,2111,OTR106M,Oltre9 Bianco.Nero,https://www.quintessenzaceramiche.it/collezioni/oltre/,"[""https://www.quintessenzaceramiche.it/wp-content/uploads/2022/09/OTR106M_oltre_oltre9-bianco.nero_186x186.jpeg"", ""https://www.quintessenzaceramiche.it/wp-content/uploads/2025/05/oltre-header-1-scaled.jpg"", ""https://www.quintessenzaceramiche.it/wp-content/uploads/2025/03/Oltre-inspiration-700x1024.jpg"", ""https://www.quintessenzaceramiche.it/wp-content/uploads/2022/10/QC_OLTRE_RISTORANTE_ALTA_V5-scaled.jpeg"", ""https://www.quintessenzaceramiche.it/wp-content/uploads/2022/10/QC_OLTRE_RISTORANTE_DETT_ALTA_V3-scaled.jpeg""]",[]
11210,2111,OTR102M,Base Nero,https://www.quintessenzaceramiche.it/collezioni/oltre/,"[""https://www.quintessenzaceramiche.it/wp-content/uploads/2022/10/OTR102M_oltre_base-nero_186x186.jpeg"", ""https://www.quintessenzaceramiche.it/wp-content/uploads/2025/05/oltre-header-1-scaled.jpg"", ""https://www.quintessenzaceramiche.it/wp-content/uploads/2025/03/Oltre-inspiration-700x1024.jpg"", ""https://www.quintessenzaceramiche.it/wp-content/uploads/2022/10/QC_OLTRE_RISTORANTE_ALTA_V5-scaled.jpeg"", ""https://www.quintessenzaceramiche.it/wp-content/uploads/2022/10/QC_OLTRE_RISTORANTE_DETT_ALTA_V3-scaled.jpeg""]",[]
11211,2111,OTR112M,Oltre3 Nero.Verde,https://www.quintessenzaceramiche.it/collezioni/oltre/,"[""https://www.quintessenzaceramiche.it/wp-content/uploads/2022/10/OTR112M_oltre_oltre3-nero.verde_186x186.jpeg"", ""https://www.quintessenzaceramiche.it/wp-content/uploads/2025/05/oltre-header-1-scaled.jpg"", ""https://www.quintessenzaceramiche.it/wp-content/uploads/2025/03/Oltre-inspiration-700x1024.jpg"", ""https://www.quintessenzaceramiche.it/wp-content/uploads/2022/10/QC_OLTRE_RISTORANTE_ALTA_V5-scaled.jpeg"", ""https://www.quintessenzaceramiche.it/wp-content/uploads/2022/10/QC_OLTRE_RISTORANTE_DETT_ALTA_V3-scaled.jpeg""]",[]
11212,2111,OTR107M,Oltre9 Nero.Verde,https://www.quintessenzaceramiche.it/collezioni/oltre/,"[""https://www.quintessenzaceramiche.it/wp-content/uploads/2022/10/OTR107M_oltre_oltre9-nero.verde_186x186.jpeg"", ""https://www.quintessenzaceramiche.it/wp-content/uploads/2025/05/oltre-header-1-scaled.jpg"", ""https://www.quintessenzaceramiche.it/wp-content/uploads/2025/03/Oltre-inspiration-700x1024.jpg"", ""https://www.quintessenzaceramiche.it/wp-content/uploads/2022/10/QC_OLTRE_RISTORANTE_ALTA_V5-scaled.jpeg"", ""https://www.quintessenzaceramiche.it/wp-content/uploads/2022/10/QC_OLTRE_RISTORANTE_DETT_ALTA_V3-scaled.jpeg""]",[]
11213,2111,OTR103M,Base Verde,https://www.quintessenzaceramiche.it/collezioni/oltre/,"[""https://www.quintessenzaceramiche.it/wp-content/uploads/2022/10/OTR103M_oltre_base-verde_186x186.jpeg"", ""https://www.quintessenzaceramiche.it/wp-content/uploads/2025/05/oltre-header-1-scaled.jpg"", ""https://www.quintessenzaceramiche.it/wp-content/uploads/2025/03/Oltre-inspiration-700x1024.jpg"", ""https://www.quintessenzaceramiche.it/wp-content/uploads/2022/10/QC_OLTRE_RISTORANTE_ALTA_V5-scaled.jpeg"", ""https://www.quintessenzaceramiche.it/wp-content/uploads/2022/10/QC_OLTRE_RISTORANTE_DETT_ALTA_V3-scaled.jpeg""]",[]
11214,2111,OTR108M,Oltre9 Verde.Cotto,https://www.quintessenzaceramiche.it/collezioni/oltre/,"[""https://www.quintessenzaceramiche.it/wp-content/uploads/2022/09/OTR108M_oltre_oltre9-verde.cotto_186x186.jpeg"", ""https://www.quintessenzaceramiche.it/wp-content/uploads/2025/05/oltre-header-1-scaled.jpg"", ""https://www.quintessenzaceramiche.it/wp-content/uploads/2025/03/Oltre-inspiration-700x1024.jpg"", ""https://www.quintessenzaceramiche.it/wp-content/uploads/2022/10/QC_OLTRE_RISTORANTE_ALTA_V5-scaled.jpeg"", ""https://www.quintessenzaceramiche.it/wp-content/uploads/2022/10/QC_OLTRE_RISTORANTE_DETT_ALTA_V3-scaled.jpeg""]",[]
11215,2111,OTR113M,Oltre3 Verde.Cotto,https://www.quintessenzaceramiche.it/collezioni/oltre/,"[""https://www.quintessenzaceramiche.it/wp-content/uploads/2022/10/OTR113M_oltre_oltre3-verde.cotto_186x186.jpeg"", ""https://www.quintessenzaceramiche.it/wp-content/uploads/2025/05/oltre-header-1-scaled.jpg"", ""https://www.quintessenzaceramiche.it/wp-content/uploads/2025/03/Oltre-inspiration-700x1024.jpg"", ""https://www.quintessenzaceramiche.it/wp-content/uploads/2022/10/QC_OLTRE_RISTORANTE_ALTA_V5-scaled.jpeg"", ""https://www.quintessenzaceramiche.it/wp-content/uploads/2022/10/QC_OLTRE_RISTORANTE_DETT_ALTA_V3-scaled.jpeg""]",[]
11216,2111,OTR104M,Base Cotto,https://www.quintessenzaceramiche.it/collezioni/oltre/,"[""https://www.quintessenzaceramiche.it/wp-content/uploads/2022/10/OTR104M_oltre_base-cotto_186x186.jpeg"", ""https://www.quintessenzaceramiche.it/wp-content/uploads/2025/05/oltre-header-1-scaled.jpg"", ""https://www.quintessenzaceramiche.it/wp-content/uploads/2025/03/Oltre-inspiration-700x1024.jpg"", ""https://www.quintessenzaceramiche.it/wp-content/uploads/2022/10/QC_OLTRE_RISTORANTE_ALTA_V5-scaled.jpeg"", ""https://www.quintessenzaceramiche.it/wp-content/uploads/2022/10/QC_OLTRE_RISTORANTE_DETT_ALTA_V3-scaled.jpeg""]",[]
11217,2111,OTR114M,Oltre3 Cotto.Blu,https://www.quintessenzaceramiche.it/collezioni/oltre/,"[""https://www.quintessenzaceramiche.it/wp-content/uploads/2022/09/OTR114M_oltre_oltre3-cotto_blu_186x186.jpeg"", ""https://www.quintessenzaceramiche.it/wp-content/uploads/2025/05/oltre-header-1-scaled.jpg"", ""https://www.quintessenzaceramiche.it/wp-content/uploads/2025/03/Oltre-inspiration-700x1024.jpg"", ""https://www.quintessenzaceramiche.it/wp-content/uploads/2022/10/QC_OLTRE_RISTORANTE_ALTA_V5-scaled.jpeg"", ""https://www.quintessenzaceramiche.it/wp-content/uploads/2022/10/QC_OLTRE_RISTORANTE_DETT_ALTA_V3-scaled.jpeg""]",[]
11218,2111,OTR109M,Oltre9 Cotto.Blu,https://www.quintessenzaceramiche.it/collezioni/oltre/,"[""https://www.quintessenzaceramiche.it/wp-content/uploads/2022/10/OTR109M_oltre_oltre9-cotto.blu_186x186.jpeg"", ""https://www.quintessenzaceramiche.it/wp-content/uploads/2025/05/oltre-header-1-scaled.jpg"", ""https://www.quintessenzaceramiche.it/wp-content/uploads/2025/03/Oltre-inspiration-700x1024.jpg"", ""https://www.quintessenzaceramiche.it/wp-content/uploads/2022/10/QC_OLTRE_RISTORANTE_ALTA_V5-scaled.jpeg"", ""https://www.quintessenzaceramiche.it/wp-content/uploads/2022/10/QC_OLTRE_RISTORANTE_DETT_ALTA_V3-scaled.jpeg""]",[]
11219,2111,OTR105M,Base Blu,https://www.quintessenzaceramiche.it/collezioni/oltre/,"[""https://www.quintessenzaceramiche.it/wp-content/uploads/2022/10/OTR105M_oltre_base-blu_186x186.jpeg"", ""https://www.quintessenzaceramiche.it/wp-content/uploads/2025/05/oltre-header-1-scaled.jpg"", ""https://www.quintessenzaceramiche.it/wp-content/uploads/2025/03/Oltre-inspiration-700x1024.jpg"", ""https://www.quintessenzaceramiche.it/wp-content/uploads/2022/10/QC_OLTRE_RISTORANTE_ALTA_V5-scaled.jpeg"", ""https://www.quintessenzaceramiche.it/wp-content/uploads/2022/10/QC_OLTRE_RISTORANTE_DETT_ALTA_V3-scaled.jpeg""]",[]
11220,2111,OTR115M,Oltre3 Blu.Bianco,https://www.quintessenzaceramiche.it/collezioni/oltre/,"[""https://www.quintessenzaceramiche.it/wp-content/uploads/2022/10/OTR115M_oltre_oltre3-blu.bianco_186x186.jpeg"", ""https://www.quintessenzaceramiche.it/wp-content/uploads/2025/05/oltre-header-1-scaled.jpg"", ""https://www.quintessenzaceramiche.it/wp-content/uploads/2025/03/Oltre-inspiration-700x1024.jpg"", ""https://www.quintessenzaceramiche.it/wp-content/uploads/2022/10/QC_OLTRE_RISTORANTE_ALTA_V5-scaled.jpeg"", ""https://www.quintessenzaceramiche.it/wp-content/uploads/2022/10/QC_OLTRE_RISTORANTE_DETT_ALTA_V3-scaled.jpeg""]",[]
11221,2111,OTR110M,Oltre9 Blu.Bianco,https://www.quintessenzaceramiche.it/collezioni/oltre/,"[""https://www.quintessenzaceramiche.it/wp-content/uploads/2022/10/OTR110M_oltre_oltre9-blu.bianco_186x186.jpeg"", ""https://www.quintessenzaceramiche.it/wp-content/uploads/2025/05/oltre-header-1-scaled.jpg"", ""https://www.quintessenzaceramiche.it/wp-content/uploads/2025/03/Oltre-inspiration-700x1024.jpg"", ""https://www.quintessenzaceramiche.it/wp-content/uploads/2022/10/QC_OLTRE_RISTORANTE_ALTA_V5-scaled.jpeg"", ""https://www.quintessenzaceramiche.it/wp-content/uploads/2022/10/QC_OLTRE_RISTORANTE_DETT_ALTA_V3-scaled.jpeg""]",[]
